condition_id,design,mode,initialization,rule,branch_request,branch,arm,eta,C,Delta,metric,n,horizon,recovered,censored,survival_at_horizon,q25,median,q75,restricted_mean,restricted_mean_ci_low,restricted_mean_ci_high,observed_mean_if_no_censoring,spent_mean,spent_min,spent_max,attainment_rate,clipped_count,pre_q_error_mean,pre_count_optimal_mean,pre_count_other_mean,theory_eligible,theory_full_mean,theory_restricted_mean,max_survival_discrepancy,dkw_95_radius,within_dkw_band,paired_faa_minus_clean_restricted_mean,paired_difference_ci_low,paired_difference_ci_high
06a0308b666041bd,warmup,warmup,"{""q0"": 0.0, ""steps"": 1000}",ucb,natural,demotion,clean,0.01,1.0,3.0,first_revisit,1,5000,1,0,0.0,1,1,1,1.0,,,1.0,0.0,0.0,0.0,0.0,0,0.0,994.0,6.0,False,,,,,,203.0,,
06a0308b666041bd,warmup,warmup,"{""q0"": 0.0, ""steps"": 1000}",ucb,natural,demotion,clean,0.01,1.0,3.0,greedy_recovery,1,5000,1,0,0.0,0,0,0,0.0,,,0.0,0.0,0.0,0.0,0.0,0,0.0,994.0,6.0,False,,,,,,0.0,,
06a0308b666041bd,warmup,warmup,"{""q0"": 0.0, ""steps"": 1000}",ucb,natural,demotion,clean,0.01,1.0,3.0,q_recovery,1,5000,1,0,0.0,0,0,0,0.0,,,0.0,0.0,0.0,0.0,0.0,0,0.0,994.0,6.0,False,,,,,,205.0,,
06a0308b666041bd,warmup,warmup,"{""q0"": 0.0, ""steps"": 1000}",ucb,natural,demotion,clean,0.01,1.0,3.0,q_confirmation,1,5000,1,0,0.0,19,19,19,19.0,,,19.0,0.0,0.0,0.0,0.0,0,0.0,994.0,6.0,False,,,,,,205.0,,
06a0308b666041bd,warmup,warmup,"{""q0"": 0.0, ""steps"": 1000}",ucb,natural,demotion,faa,0.01,1.0,3.0,first_revisit,1,5000,1,0,0.0,204,204,204,204.0,,,204.0,1.0,1.0,1.0,0.0,1,0.0,994.0,6.0,False,,,,,,203.0,,
06a0308b666041bd,warmup,warmup,"{""q0"": 0.0, ""steps"": 1000}",ucb,natural,demotion,faa,0.01,1.0,3.0,greedy_recovery,1,5000,1,0,0.0,0,0,0,0.0,,,0.0,1.0,1.0,1.0,0.0,1,0.0,994.0,6.0,False,,,,,,0.0,,
06a0308b666041bd,warmup,warmup,"{""q0"": 0.0, ""steps"": 1000}",ucb,natural,demotion,faa,0.01,1.0,3.0,q_recovery,1,5000,1,0,0.0,205,205,205,205.0,,,205.0,1.0,1.0,1.0,0.0,1,0.0,994.0,6.0,False,,,,,,205.0,,
06a0308b666041bd,warmup,warmup,"{""q0"": 0.0, ""steps"": 1000}",ucb,natural,demotion,faa,0.01,1.0,3.0,q_confirmation,1,5000,1,0,0.0,224,224,224,224.0,,,224.0,1.0,1.0,1.0,0.0,1,0.0,994.0,6.0,False,,,,,,205.0,,
096531121ec5bbfd,warmup,warmup,"{""q0"": 0.0, ""steps"": 10000}",softmax,natural,demotion,clean,0.01,3.0,3.0,first_revisit,498,5000,498,0,0.0,1,1,1,1.0060240963855422,1.0,1.0140562248995983,1.0060240963855422,0.0,0.0,0.0,0.0,0,0.0,9932.273092369478,67.72690763052209,False,,,,0.06085798411907914,,1.1204819277108433,0.993925702811245,1.2650602409638554
096531121ec5bbfd,warmup,warmup,"{""q0"": 0.0, ""steps"": 10000}",softmax,natural,demotion,clean,0.01,3.0,3.0,greedy_recovery,498,5000,498,0,0.0,0,0,0,0.0,0.0,0.0,0.0,0.0,0.0,0.0,0.0,0,0.0,9932.273092369478,67.72690763052209,False,,,,0.06085798411907914,,2.1265060240963853,1.993925702811245,2.27113453815261
096531121ec5bbfd,warmup,warmup,"{""q0"": 0.0, ""steps"": 10000}",softmax,natural,demotion,clean,0.01,3.0,3.0,q_recovery,498,5000,498,0,0.0,0,0,0,0.0,0.0,0.0,0.0,0.0,0.0,0.0,0.0,0,0.0,9932.273092369478,67.72690763052209,False,,,,0.06085798411907914,,3.1325301204819276,3.0,3.2591867469879516
096531121ec5bbfd,warmup,warmup,"{""q0"": 0.0, ""steps"": 10000}",softmax,natural,demotion,clean,0.01,3.0,3.0,q_confirmation,498,5000,498,0,0.0,19,19,19,19.0,19.0,19.0,19.0,0.0,0.0,0.0,0.0,0,0.0,9932.273092369478,67.72690763052209,False,,,,0.06085798411907914,,3.1325301204819276,3.0,3.269126506024096
096531121ec5bbfd,warmup,warmup,"{""q0"": 0.0, ""steps"": 10000}",softmax,natural,demotion,faa,0.01,3.0,3.0,first_revisit,498,5000,498,0,0.0,1,2,3,2.1265060240963853,1.9858935742971888,2.2670682730923697,2.1265060240963853,1.122222222222222,1.1222222222222222,1.1222222222222222,1.0,0,0.0,9932.273092369478,67.72690763052209,False,,,,0.06085798411907914,,1.1204819277108433,0.995933734939759,1.2449799196787148
096531121ec5bbfd,warmup,warmup,"{""q0"": 0.0, ""steps"": 10000}",softmax,natural,demotion,faa,0.01,3.0,3.0,greedy_recovery,498,5000,498,0,0.0,1,2,3,2.1265060240963853,1.9958835341365462,2.2590361445783134,2.1265060240963853,1.122222222222222,1.1222222222222222,1.1222222222222222,1.0,0,0.0,9932.273092369478,67.72690763052209,False,,,,0.06085798411907914,,2.1265060240963853,1.993925702811245,2.2671184738955823
096531121ec5bbfd,warmup,warmup,"{""q0"": 0.0, ""steps"": 10000}",softmax,natural,demotion,faa,0.01,3.0,3.0,q_recovery,498,5000,498,0,0.0,2,3,4,3.1325301204819276,2.995933734939759,3.261144578313253,3.1325301204819276,1.122222222222222,1.1222222222222222,1.1222222222222222,1.0,0,0.0,9932.273092369478,67.72690763052209,False,,,,0.06085798411907914,,3.1325301204819276,2.997991967871486,3.2670682730923697
096531121ec5bbfd,warmup,warmup,"{""q0"": 0.0, ""steps"": 10000}",softmax,natural,demotion,faa,0.01,3.0,3.0,q_confirmation,498,5000,498,0,0.0,21,22,23,22.132530120481928,21.987951807228917,22.269126506024097,22.132530120481928,1.122222222222222,1.1222222222222222,1.1222222222222222,1.0,0,0.0,9932.273092369478,67.72690763052209,False,,,,0.06085798411907914,,3.1325301204819276,2.995983935742972,3.2670682730923697
096531121ec5bbfd,warmup,warmup,"{""q0"": 0.0, ""steps"": 10000}",softmax,natural,promotion,clean,0.01,3.0,3.0,first_revisit,2,5000,2,0,0.0,23,23,129,76.0,23.0,129.0,76.0,0.0,0.0,0.0,0.0,0,0.0,9930.5,69.5,False,,,,0.9603227913199207,,-74.0,-126.0,-22.0
096531121ec5bbfd,warmup,warmup,"{""q0"": 0.0, ""steps"": 10000}",softmax,natural,promotion,clean,0.01,3.0,3.0,greedy_recovery,2,5000,2,0,0.0,0,0,0,0.0,0.0,0.0,0.0,0.0,0.0,0.0,0.0,0,0.0,9930.5,69.5,False,,,,0.9603227913199207,,2.0,1.0,3.0
096531121ec5bbfd,warmup,warmup,"{""q0"": 0.0, ""steps"": 10000}",softmax,natural,promotion,clean,0.01,3.0,3.0,q_recovery,2,5000,2,0,0.0,0,0,0,0.0,0.0,0.0,0.0,0.0,0.0,0.0,0.0,0,0.0,9930.5,69.5,False,,,,0.9603227913199207,,33.5,23.0,44.0
096531121ec5bbfd,warmup,warmup,"{""q0"": 0.0, ""steps"": 10000}",softmax,natural,promotion,clean,0.01,3.0,3.0,q_confirmation,2,5000,2,0,0.0,19,19,19,19.0,19.0,19.0,19.0,0.0,0.0,0.0,0.0,0,0.0,9930.5,69.5,False,,,,0.9603227913199207,,33.5,23.0,44.0
096531121ec5bbfd,warmup,warmup,"{""q0"": 0.0, ""steps"": 10000}",softmax,natural,promotion,faa,0.01,3.0,3.0,first_revisit,2,5000,2,0,0.0,1,1,3,2.0,1.0,3.0,2.0,1.1222222222222222,1.1222222222222222,1.1222222222222222,1.0,0,0.0,9930.5,69.5,False,,,,0.9603227913199207,,-74.0,-126.0,-22.0
096531121ec5bbfd,warmup,warmup,"{""q0"": 0.0, ""steps"": 10000}",softmax,natural,promotion,faa,0.01,3.0,3.0,greedy_recovery,2,5000,2,0,0.0,1,1,3,2.0,1.0,3.0,2.0,1.1222222222222222,1.1222222222222222,1.1222222222222222,1.0,0,0.0,9930.5,69.5,False,,,,0.9603227913199207,,2.0,1.0,3.0
096531121ec5bbfd,warmup,warmup,"{""q0"": 0.0, ""steps"": 10000}",softmax,natural,promotion,faa,0.01,3.0,3.0,q_recovery,2,5000,2,0,0.0,23,23,44,33.5,23.0,44.0,33.5,1.1222222222222222,1.1222222222222222,1.1222222222222222,1.0,0,0.0,9930.5,69.5,False,,,,0.9603227913199207,,33.5,23.0,44.0
096531121ec5bbfd,warmup,warmup,"{""q0"": 0.0, ""steps"": 10000}",softmax,natural,promotion,faa,0.01,3.0,3.0,q_confirmation,2,5000,2,0,0.0,42,42,63,52.5,42.0,63.0,52.5,1.1222222222222222,1.1222222222222222,1.1222222222222222,1.0,0,0.0,9930.5,69.5,False,,,,0.9603227913199207,,33.5,23.0,44.0
0a5b21a37ac27820,warmup,warmup,"{""q0"": 0.0, ""steps"": 1000}",epsilon_greedy,natural,demotion,clean,0.01,1.0,3.0,first_revisit,474,5000,474,0,0.0,1,1,1,1.0506329113924051,1.0316455696202531,1.0717299578059072,1.0506329113924051,0.0,0.0,0.0,0.0,0,0.0,950.035864978903,49.96413502109704,False,,,,0.062379668585708294,,0.0,0.0,0.0
0a5b21a37ac27820,warmup,warmup,"{""q0"": 0.0, ""steps"": 1000}",epsilon_greedy,natural,demotion,clean,0.01,1.0,3.0,greedy_recovery,474,5000,474,0,0.0,0,0,0,0.0,0.0,0.0,0.0,0.0,0.0,0.0,0.0,0,0.0,950.035864978903,49.96413502109704,False,,,,0.062379668585708294,,0.0,0.0,0.0
0a5b21a37ac27820,warmup,warmup,"{""q0"": 0.0, ""steps"": 1000}",epsilon_greedy,natural,demotion,clean,0.01,1.0,3.0,q_recovery,474,5000,474,0,0.0,0,0,0,0.0,0.0,0.0,0.0,0.0,0.0,0.0,0.0,0,0.0,950.035864978903,49.96413502109704,False,,,,0.062379668585708294,,2.1139240506329116,2.0843881856540083,2.1455696202531644
0a5b21a37ac27820,warmup,warmup,"{""q0"": 0.0, ""steps"": 1000}",epsilon_greedy,natural,demotion,clean,0.01,1.0,3.0,q_confirmation,474,5000,474,0,0.0,19,19,19,19.0,19.0,19.0,19.0,0.0,0.0,0.0,0.0,0,0.0,950.035864978903,49.96413502109704,False,,,,0.062379668585708294,,2.1139240506329116,2.086445147679325,2.1434599156118144
0a5b21a37ac27820,warmup,warmup,"{""q0"": 0.0, ""steps"": 1000}",epsilon_greedy,natural,demotion,faa,0.01,1.0,3.0,first_revisit,474,5000,474,0,0.0,1,1,1,1.0506329113924051,1.0316455696202531,1.0717299578059072,1.0506329113924051,1.0,1.0,1.0,0.0,474,0.0,950.035864978903,49.96413502109704,False,,,,0.062379668585708294,,0.0,0.0,0.0
0a5b21a37ac27820,warmup,warmup,"{""q0"": 0.0, ""steps"": 1000}",epsilon_greedy,natural,demotion,faa,0.01,1.0,3.0,greedy_recovery,474,5000,474,0,0.0,0,0,0,0.0,0.0,0.0,0.0,1.0,1.0,1.0,0.0,474,0.0,950.035864978903,49.96413502109704,False,,,,0.062379668585708294,,0.0,0.0,0.0
0a5b21a37ac27820,warmup,warmup,"{""q0"": 0.0, ""steps"": 1000}",epsilon_greedy,natural,demotion,faa,0.01,1.0,3.0,q_recovery,474,5000,474,0,0.0,2,2,2,2.1139240506329116,2.086445147679325,2.1434599156118144,2.1139240506329116,1.0,1.0,1.0,0.0,474,0.0,950.035864978903,49.96413502109704,False,,,,0.062379668585708294,,2.1139240506329116,2.0843881856540083,2.1413502109704643
0a5b21a37ac27820,warmup,warmup,"{""q0"": 0.0, ""steps"": 1000}",epsilon_greedy,natural,demotion,faa,0.01,1.0,3.0,q_confirmation,474,5000,474,0,0.0,21,21,21,21.11392405063291,21.086445147679324,21.143459915611814,21.11392405063291,1.0,1.0,1.0,0.0,474,0.0,950.035864978903,49.96413502109704,False,,,,0.062379668585708294,,2.1139240506329116,2.086445147679325,2.147679324894515
0a5b21a37ac27820,warmup,warmup,"{""q0"": 0.0, ""steps"": 1000}",epsilon_greedy,natural,promotion,clean,0.01,1.0,3.0,first_revisit,26,5000,26,0,0.0,6,12,32,20.73076923076923,14.498076923076923,27.96538461538461,20.73076923076923,0.0,0.0,0.0,0.0,0,0.0,948.7692307692307,51.23076923076923,False,,,,0.26634562039235987,,0.0,0.0,0.0
0a5b21a37ac27820,warmup,warmup,"{""q0"": 0.0, ""steps"": 1000}",epsilon_greedy,natural,promotion,clean,0.01,1.0,3.0,greedy_recovery,26,5000,26,0,0.0,0,0,0,0.0,0.0,0.0,0.0,0.0,0.0,0.0,0.0,0,0.0,948.7692307692307,51.23076923076923,False,,,,0.26634562039235987,,0.0,0.0,0.0
0a5b21a37ac27820,warmup,warmup,"{""q0"": 0.0, ""steps"": 1000}",epsilon_greedy,natural,promotion,clean,0.01,1.0,3.0,q_recovery,26,5000,26,0,0.0,0,0,0,0.0,0.0,0.0,0.0,0.0,0.0,0.0,0.0,0,0.0,948.7692307692307,51.23076923076923,False,,,,0.26634562039235987,,40.80769230769231,30.845192307692308,52.19423076923077
0a5b21a37ac27820,warmup,warmup,"{""q0"": 0.0, ""steps"": 1000}",epsilon_greedy,natural,promotion,clean,0.01,1.0,3.0,q_confirmation,26,5000,26,0,0.0,19,19,19,19.0,19.0,19.0,19.0,0.0,0.0,0.0,0.0,0,0.0,948.7692307692307,51.23076923076923,False,,,,0.26634562039235987,,40.80769230769231,30.41826923076923,51.886538461538464
0a5b21a37ac27820,warmup,warmup,"{""q0"": 0.0, ""steps"": 1000}",epsilon_greedy,natural,promotion,faa,0.01,1.0,3.0,first_revisit,26,5000,26,0,0.0,6,12,32,20.73076923076923,14.383653846153846,28.155769230769227,20.73076923076923,1.0,1.0,1.0,0.0,26,0.0,948.7692307692307,51.23076923076923,False,,,,0.26634562039235987,,0.0,0.0,0.0
0a5b21a37ac27820,warmup,warmup,"{""q0"": 0.0, ""steps"": 1000}",epsilon_greedy,natural,promotion,faa,0.01,1.0,3.0,greedy_recovery,26,5000,26,0,0.0,0,0,0,0.0,0.0,0.0,0.0,1.0,1.0,1.0,0.0,26,0.0,948.7692307692307,51.23076923076923,False,,,,0.26634562039235987,,0.0,0.0,0.0
0a5b21a37ac27820,warmup,warmup,"{""q0"": 0.0, ""steps"": 1000}",epsilon_greedy,natural,promotion,faa,0.01,1.0,3.0,q_recovery,26,5000,26,0,0.0,15,37,59,40.80769230769231,29.837500000000002,51.35096153846153,40.80769230769231,1.0,1.0,1.0,0.0,26,0.0,948.7692307692307,51.23076923076923,False,,,,0.26634562039235987,,40.80769230769231,29.57403846153846,51.92307692307692
0a5b21a37ac27820,warmup,warmup,"{""q0"": 0.0, ""steps"": 1000}",epsilon_greedy,natural,promotion,faa,0.01,1.0,3.0,q_confirmation,26,5000,26,0,0.0,34,56,78,59.80769230769231,48.763461538461534,71.30865384615385,59.80769230769231,1.0,1.0,1.0,0.0,26,0.0,948.7692307692307,51.23076923076923,False,,,,0.26634562039235987,,40.80769230769231,30.96057692307692,52.005769230769225
18d869bdc39aa5b1,warmup,warmup,"{""q0"": 0.0, ""steps"": 1000}",epsilon_greedy,natural,demotion,clean,1.0,3.0,3.0,first_revisit,474,5000,474,0,0.0,1,1,1,1.0506329113924051,1.0316455696202531,1.0696202531645569,1.0506329113924051,0.0,0.0,0.0,0.0,0,0.0,950.035864978903,49.96413502109704,False,,,,0.062379668585708294,,18.462025316455698,16.82357594936709,20.073154008438816
18d869bdc39aa5b1,warmup,warmup,"{""q0"": 0.0, ""steps"": 1000}",epsilon_greedy,natural,demotion,clean,1.0,3.0,3.0,greedy_recovery,474,5000,474,0,0.0,0,0,0,0.0,0.0,0.0,0.0,0.0,0.0,0.0,0.0,0,0.0,950.035864978903,49.96413502109704,False,,,,0.062379668585708294,,19.5126582278481,17.997257383966247,21.129272151898732
18d869bdc39aa5b1,warmup,warmup,"{""q0"": 0.0, ""steps"": 1000}",epsilon_greedy,natural,demotion,clean,1.0,3.0,3.0,q_recovery,474,5000,474,0,0.0,0,0,0,0.0,0.0,0.0,0.0,0.0,0.0,0.0,0.0,0,0.0,950.035864978903,49.96413502109704,False,,,,0.062379668585708294,,20.567510548523206,18.849472573839662,22.25785864978903
18d869bdc39aa5b1,warmup,warmup,"{""q0"": 0.0, ""steps"": 1000}",epsilon_greedy,natural,demotion,clean,1.0,3.0,3.0,q_confirmation,474,5000,474,0,0.0,19,19,19,19.0,19.0,19.0,19.0,0.0,0.0,0.0,0.0,0,0.0,950.035864978903,49.96413502109704,False,,,,0.062379668585708294,,20.567510548523206,18.864240506329114,22.144145569620253
18d869bdc39aa5b1,warmup,warmup,"{""q0"": 0.0, ""steps"": 1000}",epsilon_greedy,natural,demotion,faa,1.0,3.0,3.0,first_revisit,474,5000,474,0,0.0,6,14,26,19.5126582278481,17.875316455696204,21.276371308016877,19.5126582278481,2.2222222222222214,2.2222222222222223,2.2222222222222223,1.0,0,0.0,950.035864978903,49.96413502109704,False,,,,0.062379668585708294,,18.462025316455698,16.79720464135021,20.09931434599156
18d869bdc39aa5b1,warmup,warmup,"{""q0"": 0.0, ""steps"": 1000}",epsilon_greedy,natural,demotion,faa,1.0,3.0,3.0,greedy_recovery,474,5000,474,0,0.0,6,14,26,19.5126582278481,17.755168776371306,21.48539029535865,19.5126582278481,2.2222222222222214,2.2222222222222223,2.2222222222222223,1.0,0,0.0,950.035864978903,49.96413502109704,False,,,,0.062379668585708294,,19.5126582278481,17.87964135021097,21.388238396624473
18d869bdc39aa5b1,warmup,warmup,"{""q0"": 0.0, ""steps"": 1000}",epsilon_greedy,natural,demotion,faa,1.0,3.0,3.0,q_recovery,474,5000,474,0,0.0,7,15,27,20.567510548523206,18.82832278481013,22.36513713080169,20.567510548523206,2.2222222222222214,2.2222222222222223,2.2222222222222223,1.0,0,0.0,950.035864978903,49.96413502109704,False,,,,0.062379668585708294,,20.567510548523206,18.917405063291138,22.25970464135021
18d869bdc39aa5b1,warmup,warmup,"{""q0"": 0.0, ""steps"": 1000}",epsilon_greedy,natural,demotion,faa,1.0,3.0,3.0,q_confirmation,474,5000,474,0,0.0,26,34,46,39.56751054852321,37.94298523206751,41.43259493670886,39.56751054852321,2.2222222222222214,2.2222222222222223,2.2222222222222223,1.0,0,0.0,950.035864978903,49.96413502109704,False,,,,0.062379668585708294,,20.567510548523206,19.06951476793249,22.344356540084387
18d869bdc39aa5b1,warmup,warmup,"{""q0"": 0.0, ""steps"": 1000}",epsilon_greedy,natural,promotion,clean,1.0,3.0,3.0,first_revisit,26,5000,26,0,0.0,6,12,32,20.73076923076923,14.229807692307691,27.73461538461538,20.73076923076923,0.0,0.0,0.0,0.0,0,0.0,948.7692307692307,51.23076923076923,False,,,,0.26634562039235987,,-19.73076923076923,-26.8875,-13.038461538461538
18d869bdc39aa5b1,warmup,warmup,"{""q0"": 0.0, ""steps"": 1000}",epsilon_greedy,natural,promotion,clean,1.0,3.0,3.0,greedy_recovery,26,5000,26,0,0.0,0,0,0,0.0,0.0,0.0,0.0,0.0,0.0,0.0,0.0,0,0.0,948.7692307692307,51.23076923076923,False,,,,0.26634562039235987,,1.0,1.0,1.0
18d869bdc39aa5b1,warmup,warmup,"{""q0"": 0.0, ""steps"": 1000}",epsilon_greedy,natural,promotion,clean,1.0,3.0,3.0,q_recovery,26,5000,26,0,0.0,0,0,0,0.0,0.0,0.0,0.0,0.0,0.0,0.0,0.0,0,0.0,948.7692307692307,51.23076923076923,False,,,,0.26634562039235987,,21.0,14.5375,27.964423076923072
18d869bdc39aa5b1,warmup,warmup,"{""q0"": 0.0, ""steps"": 1000}",epsilon_greedy,natural,promotion,clean,1.0,3.0,3.0,q_confirmation,26,5000,26,0,0.0,19,19,19,19.0,19.0,19.0,19.0,0.0,0.0,0.0,0.0,0,0.0,948.7692307692307,51.23076923076923,False,,,,0.26634562039235987,,21.0,14.458653846153846,27.772115384615383
18d869bdc39aa5b1,warmup,warmup,"{""q0"": 0.0, ""steps"": 1000}",epsilon_greedy,natural,promotion,faa,1.0,3.0,3.0,first_revisit,26,5000,26,0,0.0,1,1,1,1.0,1.0,1.0,1.0,2.2222222222222223,2.2222222222222223,2.2222222222222223,1.0,0,0.0,948.7692307692307,51.23076923076923,False,,,,0.26634562039235987,,-19.73076923076923,-26.654807692307692,-13.534615384615387
18d869bdc39aa5b1,warmup,warmup,"{""q0"": 0.0, ""steps"": 1000}",epsilon_greedy,natural,promotion,faa,1.0,3.0,3.0,greedy_recovery,26,5000,26,0,0.0,1,1,1,1.0,1.0,1.0,1.0,2.2222222222222223,2.2222222222222223,2.2222222222222223,1.0,0,0.0,948.7692307692307,51.23076923076923,False,,,,0.26634562039235987,,1.0,1.0,1.0
18d869bdc39aa5b1,warmup,warmup,"{""q0"": 0.0, ""steps"": 1000}",epsilon_greedy,natural,promotion,faa,1.0,3.0,3.0,q_recovery,26,5000,26,0,0.0,8,12,32,21.0,15.075961538461538,27.888461538461534,21.0,2.2222222222222223,2.2222222222222223,2.2222222222222223,1.0,0,0.0,948.7692307692307,51.23076923076923,False,,,,0.26634562039235987,,21.0,14.384615384615385,27.926923076923075
18d869bdc39aa5b1,warmup,warmup,"{""q0"": 0.0, ""steps"": 1000}",epsilon_greedy,natural,promotion,faa,1.0,3.0,3.0,q_confirmation,26,5000,26,0,0.0,27,31,51,40.0,33.496153846153845,47.65480769230769,40.0,2.2222222222222223,2.2222222222222223,2.2222222222222223,1.0,0,0.0,948.7692307692307,51.23076923076923,False,,,,0.26634562039235987,,21.0,14.729807692307691,27.808653846153845
233c925d45278a2f,warmup,warmup,"{""q0"": 0.0, ""steps"": 10000}",epsilon_greedy,natural,demotion,clean,1.0,1.0,3.0,first_revisit,474,5000,474,0,0.0,1,1,1,1.0506329113924051,1.0337552742616034,1.0717299578059072,1.0506329113924051,0.0,0.0,0.0,0.0,0,0.0,9499.725738396624,500.2742616033755,False,,,,0.062379668585708294,,0.0,0.0,0.0
233c925d45278a2f,warmup,warmup,"{""q0"": 0.0, ""steps"": 10000}",epsilon_greedy,natural,demotion,clean,1.0,1.0,3.0,greedy_recovery,474,5000,474,0,0.0,0,0,0,0.0,0.0,0.0,0.0,0.0,0.0,0.0,0.0,0,0.0,9499.725738396624,500.2742616033755,False,,,,0.062379668585708294,,0.0,0.0,0.0
233c925d45278a2f,warmup,warmup,"{""q0"": 0.0, ""steps"": 10000}",epsilon_greedy,natural,demotion,clean,1.0,1.0,3.0,q_recovery,474,5000,474,0,0.0,0,0,0,0.0,0.0,0.0,0.0,0.0,0.0,0.0,0.0,0,0.0,9499.725738396624,500.2742616033755,False,,,,0.062379668585708294,,2.1139240506329116,2.086497890295359,2.145622362869198
233c925d45278a2f,warmup,warmup,"{""q0"": 0.0, ""steps"": 10000}",epsilon_greedy,natural,demotion,clean,1.0,1.0,3.0,q_confirmation,474,5000,474,0,0.0,19,19,19,19.0,19.0,19.0,19.0,0.0,0.0,0.0,0.0,0,0.0,9499.725738396624,500.2742616033755,False,,,,0.062379668585708294,,2.1139240506329116,2.086497890295359,2.1434599156118144
233c925d45278a2f,warmup,warmup,"{""q0"": 0.0, ""steps"": 10000}",epsilon_greedy,natural,demotion,faa,1.0,1.0,3.0,first_revisit,474,5000,474,0,0.0,1,1,1,1.0506329113924051,1.0316455696202531,1.0717299578059072,1.0506329113924051,1.0,1.0,1.0,0.0,474,0.0,9499.725738396624,500.2742616033755,False,,,,0.062379668585708294,,0.0,0.0,0.0
233c925d45278a2f,warmup,warmup,"{""q0"": 0.0, ""steps"": 10000}",epsilon_greedy,natural,demotion,faa,1.0,1.0,3.0,greedy_recovery,474,5000,474,0,0.0,0,0,0,0.0,0.0,0.0,0.0,1.0,1.0,1.0,0.0,474,0.0,9499.725738396624,500.2742616033755,False,,,,0.062379668585708294,,0.0,0.0,0.0
233c925d45278a2f,warmup,warmup,"{""q0"": 0.0, ""steps"": 10000}",epsilon_greedy,natural,demotion,faa,1.0,1.0,3.0,q_recovery,474,5000,474,0,0.0,2,2,2,2.1139240506329116,2.0843881856540083,2.1455696202531644,2.1139240506329116,1.0,1.0,1.0,0.0,474,0.0,9499.725738396624,500.2742616033755,False,,,,0.062379668585708294,,2.1139240506329116,2.0843881856540083,2.1455696202531644
233c925d45278a2f,warmup,warmup,"{""q0"": 0.0, ""steps"": 10000}",epsilon_greedy,natural,demotion,faa,1.0,1.0,3.0,q_confirmation,474,5000,474,0,0.0,21,21,21,21.11392405063291,21.08438818565401,21.143459915611814,21.11392405063291,1.0,1.0,1.0,0.0,474,0.0,9499.725738396624,500.2742616033755,False,,,,0.062379668585708294,,2.1139240506329116,2.0843881856540083,2.1434599156118144
233c925d45278a2f,warmup,warmup,"{""q0"": 0.0, ""steps"": 10000}",epsilon_greedy,natural,promotion,clean,1.0,1.0,3.0,first_revisit,26,5000,26,0,0.0,6,12,32,20.73076923076923,14.614423076923076,27.924038461538462,20.73076923076923,0.0,0.0,0.0,0.0,0,0.0,9494.076923076924,505.9230769230769,False,,,,0.26634562039235987,,0.0,0.0,0.0
233c925d45278a2f,warmup,warmup,"{""q0"": 0.0, ""steps"": 10000}",epsilon_greedy,natural,promotion,clean,1.0,1.0,3.0,greedy_recovery,26,5000,26,0,0.0,0,0,0,0.0,0.0,0.0,0.0,0.0,0.0,0.0,0.0,0,0.0,9494.076923076924,505.9230769230769,False,,,,0.26634562039235987,,0.0,0.0,0.0
233c925d45278a2f,warmup,warmup,"{""q0"": 0.0, ""steps"": 10000}",epsilon_greedy,natural,promotion,clean,1.0,1.0,3.0,q_recovery,26,5000,26,0,0.0,0,0,0,0.0,0.0,0.0,0.0,0.0,0.0,0.0,0.0,0,0.0,9494.076923076924,505.9230769230769,False,,,,0.26634562039235987,,40.80769230769231,30.575961538461538,52.545192307692304
233c925d45278a2f,warmup,warmup,"{""q0"": 0.0, ""steps"": 10000}",epsilon_greedy,natural,promotion,clean,1.0,1.0,3.0,q_confirmation,26,5000,26,0,0.0,19,19,19,19.0,19.0,19.0,19.0,0.0,0.0,0.0,0.0,0,0.0,9494.076923076924,505.9230769230769,False,,,,0.26634562039235987,,40.80769230769231,30.265384615384615,50.96346153846154
233c925d45278a2f,warmup,warmup,"{""q0"": 0.0, ""steps"": 10000}",epsilon_greedy,natural,promotion,faa,1.0,1.0,3.0,first_revisit,26,5000,26,0,0.0,6,12,32,20.73076923076923,14.304807692307692,28.116346153846155,20.73076923076923,1.0,1.0,1.0,0.0,26,0.0,9494.076923076924,505.9230769230769,False,,,,0.26634562039235987,,0.0,0.0,0.0
233c925d45278a2f,warmup,warmup,"{""q0"": 0.0, ""steps"": 10000}",epsilon_greedy,natural,promotion,faa,1.0,1.0,3.0,greedy_recovery,26,5000,26,0,0.0,0,0,0,0.0,0.0,0.0,0.0,1.0,1.0,1.0,0.0,26,0.0,9494.076923076924,505.9230769230769,False,,,,0.26634562039235987,,0.0,0.0,0.0
233c925d45278a2f,warmup,warmup,"{""q0"": 0.0, ""steps"": 10000}",epsilon_greedy,natural,promotion,faa,1.0,1.0,3.0,q_recovery,26,5000,26,0,0.0,15,37,59,40.80769230769231,31.30480769230769,53.50192307692308,40.80769230769231,1.0,1.0,1.0,0.0,26,0.0,9494.076923076924,505.9230769230769,False,,,,0.26634562039235987,,40.80769230769231,30.957692307692305,52.348076923076924
233c925d45278a2f,warmup,warmup,"{""q0"": 0.0, ""steps"": 10000}",epsilon_greedy,natural,promotion,faa,1.0,1.0,3.0,q_confirmation,26,5000,26,0,0.0,34,56,78,59.80769230769231,49.53846153846154,70.23076923076923,59.80769230769231,1.0,1.0,1.0,0.0,26,0.0,9494.076923076924,505.9230769230769,False,,,,0.26634562039235987,,40.80769230769231,30.53846153846154,51.968269230769224
2968136fc8da67d5,warmup,warmup,"{""q0"": 0.0, ""steps"": 10000}",ucb,natural,demotion,clean,0.01,1.0,3.0,first_revisit,1,5000,1,0,0.0,1,1,1,1.0,,,1.0,0.0,0.0,0.0,0.0,0,0.0,9991.0,9.0,False,,,,,,536.0,,
2968136fc8da67d5,warmup,warmup,"{""q0"": 0.0, ""steps"": 10000}",ucb,natural,demotion,clean,0.01,1.0,3.0,greedy_recovery,1,5000,1,0,0.0,0,0,0,0.0,,,0.0,0.0,0.0,0.0,0.0,0,0.0,9991.0,9.0,False,,,,,,0.0,,
2968136fc8da67d5,warmup,warmup,"{""q0"": 0.0, ""steps"": 10000}",ucb,natural,demotion,clean,0.01,1.0,3.0,q_recovery,1,5000,1,0,0.0,0,0,0,0.0,,,0.0,0.0,0.0,0.0,0.0,0,0.0,9991.0,9.0,False,,,,,,538.0,,
2968136fc8da67d5,warmup,warmup,"{""q0"": 0.0, ""steps"": 10000}",ucb,natural,demotion,clean,0.01,1.0,3.0,q_confirmation,1,5000,1,0,0.0,19,19,19,19.0,,,19.0,0.0,0.0,0.0,0.0,0,0.0,9991.0,9.0,False,,,,,,538.0,,
2968136fc8da67d5,warmup,warmup,"{""q0"": 0.0, ""steps"": 10000}",ucb,natural,demotion,faa,0.01,1.0,3.0,first_revisit,1,5000,1,0,0.0,537,537,537,537.0,,,537.0,1.0,1.0,1.0,0.0,1,0.0,9991.0,9.0,False,,,,,,536.0,,
2968136fc8da67d5,warmup,warmup,"{""q0"": 0.0, ""steps"": 10000}",ucb,natural,demotion,faa,0.01,1.0,3.0,greedy_recovery,1,5000,1,0,0.0,0,0,0,0.0,,,0.0,1.0,1.0,1.0,0.0,1,0.0,9991.0,9.0,False,,,,,,0.0,,
2968136fc8da67d5,warmup,warmup,"{""q0"": 0.0, ""steps"": 10000}",ucb,natural,demotion,faa,0.01,1.0,3.0,q_recovery,1,5000,1,0,0.0,538,538,538,538.0,,,538.0,1.0,1.0,1.0,0.0,1,0.0,9991.0,9.0,False,,,,,,538.0,,
2968136fc8da67d5,warmup,warmup,"{""q0"": 0.0, ""steps"": 10000}",ucb,natural,demotion,faa,0.01,1.0,3.0,q_confirmation,1,5000,1,0,0.0,557,557,557,557.0,,,557.0,1.0,1.0,1.0,0.0,1,0.0,9991.0,9.0,False,,,,,,538.0,,
3491e98f014317d2,warmup,warmup,"{""q0"": 0.0, ""steps"": 0}",ucb,natural,demotion,clean,0.01,3.0,3.0,first_revisit,1,5000,1,0,0.0,2,2,2,2.0,,,2.0,0.0,0.0,0.0,0.0,0,1.0,0.0,0.0,False,,,,,,1.0,,
3491e98f014317d2,warmup,warmup,"{""q0"": 0.0, ""steps"": 0}",ucb,natural,demotion,clean,0.01,3.0,3.0,greedy_recovery,1,5000,1,0,0.0,0,0,0,0.0,,,0.0,0.0,0.0,0.0,0.0,0,1.0,0.0,0.0,False,,,,,,3.0,,
3491e98f014317d2,warmup,warmup,"{""q0"": 0.0, ""steps"": 0}",ucb,natural,demotion,clean,0.01,3.0,3.0,q_recovery,1,5000,1,0,0.0,2,2,2,2.0,,,2.0,0.0,0.0,0.0,0.0,0,1.0,0.0,0.0,False,,,,,,2.0,,
3491e98f014317d2,warmup,warmup,"{""q0"": 0.0, ""steps"": 0}",ucb,natural,demotion,clean,0.01,3.0,3.0,q_confirmation,1,5000,1,0,0.0,21,21,21,21.0,,,21.0,0.0,0.0,0.0,0.0,0,1.0,0.0,0.0,False,,,,,,2.0,,
3491e98f014317d2,warmup,warmup,"{""q0"": 0.0, ""steps"": 0}",ucb,natural,demotion,faa,0.01,3.0,3.0,first_revisit,1,5000,1,0,0.0,3,3,3,3.0,,,3.0,1.011111111111111,1.011111111111111,1.011111111111111,1.0,0,1.0,0.0,0.0,False,,,,,,1.0,,
3491e98f014317d2,warmup,warmup,"{""q0"": 0.0, ""steps"": 0}",ucb,natural,demotion,faa,0.01,3.0,3.0,greedy_recovery,1,5000,1,0,0.0,3,3,3,3.0,,,3.0,1.011111111111111,1.011111111111111,1.011111111111111,1.0,0,1.0,0.0,0.0,False,,,,,,3.0,,
3491e98f014317d2,warmup,warmup,"{""q0"": 0.0, ""steps"": 0}",ucb,natural,demotion,faa,0.01,3.0,3.0,q_recovery,1,5000,1,0,0.0,4,4,4,4.0,,,4.0,1.011111111111111,1.011111111111111,1.011111111111111,1.0,0,1.0,0.0,0.0,False,,,,,,2.0,,
3491e98f014317d2,warmup,warmup,"{""q0"": 0.0, ""steps"": 0}",ucb,natural,demotion,faa,0.01,3.0,3.0,q_confirmation,1,5000,1,0,0.0,23,23,23,23.0,,,23.0,1.011111111111111,1.011111111111111,1.011111111111111,1.0,0,1.0,0.0,0.0,False,,,,,,2.0,,
350c3677bbc75913,warmup,warmup,"{""q0"": 0.0, ""steps"": 100}",softmax,natural,demotion,clean,0.01,1.0,3.0,first_revisit,498,5000,498,0,0.0,1,1,1,1.0060240963855422,1.0,1.0140562248995983,1.0060240963855422,0.0,0.0,0.0,0.0,0,0.0,98.37951807228916,1.6204819277108433,False,,,,0.06085798411907914,,0.6465863453815262,0.5522088353413654,0.7410140562248996
350c3677bbc75913,warmup,warmup,"{""q0"": 0.0, ""steps"": 100}",softmax,natural,demotion,clean,0.01,1.0,3.0,greedy_recovery,498,5000,498,0,0.0,0,0,0,0.0,0.0,0.0,0.0,0.0,0.0,0.0,0.0,0,0.0,98.37951807228916,1.6204819277108433,False,,,,0.06085798411907914,,0.0,0.0,0.0
350c3677bbc75913,warmup,warmup,"{""q0"": 0.0, ""steps"": 100}",softmax,natural,demotion,clean,0.01,1.0,3.0,q_recovery,498,5000,498,0,0.0,0,0,0,0.0,0.0,0.0,0.0,0.0,0.0,0.0,0.0,0,0.0,98.37951807228916,1.6204819277108433,False,,,,0.06085798411907914,,2.6606425702811247,2.5662148594377507,2.753012048192771
350c3677bbc75913,warmup,warmup,"{""q0"": 0.0, ""steps"": 100}",softmax,natural,demotion,clean,0.01,1.0,3.0,q_confirmation,498,5000,498,0,0.0,19,19,19,19.0,19.0,19.0,19.0,0.0,0.0,0.0,0.0,0,0.0,98.37951807228916,1.6204819277108433,False,,,,0.06085798411907914,,2.6606425702811247,2.5642068273092367,2.7490461847389556
350c3677bbc75913,warmup,warmup,"{""q0"": 0.0, ""steps"": 100}",softmax,natural,demotion,faa,0.01,1.0,3.0,first_revisit,498,5000,498,0,0.0,1,1,2,1.6526104417670682,1.5702309236947791,1.7450301204819276,1.6526104417670682,1.0,1.0,1.0,0.0,498,0.0,98.37951807228916,1.6204819277108433,False,,,,0.06085798411907914,,0.6465863453815262,0.5562248995983936,0.7469879518072289
350c3677bbc75913,warmup,warmup,"{""q0"": 0.0, ""steps"": 100}",softmax,natural,demotion,faa,0.01,1.0,3.0,greedy_recovery,498,5000,498,0,0.0,0,0,0,0.0,0.0,0.0,0.0,1.0,1.0,1.0,0.0,498,0.0,98.37951807228916,1.6204819277108433,False,,,,0.06085798411907914,,0.0,0.0,0.0
350c3677bbc75913,warmup,warmup,"{""q0"": 0.0, ""steps"": 100}",softmax,natural,demotion,faa,0.01,1.0,3.0,q_recovery,498,5000,498,0,0.0,2,2,3,2.6606425702811247,2.566265060240964,2.755070281124498,2.6606425702811247,1.0,1.0,1.0,0.0,498,0.0,98.37951807228916,1.6204819277108433,False,,,,0.06085798411907914,,2.6606425702811247,2.566265060240964,2.7570281124497993
350c3677bbc75913,warmup,warmup,"{""q0"": 0.0, ""steps"": 100}",softmax,natural,demotion,faa,0.01,1.0,3.0,q_confirmation,498,5000,498,0,0.0,21,21,22,21.660642570281123,21.570281124497992,21.75707831325301,21.660642570281123,1.0,1.0,1.0,0.0,498,0.0,98.37951807228916,1.6204819277108433,False,,,,0.06085798411907914,,2.6606425702811247,2.570281124497992,2.7670682730923697
350c3677bbc75913,warmup,warmup,"{""q0"": 0.0, ""steps"": 100}",softmax,natural,promotion,clean,0.01,1.0,3.0,first_revisit,2,5000,2,0,0.0,23,23,129,76.0,23.0,129.0,76.0,0.0,0.0,0.0,0.0,0,0.0,98.0,2.0,False,,,,0.9603227913199207,,-74.0,-126.0,-22.0
350c3677bbc75913,warmup,warmup,"{""q0"": 0.0, ""steps"": 100}",softmax,natural,promotion,clean,0.01,1.0,3.0,greedy_recovery,2,5000,2,0,0.0,0,0,0,0.0,0.0,0.0,0.0,0.0,0.0,0.0,0.0,0,0.0,98.0,2.0,False,,,,0.9603227913199207,,0.0,0.0,0.0
350c3677bbc75913,warmup,warmup,"{""q0"": 0.0, ""steps"": 100}",softmax,natural,promotion,clean,0.01,1.0,3.0,q_recovery,2,5000,2,0,0.0,0,0,0,0.0,0.0,0.0,0.0,0.0,0.0,0.0,0.0,0,0.0,98.0,2.0,False,,,,0.9603227913199207,,33.5,23.0,44.0
350c3677bbc75913,warmup,warmup,"{""q0"": 0.0, ""steps"": 100}",softmax,natural,promotion,clean,0.01,1.0,3.0,q_confirmation,2,5000,2,0,0.0,19,19,19,19.0,19.0,19.0,19.0,0.0,0.0,0.0,0.0,0,0.0,98.0,2.0,False,,,,0.9603227913199207,,33.5,23.0,44.0
350c3677bbc75913,warmup,warmup,"{""q0"": 0.0, ""steps"": 100}",softmax,natural,promotion,faa,0.01,1.0,3.0,first_revisit,2,5000,2,0,0.0,1,1,3,2.0,1.0,3.0,2.0,1.0,1.0,1.0,0.0,2,0.0,98.0,2.0,False,,,,0.9603227913199207,,-74.0,-126.0,-22.0
350c3677bbc75913,warmup,warmup,"{""q0"": 0.0, ""steps"": 100}",softmax,natural,promotion,faa,0.01,1.0,3.0,greedy_recovery,2,5000,2,0,0.0,0,0,0,0.0,0.0,0.0,0.0,1.0,1.0,1.0,0.0,2,0.0,98.0,2.0,False,,,,0.9603227913199207,,0.0,0.0,0.0
350c3677bbc75913,warmup,warmup,"{""q0"": 0.0, ""steps"": 100}",softmax,natural,promotion,faa,0.01,1.0,3.0,q_recovery,2,5000,2,0,0.0,23,23,44,33.5,23.0,44.0,33.5,1.0,1.0,1.0,0.0,2,0.0,98.0,2.0,False,,,,0.9603227913199207,,33.5,23.0,44.0
350c3677bbc75913,warmup,warmup,"{""q0"": 0.0, ""steps"": 100}",softmax,natural,promotion,faa,0.01,1.0,3.0,q_confirmation,2,5000,2,0,0.0,42,42,63,52.5,42.0,63.0,52.5,1.0,1.0,1.0,0.0,2,0.0,98.0,2.0,False,,,,0.9603227913199207,,33.5,23.0,44.0
38b2e6f23561a36b,warmup,warmup,"{""q0"": 0.0, ""steps"": 10000}",epsilon_greedy,natural,demotion,clean,0.01,3.0,3.0,first_revisit,474,5000,474,0,0.0,1,1,1,1.0506329113924051,1.0316455696202531,1.0717299578059072,1.0506329113924051,0.0,0.0,0.0,0.0,0,0.0,9499.725738396624,500.2742616033755,False,,,,0.062379668585708294,,18.462025316455698,16.754324894514767,20.040348101265824
38b2e6f23561a36b,warmup,warmup,"{""q0"": 0.0, ""steps"": 10000}",epsilon_greedy,natural,demotion,clean,0.01,3.0,3.0,greedy_recovery,474,5000,474,0,0.0,0,0,0,0.0,0.0,0.0,0.0,0.0,0.0,0.0,0.0,0,0.0,9499.725738396624,500.2742616033755,False,,,,0.062379668585708294,,19.5126582278481,17.864820675105488,21.18945147679325
38b2e6f23561a36b,warmup,warmup,"{""q0"": 0.0, ""steps"": 10000}",epsilon_greedy,natural,demotion,clean,0.01,3.0,3.0,q_recovery,474,5000,474,0,0.0,0,0,0,0.0,0.0,0.0,0.0,0.0,0.0,0.0,0.0,0,0.0,9499.725738396624,500.2742616033755,False,,,,0.062379668585708294,,20.567510548523206,18.87510548523207,22.39873417721519
38b2e6f23561a36b,warmup,warmup,"{""q0"": 0.0, ""steps"": 10000}",epsilon_greedy,natural,demotion,clean,0.01,3.0,3.0,q_confirmation,474,5000,474,0,0.0,19,19,19,19.0,19.0,19.0,19.0,0.0,0.0,0.0,0.0,0,0.0,9499.725738396624,500.2742616033755,False,,,,0.062379668585708294,,20.567510548523206,18.959915611814345,22.23248945147679
38b2e6f23561a36b,warmup,warmup,"{""q0"": 0.0, ""steps"": 10000}",epsilon_greedy,natural,demotion,faa,0.01,3.0,3.0,first_revisit,474,5000,474,0,0.0,6,14,26,19.5126582278481,17.89340717299578,21.116139240506328,19.5126582278481,1.1222222222222218,1.1222222222222222,1.1222222222222222,1.0,0,0.0,9499.725738396624,500.2742616033755,False,,,,0.062379668585708294,,18.462025316455698,16.793143459915612,20.229957805907173
38b2e6f23561a36b,warmup,warmup,"{""q0"": 0.0, ""steps"": 10000}",epsilon_greedy,natural,demotion,faa,0.01,3.0,3.0,greedy_recovery,474,5000,474,0,0.0,6,14,26,19.5126582278481,17.93022151898734,21.038027426160337,19.5126582278481,1.1222222222222218,1.1222222222222222,1.1222222222222222,1.0,0,0.0,9499.725738396624,500.2742616033755,False,,,,0.062379668585708294,,19.5126582278481,17.88581223628692,21.306118143459916
38b2e6f23561a36b,warmup,warmup,"{""q0"": 0.0, ""steps"": 10000}",epsilon_greedy,natural,demotion,faa,0.01,3.0,3.0,q_recovery,474,5000,474,0,0.0,7,15,27,20.567510548523206,19.00606540084388,22.185812236286917,20.567510548523206,1.1222222222222218,1.1222222222222222,1.1222222222222222,1.0,0,0.0,9499.725738396624,500.2742616033755,False,,,,0.062379668585708294,,20.567510548523206,18.831223628691983,22.320727848101267
38b2e6f23561a36b,warmup,warmup,"{""q0"": 0.0, ""steps"": 10000}",epsilon_greedy,natural,demotion,faa,0.01,3.0,3.0,q_confirmation,474,5000,474,0,0.0,26,34,46,39.56751054852321,38.024947257383964,41.283280590717304,39.56751054852321,1.1222222222222218,1.1222222222222222,1.1222222222222222,1.0,0,0.0,9499.725738396624,500.2742616033755,False,,,,0.062379668585708294,,20.567510548523206,18.80733122362869,22.39820675105485
38b2e6f23561a36b,warmup,warmup,"{""q0"": 0.0, ""steps"": 10000}",epsilon_greedy,natural,promotion,clean,0.01,3.0,3.0,first_revisit,26,5000,26,0,0.0,6,12,32,20.73076923076923,14.496153846153847,28.924999999999997,20.73076923076923,0.0,0.0,0.0,0.0,0,0.0,9494.076923076924,505.9230769230769,False,,,,0.26634562039235987,,-19.73076923076923,-26.577884615384615,-13.307692307692308
38b2e6f23561a36b,warmup,warmup,"{""q0"": 0.0, ""steps"": 10000}",epsilon_greedy,natural,promotion,clean,0.01,3.0,3.0,greedy_recovery,26,5000,26,0,0.0,0,0,0,0.0,0.0,0.0,0.0,0.0,0.0,0.0,0.0,0,0.0,9494.076923076924,505.9230769230769,False,,,,0.26634562039235987,,1.0,1.0,1.0
38b2e6f23561a36b,warmup,warmup,"{""q0"": 0.0, ""steps"": 10000}",epsilon_greedy,natural,promotion,clean,0.01,3.0,3.0,q_recovery,26,5000,26,0,0.0,0,0,0,0.0,0.0,0.0,0.0,0.0,0.0,0.0,0.0,0,0.0,9494.076923076924,505.9230769230769,False,,,,0.26634562039235987,,21.0,14.5375,27.963461538461534
38b2e6f23561a36b,warmup,warmup,"{""q0"": 0.0, ""steps"": 10000}",epsilon_greedy,natural,promotion,clean,0.01,3.0,3.0,q_confirmation,26,5000,26,0,0.0,19,19,19,19.0,19.0,19.0,19.0,0.0,0.0,0.0,0.0,0,0.0,9494.076923076924,505.9230769230769,False,,,,0.26634562039235987,,21.0,14.30673076923077,27.735576923076916
38b2e6f23561a36b,warmup,warmup,"{""q0"": 0.0, ""steps"": 10000}",epsilon_greedy,natural,promotion,faa,0.01,3.0,3.0,first_revisit,26,5000,26,0,0.0,1,1,1,1.0,1.0,1.0,1.0,1.1222222222222222,1.1222222222222222,1.1222222222222222,1.0,0,0.0,9494.076923076924,505.9230769230769,False,,,,0.26634562039235987,,-19.73076923076923,-26.541346153846156,-13.38269230769231
38b2e6f23561a36b,warmup,warmup,"{""q0"": 0.0, ""steps"": 10000}",epsilon_greedy,natural,promotion,faa,0.01,3.0,3.0,greedy_recovery,26,5000,26,0,0.0,1,1,1,1.0,1.0,1.0,1.0,1.1222222222222222,1.1222222222222222,1.1222222222222222,1.0,0,0.0,9494.076923076924,505.9230769230769,False,,,,0.26634562039235987,,1.0,1.0,1.0
38b2e6f23561a36b,warmup,warmup,"{""q0"": 0.0, ""steps"": 10000}",epsilon_greedy,natural,promotion,faa,0.01,3.0,3.0,q_recovery,26,5000,26,0,0.0,8,12,32,21.0,14.80673076923077,27.923076923076923,21.0,1.1222222222222222,1.1222222222222222,1.1222222222222222,1.0,0,0.0,9494.076923076924,505.9230769230769,False,,,,0.26634562039235987,,21.0,14.802884615384617,28.272115384615383
38b2e6f23561a36b,warmup,warmup,"{""q0"": 0.0, ""steps"": 10000}",epsilon_greedy,natural,promotion,faa,0.01,3.0,3.0,q_confirmation,26,5000,26,0,0.0,27,31,51,40.0,33.34615384615385,46.42307692307692,40.0,1.1222222222222222,1.1222222222222222,1.1222222222222222,1.0,0,0.0,9494.076923076924,505.9230769230769,False,,,,0.26634562039235987,,21.0,14.846153846153847,28.307692307692307
401b9b63083d2ccd,warmup,warmup,"{""q0"": 0.0, ""steps"": 0}",epsilon_greedy,natural,demotion,clean,0.01,3.0,3.0,first_revisit,474,5000,474,0,0.0,1,1,1,1.0506329113924051,1.029535864978903,1.0717299578059072,1.0506329113924051,0.0,0.0,0.0,0.0,0,1.0,0.0,0.0,False,,,,0.062379668585708294,,18.462025316455698,16.74013713080169,19.99409282700422
401b9b63083d2ccd,warmup,warmup,"{""q0"": 0.0, ""steps"": 0}",epsilon_greedy,natural,demotion,clean,0.01,3.0,3.0,greedy_recovery,474,5000,474,0,0.0,0,0,0,0.0,0.0,0.0,0.0,0.0,0.0,0.0,0.0,0,1.0,0.0,0.0,False,,,,0.062379668585708294,,19.5126582278481,17.917563291139242,21.183597046413503
401b9b63083d2ccd,warmup,warmup,"{""q0"": 0.0, ""steps"": 0}",epsilon_greedy,natural,demotion,clean,0.01,3.0,3.0,q_recovery,474,5000,474,0,0.0,1,1,1,1.0506329113924051,1.0316455696202531,1.0717299578059072,1.0506329113924051,0.0,0.0,0.0,0.0,0,1.0,0.0,0.0,False,,,,0.062379668585708294,,19.5168776371308,17.74873417721519,21.272468354430377
401b9b63083d2ccd,warmup,warmup,"{""q0"": 0.0, ""steps"": 0}",epsilon_greedy,natural,demotion,clean,0.01,3.0,3.0,q_confirmation,474,5000,474,0,0.0,20,20,20,20.050632911392405,20.031645569620252,20.07178270042194,20.050632911392405,0.0,0.0,0.0,0.0,0,1.0,0.0,0.0,False,,,,0.062379668585708294,,19.5168776371308,17.807964135021095,21.259915611814346
401b9b63083d2ccd,warmup,warmup,"{""q0"": 0.0, ""steps"": 0}",epsilon_greedy,natural,demotion,faa,0.01,3.0,3.0,first_revisit,474,5000,474,0,0.0,6,14,26,19.5126582278481,17.887816455696203,21.177320675105484,19.5126582278481,1.011111111111111,1.011111111111111,1.011111111111111,1.0,0,1.0,0.0,0.0,False,,,,0.062379668585708294,,18.462025316455698,16.79045358649789,20.291191983122363
401b9b63083d2ccd,warmup,warmup,"{""q0"": 0.0, ""steps"": 0}",epsilon_greedy,natural,demotion,faa,0.01,3.0,3.0,greedy_recovery,474,5000,474,0,0.0,6,14,26,19.5126582278481,17.712869198312237,21.337710970464133,19.5126582278481,1.011111111111111,1.011111111111111,1.011111111111111,1.0,0,1.0,0.0,0.0,False,,,,0.062379668585708294,,19.5126582278481,17.917616033755273,21.24298523206751
401b9b63083d2ccd,warmup,warmup,"{""q0"": 0.0, ""steps"": 0}",epsilon_greedy,natural,demotion,faa,0.01,3.0,3.0,q_recovery,474,5000,474,0,0.0,7,15,27,20.567510548523206,18.94905063291139,22.42025316455696,20.567510548523206,1.011111111111111,1.011111111111111,1.011111111111111,1.0,0,1.0,0.0,0.0,False,,,,0.062379668585708294,,19.5168776371308,17.85648734177215,21.196624472573838
401b9b63083d2ccd,warmup,warmup,"{""q0"": 0.0, ""steps"": 0}",epsilon_greedy,natural,demotion,faa,0.01,3.0,3.0,q_confirmation,474,5000,474,0,0.0,26,34,46,39.56751054852321,37.841719409282696,41.373681434599156,39.56751054852321,1.011111111111111,1.011111111111111,1.011111111111111,1.0,0,1.0,0.0,0.0,False,,,,0.062379668585708294,,19.5168776371308,17.894303797468353,21.283016877637127
401b9b63083d2ccd,warmup,warmup,"{""q0"": 0.0, ""steps"": 0}",epsilon_greedy,natural,promotion,clean,0.01,3.0,3.0,first_revisit,26,5000,26,0,0.0,6,12,32,20.73076923076923,14.575,27.384615384615383,20.73076923076923,0.0,0.0,0.0,0.0,0,1.0,0.0,0.0,False,,,,0.26634562039235987,,-19.73076923076923,-27.616346153846155,-13.153846153846153
401b9b63083d2ccd,warmup,warmup,"{""q0"": 0.0, ""steps"": 0}",epsilon_greedy,natural,promotion,clean,0.01,3.0,3.0,greedy_recovery,26,5000,26,0,0.0,0,0,0,0.0,0.0,0.0,0.0,0.0,0.0,0.0,0.0,0,1.0,0.0,0.0,False,,,,0.26634562039235987,,21.96153846153846,14.191346153846153,31.232692307692304
401b9b63083d2ccd,warmup,warmup,"{""q0"": 0.0, ""steps"": 0}",epsilon_greedy,natural,promotion,clean,0.01,3.0,3.0,q_recovery,26,5000,26,0,0.0,2,2,2,2.1153846153846154,2.0,2.3076923076923075,2.1153846153846154,0.0,0.0,0.0,0.0,0,1.0,0.0,0.0,False,,,,0.26634562039235987,,20.923076923076923,12.883653846153846,30.655769230769227
401b9b63083d2ccd,warmup,warmup,"{""q0"": 0.0, ""steps"": 0}",epsilon_greedy,natural,promotion,clean,0.01,3.0,3.0,q_confirmation,26,5000,26,0,0.0,21,21,21,21.115384615384617,21.0,21.307692307692307,21.115384615384617,0.0,0.0,0.0,0.0,0,1.0,0.0,0.0,False,,,,0.26634562039235987,,20.923076923076923,12.6875,31.39038461538461
401b9b63083d2ccd,warmup,warmup,"{""q0"": 0.0, ""steps"": 0}",epsilon_greedy,natural,promotion,faa,0.01,3.0,3.0,first_revisit,26,5000,26,0,0.0,1,1,1,1.0,1.0,1.0,1.0,0.011111111111111112,0.011111111111111112,0.011111111111111112,1.0,0,1.0,0.0,0.0,False,,,,0.26634562039235987,,-19.73076923076923,-26.577884615384615,-13.11346153846154
401b9b63083d2ccd,warmup,warmup,"{""q0"": 0.0, ""steps"": 0}",epsilon_greedy,natural,promotion,faa,0.01,3.0,3.0,greedy_recovery,26,5000,26,0,0.0,6,13,31,21.96153846153846,13.499038461538461,32.57788461538462,21.96153846153846,0.011111111111111112,0.011111111111111112,0.011111111111111112,1.0,0,1.0,0.0,0.0,False,,,,0.26634562039235987,,21.96153846153846,14.152884615384615,33.03942307692308
401b9b63083d2ccd,warmup,warmup,"{""q0"": 0.0, ""steps"": 0}",epsilon_greedy,natural,promotion,faa,0.01,3.0,3.0,q_recovery,26,5000,26,0,0.0,7,14,33,23.03846153846154,15.036538461538461,34.50192307692308,23.03846153846154,0.011111111111111112,0.011111111111111112,0.011111111111111112,1.0,0,1.0,0.0,0.0,False,,,,0.26634562039235987,,20.923076923076923,13.075,31.654807692307692
401b9b63083d2ccd,warmup,warmup,"{""q0"": 0.0, ""steps"": 0}",epsilon_greedy,natural,promotion,faa,0.01,3.0,3.0,q_confirmation,26,5000,26,0,0.0,26,33,52,42.03846153846154,33.92211538461538,52.19711538461538,42.03846153846154,0.011111111111111112,0.011111111111111112,0.011111111111111112,1.0,0,1.0,0.0,0.0,False,,,,0.26634562039235987,,20.923076923076923,12.76923076923077,31.57884615384615
41906b8dfe0310a2,warmup,warmup,"{""q0"": 0.0, ""steps"": 0}",softmax,natural,demotion,clean,0.01,1.0,3.0,first_revisit,236,5000,236,0,0.0,1,1,1,1.0169491525423728,1.0042372881355932,1.0338983050847457,1.0169491525423728,0.0,0.0,0.0,0.0,0,1.0,0.0,0.0,False,,,,0.08840487866783873,,0.923728813559322,0.7669491525423728,1.0805084745762712
41906b8dfe0310a2,warmup,warmup,"{""q0"": 0.0, ""steps"": 0}",softmax,natural,demotion,clean,0.01,1.0,3.0,greedy_recovery,236,5000,236,0,0.0,0,0,0,0.0,0.0,0.0,0.0,0.0,0.0,0.0,0.0,0,1.0,0.0,0.0,False,,,,0.08840487866783873,,0.0,0.0,0.0
41906b8dfe0310a2,warmup,warmup,"{""q0"": 0.0, ""steps"": 0}",softmax,natural,demotion,clean,0.01,1.0,3.0,q_recovery,236,5000,236,0,0.0,1,1,1,1.0169491525423728,1.0042372881355932,1.0338983050847457,1.0169491525423728,0.0,0.0,0.0,0.0,0,1.0,0.0,0.0,False,,,,0.08840487866783873,,1.9279661016949152,1.771186440677966,2.1059322033898304
41906b8dfe0310a2,warmup,warmup,"{""q0"": 0.0, ""steps"": 0}",softmax,natural,demotion,clean,0.01,1.0,3.0,q_confirmation,236,5000,236,0,0.0,20,20,20,20.016949152542374,20.00423728813559,20.033898305084747,20.016949152542374,0.0,0.0,0.0,0.0,0,1.0,0.0,0.0,False,,,,0.08840487866783873,,1.9279661016949152,1.7627118644067796,2.0849576271186443
41906b8dfe0310a2,warmup,warmup,"{""q0"": 0.0, ""steps"": 0}",softmax,natural,demotion,faa,0.01,1.0,3.0,first_revisit,236,5000,236,0,0.0,1,1,2,1.9406779661016949,1.7795550847457626,2.1016949152542375,1.9406779661016949,1.0,1.0,1.0,0.0,236,1.0,0.0,0.0,False,,,,0.08840487866783873,,0.923728813559322,0.7669491525423728,1.0933262711864407
41906b8dfe0310a2,warmup,warmup,"{""q0"": 0.0, ""steps"": 0}",softmax,natural,demotion,faa,0.01,1.0,3.0,greedy_recovery,236,5000,236,0,0.0,0,0,0,0.0,0.0,0.0,0.0,1.0,1.0,1.0,0.0,236,1.0,0.0,0.0,False,,,,0.08840487866783873,,0.0,0.0,0.0
41906b8dfe0310a2,warmup,warmup,"{""q0"": 0.0, ""steps"": 0}",softmax,natural,demotion,faa,0.01,1.0,3.0,q_recovery,236,5000,236,0,0.0,2,2,3,2.944915254237288,2.796504237288136,3.1186440677966103,2.944915254237288,1.0,1.0,1.0,0.0,236,1.0,0.0,0.0,False,,,,0.08840487866783873,,1.9279661016949152,1.7584745762711864,2.0889830508474576
41906b8dfe0310a2,warmup,warmup,"{""q0"": 0.0, ""steps"": 0}",softmax,natural,demotion,faa,0.01,1.0,3.0,q_confirmation,236,5000,236,0,0.0,21,21,22,21.944915254237287,21.783792372881358,22.10593220338983,21.944915254237287,1.0,1.0,1.0,0.0,236,1.0,0.0,0.0,False,,,,0.08840487866783873,,1.9279661016949152,1.771186440677966,2.093220338983051
41906b8dfe0310a2,warmup,warmup,"{""q0"": 0.0, ""steps"": 0}",softmax,natural,promotion,clean,0.01,1.0,3.0,first_revisit,264,5000,264,0,0.0,1,1,95,78.87878787878788,61.86193181818182,99.14431818181818,78.87878787878788,0.0,0.0,0.0,0.0,0,1.0,0.0,0.0,False,,,,0.08358537023690228,,-7.465909090909091,-13.187026515151516,-3.0264204545454545
41906b8dfe0310a2,warmup,warmup,"{""q0"": 0.0, ""steps"": 0}",softmax,natural,promotion,clean,0.01,1.0,3.0,greedy_recovery,264,5000,264,0,0.0,0,0,0,0.0,0.0,0.0,0.0,0.0,0.0,0.0,0.0,0,1.0,0.0,0.0,False,,,,0.08358537023690228,,2.1893939393939394,2.018844696969697,2.39782196969697
41906b8dfe0310a2,warmup,warmup,"{""q0"": 0.0, ""steps"": 0}",softmax,natural,promotion,clean,0.01,1.0,3.0,q_recovery,264,5000,264,0,0.0,2,3,4,3.143939393939394,2.962121212121212,3.3295454545454546,3.143939393939394,0.0,0.0,0.0,0.0,0,1.0,0.0,0.0,False,,,,0.08358537023690228,,0.056818181818181816,0.022727272727272728,0.09848484848484848
41906b8dfe0310a2,warmup,warmup,"{""q0"": 0.0, ""steps"": 0}",softmax,natural,promotion,clean,0.01,1.0,3.0,q_confirmation,264,5000,264,0,0.0,21,22,23,22.143939393939394,21.96969696969697,22.333333333333332,22.143939393939394,0.0,0.0,0.0,0.0,0,1.0,0.0,0.0,False,,,,0.08358537023690228,,0.056818181818181816,0.026515151515151516,0.0946969696969697
41906b8dfe0310a2,warmup,warmup,"{""q0"": 0.0, ""steps"": 0}",softmax,natural,promotion,faa,0.01,1.0,3.0,first_revisit,264,5000,264,0,0.0,1,1,82,71.41287878787878,56.10729166666667,91.39696969696969,71.41287878787878,0.011111111111111108,0.011111111111111112,0.011111111111111112,1.0,0,1.0,0.0,0.0,False,,,,0.08358537023690228,,-7.465909090909091,-13.027367424242424,-2.821969696969697
41906b8dfe0310a2,warmup,warmup,"{""q0"": 0.0, ""steps"": 0}",softmax,natural,promotion,faa,0.01,1.0,3.0,greedy_recovery,264,5000,264,0,0.0,1,2,3,2.1893939393939394,2.022632575757576,2.390151515151515,2.1893939393939394,0.011111111111111108,0.011111111111111112,0.011111111111111112,1.0,0,1.0,0.0,0.0,False,,,,0.08358537023690228,,2.1893939393939394,2.0,2.3751893939393938
41906b8dfe0310a2,warmup,warmup,"{""q0"": 0.0, ""steps"": 0}",softmax,natural,promotion,faa,0.01,1.0,3.0,q_recovery,264,5000,264,0,0.0,2,3,4,3.2007575757575757,3.022632575757576,3.3863636363636362,3.2007575757575757,0.011111111111111108,0.011111111111111112,0.011111111111111112,1.0,0,1.0,0.0,0.0,False,,,,0.08358537023690228,,0.056818181818181816,0.022727272727272728,0.09848484848484848
41906b8dfe0310a2,warmup,warmup,"{""q0"": 0.0, ""steps"": 0}",softmax,natural,promotion,faa,0.01,1.0,3.0,q_confirmation,264,5000,264,0,0.0,21,22,23,22.200757575757574,22.026420454545455,22.39782196969697,22.200757575757574,0.011111111111111108,0.011111111111111112,0.011111111111111112,1.0,0,1.0,0.0,0.0,False,,,,0.08358537023690228,,0.056818181818181816,0.022727272727272728,0.09848484848484848
4585448a462cef4c,warmup,warmup,"{""q0"": 0.0, ""steps"": 10000}",softmax,natural,demotion,clean,1.0,3.0,3.0,first_revisit,498,5000,498,0,0.0,1,1,1,1.0060240963855422,1.0,1.0140562248995983,1.0060240963855422,0.0,0.0,0.0,0.0,0,0.0,9932.273092369478,67.72690763052209,False,,,,0.06085798411907914,,154.00401606425703,141.54482931726906,168.73187751004016
4585448a462cef4c,warmup,warmup,"{""q0"": 0.0, ""steps"": 10000}",softmax,natural,demotion,clean,1.0,3.0,3.0,greedy_recovery,498,5000,498,0,0.0,0,0,0,0.0,0.0,0.0,0.0,0.0,0.0,0.0,0.0,0,0.0,9932.273092369478,67.72690763052209,False,,,,0.06085798411907914,,155.01004016064257,141.72645582329318,169.18885542168675
4585448a462cef4c,warmup,warmup,"{""q0"": 0.0, ""steps"": 10000}",softmax,natural,demotion,clean,1.0,3.0,3.0,q_recovery,498,5000,498,0,0.0,0,0,0,0.0,0.0,0.0,0.0,0.0,0.0,0.0,0.0,0,0.0,9932.273092369478,67.72690763052209,False,,,,0.06085798411907914,,156.03413654618473,142.64994979919678,170.86004016064257
4585448a462cef4c,warmup,warmup,"{""q0"": 0.0, ""steps"": 10000}",softmax,natural,demotion,clean,1.0,3.0,3.0,q_confirmation,498,5000,498,0,0.0,19,19,19,19.0,19.0,19.0,19.0,0.0,0.0,0.0,0.0,0,0.0,9932.273092369478,67.72690763052209,False,,,,0.06085798411907914,,156.03413654618473,142.90130522088356,169.48865461847387
4585448a462cef4c,warmup,warmup,"{""q0"": 0.0, ""steps"": 10000}",softmax,natural,demotion,faa,1.0,3.0,3.0,first_revisit,498,5000,498,0,0.0,53,111,210,155.01004016064257,142.23624497991966,168.50808232931726,155.01004016064257,2.222222222222222,2.2222222222222223,2.2222222222222223,1.0,0,0.0,9932.273092369478,67.72690763052209,False,,,,0.06085798411907914,,154.00401606425703,141.00768072289156,167.5574799196787
4585448a462cef4c,warmup,warmup,"{""q0"": 0.0, ""steps"": 10000}",softmax,natural,demotion,faa,1.0,3.0,3.0,greedy_recovery,498,5000,498,0,0.0,53,111,210,155.01004016064257,141.95451807228918,168.4168172690763,155.01004016064257,2.222222222222222,2.2222222222222223,2.2222222222222223,1.0,0,0.0,9932.273092369478,67.72690763052209,False,,,,0.06085798411907914,,155.01004016064257,142.01214859437752,169.47374497991967
4585448a462cef4c,warmup,warmup,"{""q0"": 0.0, ""steps"": 10000}",softmax,natural,demotion,faa,1.0,3.0,3.0,q_recovery,498,5000,498,0,0.0,54,112,211,156.03413654618473,142.18453815261043,169.25532128514055,156.03413654618473,2.222222222222222,2.2222222222222223,2.2222222222222223,1.0,0,0.0,9932.273092369478,67.72690763052209,False,,,,0.06085798411907914,,156.03413654618473,141.9561746987952,170.48002008032128
4585448a462cef4c,warmup,warmup,"{""q0"": 0.0, ""steps"": 10000}",softmax,natural,demotion,faa,1.0,3.0,3.0,q_confirmation,498,5000,498,0,0.0,73,131,230,175.03413654618473,161.3687248995984,188.4828815261044,175.03413654618473,2.222222222222222,2.2222222222222223,2.2222222222222223,1.0,0,0.0,9932.273092369478,67.72690763052209,False,,,,0.06085798411907914,,156.03413654618473,142.44131526104417,169.50868473895582
4585448a462cef4c,warmup,warmup,"{""q0"": 0.0, ""steps"": 10000}",softmax,natural,promotion,clean,1.0,3.0,3.0,first_revisit,2,5000,2,0,0.0,23,23,129,76.0,23.0,129.0,76.0,0.0,0.0,0.0,0.0,0,0.0,9930.5,69.5,False,,,,0.9603227913199207,,-75.0,-128.0,-22.0
4585448a462cef4c,warmup,warmup,"{""q0"": 0.0, ""steps"": 10000}",softmax,natural,promotion,clean,1.0,3.0,3.0,greedy_recovery,2,5000,2,0,0.0,0,0,0,0.0,0.0,0.0,0.0,0.0,0.0,0.0,0.0,0,0.0,9930.5,69.5,False,,,,0.9603227913199207,,1.0,1.0,1.0
4585448a462cef4c,warmup,warmup,"{""q0"": 0.0, ""steps"": 10000}",softmax,natural,promotion,clean,1.0,3.0,3.0,q_recovery,2,5000,2,0,0.0,0,0,0,0.0,0.0,0.0,0.0,0.0,0.0,0.0,0.0,0,0.0,9930.5,69.5,False,,,,0.9603227913199207,,33.5,23.0,44.0
4585448a462cef4c,warmup,warmup,"{""q0"": 0.0, ""steps"": 10000}",softmax,natural,promotion,clean,1.0,3.0,3.0,q_confirmation,2,5000,2,0,0.0,19,19,19,19.0,19.0,19.0,19.0,0.0,0.0,0.0,0.0,0,0.0,9930.5,69.5,False,,,,0.9603227913199207,,33.5,23.0,44.0
4585448a462cef4c,warmup,warmup,"{""q0"": 0.0, ""steps"": 10000}",softmax,natural,promotion,faa,1.0,3.0,3.0,first_revisit,2,5000,2,0,0.0,1,1,1,1.0,1.0,1.0,1.0,2.2222222222222223,2.2222222222222223,2.2222222222222223,1.0,0,0.0,9930.5,69.5,False,,,,0.9603227913199207,,-75.0,-128.0,-22.0
4585448a462cef4c,warmup,warmup,"{""q0"": 0.0, ""steps"": 10000}",softmax,natural,promotion,faa,1.0,3.0,3.0,greedy_recovery,2,5000,2,0,0.0,1,1,1,1.0,1.0,1.0,1.0,2.2222222222222223,2.2222222222222223,2.2222222222222223,1.0,0,0.0,9930.5,69.5,False,,,,0.9603227913199207,,1.0,1.0,1.0
4585448a462cef4c,warmup,warmup,"{""q0"": 0.0, ""steps"": 10000}",softmax,natural,promotion,faa,1.0,3.0,3.0,q_recovery,2,5000,2,0,0.0,23,23,44,33.5,23.0,44.0,33.5,2.2222222222222223,2.2222222222222223,2.2222222222222223,1.0,0,0.0,9930.5,69.5,False,,,,0.9603227913199207,,33.5,23.0,44.0
4585448a462cef4c,warmup,warmup,"{""q0"": 0.0, ""steps"": 10000}",softmax,natural,promotion,faa,1.0,3.0,3.0,q_confirmation,2,5000,2,0,0.0,42,42,63,52.5,42.0,63.0,52.5,2.2222222222222223,2.2222222222222223,2.2222222222222223,1.0,0,0.0,9930.5,69.5,False,,,,0.9603227913199207,,33.5,23.0,44.0
4b91e8ae309ab904,warmup,warmup,"{""q0"": 0.0, ""steps"": 100}",softmax,natural,demotion,clean,1.0,3.0,3.0,first_revisit,498,5000,498,0,0.0,1,1,1,1.0060240963855422,1.0,1.0140562248995983,1.0060240963855422,0.0,0.0,0.0,0.0,0,0.0,98.37951807228916,1.6204819277108433,False,,,,0.06085798411907914,,154.00401606425703,141.16892570281124,168.80130522088353
4b91e8ae309ab904,warmup,warmup,"{""q0"": 0.0, ""steps"": 100}",softmax,natural,demotion,clean,1.0,3.0,3.0,greedy_recovery,498,5000,498,0,0.0,0,0,0,0.0,0.0,0.0,0.0,0.0,0.0,0.0,0.0,0,0.0,98.37951807228916,1.6204819277108433,False,,,,0.06085798411907914,,155.01004016064257,141.64161646586345,168.3132530120482
4b91e8ae309ab904,warmup,warmup,"{""q0"": 0.0, ""steps"": 100}",softmax,natural,demotion,clean,1.0,3.0,3.0,q_recovery,498,5000,498,0,0.0,0,0,0,0.0,0.0,0.0,0.0,0.0,0.0,0.0,0.0,0,0.0,98.37951807228916,1.6204819277108433,False,,,,0.06085798411907914,,156.03413654618473,142.45090361445784,169.24171686746988
4b91e8ae309ab904,warmup,warmup,"{""q0"": 0.0, ""steps"": 100}",softmax,natural,demotion,clean,1.0,3.0,3.0,q_confirmation,498,5000,498,0,0.0,19,19,19,19.0,19.0,19.0,19.0,0.0,0.0,0.0,0.0,0,0.0,98.37951807228916,1.6204819277108433,False,,,,0.06085798411907914,,156.03413654618473,142.77309236947792,169.18694779116464
4b91e8ae309ab904,warmup,warmup,"{""q0"": 0.0, ""steps"": 100}",softmax,natural,demotion,faa,1.0,3.0,3.0,first_revisit,498,5000,498,0,0.0,53,111,210,155.01004016064257,141.55798192771084,168.66792168674698,155.01004016064257,2.222222222222222,2.2222222222222223,2.2222222222222223,1.0,0,0.0,98.37951807228916,1.6204819277108433,False,,,,0.06085798411907914,,154.00401606425703,141.10808232931726,168.3456827309237
4b91e8ae309ab904,warmup,warmup,"{""q0"": 0.0, ""steps"": 100}",softmax,natural,demotion,faa,1.0,3.0,3.0,greedy_recovery,498,5000,498,0,0.0,53,111,210,155.01004016064257,141.53519076305219,168.72063253012047,155.01004016064257,2.222222222222222,2.2222222222222223,2.2222222222222223,1.0,0,0.0,98.37951807228916,1.6204819277108433,False,,,,0.06085798411907914,,155.01004016064257,142.59272088353413,168.81581325301204
4b91e8ae309ab904,warmup,warmup,"{""q0"": 0.0, ""steps"": 100}",softmax,natural,demotion,faa,1.0,3.0,3.0,q_recovery,498,5000,498,0,0.0,54,112,211,156.03413654618473,142.07540160642571,170.18925702811245,156.03413654618473,2.222222222222222,2.2222222222222223,2.2222222222222223,1.0,0,0.0,98.37951807228916,1.6204819277108433,False,,,,0.06085798411907914,,156.03413654618473,142.80808232931727,170.3378514056225
4b91e8ae309ab904,warmup,warmup,"{""q0"": 0.0, ""steps"": 100}",softmax,natural,demotion,faa,1.0,3.0,3.0,q_confirmation,498,5000,498,0,0.0,73,131,230,175.03413654618473,161.37806224899597,189.93659638554217,175.03413654618473,2.222222222222222,2.2222222222222223,2.2222222222222223,1.0,0,0.0,98.37951807228916,1.6204819277108433,False,,,,0.06085798411907914,,156.03413654618473,143.46164658634538,170.42409638554216
4b91e8ae309ab904,warmup,warmup,"{""q0"": 0.0, ""steps"": 100}",softmax,natural,promotion,clean,1.0,3.0,3.0,first_revisit,2,5000,2,0,0.0,23,23,129,76.0,23.0,129.0,76.0,0.0,0.0,0.0,0.0,0,0.0,98.0,2.0,False,,,,0.9603227913199207,,-75.0,-128.0,-22.0
4b91e8ae309ab904,warmup,warmup,"{""q0"": 0.0, ""steps"": 100}",softmax,natural,promotion,clean,1.0,3.0,3.0,greedy_recovery,2,5000,2,0,0.0,0,0,0,0.0,0.0,0.0,0.0,0.0,0.0,0.0,0.0,0,0.0,98.0,2.0,False,,,,0.9603227913199207,,1.0,1.0,1.0
4b91e8ae309ab904,warmup,warmup,"{""q0"": 0.0, ""steps"": 100}",softmax,natural,promotion,clean,1.0,3.0,3.0,q_recovery,2,5000,2,0,0.0,0,0,0,0.0,0.0,0.0,0.0,0.0,0.0,0.0,0.0,0,0.0,98.0,2.0,False,,,,0.9603227913199207,,33.5,23.0,44.0
4b91e8ae309ab904,warmup,warmup,"{""q0"": 0.0, ""steps"": 100}",softmax,natural,promotion,clean,1.0,3.0,3.0,q_confirmation,2,5000,2,0,0.0,19,19,19,19.0,19.0,19.0,19.0,0.0,0.0,0.0,0.0,0,0.0,98.0,2.0,False,,,,0.9603227913199207,,33.5,23.0,44.0
4b91e8ae309ab904,warmup,warmup,"{""q0"": 0.0, ""steps"": 100}",softmax,natural,promotion,faa,1.0,3.0,3.0,first_revisit,2,5000,2,0,0.0,1,1,1,1.0,1.0,1.0,1.0,2.2222222222222223,2.2222222222222223,2.2222222222222223,1.0,0,0.0,98.0,2.0,False,,,,0.9603227913199207,,-75.0,-128.0,-22.0
4b91e8ae309ab904,warmup,warmup,"{""q0"": 0.0, ""steps"": 100}",softmax,natural,promotion,faa,1.0,3.0,3.0,greedy_recovery,2,5000,2,0,0.0,1,1,1,1.0,1.0,1.0,1.0,2.2222222222222223,2.2222222222222223,2.2222222222222223,1.0,0,0.0,98.0,2.0,False,,,,0.9603227913199207,,1.0,1.0,1.0
4b91e8ae309ab904,warmup,warmup,"{""q0"": 0.0, ""steps"": 100}",softmax,natural,promotion,faa,1.0,3.0,3.0,q_recovery,2,5000,2,0,0.0,23,23,44,33.5,23.0,44.0,33.5,2.2222222222222223,2.2222222222222223,2.2222222222222223,1.0,0,0.0,98.0,2.0,False,,,,0.9603227913199207,,33.5,23.0,44.0
4b91e8ae309ab904,warmup,warmup,"{""q0"": 0.0, ""steps"": 100}",softmax,natural,promotion,faa,1.0,3.0,3.0,q_confirmation,2,5000,2,0,0.0,42,42,63,52.5,42.0,63.0,52.5,2.2222222222222223,2.2222222222222223,2.2222222222222223,1.0,0,0.0,98.0,2.0,False,,,,0.9603227913199207,,33.5,23.0,44.0
4e7d1c901546ab44,warmup,warmup,"{""q0"": 0.0, ""steps"": 1000}",epsilon_greedy,natural,demotion,clean,0.01,3.0,3.0,first_revisit,474,5000,474,0,0.0,1,1,1,1.0506329113924051,1.029535864978903,1.071782700421941,1.0506329113924051,0.0,0.0,0.0,0.0,0,0.0,950.035864978903,49.96413502109704,False,,,,0.062379668585708294,,18.462025316455698,16.881381856540084,20.15237341772152
4e7d1c901546ab44,warmup,warmup,"{""q0"": 0.0, ""steps"": 1000}",epsilon_greedy,natural,demotion,clean,0.01,3.0,3.0,greedy_recovery,474,5000,474,0,0.0,0,0,0,0.0,0.0,0.0,0.0,0.0,0.0,0.0,0.0,0,0.0,950.035864978903,49.96413502109704,False,,,,0.062379668585708294,,19.5126582278481,17.809915611814347,21.1582805907173
4e7d1c901546ab44,warmup,warmup,"{""q0"": 0.0, ""steps"": 1000}",epsilon_greedy,natural,demotion,clean,0.01,3.0,3.0,q_recovery,474,5000,474,0,0.0,0,0,0,0.0,0.0,0.0,0.0,0.0,0.0,0.0,0.0,0,0.0,950.035864978903,49.96413502109704,False,,,,0.062379668585708294,,20.567510548523206,19.008069620253167,22.157489451476792
4e7d1c901546ab44,warmup,warmup,"{""q0"": 0.0, ""steps"": 1000}",epsilon_greedy,natural,demotion,clean,0.01,3.0,3.0,q_confirmation,474,5000,474,0,0.0,19,19,19,19.0,19.0,19.0,19.0,0.0,0.0,0.0,0.0,0,0.0,950.035864978903,49.96413502109704,False,,,,0.062379668585708294,,20.567510548523206,18.928006329113924,22.34889240506329
4e7d1c901546ab44,warmup,warmup,"{""q0"": 0.0, ""steps"": 1000}",epsilon_greedy,natural,demotion,faa,0.01,3.0,3.0,first_revisit,474,5000,474,0,0.0,6,14,26,19.5126582278481,17.993196202531646,21.109968354430382,19.5126582278481,1.1222222222222218,1.1222222222222222,1.1222222222222222,1.0,0,0.0,950.035864978903,49.96413502109704,False,,,,0.062379668585708294,,18.462025316455698,16.729694092827003,20.00495780590717
4e7d1c901546ab44,warmup,warmup,"{""q0"": 0.0, ""steps"": 1000}",epsilon_greedy,natural,demotion,faa,0.01,3.0,3.0,greedy_recovery,474,5000,474,0,0.0,6,14,26,19.5126582278481,17.87710970464135,21.363449367088606,19.5126582278481,1.1222222222222218,1.1222222222222222,1.1222222222222222,1.0,0,0.0,950.035864978903,49.96413502109704,False,,,,0.062379668585708294,,19.5126582278481,17.775791139240507,21.06139240506329
4e7d1c901546ab44,warmup,warmup,"{""q0"": 0.0, ""steps"": 1000}",epsilon_greedy,natural,demotion,faa,0.01,3.0,3.0,q_recovery,474,5000,474,0,0.0,7,15,27,20.567510548523206,18.955537974683544,22.180537974683542,20.567510548523206,1.1222222222222218,1.1222222222222222,1.1222222222222222,1.0,0,0.0,950.035864978903,49.96413502109704,False,,,,0.062379668585708294,,20.567510548523206,18.871097046413503,22.409388185654006
4e7d1c901546ab44,warmup,warmup,"{""q0"": 0.0, ""steps"": 1000}",epsilon_greedy,natural,demotion,faa,0.01,3.0,3.0,q_confirmation,474,5000,474,0,0.0,26,34,46,39.56751054852321,37.80770042194093,41.16677215189873,39.56751054852321,1.1222222222222218,1.1222222222222222,1.1222222222222222,1.0,0,0.0,950.035864978903,49.96413502109704,False,,,,0.062379668585708294,,20.567510548523206,18.844620253164557,22.213818565400842
4e7d1c901546ab44,warmup,warmup,"{""q0"": 0.0, ""steps"": 1000}",epsilon_greedy,natural,promotion,clean,0.01,3.0,3.0,first_revisit,26,5000,26,0,0.0,6,12,32,20.73076923076923,14.845192307692308,27.616346153846155,20.73076923076923,0.0,0.0,0.0,0.0,0,0.0,948.7692307692307,51.23076923076923,False,,,,0.26634562039235987,,-19.73076923076923,-26.616346153846155,-13.343269230769234
4e7d1c901546ab44,warmup,warmup,"{""q0"": 0.0, ""steps"": 1000}",epsilon_greedy,natural,promotion,clean,0.01,3.0,3.0,greedy_recovery,26,5000,26,0,0.0,0,0,0,0.0,0.0,0.0,0.0,0.0,0.0,0.0,0.0,0,0.0,948.7692307692307,51.23076923076923,False,,,,0.26634562039235987,,1.0,1.0,1.0
4e7d1c901546ab44,warmup,warmup,"{""q0"": 0.0, ""steps"": 1000}",epsilon_greedy,natural,promotion,clean,0.01,3.0,3.0,q_recovery,26,5000,26,0,0.0,0,0,0,0.0,0.0,0.0,0.0,0.0,0.0,0.0,0.0,0,0.0,948.7692307692307,51.23076923076923,False,,,,0.26634562039235987,,21.0,14.958653846153846,28.04230769230769
4e7d1c901546ab44,warmup,warmup,"{""q0"": 0.0, ""steps"": 1000}",epsilon_greedy,natural,promotion,clean,0.01,3.0,3.0,q_confirmation,26,5000,26,0,0.0,19,19,19,19.0,19.0,19.0,19.0,0.0,0.0,0.0,0.0,0,0.0,948.7692307692307,51.23076923076923,False,,,,0.26634562039235987,,21.0,14.536538461538461,28.23173076923077
4e7d1c901546ab44,warmup,warmup,"{""q0"": 0.0, ""steps"": 1000}",epsilon_greedy,natural,promotion,faa,0.01,3.0,3.0,first_revisit,26,5000,26,0,0.0,1,1,1,1.0,1.0,1.0,1.0,1.1222222222222222,1.1222222222222222,1.1222222222222222,1.0,0,0.0,948.7692307692307,51.23076923076923,False,,,,0.26634562039235987,,-19.73076923076923,-26.696153846153848,-13.307692307692308
4e7d1c901546ab44,warmup,warmup,"{""q0"": 0.0, ""steps"": 1000}",epsilon_greedy,natural,promotion,faa,0.01,3.0,3.0,greedy_recovery,26,5000,26,0,0.0,1,1,1,1.0,1.0,1.0,1.0,1.1222222222222222,1.1222222222222222,1.1222222222222222,1.0,0,0.0,948.7692307692307,51.23076923076923,False,,,,0.26634562039235987,,1.0,1.0,1.0
4e7d1c901546ab44,warmup,warmup,"{""q0"": 0.0, ""steps"": 1000}",epsilon_greedy,natural,promotion,faa,0.01,3.0,3.0,q_recovery,26,5000,26,0,0.0,8,12,32,21.0,14.576923076923077,27.887499999999996,21.0,1.1222222222222222,1.1222222222222222,1.1222222222222222,1.0,0,0.0,948.7692307692307,51.23076923076923,False,,,,0.26634562039235987,,21.0,14.497115384615384,28.002884615384612
4e7d1c901546ab44,warmup,warmup,"{""q0"": 0.0, ""steps"": 1000}",epsilon_greedy,natural,promotion,faa,0.01,3.0,3.0,q_confirmation,26,5000,26,0,0.0,27,31,51,40.0,33.957692307692305,47.03942307692308,40.0,1.1222222222222222,1.1222222222222222,1.1222222222222222,1.0,0,0.0,948.7692307692307,51.23076923076923,False,,,,0.26634562039235987,,21.0,14.914423076923077,28.274038461538456
4e922097280ad096,warmup,warmup,"{""q0"": 0.0, ""steps"": 0}",ucb,natural,demotion,clean,1.0,3.0,3.0,first_revisit,1,5000,1,0,0.0,2,2,2,2.0,,,2.0,0.0,0.0,0.0,0.0,0,1.0,0.0,0.0,False,,,,,,8.0,,
4e922097280ad096,warmup,warmup,"{""q0"": 0.0, ""steps"": 0}",ucb,natural,demotion,clean,1.0,3.0,3.0,greedy_recovery,1,5000,1,0,0.0,0,0,0,0.0,,,0.0,0.0,0.0,0.0,0.0,0,1.0,0.0,0.0,False,,,,,,10.0,,
4e922097280ad096,warmup,warmup,"{""q0"": 0.0, ""steps"": 0}",ucb,natural,demotion,clean,1.0,3.0,3.0,q_recovery,1,5000,1,0,0.0,2,2,2,2.0,,,2.0,0.0,0.0,0.0,0.0,0,1.0,0.0,0.0,False,,,,,,9.0,,
4e922097280ad096,warmup,warmup,"{""q0"": 0.0, ""steps"": 0}",ucb,natural,demotion,clean,1.0,3.0,3.0,q_confirmation,1,5000,1,0,0.0,21,21,21,21.0,,,21.0,0.0,0.0,0.0,0.0,0,1.0,0.0,0.0,False,,,,,,9.0,,
4e922097280ad096,warmup,warmup,"{""q0"": 0.0, ""steps"": 0}",ucb,natural,demotion,faa,1.0,3.0,3.0,first_revisit,1,5000,1,0,0.0,10,10,10,10.0,,,10.0,2.111111111111111,2.111111111111111,2.111111111111111,1.0,0,1.0,0.0,0.0,False,,,,,,8.0,,
4e922097280ad096,warmup,warmup,"{""q0"": 0.0, ""steps"": 0}",ucb,natural,demotion,faa,1.0,3.0,3.0,greedy_recovery,1,5000,1,0,0.0,10,10,10,10.0,,,10.0,2.111111111111111,2.111111111111111,2.111111111111111,1.0,0,1.0,0.0,0.0,False,,,,,,10.0,,
4e922097280ad096,warmup,warmup,"{""q0"": 0.0, ""steps"": 0}",ucb,natural,demotion,faa,1.0,3.0,3.0,q_recovery,1,5000,1,0,0.0,11,11,11,11.0,,,11.0,2.111111111111111,2.111111111111111,2.111111111111111,1.0,0,1.0,0.0,0.0,False,,,,,,9.0,,
4e922097280ad096,warmup,warmup,"{""q0"": 0.0, ""steps"": 0}",ucb,natural,demotion,faa,1.0,3.0,3.0,q_confirmation,1,5000,1,0,0.0,30,30,30,30.0,,,30.0,2.111111111111111,2.111111111111111,2.111111111111111,1.0,0,1.0,0.0,0.0,False,,,,,,9.0,,
552247d1044c610d,warmup,warmup,"{""q0"": 0.0, ""steps"": 100}",ucb,natural,demotion,clean,0.01,3.0,3.0,first_revisit,1,5000,1,0,0.0,1,1,1,1.0,,,1.0,0.0,0.0,0.0,0.0,0,0.0,96.0,4.0,False,,,,,,102.0,,
552247d1044c610d,warmup,warmup,"{""q0"": 0.0, ""steps"": 100}",ucb,natural,demotion,clean,0.01,3.0,3.0,greedy_recovery,1,5000,1,0,0.0,0,0,0,0.0,,,0.0,0.0,0.0,0.0,0.0,0,0.0,96.0,4.0,False,,,,,,103.0,,
552247d1044c610d,warmup,warmup,"{""q0"": 0.0, ""steps"": 100}",ucb,natural,demotion,clean,0.01,3.0,3.0,q_recovery,1,5000,1,0,0.0,0,0,0,0.0,,,0.0,0.0,0.0,0.0,0.0,0,0.0,96.0,4.0,False,,,,,,104.0,,
552247d1044c610d,warmup,warmup,"{""q0"": 0.0, ""steps"": 100}",ucb,natural,demotion,clean,0.01,3.0,3.0,q_confirmation,1,5000,1,0,0.0,19,19,19,19.0,,,19.0,0.0,0.0,0.0,0.0,0,0.0,96.0,4.0,False,,,,,,104.0,,
552247d1044c610d,warmup,warmup,"{""q0"": 0.0, ""steps"": 100}",ucb,natural,demotion,faa,0.01,3.0,3.0,first_revisit,1,5000,1,0,0.0,103,103,103,103.0,,,103.0,1.1222222222222222,1.1222222222222222,1.1222222222222222,1.0,0,0.0,96.0,4.0,False,,,,,,102.0,,
552247d1044c610d,warmup,warmup,"{""q0"": 0.0, ""steps"": 100}",ucb,natural,demotion,faa,0.01,3.0,3.0,greedy_recovery,1,5000,1,0,0.0,103,103,103,103.0,,,103.0,1.1222222222222222,1.1222222222222222,1.1222222222222222,1.0,0,0.0,96.0,4.0,False,,,,,,103.0,,
552247d1044c610d,warmup,warmup,"{""q0"": 0.0, ""steps"": 100}",ucb,natural,demotion,faa,0.01,3.0,3.0,q_recovery,1,5000,1,0,0.0,104,104,104,104.0,,,104.0,1.1222222222222222,1.1222222222222222,1.1222222222222222,1.0,0,0.0,96.0,4.0,False,,,,,,104.0,,
552247d1044c610d,warmup,warmup,"{""q0"": 0.0, ""steps"": 100}",ucb,natural,demotion,faa,0.01,3.0,3.0,q_confirmation,1,5000,1,0,0.0,123,123,123,123.0,,,123.0,1.1222222222222222,1.1222222222222222,1.1222222222222222,1.0,0,0.0,96.0,4.0,False,,,,,,104.0,,
557adacc9d8d152e,warmup,warmup,"{""q0"": 0.0, ""steps"": 100}",epsilon_greedy,natural,demotion,clean,1.0,1.0,3.0,first_revisit,474,5000,474,0,0.0,1,1,1,1.0506329113924051,1.0316455696202531,1.0717299578059072,1.0506329113924051,0.0,0.0,0.0,0.0,0,0.0,94.98101265822785,5.018987341772152,False,,,,0.062379668585708294,,0.0,0.0,0.0
557adacc9d8d152e,warmup,warmup,"{""q0"": 0.0, ""steps"": 100}",epsilon_greedy,natural,demotion,clean,1.0,1.0,3.0,greedy_recovery,474,5000,474,0,0.0,0,0,0,0.0,0.0,0.0,0.0,0.0,0.0,0.0,0.0,0,0.0,94.98101265822785,5.018987341772152,False,,,,0.062379668585708294,,0.0,0.0,0.0
557adacc9d8d152e,warmup,warmup,"{""q0"": 0.0, ""steps"": 100}",epsilon_greedy,natural,demotion,clean,1.0,1.0,3.0,q_recovery,474,5000,474,0,0.0,0,0,0,0.0,0.0,0.0,0.0,0.0,0.0,0.0,0.0,0,0.0,94.98101265822785,5.018987341772152,False,,,,0.062379668585708294,,2.1139240506329116,2.086497890295359,2.147679324894515
557adacc9d8d152e,warmup,warmup,"{""q0"": 0.0, ""steps"": 100}",epsilon_greedy,natural,demotion,clean,1.0,1.0,3.0,q_confirmation,474,5000,474,0,0.0,19,19,19,19.0,19.0,19.0,19.0,0.0,0.0,0.0,0.0,0,0.0,94.98101265822785,5.018987341772152,False,,,,0.062379668585708294,,2.1139240506329116,2.0843881856540083,2.1455696202531644
557adacc9d8d152e,warmup,warmup,"{""q0"": 0.0, ""steps"": 100}",epsilon_greedy,natural,demotion,faa,1.0,1.0,3.0,first_revisit,474,5000,474,0,0.0,1,1,1,1.0506329113924051,1.0316455696202531,1.0696202531645569,1.0506329113924051,1.0,1.0,1.0,0.0,474,0.0,94.98101265822785,5.018987341772152,False,,,,0.062379668585708294,,0.0,0.0,0.0
557adacc9d8d152e,warmup,warmup,"{""q0"": 0.0, ""steps"": 100}",epsilon_greedy,natural,demotion,faa,1.0,1.0,3.0,greedy_recovery,474,5000,474,0,0.0,0,0,0,0.0,0.0,0.0,0.0,1.0,1.0,1.0,0.0,474,0.0,94.98101265822785,5.018987341772152,False,,,,0.062379668585708294,,0.0,0.0,0.0
557adacc9d8d152e,warmup,warmup,"{""q0"": 0.0, ""steps"": 100}",epsilon_greedy,natural,demotion,faa,1.0,1.0,3.0,q_recovery,474,5000,474,0,0.0,2,2,2,2.1139240506329116,2.086497890295359,2.1434599156118144,2.1139240506329116,1.0,1.0,1.0,0.0,474,0.0,94.98101265822785,5.018987341772152,False,,,,0.062379668585708294,,2.1139240506329116,2.0843881856540083,2.143512658227848
557adacc9d8d152e,warmup,warmup,"{""q0"": 0.0, ""steps"": 100}",epsilon_greedy,natural,demotion,faa,1.0,1.0,3.0,q_confirmation,474,5000,474,0,0.0,21,21,21,21.11392405063291,21.08649789029536,21.143459915611814,21.11392405063291,1.0,1.0,1.0,0.0,474,0.0,94.98101265822785,5.018987341772152,False,,,,0.062379668585708294,,2.1139240506329116,2.088554852320675,2.1434599156118144
557adacc9d8d152e,warmup,warmup,"{""q0"": 0.0, ""steps"": 100}",epsilon_greedy,natural,promotion,clean,1.0,1.0,3.0,first_revisit,26,5000,26,0,0.0,6,12,32,20.73076923076923,14.191346153846153,28.50096153846154,20.73076923076923,0.0,0.0,0.0,0.0,0,0.0,94.07692307692308,5.923076923076923,False,,,,0.26634562039235987,,0.0,0.0,0.0
557adacc9d8d152e,warmup,warmup,"{""q0"": 0.0, ""steps"": 100}",epsilon_greedy,natural,promotion,clean,1.0,1.0,3.0,greedy_recovery,26,5000,26,0,0.0,0,0,0,0.0,0.0,0.0,0.0,0.0,0.0,0.0,0.0,0,0.0,94.07692307692308,5.923076923076923,False,,,,0.26634562039235987,,0.0,0.0,0.0
557adacc9d8d152e,warmup,warmup,"{""q0"": 0.0, ""steps"": 100}",epsilon_greedy,natural,promotion,clean,1.0,1.0,3.0,q_recovery,26,5000,26,0,0.0,0,0,0,0.0,0.0,0.0,0.0,0.0,0.0,0.0,0.0,0,0.0,94.07692307692308,5.923076923076923,False,,,,0.26634562039235987,,40.80769230769231,30.5,52.1576923076923
557adacc9d8d152e,warmup,warmup,"{""q0"": 0.0, ""steps"": 100}",epsilon_greedy,natural,promotion,clean,1.0,1.0,3.0,q_confirmation,26,5000,26,0,0.0,19,19,19,19.0,19.0,19.0,19.0,0.0,0.0,0.0,0.0,0,0.0,94.07692307692308,5.923076923076923,False,,,,0.26634562039235987,,40.80769230769231,30.422115384615385,51.88461538461539
557adacc9d8d152e,warmup,warmup,"{""q0"": 0.0, ""steps"": 100}",epsilon_greedy,natural,promotion,faa,1.0,1.0,3.0,first_revisit,26,5000,26,0,0.0,6,12,32,20.73076923076923,14.615384615384615,28.11730769230769,20.73076923076923,1.0,1.0,1.0,0.0,26,0.0,94.07692307692308,5.923076923076923,False,,,,0.26634562039235987,,0.0,0.0,0.0
557adacc9d8d152e,warmup,warmup,"{""q0"": 0.0, ""steps"": 100}",epsilon_greedy,natural,promotion,faa,1.0,1.0,3.0,greedy_recovery,26,5000,26,0,0.0,0,0,0,0.0,0.0,0.0,0.0,1.0,1.0,1.0,0.0,26,0.0,94.07692307692308,5.923076923076923,False,,,,0.26634562039235987,,0.0,0.0,0.0
557adacc9d8d152e,warmup,warmup,"{""q0"": 0.0, ""steps"": 100}",epsilon_greedy,natural,promotion,faa,1.0,1.0,3.0,q_recovery,26,5000,26,0,0.0,15,37,59,40.80769230769231,30.76826923076923,51.201923076923066,40.80769230769231,1.0,1.0,1.0,0.0,26,0.0,94.07692307692308,5.923076923076923,False,,,,0.26634562039235987,,40.80769230769231,30.346153846153847,51.57788461538462
557adacc9d8d152e,warmup,warmup,"{""q0"": 0.0, ""steps"": 100}",epsilon_greedy,natural,promotion,faa,1.0,1.0,3.0,q_confirmation,26,5000,26,0,0.0,34,56,78,59.80769230769231,49.575,71.04038461538461,59.80769230769231,1.0,1.0,1.0,0.0,26,0.0,94.07692307692308,5.923076923076923,False,,,,0.26634562039235987,,40.80769230769231,31.225961538461537,51.84615384615385
58c052bc2ec373f4,warmup,warmup,"{""q0"": 0.0, ""steps"": 0}",softmax,natural,demotion,clean,0.01,3.0,3.0,first_revisit,236,5000,236,0,0.0,1,1,1,1.0169491525423728,1.0042372881355932,1.0338983050847457,1.0169491525423728,0.0,0.0,0.0,0.0,0,1.0,0.0,0.0,False,,,,0.08840487866783873,,1.0084745762711864,0.8305084745762712,1.1907838983050847
58c052bc2ec373f4,warmup,warmup,"{""q0"": 0.0, ""steps"": 0}",softmax,natural,demotion,clean,0.01,3.0,3.0,greedy_recovery,236,5000,236,0,0.0,0,0,0,0.0,0.0,0.0,0.0,0.0,0.0,0.0,0.0,0,1.0,0.0,0.0,False,,,,0.08840487866783873,,2.0254237288135593,1.8432203389830508,2.2203389830508473
58c052bc2ec373f4,warmup,warmup,"{""q0"": 0.0, ""steps"": 0}",softmax,natural,demotion,clean,0.01,3.0,3.0,q_recovery,236,5000,236,0,0.0,1,1,1,1.0169491525423728,1.0042372881355932,1.0381355932203389,1.0169491525423728,0.0,0.0,0.0,0.0,0,1.0,0.0,0.0,False,,,,0.08840487866783873,,2.01271186440678,1.8260593220338983,2.2077330508474575
58c052bc2ec373f4,warmup,warmup,"{""q0"": 0.0, ""steps"": 0}",softmax,natural,demotion,clean,0.01,3.0,3.0,q_confirmation,236,5000,236,0,0.0,20,20,20,20.016949152542374,20.00423728813559,20.033898305084747,20.016949152542374,0.0,0.0,0.0,0.0,0,1.0,0.0,0.0,False,,,,0.08840487866783873,,2.01271186440678,1.8347457627118644,2.2119703389830505
58c052bc2ec373f4,warmup,warmup,"{""q0"": 0.0, ""steps"": 0}",softmax,natural,demotion,faa,0.01,3.0,3.0,first_revisit,236,5000,236,0,0.0,1,1,3,2.0254237288135593,1.847457627118644,2.2245762711864407,2.0254237288135593,1.011111111111111,1.011111111111111,1.011111111111111,1.0,0,1.0,0.0,0.0,False,,,,0.08840487866783873,,1.0084745762711864,0.826271186440678,1.2076271186440677
58c052bc2ec373f4,warmup,warmup,"{""q0"": 0.0, ""steps"": 0}",softmax,natural,demotion,faa,0.01,3.0,3.0,greedy_recovery,236,5000,236,0,0.0,1,1,3,2.0254237288135593,1.8389830508474576,2.23728813559322,2.0254237288135593,1.011111111111111,1.011111111111111,1.011111111111111,1.0,0,1.0,0.0,0.0,False,,,,0.08840487866783873,,2.0254237288135593,1.8432203389830508,2.2415254237288136
58c052bc2ec373f4,warmup,warmup,"{""q0"": 0.0, ""steps"": 0}",softmax,natural,demotion,faa,0.01,3.0,3.0,q_recovery,236,5000,236,0,0.0,2,2,4,3.0296610169491527,2.847457627118644,3.2288135593220337,3.0296610169491527,1.011111111111111,1.011111111111111,1.011111111111111,1.0,0,1.0,0.0,0.0,False,,,,0.08840487866783873,,2.01271186440678,1.8305084745762712,2.2161016949152543
58c052bc2ec373f4,warmup,warmup,"{""q0"": 0.0, ""steps"": 0}",softmax,natural,demotion,faa,0.01,3.0,3.0,q_confirmation,236,5000,236,0,0.0,21,21,23,22.029661016949152,21.838983050847457,22.22457627118644,22.029661016949152,1.011111111111111,1.011111111111111,1.011111111111111,1.0,0,1.0,0.0,0.0,False,,,,0.08840487866783873,,2.01271186440678,1.8305084745762712,2.199258474576271
58c052bc2ec373f4,warmup,warmup,"{""q0"": 0.0, ""steps"": 0}",softmax,natural,promotion,clean,0.01,3.0,3.0,first_revisit,264,5000,264,0,0.0,1,1,95,78.87878787878788,60.74488636363637,99.36382575757575,78.87878787878788,0.0,0.0,0.0,0.0,0,1.0,0.0,0.0,False,,,,0.08358537023690228,,-7.465909090909091,-12.709375,-3.3156250000000025
58c052bc2ec373f4,warmup,warmup,"{""q0"": 0.0, ""steps"": 0}",softmax,natural,promotion,clean,0.01,3.0,3.0,greedy_recovery,264,5000,264,0,0.0,0,0,0,0.0,0.0,0.0,0.0,0.0,0.0,0.0,0.0,0,1.0,0.0,0.0,False,,,,0.08358537023690228,,2.1893939393939394,2.018939393939394,2.397727272727273
58c052bc2ec373f4,warmup,warmup,"{""q0"": 0.0, ""steps"": 0}",softmax,natural,promotion,clean,0.01,3.0,3.0,q_recovery,264,5000,264,0,0.0,2,3,4,3.143939393939394,2.962121212121212,3.3484848484848486,3.143939393939394,0.0,0.0,0.0,0.0,0,1.0,0.0,0.0,False,,,,0.08358537023690228,,0.056818181818181816,0.022727272727272728,0.09848484848484848
58c052bc2ec373f4,warmup,warmup,"{""q0"": 0.0, ""steps"": 0}",softmax,natural,promotion,clean,0.01,3.0,3.0,q_confirmation,264,5000,264,0,0.0,21,22,23,22.143939393939394,21.969602272727272,22.348484848484848,22.143939393939394,0.0,0.0,0.0,0.0,0,1.0,0.0,0.0,False,,,,0.08358537023690228,,0.056818181818181816,0.022727272727272728,0.0946969696969697
58c052bc2ec373f4,warmup,warmup,"{""q0"": 0.0, ""steps"": 0}",softmax,natural,promotion,faa,0.01,3.0,3.0,first_revisit,264,5000,264,0,0.0,1,1,82,71.41287878787878,53.65482954545455,92.22348484848484,71.41287878787878,0.011111111111111108,0.011111111111111112,0.011111111111111112,1.0,0,1.0,0.0,0.0,False,,,,0.08358537023690228,,-7.465909090909091,-13.148295454545455,-2.9879734848484856
58c052bc2ec373f4,warmup,warmup,"{""q0"": 0.0, ""steps"": 0}",softmax,natural,promotion,faa,0.01,3.0,3.0,greedy_recovery,264,5000,264,0,0.0,1,2,3,2.1893939393939394,1.996212121212121,2.378787878787879,2.1893939393939394,0.011111111111111108,0.011111111111111112,0.011111111111111112,1.0,0,1.0,0.0,0.0,False,,,,0.08358537023690228,,2.1893939393939394,2.003787878787879,2.382575757575758
58c052bc2ec373f4,warmup,warmup,"{""q0"": 0.0, ""steps"": 0}",softmax,natural,promotion,faa,0.01,3.0,3.0,q_recovery,264,5000,264,0,0.0,2,3,4,3.2007575757575757,3.022632575757576,3.390340909090909,3.2007575757575757,0.011111111111111108,0.011111111111111112,0.011111111111111112,1.0,0,1.0,0.0,0.0,False,,,,0.08358537023690228,,0.056818181818181816,0.026515151515151516,0.09848484848484848
58c052bc2ec373f4,warmup,warmup,"{""q0"": 0.0, ""steps"": 0}",softmax,natural,promotion,faa,0.01,3.0,3.0,q_confirmation,264,5000,264,0,0.0,21,22,23,22.200757575757574,22.018844696969698,22.37121212121212,22.200757575757574,0.011111111111111108,0.011111111111111112,0.011111111111111112,1.0,0,1.0,0.0,0.0,False,,,,0.08358537023690228,,0.056818181818181816,0.022727272727272728,0.09479166666666658
70dba33b05da7687,warmup,warmup,"{""q0"": 0.0, ""steps"": 100}",ucb,natural,demotion,clean,0.01,1.0,3.0,first_revisit,1,5000,1,0,0.0,1,1,1,1.0,,,1.0,0.0,0.0,0.0,0.0,0,0.0,96.0,4.0,False,,,,,,43.0,,
70dba33b05da7687,warmup,warmup,"{""q0"": 0.0, ""steps"": 100}",ucb,natural,demotion,clean,0.01,1.0,3.0,greedy_recovery,1,5000,1,0,0.0,0,0,0,0.0,,,0.0,0.0,0.0,0.0,0.0,0,0.0,96.0,4.0,False,,,,,,0.0,,
70dba33b05da7687,warmup,warmup,"{""q0"": 0.0, ""steps"": 100}",ucb,natural,demotion,clean,0.01,1.0,3.0,q_recovery,1,5000,1,0,0.0,0,0,0,0.0,,,0.0,0.0,0.0,0.0,0.0,0,0.0,96.0,4.0,False,,,,,,45.0,,
70dba33b05da7687,warmup,warmup,"{""q0"": 0.0, ""steps"": 100}",ucb,natural,demotion,clean,0.01,1.0,3.0,q_confirmation,1,5000,1,0,0.0,19,19,19,19.0,,,19.0,0.0,0.0,0.0,0.0,0,0.0,96.0,4.0,False,,,,,,45.0,,
70dba33b05da7687,warmup,warmup,"{""q0"": 0.0, ""steps"": 100}",ucb,natural,demotion,faa,0.01,1.0,3.0,first_revisit,1,5000,1,0,0.0,44,44,44,44.0,,,44.0,1.0,1.0,1.0,0.0,1,0.0,96.0,4.0,False,,,,,,43.0,,
70dba33b05da7687,warmup,warmup,"{""q0"": 0.0, ""steps"": 100}",ucb,natural,demotion,faa,0.01,1.0,3.0,greedy_recovery,1,5000,1,0,0.0,0,0,0,0.0,,,0.0,1.0,1.0,1.0,0.0,1,0.0,96.0,4.0,False,,,,,,0.0,,
70dba33b05da7687,warmup,warmup,"{""q0"": 0.0, ""steps"": 100}",ucb,natural,demotion,faa,0.01,1.0,3.0,q_recovery,1,5000,1,0,0.0,45,45,45,45.0,,,45.0,1.0,1.0,1.0,0.0,1,0.0,96.0,4.0,False,,,,,,45.0,,
70dba33b05da7687,warmup,warmup,"{""q0"": 0.0, ""steps"": 100}",ucb,natural,demotion,faa,0.01,1.0,3.0,q_confirmation,1,5000,1,0,0.0,64,64,64,64.0,,,64.0,1.0,1.0,1.0,0.0,1,0.0,96.0,4.0,False,,,,,,45.0,,
774caefbae3a9e7b,warmup,warmup,"{""q0"": 0.0, ""steps"": 1000}",ucb,natural,demotion,clean,1.0,3.0,3.0,first_revisit,1,5000,1,0,0.0,1,1,1,1.0,,,1.0,0.0,0.0,0.0,0.0,0,0.0,994.0,6.0,False,,,,,,4999.0,,
774caefbae3a9e7b,warmup,warmup,"{""q0"": 0.0, ""steps"": 1000}",ucb,natural,demotion,clean,1.0,3.0,3.0,greedy_recovery,1,5000,1,0,0.0,0,0,0,0.0,,,0.0,0.0,0.0,0.0,0.0,0,0.0,994.0,6.0,False,,,,,,5000.0,,
774caefbae3a9e7b,warmup,warmup,"{""q0"": 0.0, ""steps"": 1000}",ucb,natural,demotion,clean,1.0,3.0,3.0,q_recovery,1,5000,1,0,0.0,0,0,0,0.0,,,0.0,0.0,0.0,0.0,0.0,0,0.0,994.0,6.0,False,,,,,,5000.0,,
774caefbae3a9e7b,warmup,warmup,"{""q0"": 0.0, ""steps"": 1000}",ucb,natural,demotion,clean,1.0,3.0,3.0,q_confirmation,1,5000,1,0,0.0,19,19,19,19.0,,,19.0,0.0,0.0,0.0,0.0,0,0.0,994.0,6.0,False,,,,,,4981.0,,
774caefbae3a9e7b,warmup,warmup,"{""q0"": 0.0, ""steps"": 1000}",ucb,natural,demotion,faa,1.0,3.0,3.0,first_revisit,1,5000,0,1,1.0,,,,5000.0,,,,2.2222222222222223,2.2222222222222223,2.2222222222222223,1.0,0,0.0,994.0,6.0,False,,,,,,4999.0,,
774caefbae3a9e7b,warmup,warmup,"{""q0"": 0.0, ""steps"": 1000}",ucb,natural,demotion,faa,1.0,3.0,3.0,greedy_recovery,1,5000,0,1,1.0,,,,5000.0,,,,2.2222222222222223,2.2222222222222223,2.2222222222222223,1.0,0,0.0,994.0,6.0,False,,,,,,5000.0,,
774caefbae3a9e7b,warmup,warmup,"{""q0"": 0.0, ""steps"": 1000}",ucb,natural,demotion,faa,1.0,3.0,3.0,q_recovery,1,5000,0,1,1.0,,,,5000.0,,,,2.2222222222222223,2.2222222222222223,2.2222222222222223,1.0,0,0.0,994.0,6.0,False,,,,,,5000.0,,
774caefbae3a9e7b,warmup,warmup,"{""q0"": 0.0, ""steps"": 1000}",ucb,natural,demotion,faa,1.0,3.0,3.0,q_confirmation,1,5000,0,1,1.0,,,,5000.0,,,,2.2222222222222223,2.2222222222222223,2.2222222222222223,1.0,0,0.0,994.0,6.0,False,,,,,,4981.0,,
7cebbfce6dadef77,warmup,warmup,"{""q0"": 0.0, ""steps"": 10000}",ucb,natural,demotion,clean,1.0,3.0,3.0,first_revisit,1,5000,1,0,0.0,1,1,1,1.0,,,1.0,0.0,0.0,0.0,0.0,0,0.0,9991.0,9.0,False,,,,,,4999.0,,
7cebbfce6dadef77,warmup,warmup,"{""q0"": 0.0, ""steps"": 10000}",ucb,natural,demotion,clean,1.0,3.0,3.0,greedy_recovery,1,5000,1,0,0.0,0,0,0,0.0,,,0.0,0.0,0.0,0.0,0.0,0,0.0,9991.0,9.0,False,,,,,,5000.0,,
7cebbfce6dadef77,warmup,warmup,"{""q0"": 0.0, ""steps"": 10000}",ucb,natural,demotion,clean,1.0,3.0,3.0,q_recovery,1,5000,1,0,0.0,0,0,0,0.0,,,0.0,0.0,0.0,0.0,0.0,0,0.0,9991.0,9.0,False,,,,,,5000.0,,
7cebbfce6dadef77,warmup,warmup,"{""q0"": 0.0, ""steps"": 10000}",ucb,natural,demotion,clean,1.0,3.0,3.0,q_confirmation,1,5000,1,0,0.0,19,19,19,19.0,,,19.0,0.0,0.0,0.0,0.0,0,0.0,9991.0,9.0,False,,,,,,4981.0,,
7cebbfce6dadef77,warmup,warmup,"{""q0"": 0.0, ""steps"": 10000}",ucb,natural,demotion,faa,1.0,3.0,3.0,first_revisit,1,5000,0,1,1.0,,,,5000.0,,,,2.2222222222222223,2.2222222222222223,2.2222222222222223,1.0,0,0.0,9991.0,9.0,False,,,,,,4999.0,,
7cebbfce6dadef77,warmup,warmup,"{""q0"": 0.0, ""steps"": 10000}",ucb,natural,demotion,faa,1.0,3.0,3.0,greedy_recovery,1,5000,0,1,1.0,,,,5000.0,,,,2.2222222222222223,2.2222222222222223,2.2222222222222223,1.0,0,0.0,9991.0,9.0,False,,,,,,5000.0,,
7cebbfce6dadef77,warmup,warmup,"{""q0"": 0.0, ""steps"": 10000}",ucb,natural,demotion,faa,1.0,3.0,3.0,q_recovery,1,5000,0,1,1.0,,,,5000.0,,,,2.2222222222222223,2.2222222222222223,2.2222222222222223,1.0,0,0.0,9991.0,9.0,False,,,,,,5000.0,,
7cebbfce6dadef77,warmup,warmup,"{""q0"": 0.0, ""steps"": 10000}",ucb,natural,demotion,faa,1.0,3.0,3.0,q_confirmation,1,5000,0,1,1.0,,,,5000.0,,,,2.2222222222222223,2.2222222222222223,2.2222222222222223,1.0,0,0.0,9991.0,9.0,False,,,,,,4981.0,,
830807909bab6802,warmup,warmup,"{""q0"": 0.0, ""steps"": 0}",epsilon_greedy,natural,demotion,clean,0.01,1.0,3.0,first_revisit,474,5000,474,0,0.0,1,1,1,1.0506329113924051,1.0316455696202531,1.0738396624472575,1.0506329113924051,0.0,0.0,0.0,0.0,0,1.0,0.0,0.0,False,,,,0.062379668585708294,,0.0,0.0,0.0
830807909bab6802,warmup,warmup,"{""q0"": 0.0, ""steps"": 0}",epsilon_greedy,natural,demotion,clean,0.01,1.0,3.0,greedy_recovery,474,5000,474,0,0.0,0,0,0,0.0,0.0,0.0,0.0,0.0,0.0,0.0,0.0,0,1.0,0.0,0.0,False,,,,0.062379668585708294,,0.0,0.0,0.0
830807909bab6802,warmup,warmup,"{""q0"": 0.0, ""steps"": 0}",epsilon_greedy,natural,demotion,clean,0.01,1.0,3.0,q_recovery,474,5000,474,0,0.0,1,1,1,1.0506329113924051,1.0316455696202531,1.0696202531645569,1.0506329113924051,0.0,0.0,0.0,0.0,0,1.0,0.0,0.0,False,,,,0.062379668585708294,,1.0632911392405062,1.0421940928270041,1.0864978902953586
830807909bab6802,warmup,warmup,"{""q0"": 0.0, ""steps"": 0}",epsilon_greedy,natural,demotion,clean,0.01,1.0,3.0,q_confirmation,474,5000,474,0,0.0,20,20,20,20.050632911392405,20.031645569620252,20.071729957805907,20.050632911392405,0.0,0.0,0.0,0.0,0,1.0,0.0,0.0,False,,,,0.062379668585708294,,1.0632911392405062,1.0421940928270041,1.0864978902953586
830807909bab6802,warmup,warmup,"{""q0"": 0.0, ""steps"": 0}",epsilon_greedy,natural,demotion,faa,0.01,1.0,3.0,first_revisit,474,5000,474,0,0.0,1,1,1,1.0506329113924051,1.0316455696202531,1.0717299578059072,1.0506329113924051,1.0,1.0,1.0,0.0,474,1.0,0.0,0.0,False,,,,0.062379668585708294,,0.0,0.0,0.0
830807909bab6802,warmup,warmup,"{""q0"": 0.0, ""steps"": 0}",epsilon_greedy,natural,demotion,faa,0.01,1.0,3.0,greedy_recovery,474,5000,474,0,0.0,0,0,0,0.0,0.0,0.0,0.0,1.0,1.0,1.0,0.0,474,1.0,0.0,0.0,False,,,,0.062379668585708294,,0.0,0.0,0.0
830807909bab6802,warmup,warmup,"{""q0"": 0.0, ""steps"": 0}",epsilon_greedy,natural,demotion,faa,0.01,1.0,3.0,q_recovery,474,5000,474,0,0.0,2,2,2,2.1139240506329116,2.086497890295359,2.1455696202531644,2.1139240506329116,1.0,1.0,1.0,0.0,474,1.0,0.0,0.0,False,,,,0.062379668585708294,,1.0632911392405062,1.0421940928270041,1.0864978902953586
830807909bab6802,warmup,warmup,"{""q0"": 0.0, ""steps"": 0}",epsilon_greedy,natural,demotion,faa,0.01,1.0,3.0,q_confirmation,474,5000,474,0,0.0,21,21,21,21.11392405063291,21.08649789029536,21.145569620253166,21.11392405063291,1.0,1.0,1.0,0.0,474,1.0,0.0,0.0,False,,,,0.062379668585708294,,1.0632911392405062,1.040084388185654,1.0864978902953586
830807909bab6802,warmup,warmup,"{""q0"": 0.0, ""steps"": 0}",epsilon_greedy,natural,promotion,clean,0.01,1.0,3.0,first_revisit,26,5000,26,0,0.0,6,12,32,20.73076923076923,13.998076923076923,28.46538461538461,20.73076923076923,0.0,0.0,0.0,0.0,0,1.0,0.0,0.0,False,,,,0.26634562039235987,,-19.73076923076923,-27.235576923076923,-12.73076923076923
830807909bab6802,warmup,warmup,"{""q0"": 0.0, ""steps"": 0}",epsilon_greedy,natural,promotion,clean,0.01,1.0,3.0,greedy_recovery,26,5000,26,0,0.0,0,0,0,0.0,0.0,0.0,0.0,0.0,0.0,0.0,0.0,0,1.0,0.0,0.0,False,,,,0.26634562039235987,,21.96153846153846,13.692307692307692,31.541346153846153
830807909bab6802,warmup,warmup,"{""q0"": 0.0, ""steps"": 0}",epsilon_greedy,natural,promotion,clean,0.01,1.0,3.0,q_recovery,26,5000,26,0,0.0,2,2,2,2.1153846153846154,2.0,2.3076923076923075,2.1153846153846154,0.0,0.0,0.0,0.0,0,1.0,0.0,0.0,False,,,,0.26634562039235987,,20.923076923076923,13.075961538461538,30.771153846153844
830807909bab6802,warmup,warmup,"{""q0"": 0.0, ""steps"": 0}",epsilon_greedy,natural,promotion,clean,0.01,1.0,3.0,q_confirmation,26,5000,26,0,0.0,21,21,21,21.115384615384617,21.0,21.307692307692307,21.115384615384617,0.0,0.0,0.0,0.0,0,1.0,0.0,0.0,False,,,,0.26634562039235987,,20.923076923076923,12.882692307692308,31.23173076923077
830807909bab6802,warmup,warmup,"{""q0"": 0.0, ""steps"": 0}",epsilon_greedy,natural,promotion,faa,0.01,1.0,3.0,first_revisit,26,5000,26,0,0.0,1,1,1,1.0,1.0,1.0,1.0,0.011111111111111112,0.011111111111111112,0.011111111111111112,1.0,0,1.0,0.0,0.0,False,,,,0.26634562039235987,,-19.73076923076923,-26.963461538461537,-12.883653846153848
830807909bab6802,warmup,warmup,"{""q0"": 0.0, ""steps"": 0}",epsilon_greedy,natural,promotion,faa,0.01,1.0,3.0,greedy_recovery,26,5000,26,0,0.0,6,13,31,21.96153846153846,13.422115384615385,32.46346153846154,21.96153846153846,0.011111111111111112,0.011111111111111112,0.011111111111111112,1.0,0,1.0,0.0,0.0,False,,,,0.26634562039235987,,21.96153846153846,14.150961538461537,31.966346153846146
830807909bab6802,warmup,warmup,"{""q0"": 0.0, ""steps"": 0}",epsilon_greedy,natural,promotion,faa,0.01,1.0,3.0,q_recovery,26,5000,26,0,0.0,7,14,33,23.03846153846154,15.266346153846154,34.04038461538462,23.03846153846154,0.011111111111111112,0.011111111111111112,0.011111111111111112,1.0,0,1.0,0.0,0.0,False,,,,0.26634562039235987,,20.923076923076923,12.653846153846153,31.39038461538461
830807909bab6802,warmup,warmup,"{""q0"": 0.0, ""steps"": 0}",epsilon_greedy,natural,promotion,faa,0.01,1.0,3.0,q_confirmation,26,5000,26,0,0.0,26,33,52,42.03846153846154,33.92211538461538,53.1576923076923,42.03846153846154,0.011111111111111112,0.011111111111111112,0.011111111111111112,1.0,0,1.0,0.0,0.0,False,,,,0.26634562039235987,,20.923076923076923,12.884615384615385,30.96153846153846
8c9d5510fa33d5b8,warmup,warmup,"{""q0"": 0.0, ""steps"": 0}",softmax,natural,demotion,clean,1.0,1.0,3.0,first_revisit,236,5000,236,0,0.0,1,1,1,1.0169491525423728,1.0042372881355932,1.0340042372881355,1.0169491525423728,0.0,0.0,0.0,0.0,0,1.0,0.0,0.0,False,,,,0.08840487866783873,,0.923728813559322,0.7584745762711864,1.076271186440678
8c9d5510fa33d5b8,warmup,warmup,"{""q0"": 0.0, ""steps"": 0}",softmax,natural,demotion,clean,1.0,1.0,3.0,greedy_recovery,236,5000,236,0,0.0,0,0,0,0.0,0.0,0.0,0.0,0.0,0.0,0.0,0.0,0,1.0,0.0,0.0,False,,,,0.08840487866783873,,0.0,0.0,0.0
8c9d5510fa33d5b8,warmup,warmup,"{""q0"": 0.0, ""steps"": 0}",softmax,natural,demotion,clean,1.0,1.0,3.0,q_recovery,236,5000,236,0,0.0,1,1,1,1.0169491525423728,1.0042372881355932,1.0338983050847457,1.0169491525423728,0.0,0.0,0.0,0.0,0,1.0,0.0,0.0,False,,,,0.08840487866783873,,1.9279661016949152,1.7754237288135593,2.1016949152542375
8c9d5510fa33d5b8,warmup,warmup,"{""q0"": 0.0, ""steps"": 0}",softmax,natural,demotion,clean,1.0,1.0,3.0,q_confirmation,236,5000,236,0,0.0,20,20,20,20.016949152542374,20.00423728813559,20.033898305084747,20.016949152542374,0.0,0.0,0.0,0.0,0,1.0,0.0,0.0,False,,,,0.08840487866783873,,1.9279661016949152,1.7583686440677966,2.1059322033898304
8c9d5510fa33d5b8,warmup,warmup,"{""q0"": 0.0, ""steps"": 0}",softmax,natural,demotion,faa,1.0,1.0,3.0,first_revisit,236,5000,236,0,0.0,1,1,2,1.9406779661016949,1.7710805084745762,2.110169491525424,1.9406779661016949,1.0,1.0,1.0,0.0,236,1.0,0.0,0.0,False,,,,0.08840487866783873,,0.923728813559322,0.7584745762711864,1.0848516949152542
8c9d5510fa33d5b8,warmup,warmup,"{""q0"": 0.0, ""steps"": 0}",softmax,natural,demotion,faa,1.0,1.0,3.0,greedy_recovery,236,5000,236,0,0.0,0,0,0,0.0,0.0,0.0,0.0,1.0,1.0,1.0,0.0,236,1.0,0.0,0.0,False,,,,0.08840487866783873,,0.0,0.0,0.0
8c9d5510fa33d5b8,warmup,warmup,"{""q0"": 0.0, ""steps"": 0}",softmax,natural,demotion,faa,1.0,1.0,3.0,q_recovery,236,5000,236,0,0.0,2,2,3,2.944915254237288,2.7838983050847457,3.1228813559322033,2.944915254237288,1.0,1.0,1.0,0.0,236,1.0,0.0,0.0,False,,,,0.08840487866783873,,1.9279661016949152,1.771186440677966,2.097457627118644
8c9d5510fa33d5b8,warmup,warmup,"{""q0"": 0.0, ""steps"": 0}",softmax,natural,demotion,faa,1.0,1.0,3.0,q_confirmation,236,5000,236,0,0.0,21,21,22,21.944915254237287,21.77531779661017,22.10169491525424,21.944915254237287,1.0,1.0,1.0,0.0,236,1.0,0.0,0.0,False,,,,0.08840487866783873,,1.9279661016949152,1.7669491525423728,2.1016949152542375
8c9d5510fa33d5b8,warmup,warmup,"{""q0"": 0.0, ""steps"": 0}",softmax,natural,promotion,clean,1.0,1.0,3.0,first_revisit,264,5000,264,0,0.0,1,1,95,78.87878787878788,61.86316287878788,99.35255681818181,78.87878787878788,0.0,0.0,0.0,0.0,0,1.0,0.0,0.0,False,,,,0.08358537023690228,,-77.84848484848484,-97.96429924242425,-59.53901515151515
8c9d5510fa33d5b8,warmup,warmup,"{""q0"": 0.0, ""steps"": 0}",softmax,natural,promotion,clean,1.0,1.0,3.0,greedy_recovery,264,5000,264,0,0.0,0,0,0,0.0,0.0,0.0,0.0,0.0,0.0,0.0,0.0,0,1.0,0.0,0.0,False,,,,0.08358537023690228,,3.246212121212121,3.0643939393939394,3.4431818181818183
8c9d5510fa33d5b8,warmup,warmup,"{""q0"": 0.0, ""steps"": 0}",softmax,natural,promotion,clean,1.0,1.0,3.0,q_recovery,264,5000,264,0,0.0,2,3,4,3.143939393939394,2.962121212121212,3.3334280303030304,3.143939393939394,0.0,0.0,0.0,0.0,0,1.0,0.0,0.0,False,,,,0.08358537023690228,,35.09090909090909,27.50378787878788,43.44857954545454
8c9d5510fa33d5b8,warmup,warmup,"{""q0"": 0.0, ""steps"": 0}",softmax,natural,promotion,clean,1.0,1.0,3.0,q_confirmation,264,5000,264,0,0.0,21,22,23,22.143939393939394,21.94308712121212,22.348484848484848,22.143939393939394,0.0,0.0,0.0,0.0,0,1.0,0.0,0.0,False,,,,0.08358537023690228,,35.09090909090909,27.263257575757578,42.99138257575757
8c9d5510fa33d5b8,warmup,warmup,"{""q0"": 0.0, ""steps"": 0}",softmax,natural,promotion,faa,1.0,1.0,3.0,first_revisit,264,5000,264,0,0.0,1,1,1,1.0303030303030303,1.0,1.0757575757575757,1.0303030303030303,1.0,1.0,1.0,1.0,264,1.0,0.0,0.0,False,,,,0.08358537023690228,,-77.84848484848484,-97.96259469696969,-60.43323863636364
8c9d5510fa33d5b8,warmup,warmup,"{""q0"": 0.0, ""steps"": 0}",softmax,natural,promotion,faa,1.0,1.0,3.0,greedy_recovery,264,5000,264,0,0.0,2,3,4,3.246212121212121,3.071969696969697,3.4318181818181817,3.246212121212121,1.0,1.0,1.0,1.0,264,1.0,0.0,0.0,False,,,,0.08358537023690228,,3.246212121212121,3.071875,3.4319128787878785
8c9d5510fa33d5b8,warmup,warmup,"{""q0"": 0.0, ""steps"": 0}",softmax,natural,promotion,faa,1.0,1.0,3.0,q_recovery,264,5000,264,0,0.0,4,6,43,38.234848484848484,30.47623106060606,47.4092803030303,38.234848484848484,1.0,1.0,1.0,1.0,264,1.0,0.0,0.0,False,,,,0.08358537023690228,,35.09090909090909,26.981439393939393,43.45681818181818
8c9d5510fa33d5b8,warmup,warmup,"{""q0"": 0.0, ""steps"": 0}",softmax,natural,promotion,faa,1.0,1.0,3.0,q_confirmation,264,5000,264,0,0.0,23,25,62,57.234848484848484,49.858901515151516,66.07585227272727,57.234848484848484,1.0,1.0,1.0,1.0,264,1.0,0.0,0.0,False,,,,0.08358537023690228,,35.09090909090909,27.276136363636365,43.84138257575758
926d0dc5446caa61,warmup,warmup,"{""q0"": 0.0, ""steps"": 10000}",ucb,natural,demotion,clean,1.0,1.0,3.0,first_revisit,1,5000,1,0,0.0,1,1,1,1.0,,,1.0,0.0,0.0,0.0,0.0,0,0.0,9991.0,9.0,False,,,,,,536.0,,
926d0dc5446caa61,warmup,warmup,"{""q0"": 0.0, ""steps"": 10000}",ucb,natural,demotion,clean,1.0,1.0,3.0,greedy_recovery,1,5000,1,0,0.0,0,0,0,0.0,,,0.0,0.0,0.0,0.0,0.0,0,0.0,9991.0,9.0,False,,,,,,0.0,,
926d0dc5446caa61,warmup,warmup,"{""q0"": 0.0, ""steps"": 10000}",ucb,natural,demotion,clean,1.0,1.0,3.0,q_recovery,1,5000,1,0,0.0,0,0,0,0.0,,,0.0,0.0,0.0,0.0,0.0,0,0.0,9991.0,9.0,False,,,,,,538.0,,
926d0dc5446caa61,warmup,warmup,"{""q0"": 0.0, ""steps"": 10000}",ucb,natural,demotion,clean,1.0,1.0,3.0,q_confirmation,1,5000,1,0,0.0,19,19,19,19.0,,,19.0,0.0,0.0,0.0,0.0,0,0.0,9991.0,9.0,False,,,,,,538.0,,
926d0dc5446caa61,warmup,warmup,"{""q0"": 0.0, ""steps"": 10000}",ucb,natural,demotion,faa,1.0,1.0,3.0,first_revisit,1,5000,1,0,0.0,537,537,537,537.0,,,537.0,1.0,1.0,1.0,0.0,1,0.0,9991.0,9.0,False,,,,,,536.0,,
926d0dc5446caa61,warmup,warmup,"{""q0"": 0.0, ""steps"": 10000}",ucb,natural,demotion,faa,1.0,1.0,3.0,greedy_recovery,1,5000,1,0,0.0,0,0,0,0.0,,,0.0,1.0,1.0,1.0,0.0,1,0.0,9991.0,9.0,False,,,,,,0.0,,
926d0dc5446caa61,warmup,warmup,"{""q0"": 0.0, ""steps"": 10000}",ucb,natural,demotion,faa,1.0,1.0,3.0,q_recovery,1,5000,1,0,0.0,538,538,538,538.0,,,538.0,1.0,1.0,1.0,0.0,1,0.0,9991.0,9.0,False,,,,,,538.0,,
926d0dc5446caa61,warmup,warmup,"{""q0"": 0.0, ""steps"": 10000}",ucb,natural,demotion,faa,1.0,1.0,3.0,q_confirmation,1,5000,1,0,0.0,557,557,557,557.0,,,557.0,1.0,1.0,1.0,0.0,1,0.0,9991.0,9.0,False,,,,,,538.0,,
9a183ebe7038875c,warmup,warmup,"{""q0"": 0.0, ""steps"": 10000}",ucb,natural,demotion,clean,0.01,3.0,3.0,first_revisit,1,5000,1,0,0.0,1,1,1,1.0,,,1.0,0.0,0.0,0.0,0.0,0,0.0,9991.0,9.0,False,,,,,,4999.0,,
9a183ebe7038875c,warmup,warmup,"{""q0"": 0.0, ""steps"": 10000}",ucb,natural,demotion,clean,0.01,3.0,3.0,greedy_recovery,1,5000,1,0,0.0,0,0,0,0.0,,,0.0,0.0,0.0,0.0,0.0,0,0.0,9991.0,9.0,False,,,,,,5000.0,,
9a183ebe7038875c,warmup,warmup,"{""q0"": 0.0, ""steps"": 10000}",ucb,natural,demotion,clean,0.01,3.0,3.0,q_recovery,1,5000,1,0,0.0,0,0,0,0.0,,,0.0,0.0,0.0,0.0,0.0,0,0.0,9991.0,9.0,False,,,,,,5000.0,,
9a183ebe7038875c,warmup,warmup,"{""q0"": 0.0, ""steps"": 10000}",ucb,natural,demotion,clean,0.01,3.0,3.0,q_confirmation,1,5000,1,0,0.0,19,19,19,19.0,,,19.0,0.0,0.0,0.0,0.0,0,0.0,9991.0,9.0,False,,,,,,4981.0,,
9a183ebe7038875c,warmup,warmup,"{""q0"": 0.0, ""steps"": 10000}",ucb,natural,demotion,faa,0.01,3.0,3.0,first_revisit,1,5000,0,1,1.0,,,,5000.0,,,,1.1222222222222222,1.1222222222222222,1.1222222222222222,1.0,0,0.0,9991.0,9.0,False,,,,,,4999.0,,
9a183ebe7038875c,warmup,warmup,"{""q0"": 0.0, ""steps"": 10000}",ucb,natural,demotion,faa,0.01,3.0,3.0,greedy_recovery,1,5000,0,1,1.0,,,,5000.0,,,,1.1222222222222222,1.1222222222222222,1.1222222222222222,1.0,0,0.0,9991.0,9.0,False,,,,,,5000.0,,
9a183ebe7038875c,warmup,warmup,"{""q0"": 0.0, ""steps"": 10000}",ucb,natural,demotion,faa,0.01,3.0,3.0,q_recovery,1,5000,0,1,1.0,,,,5000.0,,,,1.1222222222222222,1.1222222222222222,1.1222222222222222,1.0,0,0.0,9991.0,9.0,False,,,,,,5000.0,,
9a183ebe7038875c,warmup,warmup,"{""q0"": 0.0, ""steps"": 10000}",ucb,natural,demotion,faa,0.01,3.0,3.0,q_confirmation,1,5000,0,1,1.0,,,,5000.0,,,,1.1222222222222222,1.1222222222222222,1.1222222222222222,1.0,0,0.0,9991.0,9.0,False,,,,,,4981.0,,
9c23d645015440e9,warmup,warmup,"{""q0"": 0.0, ""steps"": 100}",epsilon_greedy,natural,demotion,clean,1.0,3.0,3.0,first_revisit,474,5000,474,0,0.0,1,1,1,1.0506329113924051,1.0316455696202531,1.071782700421941,1.0506329113924051,0.0,0.0,0.0,0.0,0,0.0,94.98101265822785,5.018987341772152,False,,,,0.062379668585708294,,18.462025316455698,16.816350210970462,20.128850210970462
9c23d645015440e9,warmup,warmup,"{""q0"": 0.0, ""steps"": 100}",epsilon_greedy,natural,demotion,clean,1.0,3.0,3.0,greedy_recovery,474,5000,474,0,0.0,0,0,0,0.0,0.0,0.0,0.0,0.0,0.0,0.0,0.0,0,0.0,94.98101265822785,5.018987341772152,False,,,,0.062379668585708294,,19.5126582278481,17.873101265822783,21.16044303797468
9c23d645015440e9,warmup,warmup,"{""q0"": 0.0, ""steps"": 100}",epsilon_greedy,natural,demotion,clean,1.0,3.0,3.0,q_recovery,474,5000,474,0,0.0,0,0,0,0.0,0.0,0.0,0.0,0.0,0.0,0.0,0.0,0,0.0,94.98101265822785,5.018987341772152,False,,,,0.062379668585708294,,20.567510548523206,18.898681434599155,22.200474683544304
9c23d645015440e9,warmup,warmup,"{""q0"": 0.0, ""steps"": 100}",epsilon_greedy,natural,demotion,clean,1.0,3.0,3.0,q_confirmation,474,5000,474,0,0.0,19,19,19,19.0,19.0,19.0,19.0,0.0,0.0,0.0,0.0,0,0.0,94.98101265822785,5.018987341772152,False,,,,0.062379668585708294,,20.567510548523206,18.887710970464134,22.36376582278481
9c23d645015440e9,warmup,warmup,"{""q0"": 0.0, ""steps"": 100}",epsilon_greedy,natural,demotion,faa,1.0,3.0,3.0,first_revisit,474,5000,474,0,0.0,6,14,26,19.5126582278481,17.763343881856542,21.289662447257385,19.5126582278481,2.2222222222222214,2.2222222222222223,2.2222222222222223,1.0,0,0.0,94.98101265822785,5.018987341772152,False,,,,0.062379668585708294,,18.462025316455698,16.886023206751055,20.12478902953586
9c23d645015440e9,warmup,warmup,"{""q0"": 0.0, ""steps"": 100}",epsilon_greedy,natural,demotion,faa,1.0,3.0,3.0,greedy_recovery,474,5000,474,0,0.0,6,14,26,19.5126582278481,17.852320675105485,21.154324894514765,19.5126582278481,2.2222222222222214,2.2222222222222223,2.2222222222222223,1.0,0,0.0,94.98101265822785,5.018987341772152,False,,,,0.062379668585708294,,19.5126582278481,17.826898734177213,21.20490506329114
9c23d645015440e9,warmup,warmup,"{""q0"": 0.0, ""steps"": 100}",epsilon_greedy,natural,demotion,faa,1.0,3.0,3.0,q_recovery,474,5000,474,0,0.0,7,15,27,20.567510548523206,19.001793248945145,22.35253164556962,20.567510548523206,2.2222222222222214,2.2222222222222223,2.2222222222222223,1.0,0,0.0,94.98101265822785,5.018987341772152,False,,,,0.062379668585708294,,20.567510548523206,18.925210970464136,22.30184599156118
9c23d645015440e9,warmup,warmup,"{""q0"": 0.0, ""steps"": 100}",epsilon_greedy,natural,demotion,faa,1.0,3.0,3.0,q_confirmation,474,5000,474,0,0.0,26,34,46,39.56751054852321,37.932225738396625,41.42294303797468,39.56751054852321,2.2222222222222214,2.2222222222222223,2.2222222222222223,1.0,0,0.0,94.98101265822785,5.018987341772152,False,,,,0.062379668585708294,,20.567510548523206,18.881645569620254,22.211445147679324
9c23d645015440e9,warmup,warmup,"{""q0"": 0.0, ""steps"": 100}",epsilon_greedy,natural,promotion,clean,1.0,3.0,3.0,first_revisit,26,5000,26,0,0.0,6,12,32,20.73076923076923,14.461538461538462,27.31538461538461,20.73076923076923,0.0,0.0,0.0,0.0,0,0.0,94.07692307692308,5.923076923076923,False,,,,0.26634562039235987,,-19.73076923076923,-27.19519230769231,-13.038461538461538
9c23d645015440e9,warmup,warmup,"{""q0"": 0.0, ""steps"": 100}",epsilon_greedy,natural,promotion,clean,1.0,3.0,3.0,greedy_recovery,26,5000,26,0,0.0,0,0,0,0.0,0.0,0.0,0.0,0.0,0.0,0.0,0.0,0,0.0,94.07692307692308,5.923076923076923,False,,,,0.26634562039235987,,1.0,1.0,1.0
9c23d645015440e9,warmup,warmup,"{""q0"": 0.0, ""steps"": 100}",epsilon_greedy,natural,promotion,clean,1.0,3.0,3.0,q_recovery,26,5000,26,0,0.0,0,0,0,0.0,0.0,0.0,0.0,0.0,0.0,0.0,0.0,0,0.0,94.07692307692308,5.923076923076923,False,,,,0.26634562039235987,,21.0,14.845192307692308,27.847115384615385
9c23d645015440e9,warmup,warmup,"{""q0"": 0.0, ""steps"": 100}",epsilon_greedy,natural,promotion,clean,1.0,3.0,3.0,q_confirmation,26,5000,26,0,0.0,19,19,19,19.0,19.0,19.0,19.0,0.0,0.0,0.0,0.0,0,0.0,94.07692307692308,5.923076923076923,False,,,,0.26634562039235987,,21.0,14.575961538461538,28.040384615384614
9c23d645015440e9,warmup,warmup,"{""q0"": 0.0, ""steps"": 100}",epsilon_greedy,natural,promotion,faa,1.0,3.0,3.0,first_revisit,26,5000,26,0,0.0,1,1,1,1.0,1.0,1.0,1.0,2.2222222222222223,2.2222222222222223,2.2222222222222223,1.0,0,0.0,94.07692307692308,5.923076923076923,False,,,,0.26634562039235987,,-19.73076923076923,-26.963461538461537,-13.229807692307693
9c23d645015440e9,warmup,warmup,"{""q0"": 0.0, ""steps"": 100}",epsilon_greedy,natural,promotion,faa,1.0,3.0,3.0,greedy_recovery,26,5000,26,0,0.0,1,1,1,1.0,1.0,1.0,1.0,2.2222222222222223,2.2222222222222223,2.2222222222222223,1.0,0,0.0,94.07692307692308,5.923076923076923,False,,,,0.26634562039235987,,1.0,1.0,1.0
9c23d645015440e9,warmup,warmup,"{""q0"": 0.0, ""steps"": 100}",epsilon_greedy,natural,promotion,faa,1.0,3.0,3.0,q_recovery,26,5000,26,0,0.0,8,12,32,21.0,14.268269230769231,28.27019230769231,21.0,2.2222222222222223,2.2222222222222223,2.2222222222222223,1.0,0,0.0,94.07692307692308,5.923076923076923,False,,,,0.26634562039235987,,21.0,14.652884615384615,27.846153846153847
9c23d645015440e9,warmup,warmup,"{""q0"": 0.0, ""steps"": 100}",epsilon_greedy,natural,promotion,faa,1.0,3.0,3.0,q_confirmation,26,5000,26,0,0.0,27,31,51,40.0,33.84615384615385,46.849999999999994,40.0,2.2222222222222223,2.2222222222222223,2.2222222222222223,1.0,0,0.0,94.07692307692308,5.923076923076923,False,,,,0.26634562039235987,,21.0,14.461538461538462,28.426923076923075
9e1967fd4c81b5e3,warmup,warmup,"{""q0"": 0.0, ""steps"": 10000}",softmax,natural,demotion,clean,1.0,1.0,3.0,first_revisit,498,5000,498,0,0.0,1,1,1,1.0060240963855422,1.0,1.0140562248995983,1.0060240963855422,0.0,0.0,0.0,0.0,0,0.0,9932.273092369478,67.72690763052209,False,,,,0.06085798411907914,,0.6465863453815262,0.5581827309236947,0.7369477911646586
9e1967fd4c81b5e3,warmup,warmup,"{""q0"": 0.0, ""steps"": 10000}",softmax,natural,demotion,clean,1.0,1.0,3.0,greedy_recovery,498,5000,498,0,0.0,0,0,0,0.0,0.0,0.0,0.0,0.0,0.0,0.0,0.0,0,0.0,9932.273092369478,67.72690763052209,False,,,,0.06085798411907914,,0.0,0.0,0.0
9e1967fd4c81b5e3,warmup,warmup,"{""q0"": 0.0, ""steps"": 10000}",softmax,natural,demotion,clean,1.0,1.0,3.0,q_recovery,498,5000,498,0,0.0,0,0,0,0.0,0.0,0.0,0.0,0.0,0.0,0.0,0.0,0,0.0,9932.273092369478,67.72690763052209,False,,,,0.06085798411907914,,2.6606425702811247,2.566265060240964,2.755070281124498
9e1967fd4c81b5e3,warmup,warmup,"{""q0"": 0.0, ""steps"": 10000}",softmax,natural,demotion,clean,1.0,1.0,3.0,q_confirmation,498,5000,498,0,0.0,19,19,19,19.0,19.0,19.0,19.0,0.0,0.0,0.0,0.0,0,0.0,9932.273092369478,67.72690763052209,False,,,,0.06085798411907914,,2.6606425702811247,2.568273092369478,2.7510542168674696
9e1967fd4c81b5e3,warmup,warmup,"{""q0"": 0.0, ""steps"": 10000}",softmax,natural,demotion,faa,1.0,1.0,3.0,first_revisit,498,5000,498,0,0.0,1,1,2,1.6526104417670682,1.5662650602409638,1.7450301204819276,1.6526104417670682,1.0,1.0,1.0,0.0,498,0.0,9932.273092369478,67.72690763052209,False,,,,0.06085798411907914,,0.6465863453815262,0.5541666666666667,0.7430220883534137
9e1967fd4c81b5e3,warmup,warmup,"{""q0"": 0.0, ""steps"": 10000}",softmax,natural,demotion,faa,1.0,1.0,3.0,greedy_recovery,498,5000,498,0,0.0,0,0,0,0.0,0.0,0.0,0.0,1.0,1.0,1.0,0.0,498,0.0,9932.273092369478,67.72690763052209,False,,,,0.06085798411907914,,0.0,0.0,0.0
9e1967fd4c81b5e3,warmup,warmup,"{""q0"": 0.0, ""steps"": 10000}",softmax,natural,demotion,faa,1.0,1.0,3.0,q_recovery,498,5000,498,0,0.0,2,2,3,2.6606425702811247,2.574246987951807,2.759086345381526,2.6606425702811247,1.0,1.0,1.0,0.0,498,0.0,9932.273092369478,67.72690763052209,False,,,,0.06085798411907914,,2.6606425702811247,2.570281124497992,2.755070281124498
9e1967fd4c81b5e3,warmup,warmup,"{""q0"": 0.0, ""steps"": 10000}",softmax,natural,demotion,faa,1.0,1.0,3.0,q_confirmation,498,5000,498,0,0.0,21,21,22,21.660642570281123,21.57429718875502,21.759036144578314,21.660642570281123,1.0,1.0,1.0,0.0,498,0.0,9932.273092369478,67.72690763052209,False,,,,0.06085798411907914,,2.6606425702811247,2.568273092369478,2.7450301204819274
9e1967fd4c81b5e3,warmup,warmup,"{""q0"": 0.0, ""steps"": 10000}",softmax,natural,promotion,clean,1.0,1.0,3.0,first_revisit,2,5000,2,0,0.0,23,23,129,76.0,23.0,129.0,76.0,0.0,0.0,0.0,0.0,0,0.0,9930.5,69.5,False,,,,0.9603227913199207,,-74.0,-126.0,-22.0
9e1967fd4c81b5e3,warmup,warmup,"{""q0"": 0.0, ""steps"": 10000}",softmax,natural,promotion,clean,1.0,1.0,3.0,greedy_recovery,2,5000,2,0,0.0,0,0,0,0.0,0.0,0.0,0.0,0.0,0.0,0.0,0.0,0,0.0,9930.5,69.5,False,,,,0.9603227913199207,,0.0,0.0,0.0
9e1967fd4c81b5e3,warmup,warmup,"{""q0"": 0.0, ""steps"": 10000}",softmax,natural,promotion,clean,1.0,1.0,3.0,q_recovery,2,5000,2,0,0.0,0,0,0,0.0,0.0,0.0,0.0,0.0,0.0,0.0,0.0,0,0.0,9930.5,69.5,False,,,,0.9603227913199207,,33.5,23.0,44.0
9e1967fd4c81b5e3,warmup,warmup,"{""q0"": 0.0, ""steps"": 10000}",softmax,natural,promotion,clean,1.0,1.0,3.0,q_confirmation,2,5000,2,0,0.0,19,19,19,19.0,19.0,19.0,19.0,0.0,0.0,0.0,0.0,0,0.0,9930.5,69.5,False,,,,0.9603227913199207,,33.5,23.0,44.0
9e1967fd4c81b5e3,warmup,warmup,"{""q0"": 0.0, ""steps"": 10000}",softmax,natural,promotion,faa,1.0,1.0,3.0,first_revisit,2,5000,2,0,0.0,1,1,3,2.0,1.0,3.0,2.0,1.0,1.0,1.0,0.0,2,0.0,9930.5,69.5,False,,,,0.9603227913199207,,-74.0,-126.0,-22.0
9e1967fd4c81b5e3,warmup,warmup,"{""q0"": 0.0, ""steps"": 10000}",softmax,natural,promotion,faa,1.0,1.0,3.0,greedy_recovery,2,5000,2,0,0.0,0,0,0,0.0,0.0,0.0,0.0,1.0,1.0,1.0,0.0,2,0.0,9930.5,69.5,False,,,,0.9603227913199207,,0.0,0.0,0.0
9e1967fd4c81b5e3,warmup,warmup,"{""q0"": 0.0, ""steps"": 10000}",softmax,natural,promotion,faa,1.0,1.0,3.0,q_recovery,2,5000,2,0,0.0,23,23,44,33.5,23.0,44.0,33.5,1.0,1.0,1.0,0.0,2,0.0,9930.5,69.5,False,,,,0.9603227913199207,,33.5,23.0,44.0
9e1967fd4c81b5e3,warmup,warmup,"{""q0"": 0.0, ""steps"": 10000}",softmax,natural,promotion,faa,1.0,1.0,3.0,q_confirmation,2,5000,2,0,0.0,42,42,63,52.5,42.0,63.0,52.5,1.0,1.0,1.0,0.0,2,0.0,9930.5,69.5,False,,,,0.9603227913199207,,33.5,23.0,44.0
a2714c36e78331c0,warmup,warmup,"{""q0"": 0.0, ""steps"": 10000}",epsilon_greedy,natural,demotion,clean,1.0,3.0,3.0,first_revisit,474,5000,474,0,0.0,1,1,1,1.0506329113924051,1.029535864978903,1.0717299578059072,1.0506329113924051,0.0,0.0,0.0,0.0,0,0.0,9499.725738396624,500.2742616033755,False,,,,0.062379668585708294,,18.462025316455698,16.738396624472575,20.13159282700422
a2714c36e78331c0,warmup,warmup,"{""q0"": 0.0, ""steps"": 10000}",epsilon_greedy,natural,demotion,clean,1.0,3.0,3.0,greedy_recovery,474,5000,474,0,0.0,0,0,0,0.0,0.0,0.0,0.0,0.0,0.0,0.0,0.0,0,0.0,9499.725738396624,500.2742616033755,False,,,,0.062379668585708294,,19.5126582278481,17.93217299578059,21.30817510548523
a2714c36e78331c0,warmup,warmup,"{""q0"": 0.0, ""steps"": 10000}",epsilon_greedy,natural,demotion,clean,1.0,3.0,3.0,q_recovery,474,5000,474,0,0.0,0,0,0,0.0,0.0,0.0,0.0,0.0,0.0,0.0,0.0,0,0.0,9499.725738396624,500.2742616033755,False,,,,0.062379668585708294,,20.567510548523206,18.891508438818565,22.270622362869197
a2714c36e78331c0,warmup,warmup,"{""q0"": 0.0, ""steps"": 10000}",epsilon_greedy,natural,demotion,clean,1.0,3.0,3.0,q_confirmation,474,5000,474,0,0.0,19,19,19,19.0,19.0,19.0,19.0,0.0,0.0,0.0,0.0,0,0.0,9499.725738396624,500.2742616033755,False,,,,0.062379668585708294,,20.567510548523206,18.868934599156116,22.25532700421941
a2714c36e78331c0,warmup,warmup,"{""q0"": 0.0, ""steps"": 10000}",epsilon_greedy,natural,demotion,faa,1.0,3.0,3.0,first_revisit,474,5000,474,0,0.0,6,14,26,19.5126582278481,17.952900843881856,21.103428270042194,19.5126582278481,2.2222222222222214,2.2222222222222223,2.2222222222222223,1.0,0,0.0,9499.725738396624,500.2742616033755,False,,,,0.062379668585708294,,18.462025316455698,16.83929324894515,20.22811181434599
a2714c36e78331c0,warmup,warmup,"{""q0"": 0.0, ""steps"": 10000}",epsilon_greedy,natural,demotion,faa,1.0,3.0,3.0,greedy_recovery,474,5000,474,0,0.0,6,14,26,19.5126582278481,17.913449367088607,21.367405063291137,19.5126582278481,2.2222222222222214,2.2222222222222223,2.2222222222222223,1.0,0,0.0,9499.725738396624,500.2742616033755,False,,,,0.062379668585708294,,19.5126582278481,17.855959915611816,21.35253164556962
a2714c36e78331c0,warmup,warmup,"{""q0"": 0.0, ""steps"": 10000}",epsilon_greedy,natural,demotion,faa,1.0,3.0,3.0,q_recovery,474,5000,474,0,0.0,7,15,27,20.567510548523206,18.966086497890295,22.37579113924051,20.567510548523206,2.2222222222222214,2.2222222222222223,2.2222222222222223,1.0,0,0.0,9499.725738396624,500.2742616033755,False,,,,0.062379668585708294,,20.567510548523206,18.96619198312236,22.373417721518987
a2714c36e78331c0,warmup,warmup,"{""q0"": 0.0, ""steps"": 10000}",epsilon_greedy,natural,demotion,faa,1.0,3.0,3.0,q_confirmation,474,5000,474,0,0.0,26,34,46,39.56751054852321,37.98074894514768,41.23628691983122,39.56751054852321,2.2222222222222214,2.2222222222222223,2.2222222222222223,1.0,0,0.0,9499.725738396624,500.2742616033755,False,,,,0.062379668585708294,,20.567510548523206,18.940928270042193,22.253902953586497
a2714c36e78331c0,warmup,warmup,"{""q0"": 0.0, ""steps"": 10000}",epsilon_greedy,natural,promotion,clean,1.0,3.0,3.0,first_revisit,26,5000,26,0,0.0,6,12,32,20.73076923076923,14.345192307692308,27.424038461538462,20.73076923076923,0.0,0.0,0.0,0.0,0,0.0,9494.076923076924,505.9230769230769,False,,,,0.26634562039235987,,-19.73076923076923,-26.617307692307694,-13.455769230769237
a2714c36e78331c0,warmup,warmup,"{""q0"": 0.0, ""steps"": 10000}",epsilon_greedy,natural,promotion,clean,1.0,3.0,3.0,greedy_recovery,26,5000,26,0,0.0,0,0,0,0.0,0.0,0.0,0.0,0.0,0.0,0.0,0.0,0,0.0,9494.076923076924,505.9230769230769,False,,,,0.26634562039235987,,1.0,1.0,1.0
a2714c36e78331c0,warmup,warmup,"{""q0"": 0.0, ""steps"": 10000}",epsilon_greedy,natural,promotion,clean,1.0,3.0,3.0,q_recovery,26,5000,26,0,0.0,0,0,0,0.0,0.0,0.0,0.0,0.0,0.0,0.0,0.0,0,0.0,9494.076923076924,505.9230769230769,False,,,,0.26634562039235987,,21.0,14.840384615384616,28.4625
a2714c36e78331c0,warmup,warmup,"{""q0"": 0.0, ""steps"": 10000}",epsilon_greedy,natural,promotion,clean,1.0,3.0,3.0,q_confirmation,26,5000,26,0,0.0,19,19,19,19.0,19.0,19.0,19.0,0.0,0.0,0.0,0.0,0,0.0,9494.076923076924,505.9230769230769,False,,,,0.26634562039235987,,21.0,14.613461538461538,27.808653846153845
a2714c36e78331c0,warmup,warmup,"{""q0"": 0.0, ""steps"": 10000}",epsilon_greedy,natural,promotion,faa,1.0,3.0,3.0,first_revisit,26,5000,26,0,0.0,1,1,1,1.0,1.0,1.0,1.0,2.2222222222222223,2.2222222222222223,2.2222222222222223,1.0,0,0.0,9494.076923076924,505.9230769230769,False,,,,0.26634562039235987,,-19.73076923076923,-26.732692307692307,-13.342307692307696
a2714c36e78331c0,warmup,warmup,"{""q0"": 0.0, ""steps"": 10000}",epsilon_greedy,natural,promotion,faa,1.0,3.0,3.0,greedy_recovery,26,5000,26,0,0.0,1,1,1,1.0,1.0,1.0,1.0,2.2222222222222223,2.2222222222222223,2.2222222222222223,1.0,0,0.0,9494.076923076924,505.9230769230769,False,,,,0.26634562039235987,,1.0,1.0,1.0
a2714c36e78331c0,warmup,warmup,"{""q0"": 0.0, ""steps"": 10000}",epsilon_greedy,natural,promotion,faa,1.0,3.0,3.0,q_recovery,26,5000,26,0,0.0,8,12,32,21.0,14.538461538461538,27.9625,21.0,2.2222222222222223,2.2222222222222223,2.2222222222222223,1.0,0,0.0,9494.076923076924,505.9230769230769,False,,,,0.26634562039235987,,21.0,14.728846153846153,27.886538461538457
a2714c36e78331c0,warmup,warmup,"{""q0"": 0.0, ""steps"": 10000}",epsilon_greedy,natural,promotion,faa,1.0,3.0,3.0,q_confirmation,26,5000,26,0,0.0,27,31,51,40.0,33.92307692307692,46.427884615384606,40.0,2.2222222222222223,2.2222222222222223,2.2222222222222223,1.0,0,0.0,9494.076923076924,505.9230769230769,False,,,,0.26634562039235987,,21.0,14.191346153846153,28.115384615384617
ac9242a8030eab34,warmup,warmup,"{""q0"": 0.0, ""steps"": 0}",epsilon_greedy,natural,demotion,clean,1.0,1.0,3.0,first_revisit,474,5000,474,0,0.0,1,1,1,1.0506329113924051,1.0316455696202531,1.0717299578059072,1.0506329113924051,0.0,0.0,0.0,0.0,0,1.0,0.0,0.0,False,,,,0.062379668585708294,,0.0,0.0,0.0
ac9242a8030eab34,warmup,warmup,"{""q0"": 0.0, ""steps"": 0}",epsilon_greedy,natural,demotion,clean,1.0,1.0,3.0,greedy_recovery,474,5000,474,0,0.0,0,0,0,0.0,0.0,0.0,0.0,0.0,0.0,0.0,0.0,0,1.0,0.0,0.0,False,,,,0.062379668585708294,,0.0,0.0,0.0
ac9242a8030eab34,warmup,warmup,"{""q0"": 0.0, ""steps"": 0}",epsilon_greedy,natural,demotion,clean,1.0,1.0,3.0,q_recovery,474,5000,474,0,0.0,1,1,1,1.0506329113924051,1.0316455696202531,1.0717299578059072,1.0506329113924051,0.0,0.0,0.0,0.0,0,1.0,0.0,0.0,False,,,,0.062379668585708294,,1.0632911392405062,1.0421940928270041,1.0886075949367089
ac9242a8030eab34,warmup,warmup,"{""q0"": 0.0, ""steps"": 0}",epsilon_greedy,natural,demotion,clean,1.0,1.0,3.0,q_confirmation,474,5000,474,0,0.0,20,20,20,20.050632911392405,20.031645569620252,20.07178270042194,20.050632911392405,0.0,0.0,0.0,0.0,0,1.0,0.0,0.0,False,,,,0.062379668585708294,,1.0632911392405062,1.0379746835443038,1.0886075949367089
ac9242a8030eab34,warmup,warmup,"{""q0"": 0.0, ""steps"": 0}",epsilon_greedy,natural,demotion,faa,1.0,1.0,3.0,first_revisit,474,5000,474,0,0.0,1,1,1,1.0506329113924051,1.0316455696202531,1.0717299578059072,1.0506329113924051,1.0,1.0,1.0,0.0,474,1.0,0.0,0.0,False,,,,0.062379668585708294,,0.0,0.0,0.0
ac9242a8030eab34,warmup,warmup,"{""q0"": 0.0, ""steps"": 0}",epsilon_greedy,natural,demotion,faa,1.0,1.0,3.0,greedy_recovery,474,5000,474,0,0.0,0,0,0,0.0,0.0,0.0,0.0,1.0,1.0,1.0,0.0,474,1.0,0.0,0.0,False,,,,0.062379668585708294,,0.0,0.0,0.0
ac9242a8030eab34,warmup,warmup,"{""q0"": 0.0, ""steps"": 0}",epsilon_greedy,natural,demotion,faa,1.0,1.0,3.0,q_recovery,474,5000,474,0,0.0,2,2,2,2.1139240506329116,2.086445147679325,2.1434599156118144,2.1139240506329116,1.0,1.0,1.0,0.0,474,1.0,0.0,0.0,False,,,,0.062379668585708294,,1.0632911392405062,1.0421940928270041,1.0864978902953586
ac9242a8030eab34,warmup,warmup,"{""q0"": 0.0, ""steps"": 0}",epsilon_greedy,natural,demotion,faa,1.0,1.0,3.0,q_confirmation,474,5000,474,0,0.0,21,21,21,21.11392405063291,21.08438818565401,21.143459915611814,21.11392405063291,1.0,1.0,1.0,0.0,474,1.0,0.0,0.0,False,,,,0.062379668585708294,,1.0632911392405062,1.0421940928270041,1.0844409282700422
ac9242a8030eab34,warmup,warmup,"{""q0"": 0.0, ""steps"": 0}",epsilon_greedy,natural,promotion,clean,1.0,1.0,3.0,first_revisit,26,5000,26,0,0.0,6,12,32,20.73076923076923,14.536538461538461,27.54230769230769,20.73076923076923,0.0,0.0,0.0,0.0,0,1.0,0.0,0.0,False,,,,0.26634562039235987,,-19.73076923076923,-27.424038461538462,-13.576923076923077
ac9242a8030eab34,warmup,warmup,"{""q0"": 0.0, ""steps"": 0}",epsilon_greedy,natural,promotion,clean,1.0,1.0,3.0,greedy_recovery,26,5000,26,0,0.0,0,0,0,0.0,0.0,0.0,0.0,0.0,0.0,0.0,0.0,0,1.0,0.0,0.0,False,,,,0.26634562039235987,,21.96153846153846,13.767307692307693,32.38461538461539
ac9242a8030eab34,warmup,warmup,"{""q0"": 0.0, ""steps"": 0}",epsilon_greedy,natural,promotion,clean,1.0,1.0,3.0,q_recovery,26,5000,26,0,0.0,2,2,2,2.1153846153846154,2.0,2.3076923076923075,2.1153846153846154,0.0,0.0,0.0,0.0,0,1.0,0.0,0.0,False,,,,0.26634562039235987,,22.153846153846153,14.23076923076923,31.653846153846153
ac9242a8030eab34,warmup,warmup,"{""q0"": 0.0, ""steps"": 0}",epsilon_greedy,natural,promotion,clean,1.0,1.0,3.0,q_confirmation,26,5000,26,0,0.0,21,21,21,21.115384615384617,21.0,21.307692307692307,21.115384615384617,0.0,0.0,0.0,0.0,0,1.0,0.0,0.0,False,,,,0.26634562039235987,,22.153846153846153,14.689423076923076,32.00384615384615
ac9242a8030eab34,warmup,warmup,"{""q0"": 0.0, ""steps"": 0}",epsilon_greedy,natural,promotion,faa,1.0,1.0,3.0,first_revisit,26,5000,26,0,0.0,1,1,1,1.0,1.0,1.0,1.0,1.0,1.0,1.0,1.0,26,1.0,0.0,0.0,False,,,,0.26634562039235987,,-19.73076923076923,-26.42596153846154,-12.846153846153847
ac9242a8030eab34,warmup,warmup,"{""q0"": 0.0, ""steps"": 0}",epsilon_greedy,natural,promotion,faa,1.0,1.0,3.0,greedy_recovery,26,5000,26,0,0.0,6,13,31,21.96153846153846,13.498076923076923,31.577884615384615,21.96153846153846,1.0,1.0,1.0,1.0,26,1.0,0.0,0.0,False,,,,0.26634562039235987,,21.96153846153846,14.188461538461539,32.66057692307692
ac9242a8030eab34,warmup,warmup,"{""q0"": 0.0, ""steps"": 0}",epsilon_greedy,natural,promotion,faa,1.0,1.0,3.0,q_recovery,26,5000,26,0,0.0,11,17,33,24.26923076923077,16.5,34.31249999999999,24.26923076923077,1.0,1.0,1.0,1.0,26,1.0,0.0,0.0,False,,,,0.26634562039235987,,22.153846153846153,14.538461538461538,32.61634615384615
ac9242a8030eab34,warmup,warmup,"{""q0"": 0.0, ""steps"": 0}",epsilon_greedy,natural,promotion,faa,1.0,1.0,3.0,q_confirmation,26,5000,26,0,0.0,30,36,52,43.26923076923077,35.57596153846154,53.38942307692307,43.26923076923077,1.0,1.0,1.0,1.0,26,1.0,0.0,0.0,False,,,,0.26634562039235987,,22.153846153846153,14.653846153846153,31.923076923076923
b7b129eec82fdcb9,warmup,warmup,"{""q0"": 0.0, ""steps"": 100}",epsilon_greedy,natural,demotion,clean,0.01,3.0,3.0,first_revisit,474,5000,474,0,0.0,1,1,1,1.0506329113924051,1.0316455696202531,1.071782700421941,1.0506329113924051,0.0,0.0,0.0,0.0,0,0.0,94.98101265822785,5.018987341772152,False,,,,0.062379668585708294,,18.462025316455698,16.860548523206752,20.116297468354432
b7b129eec82fdcb9,warmup,warmup,"{""q0"": 0.0, ""steps"": 100}",epsilon_greedy,natural,demotion,clean,0.01,3.0,3.0,greedy_recovery,474,5000,474,0,0.0,0,0,0,0.0,0.0,0.0,0.0,0.0,0.0,0.0,0.0,0,0.0,94.98101265822785,5.018987341772152,False,,,,0.062379668585708294,,19.5126582278481,17.744145569620255,21.306118143459916
b7b129eec82fdcb9,warmup,warmup,"{""q0"": 0.0, ""steps"": 100}",epsilon_greedy,natural,demotion,clean,0.01,3.0,3.0,q_recovery,474,5000,474,0,0.0,0,0,0,0.0,0.0,0.0,0.0,0.0,0.0,0.0,0.0,0,0.0,94.98101265822785,5.018987341772152,False,,,,0.062379668585708294,,20.567510548523206,18.936603375527426,22.30184599156118
b7b129eec82fdcb9,warmup,warmup,"{""q0"": 0.0, ""steps"": 100}",epsilon_greedy,natural,demotion,clean,0.01,3.0,3.0,q_confirmation,474,5000,474,0,0.0,19,19,19,19.0,19.0,19.0,19.0,0.0,0.0,0.0,0.0,0,0.0,94.98101265822785,5.018987341772152,False,,,,0.062379668585708294,,20.567510548523206,19.06745780590717,22.314926160337553
b7b129eec82fdcb9,warmup,warmup,"{""q0"": 0.0, ""steps"": 100}",epsilon_greedy,natural,demotion,faa,0.01,3.0,3.0,first_revisit,474,5000,474,0,0.0,6,14,26,19.5126582278481,17.78902953586498,21.080643459915613,19.5126582278481,1.1222222222222218,1.1222222222222222,1.1222222222222222,1.0,0,0.0,94.98101265822785,5.018987341772152,False,,,,0.062379668585708294,,18.462025316455698,16.734177215189874,20.34646624472574
b7b129eec82fdcb9,warmup,warmup,"{""q0"": 0.0, ""steps"": 100}",epsilon_greedy,natural,demotion,faa,0.01,3.0,3.0,greedy_recovery,474,5000,474,0,0.0,6,14,26,19.5126582278481,17.803428270042197,21.316824894514767,19.5126582278481,1.1222222222222218,1.1222222222222222,1.1222222222222222,1.0,0,0.0,94.98101265822785,5.018987341772152,False,,,,0.062379668585708294,,19.5126582278481,17.913291139240506,21.33217299578059
b7b129eec82fdcb9,warmup,warmup,"{""q0"": 0.0, ""steps"": 100}",epsilon_greedy,natural,demotion,faa,0.01,3.0,3.0,q_recovery,474,5000,474,0,0.0,7,15,27,20.567510548523206,18.879588607594936,22.1582805907173,20.567510548523206,1.1222222222222218,1.1222222222222222,1.1222222222222222,1.0,0,0.0,94.98101265822785,5.018987341772152,False,,,,0.062379668585708294,,20.567510548523206,18.86455696202532,22.422943037974683
b7b129eec82fdcb9,warmup,warmup,"{""q0"": 0.0, ""steps"": 100}",epsilon_greedy,natural,demotion,faa,0.01,3.0,3.0,q_confirmation,474,5000,474,0,0.0,26,34,46,39.56751054852321,37.88776371308017,41.35680379746835,39.56751054852321,1.1222222222222218,1.1222222222222222,1.1222222222222222,1.0,0,0.0,94.98101265822785,5.018987341772152,False,,,,0.062379668585708294,,20.567510548523206,18.85817510548523,22.44947257383966
b7b129eec82fdcb9,warmup,warmup,"{""q0"": 0.0, ""steps"": 100}",epsilon_greedy,natural,promotion,clean,0.01,3.0,3.0,first_revisit,26,5000,26,0,0.0,6,12,32,20.73076923076923,14.152884615384615,27.77019230769231,20.73076923076923,0.0,0.0,0.0,0.0,0,0.0,94.07692307692308,5.923076923076923,False,,,,0.26634562039235987,,-19.73076923076923,-26.693269230769232,-13.191346153846155
b7b129eec82fdcb9,warmup,warmup,"{""q0"": 0.0, ""steps"": 100}",epsilon_greedy,natural,promotion,clean,0.01,3.0,3.0,greedy_recovery,26,5000,26,0,0.0,0,0,0,0.0,0.0,0.0,0.0,0.0,0.0,0.0,0.0,0,0.0,94.07692307692308,5.923076923076923,False,,,,0.26634562039235987,,1.0,1.0,1.0
b7b129eec82fdcb9,warmup,warmup,"{""q0"": 0.0, ""steps"": 100}",epsilon_greedy,natural,promotion,clean,0.01,3.0,3.0,q_recovery,26,5000,26,0,0.0,0,0,0,0.0,0.0,0.0,0.0,0.0,0.0,0.0,0.0,0,0.0,94.07692307692308,5.923076923076923,False,,,,0.26634562039235987,,21.0,14.729807692307691,28.156730769230766
b7b129eec82fdcb9,warmup,warmup,"{""q0"": 0.0, ""steps"": 100}",epsilon_greedy,natural,promotion,clean,0.01,3.0,3.0,q_confirmation,26,5000,26,0,0.0,19,19,19,19.0,19.0,19.0,19.0,0.0,0.0,0.0,0.0,0,0.0,94.07692307692308,5.923076923076923,False,,,,0.26634562039235987,,21.0,14.307692307692308,28.653846153846153
b7b129eec82fdcb9,warmup,warmup,"{""q0"": 0.0, ""steps"": 100}",epsilon_greedy,natural,promotion,faa,0.01,3.0,3.0,first_revisit,26,5000,26,0,0.0,1,1,1,1.0,1.0,1.0,1.0,1.1222222222222222,1.1222222222222222,1.1222222222222222,1.0,0,0.0,94.07692307692308,5.923076923076923,False,,,,0.26634562039235987,,-19.73076923076923,-26.9625,-13.459615384615386
b7b129eec82fdcb9,warmup,warmup,"{""q0"": 0.0, ""steps"": 100}",epsilon_greedy,natural,promotion,faa,0.01,3.0,3.0,greedy_recovery,26,5000,26,0,0.0,1,1,1,1.0,1.0,1.0,1.0,1.1222222222222222,1.1222222222222222,1.1222222222222222,1.0,0,0.0,94.07692307692308,5.923076923076923,False,,,,0.26634562039235987,,1.0,1.0,1.0
b7b129eec82fdcb9,warmup,warmup,"{""q0"": 0.0, ""steps"": 100}",epsilon_greedy,natural,promotion,faa,0.01,3.0,3.0,q_recovery,26,5000,26,0,0.0,8,12,32,21.0,14.613461538461538,28.46153846153846,21.0,1.1222222222222222,1.1222222222222222,1.1222222222222222,1.0,0,0.0,94.07692307692308,5.923076923076923,False,,,,0.26634562039235987,,21.0,14.383653846153846,27.807692307692307
b7b129eec82fdcb9,warmup,warmup,"{""q0"": 0.0, ""steps"": 100}",epsilon_greedy,natural,promotion,faa,0.01,3.0,3.0,q_confirmation,26,5000,26,0,0.0,27,31,51,40.0,33.614423076923075,47.004807692307686,40.0,1.1222222222222222,1.1222222222222222,1.1222222222222222,1.0,0,0.0,94.07692307692308,5.923076923076923,False,,,,0.26634562039235987,,21.0,14.423076923076923,27.76923076923077
c2ba3dcdf46224ae,warmup,warmup,"{""q0"": 0.0, ""steps"": 10000}",epsilon_greedy,natural,demotion,clean,0.01,1.0,3.0,first_revisit,474,5000,474,0,0.0,1,1,1,1.0506329113924051,1.0316455696202531,1.0738396624472575,1.0506329113924051,0.0,0.0,0.0,0.0,0,0.0,9499.725738396624,500.2742616033755,False,,,,0.062379668585708294,,0.0,0.0,0.0
c2ba3dcdf46224ae,warmup,warmup,"{""q0"": 0.0, ""steps"": 10000}",epsilon_greedy,natural,demotion,clean,0.01,1.0,3.0,greedy_recovery,474,5000,474,0,0.0,0,0,0,0.0,0.0,0.0,0.0,0.0,0.0,0.0,0.0,0,0.0,9499.725738396624,500.2742616033755,False,,,,0.062379668585708294,,0.0,0.0,0.0
c2ba3dcdf46224ae,warmup,warmup,"{""q0"": 0.0, ""steps"": 10000}",epsilon_greedy,natural,demotion,clean,0.01,1.0,3.0,q_recovery,474,5000,474,0,0.0,0,0,0,0.0,0.0,0.0,0.0,0.0,0.0,0.0,0.0,0,0.0,9499.725738396624,500.2742616033755,False,,,,0.062379668585708294,,2.1139240506329116,2.0843881856540083,2.1455696202531644
c2ba3dcdf46224ae,warmup,warmup,"{""q0"": 0.0, ""steps"": 10000}",epsilon_greedy,natural,demotion,clean,0.01,1.0,3.0,q_confirmation,474,5000,474,0,0.0,19,19,19,19.0,19.0,19.0,19.0,0.0,0.0,0.0,0.0,0,0.0,9499.725738396624,500.2742616033755,False,,,,0.062379668585708294,,2.1139240506329116,2.086445147679325,2.1434599156118144
c2ba3dcdf46224ae,warmup,warmup,"{""q0"": 0.0, ""steps"": 10000}",epsilon_greedy,natural,demotion,faa,0.01,1.0,3.0,first_revisit,474,5000,474,0,0.0,1,1,1,1.0506329113924051,1.0316455696202531,1.0717299578059072,1.0506329113924051,1.0,1.0,1.0,0.0,474,0.0,9499.725738396624,500.2742616033755,False,,,,0.062379668585708294,,0.0,0.0,0.0
c2ba3dcdf46224ae,warmup,warmup,"{""q0"": 0.0, ""steps"": 10000}",epsilon_greedy,natural,demotion,faa,0.01,1.0,3.0,greedy_recovery,474,5000,474,0,0.0,0,0,0,0.0,0.0,0.0,0.0,1.0,1.0,1.0,0.0,474,0.0,9499.725738396624,500.2742616033755,False,,,,0.062379668585708294,,0.0,0.0,0.0
c2ba3dcdf46224ae,warmup,warmup,"{""q0"": 0.0, ""steps"": 10000}",epsilon_greedy,natural,demotion,faa,0.01,1.0,3.0,q_recovery,474,5000,474,0,0.0,2,2,2,2.1139240506329116,2.0843881856540083,2.143512658227848,2.1139240506329116,1.0,1.0,1.0,0.0,474,0.0,9499.725738396624,500.2742616033755,False,,,,0.062379668585708294,,2.1139240506329116,2.086497890295359,2.1455696202531644
c2ba3dcdf46224ae,warmup,warmup,"{""q0"": 0.0, ""steps"": 10000}",epsilon_greedy,natural,demotion,faa,0.01,1.0,3.0,q_confirmation,474,5000,474,0,0.0,21,21,21,21.11392405063291,21.08438818565401,21.147679324894515,21.11392405063291,1.0,1.0,1.0,0.0,474,0.0,9499.725738396624,500.2742616033755,False,,,,0.062379668585708294,,2.1139240506329116,2.086497890295359,2.1455696202531644
c2ba3dcdf46224ae,warmup,warmup,"{""q0"": 0.0, ""steps"": 10000}",epsilon_greedy,natural,promotion,clean,0.01,1.0,3.0,first_revisit,26,5000,26,0,0.0,6,12,32,20.73076923076923,14.346153846153847,27.812499999999993,20.73076923076923,0.0,0.0,0.0,0.0,0,0.0,9494.076923076924,505.9230769230769,False,,,,0.26634562039235987,,0.0,0.0,0.0
c2ba3dcdf46224ae,warmup,warmup,"{""q0"": 0.0, ""steps"": 10000}",epsilon_greedy,natural,promotion,clean,0.01,1.0,3.0,greedy_recovery,26,5000,26,0,0.0,0,0,0,0.0,0.0,0.0,0.0,0.0,0.0,0.0,0.0,0,0.0,9494.076923076924,505.9230769230769,False,,,,0.26634562039235987,,0.0,0.0,0.0
c2ba3dcdf46224ae,warmup,warmup,"{""q0"": 0.0, ""steps"": 10000}",epsilon_greedy,natural,promotion,clean,0.01,1.0,3.0,q_recovery,26,5000,26,0,0.0,0,0,0,0.0,0.0,0.0,0.0,0.0,0.0,0.0,0.0,0,0.0,9494.076923076924,505.9230769230769,False,,,,0.26634562039235987,,40.80769230769231,30.883653846153845,52.161538461538456
c2ba3dcdf46224ae,warmup,warmup,"{""q0"": 0.0, ""steps"": 10000}",epsilon_greedy,natural,promotion,clean,0.01,1.0,3.0,q_confirmation,26,5000,26,0,0.0,19,19,19,19.0,19.0,19.0,19.0,0.0,0.0,0.0,0.0,0,0.0,9494.076923076924,505.9230769230769,False,,,,0.26634562039235987,,40.80769230769231,30.575,52.425961538461536
c2ba3dcdf46224ae,warmup,warmup,"{""q0"": 0.0, ""steps"": 10000}",epsilon_greedy,natural,promotion,faa,0.01,1.0,3.0,first_revisit,26,5000,26,0,0.0,6,12,32,20.73076923076923,14.264423076923078,28.424038461538462,20.73076923076923,1.0,1.0,1.0,0.0,26,0.0,9494.076923076924,505.9230769230769,False,,,,0.26634562039235987,,0.0,0.0,0.0
c2ba3dcdf46224ae,warmup,warmup,"{""q0"": 0.0, ""steps"": 10000}",epsilon_greedy,natural,promotion,faa,0.01,1.0,3.0,greedy_recovery,26,5000,26,0,0.0,0,0,0,0.0,0.0,0.0,0.0,1.0,1.0,1.0,0.0,26,0.0,9494.076923076924,505.9230769230769,False,,,,0.26634562039235987,,0.0,0.0,0.0
c2ba3dcdf46224ae,warmup,warmup,"{""q0"": 0.0, ""steps"": 10000}",epsilon_greedy,natural,promotion,faa,0.01,1.0,3.0,q_recovery,26,5000,26,0,0.0,15,37,59,40.80769230769231,30.728846153846153,52.46153846153846,40.80769230769231,1.0,1.0,1.0,0.0,26,0.0,9494.076923076924,505.9230769230769,False,,,,0.26634562039235987,,40.80769230769231,29.881730769230767,52.2375
c2ba3dcdf46224ae,warmup,warmup,"{""q0"": 0.0, ""steps"": 10000}",epsilon_greedy,natural,promotion,faa,0.01,1.0,3.0,q_confirmation,26,5000,26,0,0.0,34,56,78,59.80769230769231,49.80769230769231,70.69326923076923,59.80769230769231,1.0,1.0,1.0,0.0,26,0.0,9494.076923076924,505.9230769230769,False,,,,0.26634562039235987,,40.80769230769231,30.998076923076923,52.808653846153845
c75abceb721e8dff,warmup,warmup,"{""q0"": 0.0, ""steps"": 1000}",epsilon_greedy,natural,demotion,clean,1.0,1.0,3.0,first_revisit,474,5000,474,0,0.0,1,1,1,1.0506329113924051,1.0316455696202531,1.0738396624472575,1.0506329113924051,0.0,0.0,0.0,0.0,0,0.0,950.035864978903,49.96413502109704,False,,,,0.062379668585708294,,0.0,0.0,0.0
c75abceb721e8dff,warmup,warmup,"{""q0"": 0.0, ""steps"": 1000}",epsilon_greedy,natural,demotion,clean,1.0,1.0,3.0,greedy_recovery,474,5000,474,0,0.0,0,0,0,0.0,0.0,0.0,0.0,0.0,0.0,0.0,0.0,0,0.0,950.035864978903,49.96413502109704,False,,,,0.062379668585708294,,0.0,0.0,0.0
c75abceb721e8dff,warmup,warmup,"{""q0"": 0.0, ""steps"": 1000}",epsilon_greedy,natural,demotion,clean,1.0,1.0,3.0,q_recovery,474,5000,474,0,0.0,0,0,0,0.0,0.0,0.0,0.0,0.0,0.0,0.0,0.0,0,0.0,950.035864978903,49.96413502109704,False,,,,0.062379668585708294,,2.1139240506329116,2.0843881856540083,2.1434599156118144
c75abceb721e8dff,warmup,warmup,"{""q0"": 0.0, ""steps"": 1000}",epsilon_greedy,natural,demotion,clean,1.0,1.0,3.0,q_confirmation,474,5000,474,0,0.0,19,19,19,19.0,19.0,19.0,19.0,0.0,0.0,0.0,0.0,0,0.0,950.035864978903,49.96413502109704,False,,,,0.062379668585708294,,2.1139240506329116,2.086497890295359,2.147679324894515
c75abceb721e8dff,warmup,warmup,"{""q0"": 0.0, ""steps"": 1000}",epsilon_greedy,natural,demotion,faa,1.0,1.0,3.0,first_revisit,474,5000,474,0,0.0,1,1,1,1.0506329113924051,1.0316455696202531,1.0738396624472575,1.0506329113924051,1.0,1.0,1.0,0.0,474,0.0,950.035864978903,49.96413502109704,False,,,,0.062379668585708294,,0.0,0.0,0.0
c75abceb721e8dff,warmup,warmup,"{""q0"": 0.0, ""steps"": 1000}",epsilon_greedy,natural,demotion,faa,1.0,1.0,3.0,greedy_recovery,474,5000,474,0,0.0,0,0,0,0.0,0.0,0.0,0.0,1.0,1.0,1.0,0.0,474,0.0,950.035864978903,49.96413502109704,False,,,,0.062379668585708294,,0.0,0.0,0.0
c75abceb721e8dff,warmup,warmup,"{""q0"": 0.0, ""steps"": 1000}",epsilon_greedy,natural,demotion,faa,1.0,1.0,3.0,q_recovery,474,5000,474,0,0.0,2,2,2,2.1139240506329116,2.0843881856540083,2.1455696202531644,2.1139240506329116,1.0,1.0,1.0,0.0,474,0.0,950.035864978903,49.96413502109704,False,,,,0.062379668585708294,,2.1139240506329116,2.0843881856540083,2.1434599156118144
c75abceb721e8dff,warmup,warmup,"{""q0"": 0.0, ""steps"": 1000}",epsilon_greedy,natural,demotion,faa,1.0,1.0,3.0,q_confirmation,474,5000,474,0,0.0,21,21,21,21.11392405063291,21.08649789029536,21.145569620253166,21.11392405063291,1.0,1.0,1.0,0.0,474,0.0,950.035864978903,49.96413502109704,False,,,,0.062379668585708294,,2.1139240506329116,2.0843881856540083,2.141402953586498
c75abceb721e8dff,warmup,warmup,"{""q0"": 0.0, ""steps"": 1000}",epsilon_greedy,natural,promotion,clean,1.0,1.0,3.0,first_revisit,26,5000,26,0,0.0,6,12,32,20.73076923076923,14.575961538461538,28.308653846153845,20.73076923076923,0.0,0.0,0.0,0.0,0,0.0,948.7692307692307,51.23076923076923,False,,,,0.26634562039235987,,0.0,0.0,0.0
c75abceb721e8dff,warmup,warmup,"{""q0"": 0.0, ""steps"": 1000}",epsilon_greedy,natural,promotion,clean,1.0,1.0,3.0,greedy_recovery,26,5000,26,0,0.0,0,0,0,0.0,0.0,0.0,0.0,0.0,0.0,0.0,0.0,0,0.0,948.7692307692307,51.23076923076923,False,,,,0.26634562039235987,,0.0,0.0,0.0
c75abceb721e8dff,warmup,warmup,"{""q0"": 0.0, ""steps"": 1000}",epsilon_greedy,natural,promotion,clean,1.0,1.0,3.0,q_recovery,26,5000,26,0,0.0,0,0,0,0.0,0.0,0.0,0.0,0.0,0.0,0.0,0.0,0,0.0,948.7692307692307,51.23076923076923,False,,,,0.26634562039235987,,40.80769230769231,30.111538461538462,51.4625
c75abceb721e8dff,warmup,warmup,"{""q0"": 0.0, ""steps"": 1000}",epsilon_greedy,natural,promotion,clean,1.0,1.0,3.0,q_confirmation,26,5000,26,0,0.0,19,19,19,19.0,19.0,19.0,19.0,0.0,0.0,0.0,0.0,0,0.0,948.7692307692307,51.23076923076923,False,,,,0.26634562039235987,,40.80769230769231,30.614423076923078,51.69807692307692
c75abceb721e8dff,warmup,warmup,"{""q0"": 0.0, ""steps"": 1000}",epsilon_greedy,natural,promotion,faa,1.0,1.0,3.0,first_revisit,26,5000,26,0,0.0,6,12,32,20.73076923076923,14.84326923076923,27.96153846153846,20.73076923076923,1.0,1.0,1.0,0.0,26,0.0,948.7692307692307,51.23076923076923,False,,,,0.26634562039235987,,0.0,0.0,0.0
c75abceb721e8dff,warmup,warmup,"{""q0"": 0.0, ""steps"": 1000}",epsilon_greedy,natural,promotion,faa,1.0,1.0,3.0,greedy_recovery,26,5000,26,0,0.0,0,0,0,0.0,0.0,0.0,0.0,1.0,1.0,1.0,0.0,26,0.0,948.7692307692307,51.23076923076923,False,,,,0.26634562039235987,,0.0,0.0,0.0
c75abceb721e8dff,warmup,warmup,"{""q0"": 0.0, ""steps"": 1000}",epsilon_greedy,natural,promotion,faa,1.0,1.0,3.0,q_recovery,26,5000,26,0,0.0,15,37,59,40.80769230769231,31.191346153846155,52.888461538461534,40.80769230769231,1.0,1.0,1.0,0.0,26,0.0,948.7692307692307,51.23076923076923,False,,,,0.26634562039235987,,40.80769230769231,31.114423076923078,52.11634615384615
c75abceb721e8dff,warmup,warmup,"{""q0"": 0.0, ""steps"": 1000}",epsilon_greedy,natural,promotion,faa,1.0,1.0,3.0,q_confirmation,26,5000,26,0,0.0,34,56,78,59.80769230769231,49.614423076923075,70.73846153846152,59.80769230769231,1.0,1.0,1.0,0.0,26,0.0,948.7692307692307,51.23076923076923,False,,,,0.26634562039235987,,40.80769230769231,30.342307692307692,51.53942307692308
c8cf154343fd3b5e,warmup,warmup,"{""q0"": 0.0, ""steps"": 100}",ucb,natural,demotion,clean,1.0,3.0,3.0,first_revisit,1,5000,1,0,0.0,1,1,1,1.0,,,1.0,0.0,0.0,0.0,0.0,0,0.0,96.0,4.0,False,,,,,,4999.0,,
c8cf154343fd3b5e,warmup,warmup,"{""q0"": 0.0, ""steps"": 100}",ucb,natural,demotion,clean,1.0,3.0,3.0,greedy_recovery,1,5000,1,0,0.0,0,0,0,0.0,,,0.0,0.0,0.0,0.0,0.0,0,0.0,96.0,4.0,False,,,,,,5000.0,,
c8cf154343fd3b5e,warmup,warmup,"{""q0"": 0.0, ""steps"": 100}",ucb,natural,demotion,clean,1.0,3.0,3.0,q_recovery,1,5000,1,0,0.0,0,0,0,0.0,,,0.0,0.0,0.0,0.0,0.0,0,0.0,96.0,4.0,False,,,,,,5000.0,,
c8cf154343fd3b5e,warmup,warmup,"{""q0"": 0.0, ""steps"": 100}",ucb,natural,demotion,clean,1.0,3.0,3.0,q_confirmation,1,5000,1,0,0.0,19,19,19,19.0,,,19.0,0.0,0.0,0.0,0.0,0,0.0,96.0,4.0,False,,,,,,4981.0,,
c8cf154343fd3b5e,warmup,warmup,"{""q0"": 0.0, ""steps"": 100}",ucb,natural,demotion,faa,1.0,3.0,3.0,first_revisit,1,5000,0,1,1.0,,,,5000.0,,,,2.2222222222222223,2.2222222222222223,2.2222222222222223,1.0,0,0.0,96.0,4.0,False,,,,,,4999.0,,
c8cf154343fd3b5e,warmup,warmup,"{""q0"": 0.0, ""steps"": 100}",ucb,natural,demotion,faa,1.0,3.0,3.0,greedy_recovery,1,5000,0,1,1.0,,,,5000.0,,,,2.2222222222222223,2.2222222222222223,2.2222222222222223,1.0,0,0.0,96.0,4.0,False,,,,,,5000.0,,
c8cf154343fd3b5e,warmup,warmup,"{""q0"": 0.0, ""steps"": 100}",ucb,natural,demotion,faa,1.0,3.0,3.0,q_recovery,1,5000,0,1,1.0,,,,5000.0,,,,2.2222222222222223,2.2222222222222223,2.2222222222222223,1.0,0,0.0,96.0,4.0,False,,,,,,5000.0,,
c8cf154343fd3b5e,warmup,warmup,"{""q0"": 0.0, ""steps"": 100}",ucb,natural,demotion,faa,1.0,3.0,3.0,q_confirmation,1,5000,0,1,1.0,,,,5000.0,,,,2.2222222222222223,2.2222222222222223,2.2222222222222223,1.0,0,0.0,96.0,4.0,False,,,,,,4981.0,,
ca092295fb9996d2,warmup,warmup,"{""q0"": 0.0, ""steps"": 0}",epsilon_greedy,natural,demotion,clean,1.0,3.0,3.0,first_revisit,474,5000,474,0,0.0,1,1,1,1.0506329113924051,1.0316455696202531,1.0738396624472575,1.0506329113924051,0.0,0.0,0.0,0.0,0,1.0,0.0,0.0,False,,,,0.062379668585708294,,18.462025316455698,16.890295358649787,20.207014767932492
ca092295fb9996d2,warmup,warmup,"{""q0"": 0.0, ""steps"": 0}",epsilon_greedy,natural,demotion,clean,1.0,3.0,3.0,greedy_recovery,474,5000,474,0,0.0,0,0,0,0.0,0.0,0.0,0.0,0.0,0.0,0.0,0.0,0,1.0,0.0,0.0,False,,,,0.062379668585708294,,19.5126582278481,17.909071729957805,21.225949367088607
ca092295fb9996d2,warmup,warmup,"{""q0"": 0.0, ""steps"": 0}",epsilon_greedy,natural,demotion,clean,1.0,3.0,3.0,q_recovery,474,5000,474,0,0.0,1,1,1,1.0506329113924051,1.0316455696202531,1.0738396624472575,1.0506329113924051,0.0,0.0,0.0,0.0,0,1.0,0.0,0.0,False,,,,0.062379668585708294,,19.5168776371308,17.84340717299578,21.18175105485232
ca092295fb9996d2,warmup,warmup,"{""q0"": 0.0, ""steps"": 0}",epsilon_greedy,natural,demotion,clean,1.0,3.0,3.0,q_confirmation,474,5000,474,0,0.0,20,20,20,20.050632911392405,20.031645569620252,20.073839662447256,20.050632911392405,0.0,0.0,0.0,0.0,0,1.0,0.0,0.0,False,,,,0.062379668585708294,,19.5168776371308,17.80574894514768,21.230485232067508
ca092295fb9996d2,warmup,warmup,"{""q0"": 0.0, ""steps"": 0}",epsilon_greedy,natural,demotion,faa,1.0,3.0,3.0,first_revisit,474,5000,474,0,0.0,6,14,26,19.5126582278481,17.792668776371308,21.28090717299578,19.5126582278481,2.1111111111111107,2.111111111111111,2.111111111111111,1.0,0,1.0,0.0,0.0,False,,,,0.062379668585708294,,18.462025316455698,16.8459388185654,20.3460970464135
ca092295fb9996d2,warmup,warmup,"{""q0"": 0.0, ""steps"": 0}",epsilon_greedy,natural,demotion,faa,1.0,3.0,3.0,greedy_recovery,474,5000,474,0,0.0,6,14,26,19.5126582278481,17.763713080168777,21.15058016877637,19.5126582278481,2.1111111111111107,2.111111111111111,2.111111111111111,1.0,0,1.0,0.0,0.0,False,,,,0.062379668585708294,,19.5126582278481,17.68760548523207,21.36123417721519
ca092295fb9996d2,warmup,warmup,"{""q0"": 0.0, ""steps"": 0}",epsilon_greedy,natural,demotion,faa,1.0,3.0,3.0,q_recovery,474,5000,474,0,0.0,7,15,27,20.567510548523206,18.958122362869197,22.272151898734176,20.567510548523206,2.1111111111111107,2.111111111111111,2.111111111111111,1.0,0,1.0,0.0,0.0,False,,,,0.062379668585708294,,19.5168776371308,17.753006329113926,21.175632911392402
ca092295fb9996d2,warmup,warmup,"{""q0"": 0.0, ""steps"": 0}",epsilon_greedy,natural,demotion,faa,1.0,3.0,3.0,q_confirmation,474,5000,474,0,0.0,26,34,46,39.56751054852321,37.88085443037974,41.41355485232068,39.56751054852321,2.1111111111111107,2.111111111111111,2.111111111111111,1.0,0,1.0,0.0,0.0,False,,,,0.062379668585708294,,19.5168776371308,17.872784810126582,21.230854430379747
ca092295fb9996d2,warmup,warmup,"{""q0"": 0.0, ""steps"": 0}",epsilon_greedy,natural,promotion,clean,1.0,3.0,3.0,first_revisit,26,5000,26,0,0.0,6,12,32,20.73076923076923,14.0375,27.807692307692307,20.73076923076923,0.0,0.0,0.0,0.0,0,1.0,0.0,0.0,False,,,,0.26634562039235987,,-19.73076923076923,-26.38653846153846,-13.191346153846155
ca092295fb9996d2,warmup,warmup,"{""q0"": 0.0, ""steps"": 0}",epsilon_greedy,natural,promotion,clean,1.0,3.0,3.0,greedy_recovery,26,5000,26,0,0.0,0,0,0,0.0,0.0,0.0,0.0,0.0,0.0,0.0,0.0,0,1.0,0.0,0.0,False,,,,0.26634562039235987,,21.96153846153846,13.999038461538461,31.12307692307692
ca092295fb9996d2,warmup,warmup,"{""q0"": 0.0, ""steps"": 0}",epsilon_greedy,natural,promotion,clean,1.0,3.0,3.0,q_recovery,26,5000,26,0,0.0,2,2,2,2.1153846153846154,2.0,2.3076923076923075,2.1153846153846154,0.0,0.0,0.0,0.0,0,1.0,0.0,0.0,False,,,,0.26634562039235987,,22.153846153846153,14.307692307692308,32.579807692307696
ca092295fb9996d2,warmup,warmup,"{""q0"": 0.0, ""steps"": 0}",epsilon_greedy,natural,promotion,clean,1.0,3.0,3.0,q_confirmation,26,5000,26,0,0.0,21,21,21,21.115384615384617,21.0,21.307692307692307,21.115384615384617,0.0,0.0,0.0,0.0,0,1.0,0.0,0.0,False,,,,0.26634562039235987,,22.153846153846153,14.457692307692309,31.425961538461536
ca092295fb9996d2,warmup,warmup,"{""q0"": 0.0, ""steps"": 0}",epsilon_greedy,natural,promotion,faa,1.0,3.0,3.0,first_revisit,26,5000,26,0,0.0,1,1,1,1.0,1.0,1.0,1.0,1.1111111111111112,1.1111111111111112,1.1111111111111112,1.0,0,1.0,0.0,0.0,False,,,,0.26634562039235987,,-19.73076923076923,-26.963461538461537,-13.421153846153848
ca092295fb9996d2,warmup,warmup,"{""q0"": 0.0, ""steps"": 0}",epsilon_greedy,natural,promotion,faa,1.0,3.0,3.0,greedy_recovery,26,5000,26,0,0.0,6,13,31,21.96153846153846,14.07403846153846,32.15673076923077,21.96153846153846,1.1111111111111112,1.1111111111111112,1.1111111111111112,1.0,0,1.0,0.0,0.0,False,,,,0.26634562039235987,,21.96153846153846,13.920192307692307,32.624999999999986
ca092295fb9996d2,warmup,warmup,"{""q0"": 0.0, ""steps"": 0}",epsilon_greedy,natural,promotion,faa,1.0,3.0,3.0,q_recovery,26,5000,26,0,0.0,11,17,33,24.26923076923077,16.192307692307693,34.73269230769231,24.26923076923077,1.1111111111111112,1.1111111111111112,1.1111111111111112,1.0,0,1.0,0.0,0.0,False,,,,0.26634562039235987,,22.153846153846153,14.499038461538461,31.92884615384615
ca092295fb9996d2,warmup,warmup,"{""q0"": 0.0, ""steps"": 0}",epsilon_greedy,natural,promotion,faa,1.0,3.0,3.0,q_confirmation,26,5000,26,0,0.0,30,36,52,43.26923076923077,35.614423076923075,53.19615384615384,43.26923076923077,1.1111111111111112,1.1111111111111112,1.1111111111111112,1.0,0,1.0,0.0,0.0,False,,,,0.26634562039235987,,22.153846153846153,14.499038461538461,32.270192307692305
cc32fdc9cc3e6322,warmup,warmup,"{""q0"": 0.0, ""steps"": 100}",ucb,natural,demotion,clean,1.0,1.0,3.0,first_revisit,1,5000,1,0,0.0,1,1,1,1.0,,,1.0,0.0,0.0,0.0,0.0,0,0.0,96.0,4.0,False,,,,,,43.0,,
cc32fdc9cc3e6322,warmup,warmup,"{""q0"": 0.0, ""steps"": 100}",ucb,natural,demotion,clean,1.0,1.0,3.0,greedy_recovery,1,5000,1,0,0.0,0,0,0,0.0,,,0.0,0.0,0.0,0.0,0.0,0,0.0,96.0,4.0,False,,,,,,0.0,,
cc32fdc9cc3e6322,warmup,warmup,"{""q0"": 0.0, ""steps"": 100}",ucb,natural,demotion,clean,1.0,1.0,3.0,q_recovery,1,5000,1,0,0.0,0,0,0,0.0,,,0.0,0.0,0.0,0.0,0.0,0,0.0,96.0,4.0,False,,,,,,45.0,,
cc32fdc9cc3e6322,warmup,warmup,"{""q0"": 0.0, ""steps"": 100}",ucb,natural,demotion,clean,1.0,1.0,3.0,q_confirmation,1,5000,1,0,0.0,19,19,19,19.0,,,19.0,0.0,0.0,0.0,0.0,0,0.0,96.0,4.0,False,,,,,,45.0,,
cc32fdc9cc3e6322,warmup,warmup,"{""q0"": 0.0, ""steps"": 100}",ucb,natural,demotion,faa,1.0,1.0,3.0,first_revisit,1,5000,1,0,0.0,44,44,44,44.0,,,44.0,1.0,1.0,1.0,0.0,1,0.0,96.0,4.0,False,,,,,,43.0,,
cc32fdc9cc3e6322,warmup,warmup,"{""q0"": 0.0, ""steps"": 100}",ucb,natural,demotion,faa,1.0,1.0,3.0,greedy_recovery,1,5000,1,0,0.0,0,0,0,0.0,,,0.0,1.0,1.0,1.0,0.0,1,0.0,96.0,4.0,False,,,,,,0.0,,
cc32fdc9cc3e6322,warmup,warmup,"{""q0"": 0.0, ""steps"": 100}",ucb,natural,demotion,faa,1.0,1.0,3.0,q_recovery,1,5000,1,0,0.0,45,45,45,45.0,,,45.0,1.0,1.0,1.0,0.0,1,0.0,96.0,4.0,False,,,,,,45.0,,
cc32fdc9cc3e6322,warmup,warmup,"{""q0"": 0.0, ""steps"": 100}",ucb,natural,demotion,faa,1.0,1.0,3.0,q_confirmation,1,5000,1,0,0.0,64,64,64,64.0,,,64.0,1.0,1.0,1.0,0.0,1,0.0,96.0,4.0,False,,,,,,45.0,,
d65aa49db0f010a0,warmup,warmup,"{""q0"": 0.0, ""steps"": 100}",softmax,natural,demotion,clean,0.01,3.0,3.0,first_revisit,498,5000,498,0,0.0,1,1,1,1.0060240963855422,1.0,1.0140562248995983,1.0060240963855422,0.0,0.0,0.0,0.0,0,0.0,98.37951807228916,1.6204819277108433,False,,,,0.06085798411907914,,1.1204819277108433,0.9958333333333333,1.2551204819277109
d65aa49db0f010a0,warmup,warmup,"{""q0"": 0.0, ""steps"": 100}",softmax,natural,demotion,clean,0.01,3.0,3.0,greedy_recovery,498,5000,498,0,0.0,0,0,0,0.0,0.0,0.0,0.0,0.0,0.0,0.0,0.0,0,0.0,98.37951807228916,1.6204819277108433,False,,,,0.06085798411907914,,2.1265060240963853,1.993925702811245,2.2610441767068274
d65aa49db0f010a0,warmup,warmup,"{""q0"": 0.0, ""steps"": 100}",softmax,natural,demotion,clean,0.01,3.0,3.0,q_recovery,498,5000,498,0,0.0,0,0,0,0.0,0.0,0.0,0.0,0.0,0.0,0.0,0.0,0,0.0,98.37951807228916,1.6204819277108433,False,,,,0.06085798411907914,,3.1325301204819276,2.997991967871486,3.269126506024096
d65aa49db0f010a0,warmup,warmup,"{""q0"": 0.0, ""steps"": 100}",softmax,natural,demotion,clean,0.01,3.0,3.0,q_confirmation,498,5000,498,0,0.0,19,19,19,19.0,19.0,19.0,19.0,0.0,0.0,0.0,0.0,0,0.0,98.37951807228916,1.6204819277108433,False,,,,0.06085798411907914,,3.1325301204819276,2.9939257028112447,3.281124497991968
d65aa49db0f010a0,warmup,warmup,"{""q0"": 0.0, ""steps"": 100}",softmax,natural,demotion,faa,0.01,3.0,3.0,first_revisit,498,5000,498,0,0.0,1,2,3,2.1265060240963853,1.9919176706827308,2.263102409638554,2.1265060240963853,1.122222222222222,1.1222222222222222,1.1222222222222222,1.0,0,0.0,98.37951807228916,1.6204819277108433,False,,,,0.06085798411907914,,1.1204819277108433,0.9939759036144579,1.2531124497991968
d65aa49db0f010a0,warmup,warmup,"{""q0"": 0.0, ""steps"": 100}",softmax,natural,demotion,faa,0.01,3.0,3.0,greedy_recovery,498,5000,498,0,0.0,1,2,3,2.1265060240963853,1.9919176706827308,2.265110441767068,2.1265060240963853,1.122222222222222,1.1222222222222222,1.1222222222222222,1.0,0,0.0,98.37951807228916,1.6204819277108433,False,,,,0.06085798411907914,,2.1265060240963853,1.9939759036144578,2.265110441767068
d65aa49db0f010a0,warmup,warmup,"{""q0"": 0.0, ""steps"": 100}",softmax,natural,demotion,faa,0.01,3.0,3.0,q_recovery,498,5000,498,0,0.0,2,3,4,3.1325301204819276,2.995983935742972,3.2730923694779115,3.1325301204819276,1.122222222222222,1.1222222222222222,1.1222222222222222,1.0,0,0.0,98.37951807228916,1.6204819277108433,False,,,,0.06085798411907914,,3.1325301204819276,3.0,3.275150602409638
d65aa49db0f010a0,warmup,warmup,"{""q0"": 0.0, ""steps"": 100}",softmax,natural,demotion,faa,0.01,3.0,3.0,q_confirmation,498,5000,498,0,0.0,21,22,23,22.132530120481928,22.001957831325303,22.28117469879518,22.132530120481928,1.122222222222222,1.1222222222222222,1.1222222222222222,1.0,0,0.0,98.37951807228916,1.6204819277108433,False,,,,0.06085798411907914,,3.1325301204819276,2.9939257028112447,3.269176706827309
d65aa49db0f010a0,warmup,warmup,"{""q0"": 0.0, ""steps"": 100}",softmax,natural,promotion,clean,0.01,3.0,3.0,first_revisit,2,5000,2,0,0.0,23,23,129,76.0,23.0,129.0,76.0,0.0,0.0,0.0,0.0,0,0.0,98.0,2.0,False,,,,0.9603227913199207,,-74.0,-126.0,-22.0
d65aa49db0f010a0,warmup,warmup,"{""q0"": 0.0, ""steps"": 100}",softmax,natural,promotion,clean,0.01,3.0,3.0,greedy_recovery,2,5000,2,0,0.0,0,0,0,0.0,0.0,0.0,0.0,0.0,0.0,0.0,0.0,0,0.0,98.0,2.0,False,,,,0.9603227913199207,,2.0,1.0,3.0
d65aa49db0f010a0,warmup,warmup,"{""q0"": 0.0, ""steps"": 100}",softmax,natural,promotion,clean,0.01,3.0,3.0,q_recovery,2,5000,2,0,0.0,0,0,0,0.0,0.0,0.0,0.0,0.0,0.0,0.0,0.0,0,0.0,98.0,2.0,False,,,,0.9603227913199207,,33.5,23.0,44.0
d65aa49db0f010a0,warmup,warmup,"{""q0"": 0.0, ""steps"": 100}",softmax,natural,promotion,clean,0.01,3.0,3.0,q_confirmation,2,5000,2,0,0.0,19,19,19,19.0,19.0,19.0,19.0,0.0,0.0,0.0,0.0,0,0.0,98.0,2.0,False,,,,0.9603227913199207,,33.5,23.0,44.0
d65aa49db0f010a0,warmup,warmup,"{""q0"": 0.0, ""steps"": 100}",softmax,natural,promotion,faa,0.01,3.0,3.0,first_revisit,2,5000,2,0,0.0,1,1,3,2.0,1.0,3.0,2.0,1.1222222222222222,1.1222222222222222,1.1222222222222222,1.0,0,0.0,98.0,2.0,False,,,,0.9603227913199207,,-74.0,-126.0,-22.0
d65aa49db0f010a0,warmup,warmup,"{""q0"": 0.0, ""steps"": 100}",softmax,natural,promotion,faa,0.01,3.0,3.0,greedy_recovery,2,5000,2,0,0.0,1,1,3,2.0,1.0,3.0,2.0,1.1222222222222222,1.1222222222222222,1.1222222222222222,1.0,0,0.0,98.0,2.0,False,,,,0.9603227913199207,,2.0,1.0,3.0
d65aa49db0f010a0,warmup,warmup,"{""q0"": 0.0, ""steps"": 100}",softmax,natural,promotion,faa,0.01,3.0,3.0,q_recovery,2,5000,2,0,0.0,23,23,44,33.5,23.0,44.0,33.5,1.1222222222222222,1.1222222222222222,1.1222222222222222,1.0,0,0.0,98.0,2.0,False,,,,0.9603227913199207,,33.5,23.0,44.0
d65aa49db0f010a0,warmup,warmup,"{""q0"": 0.0, ""steps"": 100}",softmax,natural,promotion,faa,0.01,3.0,3.0,q_confirmation,2,5000,2,0,0.0,42,42,63,52.5,42.0,63.0,52.5,1.1222222222222222,1.1222222222222222,1.1222222222222222,1.0,0,0.0,98.0,2.0,False,,,,0.9603227913199207,,33.5,23.0,44.0
ddf3394535d5e0c5,warmup,warmup,"{""q0"": 0.0, ""steps"": 1000}",softmax,natural,demotion,clean,0.01,3.0,3.0,first_revisit,498,5000,498,0,0.0,1,1,1,1.0060240963855422,1.0,1.0140562248995983,1.0060240963855422,0.0,0.0,0.0,0.0,0,0.0,992.3955823293172,7.604417670682731,False,,,,0.06085798411907914,,1.1204819277108433,0.991917670682731,1.26109437751004
ddf3394535d5e0c5,warmup,warmup,"{""q0"": 0.0, ""steps"": 1000}",softmax,natural,demotion,clean,0.01,3.0,3.0,greedy_recovery,498,5000,498,0,0.0,0,0,0,0.0,0.0,0.0,0.0,0.0,0.0,0.0,0.0,0,0.0,992.3955823293172,7.604417670682731,False,,,,0.06085798411907914,,2.1265060240963853,1.9839357429718876,2.2710843373493974
ddf3394535d5e0c5,warmup,warmup,"{""q0"": 0.0, ""steps"": 1000}",softmax,natural,demotion,clean,0.01,3.0,3.0,q_recovery,498,5000,498,0,0.0,0,0,0,0.0,0.0,0.0,0.0,0.0,0.0,0.0,0.0,0,0.0,992.3955823293172,7.604417670682731,False,,,,0.06085798411907914,,3.1325301204819276,2.997991967871486,3.2730923694779115
ddf3394535d5e0c5,warmup,warmup,"{""q0"": 0.0, ""steps"": 1000}",softmax,natural,demotion,clean,0.01,3.0,3.0,q_confirmation,498,5000,498,0,0.0,19,19,19,19.0,19.0,19.0,19.0,0.0,0.0,0.0,0.0,0,0.0,992.3955823293172,7.604417670682731,False,,,,0.06085798411907914,,3.1325301204819276,2.997941767068273,3.269126506024096
ddf3394535d5e0c5,warmup,warmup,"{""q0"": 0.0, ""steps"": 1000}",softmax,natural,demotion,faa,0.01,3.0,3.0,first_revisit,498,5000,498,0,0.0,1,2,3,2.1265060240963853,1.993925702811245,2.2610441767068274,2.1265060240963853,1.122222222222222,1.1222222222222222,1.1222222222222222,1.0,0,0.0,992.3955823293172,7.604417670682731,False,,,,0.06085798411907914,,1.1204819277108433,0.9778614457831325,1.26109437751004
ddf3394535d5e0c5,warmup,warmup,"{""q0"": 0.0, ""steps"": 1000}",softmax,natural,demotion,faa,0.01,3.0,3.0,greedy_recovery,498,5000,498,0,0.0,1,2,3,2.1265060240963853,1.9959839357429718,2.283132530120482,2.1265060240963853,1.122222222222222,1.1222222222222222,1.1222222222222222,1.0,0,0.0,992.3955823293172,7.604417670682731,False,,,,0.06085798411907914,,2.1265060240963853,1.997941767068273,2.273142570281124
ddf3394535d5e0c5,warmup,warmup,"{""q0"": 0.0, ""steps"": 1000}",softmax,natural,demotion,faa,0.01,3.0,3.0,q_recovery,498,5000,498,0,0.0,2,3,4,3.1325301204819276,2.9939257028112447,3.2771084337349397,3.1325301204819276,1.122222222222222,1.1222222222222222,1.1222222222222222,1.0,0,0.0,992.3955823293172,7.604417670682731,False,,,,0.06085798411907914,,3.1325301204819276,3.001957831325301,3.275150602409638
ddf3394535d5e0c5,warmup,warmup,"{""q0"": 0.0, ""steps"": 1000}",softmax,natural,demotion,faa,0.01,3.0,3.0,q_confirmation,498,5000,498,0,0.0,21,22,23,22.132530120481928,21.99593373493976,22.275100401606426,22.132530120481928,1.122222222222222,1.1222222222222222,1.1222222222222222,1.0,0,0.0,992.3955823293172,7.604417670682731,False,,,,0.06085798411907914,,3.1325301204819276,2.9879518072289155,3.269126506024096
ddf3394535d5e0c5,warmup,warmup,"{""q0"": 0.0, ""steps"": 1000}",softmax,natural,promotion,clean,0.01,3.0,3.0,first_revisit,2,5000,2,0,0.0,23,23,129,76.0,23.0,129.0,76.0,0.0,0.0,0.0,0.0,0,0.0,993.0,7.0,False,,,,0.9603227913199207,,-74.0,-126.0,-22.0
ddf3394535d5e0c5,warmup,warmup,"{""q0"": 0.0, ""steps"": 1000}",softmax,natural,promotion,clean,0.01,3.0,3.0,greedy_recovery,2,5000,2,0,0.0,0,0,0,0.0,0.0,0.0,0.0,0.0,0.0,0.0,0.0,0,0.0,993.0,7.0,False,,,,0.9603227913199207,,2.0,1.0,3.0
ddf3394535d5e0c5,warmup,warmup,"{""q0"": 0.0, ""steps"": 1000}",softmax,natural,promotion,clean,0.01,3.0,3.0,q_recovery,2,5000,2,0,0.0,0,0,0,0.0,0.0,0.0,0.0,0.0,0.0,0.0,0.0,0,0.0,993.0,7.0,False,,,,0.9603227913199207,,33.5,23.0,44.0
ddf3394535d5e0c5,warmup,warmup,"{""q0"": 0.0, ""steps"": 1000}",softmax,natural,promotion,clean,0.01,3.0,3.0,q_confirmation,2,5000,2,0,0.0,19,19,19,19.0,19.0,19.0,19.0,0.0,0.0,0.0,0.0,0,0.0,993.0,7.0,False,,,,0.9603227913199207,,33.5,23.0,44.0
ddf3394535d5e0c5,warmup,warmup,"{""q0"": 0.0, ""steps"": 1000}",softmax,natural,promotion,faa,0.01,3.0,3.0,first_revisit,2,5000,2,0,0.0,1,1,3,2.0,1.0,3.0,2.0,1.1222222222222222,1.1222222222222222,1.1222222222222222,1.0,0,0.0,993.0,7.0,False,,,,0.9603227913199207,,-74.0,-126.0,-22.0
ddf3394535d5e0c5,warmup,warmup,"{""q0"": 0.0, ""steps"": 1000}",softmax,natural,promotion,faa,0.01,3.0,3.0,greedy_recovery,2,5000,2,0,0.0,1,1,3,2.0,1.0,3.0,2.0,1.1222222222222222,1.1222222222222222,1.1222222222222222,1.0,0,0.0,993.0,7.0,False,,,,0.9603227913199207,,2.0,1.0,3.0
ddf3394535d5e0c5,warmup,warmup,"{""q0"": 0.0, ""steps"": 1000}",softmax,natural,promotion,faa,0.01,3.0,3.0,q_recovery,2,5000,2,0,0.0,23,23,44,33.5,23.0,44.0,33.5,1.1222222222222222,1.1222222222222222,1.1222222222222222,1.0,0,0.0,993.0,7.0,False,,,,0.9603227913199207,,33.5,23.0,44.0
ddf3394535d5e0c5,warmup,warmup,"{""q0"": 0.0, ""steps"": 1000}",softmax,natural,promotion,faa,0.01,3.0,3.0,q_confirmation,2,5000,2,0,0.0,42,42,63,52.5,42.0,63.0,52.5,1.1222222222222222,1.1222222222222222,1.1222222222222222,1.0,0,0.0,993.0,7.0,False,,,,0.9603227913199207,,33.5,23.0,44.0
e2198fccdc249794,warmup,warmup,"{""q0"": 0.0, ""steps"": 1000}",softmax,natural,demotion,clean,1.0,3.0,3.0,first_revisit,498,5000,498,0,0.0,1,1,1,1.0060240963855422,1.0,1.0140562248995983,1.0060240963855422,0.0,0.0,0.0,0.0,0,0.0,992.3955823293172,7.604417670682731,False,,,,0.06085798411907914,,154.00401606425703,140.39934738955824,168.87033132530118
e2198fccdc249794,warmup,warmup,"{""q0"": 0.0, ""steps"": 1000}",softmax,natural,demotion,clean,1.0,3.0,3.0,greedy_recovery,498,5000,498,0,0.0,0,0,0,0.0,0.0,0.0,0.0,0.0,0.0,0.0,0.0,0,0.0,992.3955823293172,7.604417670682731,False,,,,0.06085798411907914,,155.01004016064257,142.83172690763053,168.3894578313253
e2198fccdc249794,warmup,warmup,"{""q0"": 0.0, ""steps"": 1000}",softmax,natural,demotion,clean,1.0,3.0,3.0,q_recovery,498,5000,498,0,0.0,0,0,0,0.0,0.0,0.0,0.0,0.0,0.0,0.0,0.0,0,0.0,992.3955823293172,7.604417670682731,False,,,,0.06085798411907914,,156.03413654618473,143.760140562249,169.8175200803213
e2198fccdc249794,warmup,warmup,"{""q0"": 0.0, ""steps"": 1000}",softmax,natural,demotion,clean,1.0,3.0,3.0,q_confirmation,498,5000,498,0,0.0,19,19,19,19.0,19.0,19.0,19.0,0.0,0.0,0.0,0.0,0,0.0,992.3955823293172,7.604417670682731,False,,,,0.06085798411907914,,156.03413654618473,142.12178714859436,170.69497991967873
e2198fccdc249794,warmup,warmup,"{""q0"": 0.0, ""steps"": 1000}",softmax,natural,demotion,faa,1.0,3.0,3.0,first_revisit,498,5000,498,0,0.0,53,111,210,155.01004016064257,141.06310240963856,168.59799196787148,155.01004016064257,2.222222222222222,2.2222222222222223,2.2222222222222223,1.0,0,0.0,992.3955823293172,7.604417670682731,False,,,,0.06085798411907914,,154.00401606425703,141.33142570281126,169.0315763052209
e2198fccdc249794,warmup,warmup,"{""q0"": 0.0, ""steps"": 1000}",softmax,natural,demotion,faa,1.0,3.0,3.0,greedy_recovery,498,5000,498,0,0.0,53,111,210,155.01004016064257,141.21375502008033,168.58529116465866,155.01004016064257,2.222222222222222,2.2222222222222223,2.2222222222222223,1.0,0,0.0,992.3955823293172,7.604417670682731,False,,,,0.06085798411907914,,155.01004016064257,141.25321285140564,168.66129518072287
e2198fccdc249794,warmup,warmup,"{""q0"": 0.0, ""steps"": 1000}",softmax,natural,demotion,faa,1.0,3.0,3.0,q_recovery,498,5000,498,0,0.0,54,112,211,156.03413654618473,142.3372489959839,170.6430220883534,156.03413654618473,2.222222222222222,2.2222222222222223,2.2222222222222223,1.0,0,0.0,992.3955823293172,7.604417670682731,False,,,,0.06085798411907914,,156.03413654618473,142.05095381526104,170.9964357429719
e2198fccdc249794,warmup,warmup,"{""q0"": 0.0, ""steps"": 1000}",softmax,natural,demotion,faa,1.0,3.0,3.0,q_confirmation,498,5000,498,0,0.0,73,131,230,175.03413654618473,161.66691767068272,190.26631526104418,175.03413654618473,2.222222222222222,2.2222222222222223,2.2222222222222223,1.0,0,0.0,992.3955823293172,7.604417670682731,False,,,,0.06085798411907914,,156.03413654618473,142.67218875502007,169.7742469879518
e2198fccdc249794,warmup,warmup,"{""q0"": 0.0, ""steps"": 1000}",softmax,natural,promotion,clean,1.0,3.0,3.0,first_revisit,2,5000,2,0,0.0,23,23,129,76.0,23.0,129.0,76.0,0.0,0.0,0.0,0.0,0,0.0,993.0,7.0,False,,,,0.9603227913199207,,-75.0,-128.0,-22.0
e2198fccdc249794,warmup,warmup,"{""q0"": 0.0, ""steps"": 1000}",softmax,natural,promotion,clean,1.0,3.0,3.0,greedy_recovery,2,5000,2,0,0.0,0,0,0,0.0,0.0,0.0,0.0,0.0,0.0,0.0,0.0,0,0.0,993.0,7.0,False,,,,0.9603227913199207,,1.0,1.0,1.0
e2198fccdc249794,warmup,warmup,"{""q0"": 0.0, ""steps"": 1000}",softmax,natural,promotion,clean,1.0,3.0,3.0,q_recovery,2,5000,2,0,0.0,0,0,0,0.0,0.0,0.0,0.0,0.0,0.0,0.0,0.0,0,0.0,993.0,7.0,False,,,,0.9603227913199207,,33.5,23.0,44.0
e2198fccdc249794,warmup,warmup,"{""q0"": 0.0, ""steps"": 1000}",softmax,natural,promotion,clean,1.0,3.0,3.0,q_confirmation,2,5000,2,0,0.0,19,19,19,19.0,19.0,19.0,19.0,0.0,0.0,0.0,0.0,0,0.0,993.0,7.0,False,,,,0.9603227913199207,,33.5,23.0,44.0
e2198fccdc249794,warmup,warmup,"{""q0"": 0.0, ""steps"": 1000}",softmax,natural,promotion,faa,1.0,3.0,3.0,first_revisit,2,5000,2,0,0.0,1,1,1,1.0,1.0,1.0,1.0,2.2222222222222223,2.2222222222222223,2.2222222222222223,1.0,0,0.0,993.0,7.0,False,,,,0.9603227913199207,,-75.0,-128.0,-22.0
e2198fccdc249794,warmup,warmup,"{""q0"": 0.0, ""steps"": 1000}",softmax,natural,promotion,faa,1.0,3.0,3.0,greedy_recovery,2,5000,2,0,0.0,1,1,1,1.0,1.0,1.0,1.0,2.2222222222222223,2.2222222222222223,2.2222222222222223,1.0,0,0.0,993.0,7.0,False,,,,0.9603227913199207,,1.0,1.0,1.0
e2198fccdc249794,warmup,warmup,"{""q0"": 0.0, ""steps"": 1000}",softmax,natural,promotion,faa,1.0,3.0,3.0,q_recovery,2,5000,2,0,0.0,23,23,44,33.5,23.0,44.0,33.5,2.2222222222222223,2.2222222222222223,2.2222222222222223,1.0,0,0.0,993.0,7.0,False,,,,0.9603227913199207,,33.5,23.0,44.0
e2198fccdc249794,warmup,warmup,"{""q0"": 0.0, ""steps"": 1000}",softmax,natural,promotion,faa,1.0,3.0,3.0,q_confirmation,2,5000,2,0,0.0,42,42,63,52.5,42.0,63.0,52.5,2.2222222222222223,2.2222222222222223,2.2222222222222223,1.0,0,0.0,993.0,7.0,False,,,,0.9603227913199207,,33.5,23.0,44.0
e5e14bd2da281f9f,warmup,warmup,"{""q0"": 0.0, ""steps"": 0}",ucb,natural,demotion,clean,1.0,1.0,3.0,first_revisit,1,5000,1,0,0.0,2,2,2,2.0,,,2.0,0.0,0.0,0.0,0.0,0,1.0,0.0,0.0,False,,,,,,0.0,,
e5e14bd2da281f9f,warmup,warmup,"{""q0"": 0.0, ""steps"": 0}",ucb,natural,demotion,clean,1.0,1.0,3.0,greedy_recovery,1,5000,1,0,0.0,0,0,0,0.0,,,0.0,0.0,0.0,0.0,0.0,0,1.0,0.0,0.0,False,,,,,,0.0,,
e5e14bd2da281f9f,warmup,warmup,"{""q0"": 0.0, ""steps"": 0}",ucb,natural,demotion,clean,1.0,1.0,3.0,q_recovery,1,5000,1,0,0.0,2,2,2,2.0,,,2.0,0.0,0.0,0.0,0.0,0,1.0,0.0,0.0,False,,,,,,1.0,,
e5e14bd2da281f9f,warmup,warmup,"{""q0"": 0.0, ""steps"": 0}",ucb,natural,demotion,clean,1.0,1.0,3.0,q_confirmation,1,5000,1,0,0.0,21,21,21,21.0,,,21.0,0.0,0.0,0.0,0.0,0,1.0,0.0,0.0,False,,,,,,1.0,,
e5e14bd2da281f9f,warmup,warmup,"{""q0"": 0.0, ""steps"": 0}",ucb,natural,demotion,faa,1.0,1.0,3.0,first_revisit,1,5000,1,0,0.0,2,2,2,2.0,,,2.0,1.0,1.0,1.0,0.0,1,1.0,0.0,0.0,False,,,,,,0.0,,
e5e14bd2da281f9f,warmup,warmup,"{""q0"": 0.0, ""steps"": 0}",ucb,natural,demotion,faa,1.0,1.0,3.0,greedy_recovery,1,5000,1,0,0.0,0,0,0,0.0,,,0.0,1.0,1.0,1.0,0.0,1,1.0,0.0,0.0,False,,,,,,0.0,,
e5e14bd2da281f9f,warmup,warmup,"{""q0"": 0.0, ""steps"": 0}",ucb,natural,demotion,faa,1.0,1.0,3.0,q_recovery,1,5000,1,0,0.0,3,3,3,3.0,,,3.0,1.0,1.0,1.0,0.0,1,1.0,0.0,0.0,False,,,,,,1.0,,
e5e14bd2da281f9f,warmup,warmup,"{""q0"": 0.0, ""steps"": 0}",ucb,natural,demotion,faa,1.0,1.0,3.0,q_confirmation,1,5000,1,0,0.0,22,22,22,22.0,,,22.0,1.0,1.0,1.0,0.0,1,1.0,0.0,0.0,False,,,,,,1.0,,
e695ba019b493aff,warmup,warmup,"{""q0"": 0.0, ""steps"": 0}",ucb,natural,demotion,clean,0.01,1.0,3.0,first_revisit,1,5000,1,0,0.0,2,2,2,2.0,,,2.0,0.0,0.0,0.0,0.0,0,1.0,0.0,0.0,False,,,,,,0.0,,
e695ba019b493aff,warmup,warmup,"{""q0"": 0.0, ""steps"": 0}",ucb,natural,demotion,clean,0.01,1.0,3.0,greedy_recovery,1,5000,1,0,0.0,0,0,0,0.0,,,0.0,0.0,0.0,0.0,0.0,0,1.0,0.0,0.0,False,,,,,,0.0,,
e695ba019b493aff,warmup,warmup,"{""q0"": 0.0, ""steps"": 0}",ucb,natural,demotion,clean,0.01,1.0,3.0,q_recovery,1,5000,1,0,0.0,2,2,2,2.0,,,2.0,0.0,0.0,0.0,0.0,0,1.0,0.0,0.0,False,,,,,,1.0,,
e695ba019b493aff,warmup,warmup,"{""q0"": 0.0, ""steps"": 0}",ucb,natural,demotion,clean,0.01,1.0,3.0,q_confirmation,1,5000,1,0,0.0,21,21,21,21.0,,,21.0,0.0,0.0,0.0,0.0,0,1.0,0.0,0.0,False,,,,,,1.0,,
e695ba019b493aff,warmup,warmup,"{""q0"": 0.0, ""steps"": 0}",ucb,natural,demotion,faa,0.01,1.0,3.0,first_revisit,1,5000,1,0,0.0,2,2,2,2.0,,,2.0,1.0,1.0,1.0,0.0,1,1.0,0.0,0.0,False,,,,,,0.0,,
e695ba019b493aff,warmup,warmup,"{""q0"": 0.0, ""steps"": 0}",ucb,natural,demotion,faa,0.01,1.0,3.0,greedy_recovery,1,5000,1,0,0.0,0,0,0,0.0,,,0.0,1.0,1.0,1.0,0.0,1,1.0,0.0,0.0,False,,,,,,0.0,,
e695ba019b493aff,warmup,warmup,"{""q0"": 0.0, ""steps"": 0}",ucb,natural,demotion,faa,0.01,1.0,3.0,q_recovery,1,5000,1,0,0.0,3,3,3,3.0,,,3.0,1.0,1.0,1.0,0.0,1,1.0,0.0,0.0,False,,,,,,1.0,,
e695ba019b493aff,warmup,warmup,"{""q0"": 0.0, ""steps"": 0}",ucb,natural,demotion,faa,0.01,1.0,3.0,q_confirmation,1,5000,1,0,0.0,22,22,22,22.0,,,22.0,1.0,1.0,1.0,0.0,1,1.0,0.0,0.0,False,,,,,,1.0,,
e98849b888ac2c4d,warmup,warmup,"{""q0"": 0.0, ""steps"": 1000}",softmax,natural,demotion,clean,1.0,1.0,3.0,first_revisit,498,5000,498,0,0.0,1,1,1,1.0060240963855422,1.0,1.0140562248995983,1.0060240963855422,0.0,0.0,0.0,0.0,0,0.0,992.3955823293172,7.604417670682731,False,,,,0.06085798411907914,,0.6465863453815262,0.5542168674698795,0.7470381526104417
e98849b888ac2c4d,warmup,warmup,"{""q0"": 0.0, ""steps"": 1000}",softmax,natural,demotion,clean,1.0,1.0,3.0,greedy_recovery,498,5000,498,0,0.0,0,0,0,0.0,0.0,0.0,0.0,0.0,0.0,0.0,0.0,0,0.0,992.3955823293172,7.604417670682731,False,,,,0.06085798411907914,,0.0,0.0,0.0
e98849b888ac2c4d,warmup,warmup,"{""q0"": 0.0, ""steps"": 1000}",softmax,natural,demotion,clean,1.0,1.0,3.0,q_recovery,498,5000,498,0,0.0,0,0,0,0.0,0.0,0.0,0.0,0.0,0.0,0.0,0.0,0,0.0,992.3955823293172,7.604417670682731,False,,,,0.06085798411907914,,2.6606425702811247,2.568222891566265,2.757078313253012
e98849b888ac2c4d,warmup,warmup,"{""q0"": 0.0, ""steps"": 1000}",softmax,natural,demotion,clean,1.0,1.0,3.0,q_confirmation,498,5000,498,0,0.0,19,19,19,19.0,19.0,19.0,19.0,0.0,0.0,0.0,0.0,0,0.0,992.3955823293172,7.604417670682731,False,,,,0.06085798411907914,,2.6606425702811247,2.574246987951807,2.755020080321285
e98849b888ac2c4d,warmup,warmup,"{""q0"": 0.0, ""steps"": 1000}",softmax,natural,demotion,faa,1.0,1.0,3.0,first_revisit,498,5000,498,0,0.0,1,1,2,1.6526104417670682,1.5622489959839359,1.748995983935743,1.6526104417670682,1.0,1.0,1.0,0.0,498,0.0,992.3955823293172,7.604417670682731,False,,,,0.06085798411907914,,0.6465863453815262,0.5621987951807229,0.7389558232931727
e98849b888ac2c4d,warmup,warmup,"{""q0"": 0.0, ""steps"": 1000}",softmax,natural,demotion,faa,1.0,1.0,3.0,greedy_recovery,498,5000,498,0,0.0,0,0,0,0.0,0.0,0.0,0.0,1.0,1.0,1.0,0.0,498,0.0,992.3955823293172,7.604417670682731,False,,,,0.06085798411907914,,0.0,0.0,0.0
e98849b888ac2c4d,warmup,warmup,"{""q0"": 0.0, ""steps"": 1000}",softmax,natural,demotion,faa,1.0,1.0,3.0,q_recovery,498,5000,498,0,0.0,2,2,3,2.6606425702811247,2.5622489959839356,2.7510542168674696,2.6606425702811247,1.0,1.0,1.0,0.0,498,0.0,992.3955823293172,7.604417670682731,False,,,,0.06085798411907914,,2.6606425702811247,2.568222891566265,2.751004016064257
e98849b888ac2c4d,warmup,warmup,"{""q0"": 0.0, ""steps"": 1000}",softmax,natural,demotion,faa,1.0,1.0,3.0,q_confirmation,498,5000,498,0,0.0,21,21,22,21.660642570281123,21.568222891566265,21.75707831325301,21.660642570281123,1.0,1.0,1.0,0.0,498,0.0,992.3955823293172,7.604417670682731,False,,,,0.06085798411907914,,2.6606425702811247,2.572289156626506,2.7610441767068274
e98849b888ac2c4d,warmup,warmup,"{""q0"": 0.0, ""steps"": 1000}",softmax,natural,promotion,clean,1.0,1.0,3.0,first_revisit,2,5000,2,0,0.0,23,23,129,76.0,23.0,129.0,76.0,0.0,0.0,0.0,0.0,0,0.0,993.0,7.0,False,,,,0.9603227913199207,,-74.0,-126.0,-22.0
e98849b888ac2c4d,warmup,warmup,"{""q0"": 0.0, ""steps"": 1000}",softmax,natural,promotion,clean,1.0,1.0,3.0,greedy_recovery,2,5000,2,0,0.0,0,0,0,0.0,0.0,0.0,0.0,0.0,0.0,0.0,0.0,0,0.0,993.0,7.0,False,,,,0.9603227913199207,,0.0,0.0,0.0
e98849b888ac2c4d,warmup,warmup,"{""q0"": 0.0, ""steps"": 1000}",softmax,natural,promotion,clean,1.0,1.0,3.0,q_recovery,2,5000,2,0,0.0,0,0,0,0.0,0.0,0.0,0.0,0.0,0.0,0.0,0.0,0,0.0,993.0,7.0,False,,,,0.9603227913199207,,33.5,23.0,44.0
e98849b888ac2c4d,warmup,warmup,"{""q0"": 0.0, ""steps"": 1000}",softmax,natural,promotion,clean,1.0,1.0,3.0,q_confirmation,2,5000,2,0,0.0,19,19,19,19.0,19.0,19.0,19.0,0.0,0.0,0.0,0.0,0,0.0,993.0,7.0,False,,,,0.9603227913199207,,33.5,23.0,44.0
e98849b888ac2c4d,warmup,warmup,"{""q0"": 0.0, ""steps"": 1000}",softmax,natural,promotion,faa,1.0,1.0,3.0,first_revisit,2,5000,2,0,0.0,1,1,3,2.0,1.0,3.0,2.0,1.0,1.0,1.0,0.0,2,0.0,993.0,7.0,False,,,,0.9603227913199207,,-74.0,-126.0,-22.0
e98849b888ac2c4d,warmup,warmup,"{""q0"": 0.0, ""steps"": 1000}",softmax,natural,promotion,faa,1.0,1.0,3.0,greedy_recovery,2,5000,2,0,0.0,0,0,0,0.0,0.0,0.0,0.0,1.0,1.0,1.0,0.0,2,0.0,993.0,7.0,False,,,,0.9603227913199207,,0.0,0.0,0.0
e98849b888ac2c4d,warmup,warmup,"{""q0"": 0.0, ""steps"": 1000}",softmax,natural,promotion,faa,1.0,1.0,3.0,q_recovery,2,5000,2,0,0.0,23,23,44,33.5,23.0,44.0,33.5,1.0,1.0,1.0,0.0,2,0.0,993.0,7.0,False,,,,0.9603227913199207,,33.5,23.0,44.0
e98849b888ac2c4d,warmup,warmup,"{""q0"": 0.0, ""steps"": 1000}",softmax,natural,promotion,faa,1.0,1.0,3.0,q_confirmation,2,5000,2,0,0.0,42,42,63,52.5,42.0,63.0,52.5,1.0,1.0,1.0,0.0,2,0.0,993.0,7.0,False,,,,0.9603227913199207,,33.5,23.0,44.0
e9c2a0215e365e59,warmup,warmup,"{""q0"": 0.0, ""steps"": 0}",softmax,natural,demotion,clean,1.0,3.0,3.0,first_revisit,236,5000,236,0,0.0,1,1,1,1.0169491525423728,1.0042372881355932,1.0338983050847457,1.0169491525423728,0.0,0.0,0.0,0.0,0,1.0,0.0,0.0,False,,,,0.08840487866783873,,157.46186440677965,139.3154661016949,176.44194915254238
e9c2a0215e365e59,warmup,warmup,"{""q0"": 0.0, ""steps"": 0}",softmax,natural,demotion,clean,1.0,3.0,3.0,greedy_recovery,236,5000,236,0,0.0,0,0,0,0.0,0.0,0.0,0.0,0.0,0.0,0.0,0.0,0,1.0,0.0,0.0,False,,,,0.08840487866783873,,158.47881355932202,139.79014830508476,177.47224576271188
e9c2a0215e365e59,warmup,warmup,"{""q0"": 0.0, ""steps"": 0}",softmax,natural,demotion,clean,1.0,3.0,3.0,q_recovery,236,5000,236,0,0.0,1,1,1,1.0169491525423728,1.0042372881355932,1.0338983050847457,1.0169491525423728,0.0,0.0,0.0,0.0,0,1.0,0.0,0.0,False,,,,0.08840487866783873,,158.4915254237288,140.18177966101695,178.44279661016947
e9c2a0215e365e59,warmup,warmup,"{""q0"": 0.0, ""steps"": 0}",softmax,natural,demotion,clean,1.0,3.0,3.0,q_confirmation,236,5000,236,0,0.0,20,20,20,20.016949152542374,20.00423728813559,20.033898305084747,20.016949152542374,0.0,0.0,0.0,0.0,0,1.0,0.0,0.0,False,,,,0.08840487866783873,,158.4915254237288,139.60370762711864,178.91631355932205
e9c2a0215e365e59,warmup,warmup,"{""q0"": 0.0, ""steps"": 0}",softmax,natural,demotion,faa,1.0,3.0,3.0,first_revisit,236,5000,236,0,0.0,53,108,216,158.47881355932202,140.80868644067795,177.22987288135593,158.47881355932202,2.1111111111111107,2.111111111111111,2.111111111111111,1.0,0,1.0,0.0,0.0,False,,,,0.08840487866783873,,157.46186440677965,139.81514830508476,176.4436440677966
e9c2a0215e365e59,warmup,warmup,"{""q0"": 0.0, ""steps"": 0}",softmax,natural,demotion,faa,1.0,3.0,3.0,greedy_recovery,236,5000,236,0,0.0,53,108,216,158.47881355932202,139.2113347457627,177.72097457627117,158.47881355932202,2.1111111111111107,2.111111111111111,2.111111111111111,1.0,0,1.0,0.0,0.0,False,,,,0.08840487866783873,,158.47881355932202,140.48379237288137,178.05963983050847
e9c2a0215e365e59,warmup,warmup,"{""q0"": 0.0, ""steps"": 0}",softmax,natural,demotion,faa,1.0,3.0,3.0,q_recovery,236,5000,236,0,0.0,54,109,217,159.5084745762712,140.01822033898307,179.15391949152541,159.5084745762712,2.1111111111111107,2.111111111111111,2.111111111111111,1.0,0,1.0,0.0,0.0,False,,,,0.08840487866783873,,158.4915254237288,140.40444915254236,178.52118644067795
e9c2a0215e365e59,warmup,warmup,"{""q0"": 0.0, ""steps"": 0}",softmax,natural,demotion,faa,1.0,3.0,3.0,q_confirmation,236,5000,236,0,0.0,73,128,236,178.5084745762712,159.14311440677966,197.90466101694912,178.5084745762712,2.1111111111111107,2.111111111111111,2.111111111111111,1.0,0,1.0,0.0,0.0,False,,,,0.08840487866783873,,158.4915254237288,140.62118644067797,178.4896186440678
e9c2a0215e365e59,warmup,warmup,"{""q0"": 0.0, ""steps"": 0}",softmax,natural,promotion,clean,1.0,3.0,3.0,first_revisit,264,5000,264,0,0.0,1,1,95,78.87878787878788,61.363352272727276,99.04195075757576,78.87878787878788,0.0,0.0,0.0,0.0,0,1.0,0.0,0.0,False,,,,0.08358537023690228,,-77.86742424242425,-97.88276515151514,-59.668087121212125
e9c2a0215e365e59,warmup,warmup,"{""q0"": 0.0, ""steps"": 0}",softmax,natural,promotion,clean,1.0,3.0,3.0,greedy_recovery,264,5000,264,0,0.0,0,0,0,0.0,0.0,0.0,0.0,0.0,0.0,0.0,0.0,0,1.0,0.0,0.0,False,,,,0.08358537023690228,,3.272727272727273,3.090909090909091,3.4545454545454546
e9c2a0215e365e59,warmup,warmup,"{""q0"": 0.0, ""steps"": 0}",softmax,natural,promotion,clean,1.0,3.0,3.0,q_recovery,264,5000,264,0,0.0,2,3,4,3.143939393939394,2.965909090909091,3.356155303030303,3.143939393939394,0.0,0.0,0.0,0.0,0,1.0,0.0,0.0,False,,,,0.08358537023690228,,32.84090909090909,25.92320075757576,40.811458333333334
e9c2a0215e365e59,warmup,warmup,"{""q0"": 0.0, ""steps"": 0}",softmax,natural,promotion,clean,1.0,3.0,3.0,q_confirmation,264,5000,264,0,0.0,21,22,23,22.143939393939394,21.96969696969697,22.321969696969695,22.143939393939394,0.0,0.0,0.0,0.0,0,1.0,0.0,0.0,False,,,,0.08358537023690228,,32.84090909090909,24.849431818181817,41.60378787878788
e9c2a0215e365e59,warmup,warmup,"{""q0"": 0.0, ""steps"": 0}",softmax,natural,promotion,faa,1.0,3.0,3.0,first_revisit,264,5000,264,0,0.0,1,1,1,1.0113636363636365,1.0,1.0340909090909092,1.0113636363636365,1.1111111111111107,1.1111111111111112,1.1111111111111112,1.0,0,1.0,0.0,0.0,False,,,,0.08358537023690228,,-77.86742424242425,-97.60208333333333,-60.66912878787879
e9c2a0215e365e59,warmup,warmup,"{""q0"": 0.0, ""steps"": 0}",softmax,natural,promotion,faa,1.0,3.0,3.0,greedy_recovery,264,5000,264,0,0.0,2,3,4,3.272727272727273,3.0984848484848486,3.4545454545454546,3.272727272727273,1.1111111111111107,1.1111111111111112,1.1111111111111112,1.0,0,1.0,0.0,0.0,False,,,,0.08358537023690228,,3.272727272727273,3.090814393939394,3.446969696969697
e9c2a0215e365e59,warmup,warmup,"{""q0"": 0.0, ""steps"": 0}",softmax,natural,promotion,faa,1.0,3.0,3.0,q_recovery,264,5000,264,0,0.0,4,6,39,35.984848484848484,28.13721590909091,45.250473484848484,35.984848484848484,1.1111111111111107,1.1111111111111112,1.1111111111111112,1.0,0,1.0,0.0,0.0,False,,,,0.08358537023690228,,32.84090909090909,25.17291666666667,41.56458333333333
e9c2a0215e365e59,warmup,warmup,"{""q0"": 0.0, ""steps"": 0}",softmax,natural,promotion,faa,1.0,3.0,3.0,q_confirmation,264,5000,264,0,0.0,23,25,58,54.984848484848484,47.487215909090914,63.0560606060606,54.984848484848484,1.1111111111111107,1.1111111111111112,1.1111111111111112,1.0,0,1.0,0.0,0.0,False,,,,0.08358537023690228,,32.84090909090909,25.039488636363636,41.61051136363636
ea256f726b04d316,warmup,warmup,"{""q0"": 0.0, ""steps"": 1000}",softmax,natural,demotion,clean,0.01,1.0,3.0,first_revisit,498,5000,498,0,0.0,1,1,1,1.0060240963855422,1.0,1.0120481927710843,1.0060240963855422,0.0,0.0,0.0,0.0,0,0.0,992.3955823293172,7.604417670682731,False,,,,0.06085798411907914,,0.6465863453815262,0.5582329317269076,0.7469879518072289
ea256f726b04d316,warmup,warmup,"{""q0"": 0.0, ""steps"": 1000}",softmax,natural,demotion,clean,0.01,1.0,3.0,greedy_recovery,498,5000,498,0,0.0,0,0,0,0.0,0.0,0.0,0.0,0.0,0.0,0.0,0.0,0,0.0,992.3955823293172,7.604417670682731,False,,,,0.06085798411907914,,0.0,0.0,0.0
ea256f726b04d316,warmup,warmup,"{""q0"": 0.0, ""steps"": 1000}",softmax,natural,demotion,clean,0.01,1.0,3.0,q_recovery,498,5000,498,0,0.0,0,0,0,0.0,0.0,0.0,0.0,0.0,0.0,0.0,0.0,0,0.0,992.3955823293172,7.604417670682731,False,,,,0.06085798411907914,,2.6606425702811247,2.5601907630522085,2.7590361445783134
ea256f726b04d316,warmup,warmup,"{""q0"": 0.0, ""steps"": 1000}",softmax,natural,demotion,clean,0.01,1.0,3.0,q_confirmation,498,5000,498,0,0.0,19,19,19,19.0,19.0,19.0,19.0,0.0,0.0,0.0,0.0,0,0.0,992.3955823293172,7.604417670682731,False,,,,0.06085798411907914,,2.6606425702811247,2.572289156626506,2.757078313253012
ea256f726b04d316,warmup,warmup,"{""q0"": 0.0, ""steps"": 1000}",softmax,natural,demotion,faa,0.01,1.0,3.0,first_revisit,498,5000,498,0,0.0,1,1,2,1.6526104417670682,1.566214859437751,1.7450301204819276,1.6526104417670682,1.0,1.0,1.0,0.0,498,0.0,992.3955823293172,7.604417670682731,False,,,,0.06085798411907914,,0.6465863453815262,0.5642570281124498,0.7390060240963855
ea256f726b04d316,warmup,warmup,"{""q0"": 0.0, ""steps"": 1000}",softmax,natural,demotion,faa,0.01,1.0,3.0,greedy_recovery,498,5000,498,0,0.0,0,0,0,0.0,0.0,0.0,0.0,1.0,1.0,1.0,0.0,498,0.0,992.3955823293172,7.604417670682731,False,,,,0.06085798411907914,,0.0,0.0,0.0
ea256f726b04d316,warmup,warmup,"{""q0"": 0.0, ""steps"": 1000}",softmax,natural,demotion,faa,0.01,1.0,3.0,q_recovery,498,5000,498,0,0.0,2,2,3,2.6606425702811247,2.570281124497992,2.751004016064257,2.6606425702811247,1.0,1.0,1.0,0.0,498,0.0,992.3955823293172,7.604417670682731,False,,,,0.06085798411907914,,2.6606425702811247,2.5642570281124497,2.7590361445783134
ea256f726b04d316,warmup,warmup,"{""q0"": 0.0, ""steps"": 1000}",softmax,natural,demotion,faa,0.01,1.0,3.0,q_confirmation,498,5000,498,0,0.0,21,21,22,21.660642570281123,21.566265060240966,21.751004016064257,21.660642570281123,1.0,1.0,1.0,0.0,498,0.0,992.3955823293172,7.604417670682731,False,,,,0.06085798411907914,,2.6606425702811247,2.572238955823293,2.755070281124498
ea256f726b04d316,warmup,warmup,"{""q0"": 0.0, ""steps"": 1000}",softmax,natural,promotion,clean,0.01,1.0,3.0,first_revisit,2,5000,2,0,0.0,23,23,129,76.0,23.0,129.0,76.0,0.0,0.0,0.0,0.0,0,0.0,993.0,7.0,False,,,,0.9603227913199207,,-74.0,-126.0,-22.0
ea256f726b04d316,warmup,warmup,"{""q0"": 0.0, ""steps"": 1000}",softmax,natural,promotion,clean,0.01,1.0,3.0,greedy_recovery,2,5000,2,0,0.0,0,0,0,0.0,0.0,0.0,0.0,0.0,0.0,0.0,0.0,0,0.0,993.0,7.0,False,,,,0.9603227913199207,,0.0,0.0,0.0
ea256f726b04d316,warmup,warmup,"{""q0"": 0.0, ""steps"": 1000}",softmax,natural,promotion,clean,0.01,1.0,3.0,q_recovery,2,5000,2,0,0.0,0,0,0,0.0,0.0,0.0,0.0,0.0,0.0,0.0,0.0,0,0.0,993.0,7.0,False,,,,0.9603227913199207,,33.5,23.0,44.0
ea256f726b04d316,warmup,warmup,"{""q0"": 0.0, ""steps"": 1000}",softmax,natural,promotion,clean,0.01,1.0,3.0,q_confirmation,2,5000,2,0,0.0,19,19,19,19.0,19.0,19.0,19.0,0.0,0.0,0.0,0.0,0,0.0,993.0,7.0,False,,,,0.9603227913199207,,33.5,23.0,44.0
ea256f726b04d316,warmup,warmup,"{""q0"": 0.0, ""steps"": 1000}",softmax,natural,promotion,faa,0.01,1.0,3.0,first_revisit,2,5000,2,0,0.0,1,1,3,2.0,1.0,3.0,2.0,1.0,1.0,1.0,0.0,2,0.0,993.0,7.0,False,,,,0.9603227913199207,,-74.0,-126.0,-22.0
ea256f726b04d316,warmup,warmup,"{""q0"": 0.0, ""steps"": 1000}",softmax,natural,promotion,faa,0.01,1.0,3.0,greedy_recovery,2,5000,2,0,0.0,0,0,0,0.0,0.0,0.0,0.0,1.0,1.0,1.0,0.0,2,0.0,993.0,7.0,False,,,,0.9603227913199207,,0.0,0.0,0.0
ea256f726b04d316,warmup,warmup,"{""q0"": 0.0, ""steps"": 1000}",softmax,natural,promotion,faa,0.01,1.0,3.0,q_recovery,2,5000,2,0,0.0,23,23,44,33.5,23.0,44.0,33.5,1.0,1.0,1.0,0.0,2,0.0,993.0,7.0,False,,,,0.9603227913199207,,33.5,23.0,44.0
ea256f726b04d316,warmup,warmup,"{""q0"": 0.0, ""steps"": 1000}",softmax,natural,promotion,faa,0.01,1.0,3.0,q_confirmation,2,5000,2,0,0.0,42,42,63,52.5,42.0,63.0,52.5,1.0,1.0,1.0,0.0,2,0.0,993.0,7.0,False,,,,0.9603227913199207,,33.5,23.0,44.0
ea3bcd17f1ada7d1,warmup,warmup,"{""q0"": 0.0, ""steps"": 100}",epsilon_greedy,natural,demotion,clean,0.01,1.0,3.0,first_revisit,474,5000,474,0,0.0,1,1,1,1.0506329113924051,1.029535864978903,1.0696202531645569,1.0506329113924051,0.0,0.0,0.0,0.0,0,0.0,94.98101265822785,5.018987341772152,False,,,,0.062379668585708294,,0.0,0.0,0.0
ea3bcd17f1ada7d1,warmup,warmup,"{""q0"": 0.0, ""steps"": 100}",epsilon_greedy,natural,demotion,clean,0.01,1.0,3.0,greedy_recovery,474,5000,474,0,0.0,0,0,0,0.0,0.0,0.0,0.0,0.0,0.0,0.0,0.0,0,0.0,94.98101265822785,5.018987341772152,False,,,,0.062379668585708294,,0.0,0.0,0.0
ea3bcd17f1ada7d1,warmup,warmup,"{""q0"": 0.0, ""steps"": 100}",epsilon_greedy,natural,demotion,clean,0.01,1.0,3.0,q_recovery,474,5000,474,0,0.0,0,0,0,0.0,0.0,0.0,0.0,0.0,0.0,0.0,0.0,0,0.0,94.98101265822785,5.018987341772152,False,,,,0.062379668585708294,,2.1139240506329116,2.086497890295359,2.1455696202531644
ea3bcd17f1ada7d1,warmup,warmup,"{""q0"": 0.0, ""steps"": 100}",epsilon_greedy,natural,demotion,clean,0.01,1.0,3.0,q_confirmation,474,5000,474,0,0.0,19,19,19,19.0,19.0,19.0,19.0,0.0,0.0,0.0,0.0,0,0.0,94.98101265822785,5.018987341772152,False,,,,0.062379668585708294,,2.1139240506329116,2.086497890295359,2.1455696202531644
ea3bcd17f1ada7d1,warmup,warmup,"{""q0"": 0.0, ""steps"": 100}",epsilon_greedy,natural,demotion,faa,0.01,1.0,3.0,first_revisit,474,5000,474,0,0.0,1,1,1,1.0506329113924051,1.029535864978903,1.0717299578059072,1.0506329113924051,1.0,1.0,1.0,0.0,474,0.0,94.98101265822785,5.018987341772152,False,,,,0.062379668585708294,,0.0,0.0,0.0
ea3bcd17f1ada7d1,warmup,warmup,"{""q0"": 0.0, ""steps"": 100}",epsilon_greedy,natural,demotion,faa,0.01,1.0,3.0,greedy_recovery,474,5000,474,0,0.0,0,0,0,0.0,0.0,0.0,0.0,1.0,1.0,1.0,0.0,474,0.0,94.98101265822785,5.018987341772152,False,,,,0.062379668585708294,,0.0,0.0,0.0
ea3bcd17f1ada7d1,warmup,warmup,"{""q0"": 0.0, ""steps"": 100}",epsilon_greedy,natural,demotion,faa,0.01,1.0,3.0,q_recovery,474,5000,474,0,0.0,2,2,2,2.1139240506329116,2.086445147679325,2.1455696202531644,2.1139240506329116,1.0,1.0,1.0,0.0,474,0.0,94.98101265822785,5.018987341772152,False,,,,0.062379668585708294,,2.1139240506329116,2.086445147679325,2.143512658227848
ea3bcd17f1ada7d1,warmup,warmup,"{""q0"": 0.0, ""steps"": 100}",epsilon_greedy,natural,demotion,faa,0.01,1.0,3.0,q_confirmation,474,5000,474,0,0.0,21,21,21,21.11392405063291,21.08438818565401,21.145569620253166,21.11392405063291,1.0,1.0,1.0,0.0,474,0.0,94.98101265822785,5.018987341772152,False,,,,0.062379668585708294,,2.1139240506329116,2.0843881856540083,2.1434599156118144
ea3bcd17f1ada7d1,warmup,warmup,"{""q0"": 0.0, ""steps"": 100}",epsilon_greedy,natural,promotion,clean,0.01,1.0,3.0,first_revisit,26,5000,26,0,0.0,6,12,32,20.73076923076923,14.30673076923077,27.423076923076923,20.73076923076923,0.0,0.0,0.0,0.0,0,0.0,94.07692307692308,5.923076923076923,False,,,,0.26634562039235987,,0.0,0.0,0.0
ea3bcd17f1ada7d1,warmup,warmup,"{""q0"": 0.0, ""steps"": 100}",epsilon_greedy,natural,promotion,clean,0.01,1.0,3.0,greedy_recovery,26,5000,26,0,0.0,0,0,0,0.0,0.0,0.0,0.0,0.0,0.0,0.0,0.0,0,0.0,94.07692307692308,5.923076923076923,False,,,,0.26634562039235987,,0.0,0.0,0.0
ea3bcd17f1ada7d1,warmup,warmup,"{""q0"": 0.0, ""steps"": 100}",epsilon_greedy,natural,promotion,clean,0.01,1.0,3.0,q_recovery,26,5000,26,0,0.0,0,0,0,0.0,0.0,0.0,0.0,0.0,0.0,0.0,0.0,0,0.0,94.07692307692308,5.923076923076923,False,,,,0.26634562039235987,,40.80769230769231,30.190384615384616,52.19711538461538
ea3bcd17f1ada7d1,warmup,warmup,"{""q0"": 0.0, ""steps"": 100}",epsilon_greedy,natural,promotion,clean,0.01,1.0,3.0,q_confirmation,26,5000,26,0,0.0,19,19,19,19.0,19.0,19.0,19.0,0.0,0.0,0.0,0.0,0,0.0,94.07692307692308,5.923076923076923,False,,,,0.26634562039235987,,40.80769230769231,30.30576923076923,51.888461538461534
ea3bcd17f1ada7d1,warmup,warmup,"{""q0"": 0.0, ""steps"": 100}",epsilon_greedy,natural,promotion,faa,0.01,1.0,3.0,first_revisit,26,5000,26,0,0.0,6,12,32,20.73076923076923,14.152884615384615,27.887499999999996,20.73076923076923,1.0,1.0,1.0,0.0,26,0.0,94.07692307692308,5.923076923076923,False,,,,0.26634562039235987,,0.0,0.0,0.0
ea3bcd17f1ada7d1,warmup,warmup,"{""q0"": 0.0, ""steps"": 100}",epsilon_greedy,natural,promotion,faa,0.01,1.0,3.0,greedy_recovery,26,5000,26,0,0.0,0,0,0,0.0,0.0,0.0,0.0,1.0,1.0,1.0,0.0,26,0.0,94.07692307692308,5.923076923076923,False,,,,0.26634562039235987,,0.0,0.0,0.0
ea3bcd17f1ada7d1,warmup,warmup,"{""q0"": 0.0, ""steps"": 100}",epsilon_greedy,natural,promotion,faa,0.01,1.0,3.0,q_recovery,26,5000,26,0,0.0,15,37,59,40.80769230769231,30.384615384615383,51.309615384615384,40.80769230769231,1.0,1.0,1.0,0.0,26,0.0,94.07692307692308,5.923076923076923,False,,,,0.26634562039235987,,40.80769230769231,30.845192307692308,52.11634615384615
ea3bcd17f1ada7d1,warmup,warmup,"{""q0"": 0.0, ""steps"": 100}",epsilon_greedy,natural,promotion,faa,0.01,1.0,3.0,q_confirmation,26,5000,26,0,0.0,34,56,78,59.80769230769231,49.84519230769231,70.1201923076923,59.80769230769231,1.0,1.0,1.0,0.0,26,0.0,94.07692307692308,5.923076923076923,False,,,,0.26634562039235987,,40.80769230769231,30.495192307692307,51.42403846153846
ecc6cfd6c0f8d193,warmup,warmup,"{""q0"": 0.0, ""steps"": 100}",softmax,natural,demotion,clean,1.0,1.0,3.0,first_revisit,498,5000,498,0,0.0,1,1,1,1.0060240963855422,1.0,1.0140562248995983,1.0060240963855422,0.0,0.0,0.0,0.0,0,0.0,98.37951807228916,1.6204819277108433,False,,,,0.06085798411907914,,0.6465863453815262,0.5562248995983936,0.7349899598393574
ecc6cfd6c0f8d193,warmup,warmup,"{""q0"": 0.0, ""steps"": 100}",softmax,natural,demotion,clean,1.0,1.0,3.0,greedy_recovery,498,5000,498,0,0.0,0,0,0,0.0,0.0,0.0,0.0,0.0,0.0,0.0,0.0,0,0.0,98.37951807228916,1.6204819277108433,False,,,,0.06085798411907914,,0.0,0.0,0.0
ecc6cfd6c0f8d193,warmup,warmup,"{""q0"": 0.0, ""steps"": 100}",softmax,natural,demotion,clean,1.0,1.0,3.0,q_recovery,498,5000,498,0,0.0,0,0,0,0.0,0.0,0.0,0.0,0.0,0.0,0.0,0.0,0,0.0,98.37951807228916,1.6204819277108433,False,,,,0.06085798411907914,,2.6606425702811247,2.57429718875502,2.759086345381526
ecc6cfd6c0f8d193,warmup,warmup,"{""q0"": 0.0, ""steps"": 100}",softmax,natural,demotion,clean,1.0,1.0,3.0,q_confirmation,498,5000,498,0,0.0,19,19,19,19.0,19.0,19.0,19.0,0.0,0.0,0.0,0.0,0,0.0,98.37951807228916,1.6204819277108433,False,,,,0.06085798411907914,,2.6606425702811247,2.570281124497992,2.76109437751004
ecc6cfd6c0f8d193,warmup,warmup,"{""q0"": 0.0, ""steps"": 100}",softmax,natural,demotion,faa,1.0,1.0,3.0,first_revisit,498,5000,498,0,0.0,1,1,2,1.6526104417670682,1.560190763052209,1.7409638554216869,1.6526104417670682,1.0,1.0,1.0,0.0,498,0.0,98.37951807228916,1.6204819277108433,False,,,,0.06085798411907914,,0.6465863453815262,0.5602409638554217,0.7329317269076305
ecc6cfd6c0f8d193,warmup,warmup,"{""q0"": 0.0, ""steps"": 100}",softmax,natural,demotion,faa,1.0,1.0,3.0,greedy_recovery,498,5000,498,0,0.0,0,0,0,0.0,0.0,0.0,0.0,1.0,1.0,1.0,0.0,498,0.0,98.37951807228916,1.6204819277108433,False,,,,0.06085798411907914,,0.0,0.0,0.0
ecc6cfd6c0f8d193,warmup,warmup,"{""q0"": 0.0, ""steps"": 100}",softmax,natural,demotion,faa,1.0,1.0,3.0,q_recovery,498,5000,498,0,0.0,2,2,3,2.6606425702811247,2.5642570281124497,2.759086345381526,2.6606425702811247,1.0,1.0,1.0,0.0,498,0.0,98.37951807228916,1.6204819277108433,False,,,,0.06085798411907914,,2.6606425702811247,2.5802710843373493,2.753012048192771
ecc6cfd6c0f8d193,warmup,warmup,"{""q0"": 0.0, ""steps"": 100}",softmax,natural,demotion,faa,1.0,1.0,3.0,q_confirmation,498,5000,498,0,0.0,21,21,22,21.660642570281123,21.566265060240966,21.751004016064257,21.660642570281123,1.0,1.0,1.0,0.0,498,0.0,98.37951807228916,1.6204819277108433,False,,,,0.06085798411907914,,2.6606425702811247,2.574246987951807,2.76109437751004
ecc6cfd6c0f8d193,warmup,warmup,"{""q0"": 0.0, ""steps"": 100}",softmax,natural,promotion,clean,1.0,1.0,3.0,first_revisit,2,5000,2,0,0.0,23,23,129,76.0,23.0,129.0,76.0,0.0,0.0,0.0,0.0,0,0.0,98.0,2.0,False,,,,0.9603227913199207,,-74.0,-126.0,-22.0
ecc6cfd6c0f8d193,warmup,warmup,"{""q0"": 0.0, ""steps"": 100}",softmax,natural,promotion,clean,1.0,1.0,3.0,greedy_recovery,2,5000,2,0,0.0,0,0,0,0.0,0.0,0.0,0.0,0.0,0.0,0.0,0.0,0,0.0,98.0,2.0,False,,,,0.9603227913199207,,0.0,0.0,0.0
ecc6cfd6c0f8d193,warmup,warmup,"{""q0"": 0.0, ""steps"": 100}",softmax,natural,promotion,clean,1.0,1.0,3.0,q_recovery,2,5000,2,0,0.0,0,0,0,0.0,0.0,0.0,0.0,0.0,0.0,0.0,0.0,0,0.0,98.0,2.0,False,,,,0.9603227913199207,,33.5,23.0,44.0
ecc6cfd6c0f8d193,warmup,warmup,"{""q0"": 0.0, ""steps"": 100}",softmax,natural,promotion,clean,1.0,1.0,3.0,q_confirmation,2,5000,2,0,0.0,19,19,19,19.0,19.0,19.0,19.0,0.0,0.0,0.0,0.0,0,0.0,98.0,2.0,False,,,,0.9603227913199207,,33.5,23.0,44.0
ecc6cfd6c0f8d193,warmup,warmup,"{""q0"": 0.0, ""steps"": 100}",softmax,natural,promotion,faa,1.0,1.0,3.0,first_revisit,2,5000,2,0,0.0,1,1,3,2.0,1.0,3.0,2.0,1.0,1.0,1.0,0.0,2,0.0,98.0,2.0,False,,,,0.9603227913199207,,-74.0,-126.0,-22.0
ecc6cfd6c0f8d193,warmup,warmup,"{""q0"": 0.0, ""steps"": 100}",softmax,natural,promotion,faa,1.0,1.0,3.0,greedy_recovery,2,5000,2,0,0.0,0,0,0,0.0,0.0,0.0,0.0,1.0,1.0,1.0,0.0,2,0.0,98.0,2.0,False,,,,0.9603227913199207,,0.0,0.0,0.0
ecc6cfd6c0f8d193,warmup,warmup,"{""q0"": 0.0, ""steps"": 100}",softmax,natural,promotion,faa,1.0,1.0,3.0,q_recovery,2,5000,2,0,0.0,23,23,44,33.5,23.0,44.0,33.5,1.0,1.0,1.0,0.0,2,0.0,98.0,2.0,False,,,,0.9603227913199207,,33.5,23.0,44.0
ecc6cfd6c0f8d193,warmup,warmup,"{""q0"": 0.0, ""steps"": 100}",softmax,natural,promotion,faa,1.0,1.0,3.0,q_confirmation,2,5000,2,0,0.0,42,42,63,52.5,42.0,63.0,52.5,1.0,1.0,1.0,0.0,2,0.0,98.0,2.0,False,,,,0.9603227913199207,,33.5,23.0,44.0
f4bc980ba223c376,warmup,warmup,"{""q0"": 0.0, ""steps"": 10000}",softmax,natural,demotion,clean,0.01,1.0,3.0,first_revisit,498,5000,498,0,0.0,1,1,1,1.0060240963855422,1.0,1.0140562248995983,1.0060240963855422,0.0,0.0,0.0,0.0,0,0.0,9932.273092369478,67.72690763052209,False,,,,0.06085798411907914,,0.6465863453815262,0.5582329317269076,0.7369477911646586
f4bc980ba223c376,warmup,warmup,"{""q0"": 0.0, ""steps"": 10000}",softmax,natural,demotion,clean,0.01,1.0,3.0,greedy_recovery,498,5000,498,0,0.0,0,0,0,0.0,0.0,0.0,0.0,0.0,0.0,0.0,0.0,0,0.0,9932.273092369478,67.72690763052209,False,,,,0.06085798411907914,,0.0,0.0,0.0
f4bc980ba223c376,warmup,warmup,"{""q0"": 0.0, ""steps"": 10000}",softmax,natural,demotion,clean,0.01,1.0,3.0,q_recovery,498,5000,498,0,0.0,0,0,0,0.0,0.0,0.0,0.0,0.0,0.0,0.0,0.0,0,0.0,9932.273092369478,67.72690763052209,False,,,,0.06085798411907914,,2.6606425702811247,2.574246987951807,2.7530622489959837
f4bc980ba223c376,warmup,warmup,"{""q0"": 0.0, ""steps"": 10000}",softmax,natural,demotion,clean,0.01,1.0,3.0,q_confirmation,498,5000,498,0,0.0,19,19,19,19.0,19.0,19.0,19.0,0.0,0.0,0.0,0.0,0,0.0,9932.273092369478,67.72690763052209,False,,,,0.06085798411907914,,2.6606425702811247,2.572289156626506,2.753012048192771
f4bc980ba223c376,warmup,warmup,"{""q0"": 0.0, ""steps"": 10000}",softmax,natural,demotion,faa,0.01,1.0,3.0,first_revisit,498,5000,498,0,0.0,1,1,2,1.6526104417670682,1.5642570281124497,1.7449799196787148,1.6526104417670682,1.0,1.0,1.0,0.0,498,0.0,9932.273092369478,67.72690763052209,False,,,,0.06085798411907914,,0.6465863453815262,0.5542168674698795,0.7429718875502008
f4bc980ba223c376,warmup,warmup,"{""q0"": 0.0, ""steps"": 10000}",softmax,natural,demotion,faa,0.01,1.0,3.0,greedy_recovery,498,5000,498,0,0.0,0,0,0,0.0,0.0,0.0,0.0,1.0,1.0,1.0,0.0,498,0.0,9932.273092369478,67.72690763052209,False,,,,0.06085798411907914,,0.0,0.0,0.0
f4bc980ba223c376,warmup,warmup,"{""q0"": 0.0, ""steps"": 10000}",softmax,natural,demotion,faa,0.01,1.0,3.0,q_recovery,498,5000,498,0,0.0,2,2,3,2.6606425702811247,2.570230923694779,2.7530622489959837,2.6606425702811247,1.0,1.0,1.0,0.0,498,0.0,9932.273092369478,67.72690763052209,False,,,,0.06085798411907914,,2.6606425702811247,2.570281124497992,2.7630522088353415
f4bc980ba223c376,warmup,warmup,"{""q0"": 0.0, ""steps"": 10000}",softmax,natural,demotion,faa,0.01,1.0,3.0,q_confirmation,498,5000,498,0,0.0,21,21,22,21.660642570281123,21.56425702811245,21.759036144578314,21.660642570281123,1.0,1.0,1.0,0.0,498,0.0,9932.273092369478,67.72690763052209,False,,,,0.06085798411907914,,2.6606425702811247,2.566265060240964,2.755020080321285
f4bc980ba223c376,warmup,warmup,"{""q0"": 0.0, ""steps"": 10000}",softmax,natural,promotion,clean,0.01,1.0,3.0,first_revisit,2,5000,2,0,0.0,23,23,129,76.0,23.0,129.0,76.0,0.0,0.0,0.0,0.0,0,0.0,9930.5,69.5,False,,,,0.9603227913199207,,-74.0,-126.0,-22.0
f4bc980ba223c376,warmup,warmup,"{""q0"": 0.0, ""steps"": 10000}",softmax,natural,promotion,clean,0.01,1.0,3.0,greedy_recovery,2,5000,2,0,0.0,0,0,0,0.0,0.0,0.0,0.0,0.0,0.0,0.0,0.0,0,0.0,9930.5,69.5,False,,,,0.9603227913199207,,0.0,0.0,0.0
f4bc980ba223c376,warmup,warmup,"{""q0"": 0.0, ""steps"": 10000}",softmax,natural,promotion,clean,0.01,1.0,3.0,q_recovery,2,5000,2,0,0.0,0,0,0,0.0,0.0,0.0,0.0,0.0,0.0,0.0,0.0,0,0.0,9930.5,69.5,False,,,,0.9603227913199207,,33.5,23.0,44.0
f4bc980ba223c376,warmup,warmup,"{""q0"": 0.0, ""steps"": 10000}",softmax,natural,promotion,clean,0.01,1.0,3.0,q_confirmation,2,5000,2,0,0.0,19,19,19,19.0,19.0,19.0,19.0,0.0,0.0,0.0,0.0,0,0.0,9930.5,69.5,False,,,,0.9603227913199207,,33.5,23.0,44.0
f4bc980ba223c376,warmup,warmup,"{""q0"": 0.0, ""steps"": 10000}",softmax,natural,promotion,faa,0.01,1.0,3.0,first_revisit,2,5000,2,0,0.0,1,1,3,2.0,1.0,3.0,2.0,1.0,1.0,1.0,0.0,2,0.0,9930.5,69.5,False,,,,0.9603227913199207,,-74.0,-126.0,-22.0
f4bc980ba223c376,warmup,warmup,"{""q0"": 0.0, ""steps"": 10000}",softmax,natural,promotion,faa,0.01,1.0,3.0,greedy_recovery,2,5000,2,0,0.0,0,0,0,0.0,0.0,0.0,0.0,1.0,1.0,1.0,0.0,2,0.0,9930.5,69.5,False,,,,0.9603227913199207,,0.0,0.0,0.0
f4bc980ba223c376,warmup,warmup,"{""q0"": 0.0, ""steps"": 10000}",softmax,natural,promotion,faa,0.01,1.0,3.0,q_recovery,2,5000,2,0,0.0,23,23,44,33.5,23.0,44.0,33.5,1.0,1.0,1.0,0.0,2,0.0,9930.5,69.5,False,,,,0.9603227913199207,,33.5,23.0,44.0
f4bc980ba223c376,warmup,warmup,"{""q0"": 0.0, ""steps"": 10000}",softmax,natural,promotion,faa,0.01,1.0,3.0,q_confirmation,2,5000,2,0,0.0,42,42,63,52.5,42.0,63.0,52.5,1.0,1.0,1.0,0.0,2,0.0,9930.5,69.5,False,,,,0.9603227913199207,,33.5,23.0,44.0
fc4666879146501f,warmup,warmup,"{""q0"": 0.0, ""steps"": 1000}",ucb,natural,demotion,clean,1.0,1.0,3.0,first_revisit,1,5000,1,0,0.0,1,1,1,1.0,,,1.0,0.0,0.0,0.0,0.0,0,0.0,994.0,6.0,False,,,,,,203.0,,
fc4666879146501f,warmup,warmup,"{""q0"": 0.0, ""steps"": 1000}",ucb,natural,demotion,clean,1.0,1.0,3.0,greedy_recovery,1,5000,1,0,0.0,0,0,0,0.0,,,0.0,0.0,0.0,0.0,0.0,0,0.0,994.0,6.0,False,,,,,,0.0,,
fc4666879146501f,warmup,warmup,"{""q0"": 0.0, ""steps"": 1000}",ucb,natural,demotion,clean,1.0,1.0,3.0,q_recovery,1,5000,1,0,0.0,0,0,0,0.0,,,0.0,0.0,0.0,0.0,0.0,0,0.0,994.0,6.0,False,,,,,,205.0,,
fc4666879146501f,warmup,warmup,"{""q0"": 0.0, ""steps"": 1000}",ucb,natural,demotion,clean,1.0,1.0,3.0,q_confirmation,1,5000,1,0,0.0,19,19,19,19.0,,,19.0,0.0,0.0,0.0,0.0,0,0.0,994.0,6.0,False,,,,,,205.0,,
fc4666879146501f,warmup,warmup,"{""q0"": 0.0, ""steps"": 1000}",ucb,natural,demotion,faa,1.0,1.0,3.0,first_revisit,1,5000,1,0,0.0,204,204,204,204.0,,,204.0,1.0,1.0,1.0,0.0,1,0.0,994.0,6.0,False,,,,,,203.0,,
fc4666879146501f,warmup,warmup,"{""q0"": 0.0, ""steps"": 1000}",ucb,natural,demotion,faa,1.0,1.0,3.0,greedy_recovery,1,5000,1,0,0.0,0,0,0,0.0,,,0.0,1.0,1.0,1.0,0.0,1,0.0,994.0,6.0,False,,,,,,0.0,,
fc4666879146501f,warmup,warmup,"{""q0"": 0.0, ""steps"": 1000}",ucb,natural,demotion,faa,1.0,1.0,3.0,q_recovery,1,5000,1,0,0.0,205,205,205,205.0,,,205.0,1.0,1.0,1.0,0.0,1,0.0,994.0,6.0,False,,,,,,205.0,,
fc4666879146501f,warmup,warmup,"{""q0"": 0.0, ""steps"": 1000}",ucb,natural,demotion,faa,1.0,1.0,3.0,q_confirmation,1,5000,1,0,0.0,224,224,224,224.0,,,224.0,1.0,1.0,1.0,0.0,1,0.0,994.0,6.0,False,,,,,,205.0,,
fd8060d4659793a6,warmup,warmup,"{""q0"": 0.0, ""steps"": 1000}",ucb,natural,demotion,clean,0.01,3.0,3.0,first_revisit,1,5000,1,0,0.0,1,1,1,1.0,,,1.0,0.0,0.0,0.0,0.0,0,0.0,994.0,6.0,False,,,,,,1261.0,,
fd8060d4659793a6,warmup,warmup,"{""q0"": 0.0, ""steps"": 1000}",ucb,natural,demotion,clean,0.01,3.0,3.0,greedy_recovery,1,5000,1,0,0.0,0,0,0,0.0,,,0.0,0.0,0.0,0.0,0.0,0,0.0,994.0,6.0,False,,,,,,1262.0,,
fd8060d4659793a6,warmup,warmup,"{""q0"": 0.0, ""steps"": 1000}",ucb,natural,demotion,clean,0.01,3.0,3.0,q_recovery,1,5000,1,0,0.0,0,0,0,0.0,,,0.0,0.0,0.0,0.0,0.0,0,0.0,994.0,6.0,False,,,,,,1263.0,,
fd8060d4659793a6,warmup,warmup,"{""q0"": 0.0, ""steps"": 1000}",ucb,natural,demotion,clean,0.01,3.0,3.0,q_confirmation,1,5000,1,0,0.0,19,19,19,19.0,,,19.0,0.0,0.0,0.0,0.0,0,0.0,994.0,6.0,False,,,,,,1263.0,,
fd8060d4659793a6,warmup,warmup,"{""q0"": 0.0, ""steps"": 1000}",ucb,natural,demotion,faa,0.01,3.0,3.0,first_revisit,1,5000,1,0,0.0,1262,1262,1262,1262.0,,,1262.0,1.1222222222222222,1.1222222222222222,1.1222222222222222,1.0,0,0.0,994.0,6.0,False,,,,,,1261.0,,
fd8060d4659793a6,warmup,warmup,"{""q0"": 0.0, ""steps"": 1000}",ucb,natural,demotion,faa,0.01,3.0,3.0,greedy_recovery,1,5000,1,0,0.0,1262,1262,1262,1262.0,,,1262.0,1.1222222222222222,1.1222222222222222,1.1222222222222222,1.0,0,0.0,994.0,6.0,False,,,,,,1262.0,,
fd8060d4659793a6,warmup,warmup,"{""q0"": 0.0, ""steps"": 1000}",ucb,natural,demotion,faa,0.01,3.0,3.0,q_recovery,1,5000,1,0,0.0,1263,1263,1263,1263.0,,,1263.0,1.1222222222222222,1.1222222222222222,1.1222222222222222,1.0,0,0.0,994.0,6.0,False,,,,,,1263.0,,
fd8060d4659793a6,warmup,warmup,"{""q0"": 0.0, ""steps"": 1000}",ucb,natural,demotion,faa,0.01,3.0,3.0,q_confirmation,1,5000,1,0,0.0,1282,1282,1282,1282.0,,,1282.0,1.1222222222222222,1.1222222222222222,1.1222222222222222,1.0,0,0.0,994.0,6.0,False,,,,,,1263.0,,
