condition_id,design,rule,C,Delta,eta,sign,seed,arm,initial_q_error,cutoff_q_error,final_q_error,target_at_cutoff,attainment_time,attainment_spend,spent,clip_delta_count,clip_budget_count,target_occupancy,sweeps,last_nonzero_poison_step,target_loss,greedy_recovery,q_recovery,greedy_confirmation,q_confirmation,recurrence_q,recurrence_greedy,recurrence_target_loss,attack_reward,attack_goals,attack_updates,recovery_reward,recovery_goals,recovery_updates
0aab5d0793390cdb,warmup1000_chain3,epsilon_greedy,1.0,3.0,0.01,corrected,0,clean,0.5570000000000002,0.5570000000000002,5.569999999999187e-05,False,,,0.0,0,0,0.0,4,,0,0,2920,19,2939,False,False,False,453.7999999999997,458,500,4346.60000000002,4406,5000
0aab5d0793390cdb,warmup1000_chain3,epsilon_greedy,1.0,3.0,0.01,corrected,0,faa,0.5570000000000002,0.5570000000000002,5.5700000000380445e-05,False,,,1.0,0,496,0.0,4,4,0,0,2920,19,2939,False,False,False,444.99999999999983,450,500,4346.60000000002,4406,5000
0aab5d0793390cdb,warmup1000_chain3,epsilon_greedy,1.0,3.0,0.01,corrected,1,clean,0.6299000000000002,0.6299000000000002,0.6299000000000002,False,,,0.0,0,0,0.0,0,,0,0,,19,,False,False,False,455.99999999999966,460,500,4463.200000000016,4512,5000
0aab5d0793390cdb,warmup1000_chain3,epsilon_greedy,1.0,3.0,0.01,corrected,1,faa,0.6299000000000002,0.6299000000000002,0.6299000000000002,False,,,1.0,0,495,0.0,0,6,0,0,,19,,False,False,False,444.99999999999983,450,500,4463.200000000016,4512,5000
0aab5d0793390cdb,warmup1000_chain3,epsilon_greedy,1.0,3.0,0.01,corrected,2,clean,0.6299000000000002,0.6299000000000002,0.6299000000000002,False,,,0.0,0,0,0.0,0,,0,0,,19,,False,False,False,436.1999999999997,442,500,4465.400000000014,4514,5000
0aab5d0793390cdb,warmup1000_chain3,epsilon_greedy,1.0,3.0,0.01,corrected,2,faa,0.6299000000000002,0.6299000000000002,0.6299000000000002,False,,,1.0,0,496,0.0,0,4,0,0,,19,,False,False,False,427.39999999999975,434,500,4465.400000000014,4514,5000
0aab5d0793390cdb,warmup1000_chain3,epsilon_greedy,1.0,3.0,0.01,corrected,3,clean,0.7044290000000002,0.7044290000000002,0.7044290000000002,False,,,0.0,0,0,0.0,0,,0,0,,19,,False,False,False,454.8999999999995,459,500,4450.000000000015,4500,5000
0aab5d0793390cdb,warmup1000_chain3,epsilon_greedy,1.0,3.0,0.01,corrected,3,faa,0.7044290000000002,0.7044290000000002,0.7044290000000002,False,,,1.0,0,497,0.0,0,3,0,0,,19,,False,False,False,448.29999999999956,453,500,4450.000000000015,4500,5000
0aab5d0793390cdb,warmup1000_chain3,epsilon_greedy,1.0,3.0,0.01,corrected,4,clean,0.7044290000000002,0.7044290000000002,0.07044290000064135,False,,,0.0,0,0,0.0,1,,0,0,,19,,False,False,False,440.59999999999934,446,500,4448.900000000009,4499,5000
0aab5d0793390cdb,warmup1000_chain3,epsilon_greedy,1.0,3.0,0.01,corrected,4,faa,0.7044290000000002,0.7044290000000002,0.07044290050890067,False,,,1.0,0,495,0.0,1,6,0,0,,19,,False,False,False,429.59999999999934,436,500,4448.900000000009,4499,5000
0aab5d0793390cdb,warmup1000_chain3,epsilon_greedy,1.0,3.0,0.01,corrected,5,clean,0.7044290000000002,0.7044290000000002,0.7044290000000002,False,,,0.0,0,0,0.0,0,,0,0,,19,,False,False,False,440.5999999999997,446,500,4395.000000000021,4450,5000
0aab5d0793390cdb,warmup1000_chain3,epsilon_greedy,1.0,3.0,0.01,corrected,5,faa,0.7044290000000002,0.7044290000000002,0.7044290000000002,False,,,1.0,0,497,0.0,0,4,0,0,,19,,False,False,False,433.9999999999997,440,500,4395.000000000021,4450,5000
0aab5d0793390cdb,warmup1000_chain3,epsilon_greedy,1.0,3.0,0.01,corrected,6,clean,0.7044290000000002,0.7044290000000002,0.7044290000000002,False,,,0.0,0,0,0.0,0,,0,0,,19,,False,False,False,433.99999999999943,440,500,4485.200000000017,4532,5000
0aab5d0793390cdb,warmup1000_chain3,epsilon_greedy,1.0,3.0,0.01,corrected,6,faa,0.7044290000000002,0.7044290000000002,0.7044290000000002,False,,,1.0,0,495,0.0,0,6,0,0,,19,,False,False,False,422.9999999999995,430,500,4485.200000000017,4532,5000
0aab5d0793390cdb,warmup1000_chain3,epsilon_greedy,1.0,3.0,0.01,corrected,7,clean,0.5480000000000002,0.5480000000000002,0.054800000050220565,False,,,0.0,0,0,0.0,1,,0,0,,19,,False,False,False,442.79999999999967,448,500,4466.500000000016,4515,5000
0aab5d0793390cdb,warmup1000_chain3,epsilon_greedy,1.0,3.0,0.01,corrected,7,faa,0.5480000000000002,0.5480000000000002,0.05480002637110193,False,,,1.0,0,497,0.0,1,3,0,0,,19,,False,False,False,436.1999999999997,442,500,4466.500000000016,4515,5000
0aab5d0793390cdb,warmup1000_chain3,epsilon_greedy,1.0,3.0,0.01,corrected,8,clean,0.7044290000000002,0.7044290000000002,0.7044290000000002,False,,,0.0,0,0,0.0,0,,0,0,,19,,False,False,False,449.3999999999996,454,500,4450.000000000014,4500,5000
0aab5d0793390cdb,warmup1000_chain3,epsilon_greedy,1.0,3.0,0.01,corrected,8,faa,0.7044290000000002,0.7044290000000002,0.7044290000000002,False,,,1.0,0,496,0.0,0,4,0,0,,19,,False,False,False,440.59999999999957,446,500,4450.000000000014,4500,5000
0aab5d0793390cdb,warmup1000_chain3,epsilon_greedy,1.0,3.0,0.01,corrected,9,clean,0.7044290000000002,0.07685728999999997,0.07685728999999997,False,,,0.0,0,0,0.0,0,,0,0,,19,,False,False,False,457.0999999999997,461,500,4461.000000000015,4510,5000
0aab5d0793390cdb,warmup1000_chain3,epsilon_greedy,1.0,3.0,0.01,corrected,9,faa,0.7044290000000002,0.4134991355027001,0.4134991355027001,False,,,1.0,0,496,0.0,0,4,0,0,,19,,False,False,False,448.2999999999997,453,500,4461.000000000015,4510,5000
0aab5d0793390cdb,warmup1000_chain3,epsilon_greedy,1.0,3.0,0.01,corrected,10,clean,0.6299000000000002,0.6299000000000002,0.6299000000000002,False,,,0.0,0,0,0.0,0,,0,0,,19,,False,False,False,433.99999999999955,440,500,4502.800000000016,4548,5000
0aab5d0793390cdb,warmup1000_chain3,epsilon_greedy,1.0,3.0,0.01,corrected,10,faa,0.6299000000000002,0.6299000000000002,0.6299000000000002,False,,,1.0,0,496,0.0,0,4,0,0,,19,,False,False,False,427.3999999999995,434,500,4502.800000000016,4548,5000
0aab5d0793390cdb,warmup1000_chain3,epsilon_greedy,1.0,3.0,0.01,corrected,11,clean,0.7044290000000002,0.7044290000000002,0.7044290000000002,False,,,0.0,0,0,0.0,0,,0,0,,19,,False,False,False,460.39999999999964,464,500,4445.600000000013,4496,5000
0aab5d0793390cdb,warmup1000_chain3,epsilon_greedy,1.0,3.0,0.01,corrected,11,faa,0.7044290000000002,0.42352621667000007,0.308509260227,False,,,1.0,0,496,0.0,0,4,0,0,,19,,False,False,False,454.89999999999964,459,500,4445.600000000013,4496,5000
0aab5d0793390cdb,warmup1000_chain3,epsilon_greedy,1.0,3.0,0.01,corrected,12,clean,0.6299000000000002,0.6299000000000002,0.06299000575099994,False,,,0.0,0,0,0.0,1,,0,0,,19,,False,False,False,459.29999999999944,463,500,4467.600000000011,4516,5000
0aab5d0793390cdb,warmup1000_chain3,epsilon_greedy,1.0,3.0,0.01,corrected,12,faa,0.6299000000000002,0.6299000000000002,0.06299000575099994,False,,,1.0,0,498,0.0,1,3,0,0,,19,,False,False,False,454.8999999999994,459,500,4467.600000000011,4516,5000
0aab5d0793390cdb,warmup1000_chain3,epsilon_greedy,1.0,3.0,0.01,corrected,13,clean,0.7044290000000002,0.7044290000000002,0.7044290000000002,False,,,0.0,0,0,0.0,0,,0,0,,19,,False,False,False,453.79999999999967,458,500,4494.000000000024,4540,5000
0aab5d0793390cdb,warmup1000_chain3,epsilon_greedy,1.0,3.0,0.01,corrected,13,faa,0.7044290000000002,0.7044290000000002,0.7044290000000002,False,,,1.0,0,497,0.0,0,4,0,0,,19,,False,False,False,447.1999999999997,452,500,4494.000000000024,4540,5000
0aab5d0793390cdb,warmup1000_chain3,epsilon_greedy,1.0,3.0,0.01,corrected,14,clean,0.7919000000000002,0.7919000000000002,0.07050704389999995,False,,,0.0,0,0,0.0,2,,0,405,,424,,False,False,False,453.79999999999995,458,500,4436.800000000014,4488,5000
0aab5d0793390cdb,warmup1000_chain3,epsilon_greedy,1.0,3.0,0.01,corrected,14,faa,0.7919000000000002,0.7919000000000002,0.07050704389999995,False,,,1.0,0,498,0.0,2,3,0,405,,424,,False,False,False,449.4,454,500,4436.800000000014,4488,5000
0aab5d0793390cdb,warmup1000_chain3,epsilon_greedy,1.0,3.0,0.01,corrected,15,clean,0.7919000000000002,0.7919000000000002,0.7044290000000002,False,,,0.0,0,0,0.0,1,,0,126,,145,,False,False,False,453.79999999999984,458,500,4453.300000000008,4503,5000
0aab5d0793390cdb,warmup1000_chain3,epsilon_greedy,1.0,3.0,0.01,corrected,15,faa,0.7919000000000002,0.7919000000000002,0.7044290000000002,False,,,1.0,0,498,0.0,1,3,0,126,,145,,False,False,False,451.5999999999999,456,500,4453.300000000008,4503,5000
0aab5d0793390cdb,warmup1000_chain3,epsilon_greedy,1.0,3.0,0.01,corrected,16,clean,0.7919000000000002,0.7044290000000002,0.7044290000000002,False,,,0.0,0,0,0.0,0,,0,0,,19,,False,False,False,446.09999999999957,451,500,4359.800000000025,4418,5000
0aab5d0793390cdb,warmup1000_chain3,epsilon_greedy,1.0,3.0,0.01,corrected,16,faa,0.7919000000000002,0.7044290000000002,0.7044290000000002,False,,,1.0,0,498,0.0,0,3,0,0,,19,,False,False,False,441.6999999999995,447,500,4359.800000000025,4418,5000
0aab5d0793390cdb,warmup1000_chain3,epsilon_greedy,1.0,3.0,0.01,corrected,17,clean,0.7044290000000002,0.7044290000000002,0.7044290000000002,False,,,0.0,0,0,0.0,0,,0,0,,19,,False,False,False,458.1999999999998,462,500,4397.200000000023,4452,5000
0aab5d0793390cdb,warmup1000_chain3,epsilon_greedy,1.0,3.0,0.01,corrected,17,faa,0.7044290000000002,0.7044290000000002,0.7044290000000002,False,,,1.0,0,498,0.0,0,3,0,0,,19,,False,False,False,453.79999999999984,458,500,4397.200000000023,4452,5000
0aab5d0793390cdb,warmup1000_chain3,epsilon_greedy,1.0,3.0,0.01,corrected,18,clean,0.7044290000000002,0.7044290000000002,0.07044290064143888,False,,,0.0,0,0,0.0,1,,0,0,,19,,False,False,False,442.79999999999967,448,500,4479.700000000017,4527,5000
0aab5d0793390cdb,warmup1000_chain3,epsilon_greedy,1.0,3.0,0.01,corrected,18,faa,0.7044290000000002,0.7044290000000002,0.07044295822431856,False,,,1.0,0,496,0.0,1,4,0,0,,19,,False,False,False,436.19999999999965,442,500,4479.700000000017,4527,5000
0aab5d0793390cdb,warmup1000_chain3,epsilon_greedy,1.0,3.0,0.01,corrected,19,clean,0.7044290000000002,0.7044290000000002,0.07044290000064812,False,,,0.0,0,0,0.0,1,,0,0,,19,,False,False,False,444.9999999999996,450,500,4426.900000000005,4479,5000
0aab5d0793390cdb,warmup1000_chain3,epsilon_greedy,1.0,3.0,0.01,corrected,19,faa,0.7044290000000002,0.7044290000000002,0.07044290012118004,False,,,1.0,0,497,0.0,1,4,0,0,,19,,False,False,False,438.39999999999964,444,500,4426.900000000005,4479,5000
0aab5d0793390cdb,warmup1000_chain3,epsilon_greedy,1.0,3.0,0.01,corrected,20,clean,0.7044290000000002,0.7044290000000002,0.00704493785928767,False,,,0.0,0,0,0.0,2,,0,0,2318,19,2337,False,False,False,458.1999999999997,462,500,4491.800000000011,4538,5000
0aab5d0793390cdb,warmup1000_chain3,epsilon_greedy,1.0,3.0,0.01,corrected,20,faa,0.7044290000000002,0.7044290000000002,0.007313559540527703,False,,,1.0,0,495,0.0,2,5,0,0,2318,19,2337,False,False,False,449.3999999999997,454,500,4491.800000000011,4538,5000
0aab5d0793390cdb,warmup1000_chain3,epsilon_greedy,1.0,3.0,0.01,corrected,21,clean,0.7044290000000002,0.7044290000000002,0.7044290000000002,False,,,0.0,0,0,0.0,0,,0,0,,19,,False,False,False,427.39999999999964,434,500,4454.400000000013,4504,5000
0aab5d0793390cdb,warmup1000_chain3,epsilon_greedy,1.0,3.0,0.01,corrected,21,faa,0.7044290000000002,0.7044290000000002,0.7044290000000002,False,,,1.0,0,498,0.0,0,3,0,0,,19,,False,False,False,422.9999999999996,430,500,4454.400000000013,4504,5000
0aab5d0793390cdb,warmup1000_chain3,epsilon_greedy,1.0,3.0,0.01,corrected,22,clean,0.7044290000000002,0.7044290000000002,0.7044290000000002,False,,,0.0,0,0,0.0,0,,0,0,,19,,False,False,False,453.7999999999998,458,500,4513.800000000015,4558,5000
0aab5d0793390cdb,warmup1000_chain3,epsilon_greedy,1.0,3.0,0.01,corrected,22,faa,0.7044290000000002,0.7044290000000002,0.7044290000000002,False,,,1.0,0,496,0.0,0,4,0,0,,19,,False,False,False,444.9999999999997,450,500,4513.800000000015,4558,5000
0aab5d0793390cdb,warmup1000_chain3,epsilon_greedy,1.0,3.0,0.01,corrected,23,clean,0.7044290000000002,0.7044290000000002,0.7044290000000002,False,,,0.0,0,0,0.0,0,,0,0,,19,,False,False,False,452.69999999999976,457,500,4415.900000000014,4469,5000
0aab5d0793390cdb,warmup1000_chain3,epsilon_greedy,1.0,3.0,0.01,corrected,23,faa,0.7044290000000002,0.7044290000000002,0.7044290000000002,False,,,1.0,0,497,0.0,0,3,0,0,,19,,False,False,False,446.0999999999998,451,500,4415.900000000014,4469,5000
0aab5d0793390cdb,warmup1000_chain3,epsilon_greedy,1.0,3.0,0.01,corrected,24,clean,0.7044290000000002,0.7044290000000002,0.07108433900000011,False,,,0.0,0,0,0.0,1,,0,0,,19,,False,False,False,462.59999999999957,466,500,4387.300000000016,4443,5000
0aab5d0793390cdb,warmup1000_chain3,epsilon_greedy,1.0,3.0,0.01,corrected,24,faa,0.7044290000000002,0.7044290000000002,0.33704632764206,False,,,1.0,0,495,0.0,1,5,0,0,,19,,False,False,False,453.79999999999967,458,500,4387.300000000016,4443,5000
0aab5d0793390cdb,warmup1000_chain3,epsilon_greedy,1.0,3.0,0.01,corrected,25,clean,0.7044290000000002,0.07050704390000584,0.007050704390000551,False,,,0.0,0,0,0.0,1,,0,0,2915,19,2934,False,False,False,443.89999999999964,449,500,4413.700000000021,4467,5000
0aab5d0793390cdb,warmup1000_chain3,epsilon_greedy,1.0,3.0,0.01,corrected,25,faa,0.7044290000000002,0.12133066240622448,0.012133066240673285,False,,,1.0,0,495,0.0,1,6,0,0,2915,19,2934,False,False,False,432.89999999999964,439,500,4413.700000000021,4467,5000
0aab5d0793390cdb,warmup1000_chain3,epsilon_greedy,1.0,3.0,0.01,corrected,26,clean,0.7044290000000002,0.7044290000000002,0.7044290000000002,False,,,0.0,0,0,0.0,0,,0,0,,19,,False,False,False,442.7999999999997,448,500,4452.200000000014,4502,5000
0aab5d0793390cdb,warmup1000_chain3,epsilon_greedy,1.0,3.0,0.01,corrected,26,faa,0.7044290000000002,0.42352621667000007,0.2623065085438999,True,8,1.0,1.0,0,3,0.0144,1,4,73,73,,92,,False,False,False,436.1999999999997,442,500,4450.000000000015,4500,5000
0aab5d0793390cdb,warmup1000_chain3,epsilon_greedy,1.0,3.0,0.01,corrected,27,clean,0.7919000000000002,0.6453800000000002,0.6380900000000002,False,0,0.0,0.0,0,0,0.0,0,,0,0,,19,,False,False,False,427.3999999999997,434,500,4433.500000000018,4485,5000
0aab5d0793390cdb,warmup1000_chain3,epsilon_greedy,1.0,3.0,0.01,corrected,27,faa,0.7919000000000002,0.6453800000000002,0.6199000000000002,False,0,0.0,1.0,0,369,0.0,0,132,0,0,,19,,False,False,False,417.4999999999998,425,500,4433.500000000018,4485,5000
0aab5d0793390cdb,warmup1000_chain3,epsilon_greedy,1.0,3.0,0.01,corrected,28,clean,0.7044290000000002,0.6299000000000002,0.6299000000000002,False,,,0.0,0,0,0.0,0,,0,0,,19,,False,False,False,440.5999999999995,446,500,4401.600000000017,4456,5000
0aab5d0793390cdb,warmup1000_chain3,epsilon_greedy,1.0,3.0,0.01,corrected,28,faa,0.7044290000000002,0.6299000000000002,0.6299000000000002,False,,,1.0,0,498,0.0,0,3,0,0,,19,,False,False,False,436.19999999999953,442,500,4401.600000000017,4456,5000
0aab5d0793390cdb,warmup1000_chain3,epsilon_greedy,1.0,3.0,0.01,corrected,29,clean,0.7919000000000002,0.7044290000000002,0.07685728999999997,False,,,0.0,0,0,0.0,1,,0,0,,19,,False,False,False,452.6999999999998,457,500,4490.700000000018,4537,5000
0aab5d0793390cdb,warmup1000_chain3,epsilon_greedy,1.0,3.0,0.01,corrected,29,faa,0.7919000000000002,0.7044290000000002,0.07685729000002617,False,,,1.0,0,498,0.0,1,3,0,0,,19,,False,False,False,448.29999999999984,453,500,4490.700000000018,4537,5000
0aab5d0793390cdb,warmup1000_chain3,epsilon_greedy,1.0,3.0,0.01,corrected,30,clean,0.014100126065540897,0.014100126065540897,0.014100126065540897,False,,,0.0,0,0,0.0,0,,0,0,0,19,19,False,False,False,425.1999999999995,432,500,4483.000000000018,4530,5000
0aab5d0793390cdb,warmup1000_chain3,epsilon_greedy,1.0,3.0,0.01,corrected,30,faa,0.014100126065540897,0.28186980315476445,0.19880761939228025,False,6,0.7902445618125572,1.0,0,491,0.0,0,10,0,0,,19,,False,False,False,413.09999999999945,421,500,4483.000000000018,4530,5000
0aab5d0793390cdb,warmup1000_chain3,epsilon_greedy,1.0,3.0,0.01,corrected,31,clean,0.7044290000000002,0.7044290000000002,0.7044290000000002,False,,,0.0,0,0,0.0,0,,0,0,,19,,False,False,False,447.19999999999953,452,500,4503.900000000014,4549,5000
0aab5d0793390cdb,warmup1000_chain3,epsilon_greedy,1.0,3.0,0.01,corrected,31,faa,0.7044290000000002,0.7044290000000002,0.7044290000000002,False,,,1.0,0,496,0.0,0,4,0,0,,19,,False,False,False,438.3999999999995,444,500,4503.900000000014,4549,5000
0aab5d0793390cdb,warmup1000_chain3,epsilon_greedy,1.0,3.0,0.01,corrected,32,clean,0.7044290000000002,0.7044290000000002,0.7044290000000002,False,,,0.0,0,0,0.0,0,,0,0,,19,,False,False,False,458.1999999999994,462,500,4443.400000000018,4494,5000
0aab5d0793390cdb,warmup1000_chain3,epsilon_greedy,1.0,3.0,0.01,corrected,32,faa,0.7044290000000002,0.7044290000000002,0.7044290000000002,False,,,1.0,0,495,0.0,0,6,0,0,,19,,False,False,False,447.1999999999994,452,500,4443.400000000018,4494,5000
0aab5d0793390cdb,warmup1000_chain3,epsilon_greedy,1.0,3.0,0.01,corrected,33,clean,0.7919000000000002,0.7044290000000002,0.07044290641438988,False,,,0.0,0,0,0.0,1,,0,0,,19,,False,False,False,437.2999999999994,443,500,4429.100000000017,4481,5000
0aab5d0793390cdb,warmup1000_chain3,epsilon_greedy,1.0,3.0,0.01,corrected,33,faa,0.7919000000000002,0.13458680000000012,0.013458680641438903,False,,,1.0,0,498,0.0,1,3,0,0,3526,19,3545,False,False,False,431.7999999999994,438,500,4429.100000000017,4481,5000
0aab5d0793390cdb,warmup1000_chain3,epsilon_greedy,1.0,3.0,0.01,corrected,34,clean,0.7044290000000002,0.7044290000000002,0.7044290000000002,False,,,0.0,0,0,0.0,0,,0,0,,19,,False,False,False,449.3999999999997,454,500,4463.200000000014,4512,5000
0aab5d0793390cdb,warmup1000_chain3,epsilon_greedy,1.0,3.0,0.01,corrected,34,faa,0.7044290000000002,0.7044290000000002,0.7044290000000002,False,,,1.0,0,498,0.0,0,3,0,0,,19,,False,False,False,449.3999999999997,454,500,4463.200000000014,4512,5000
0aab5d0793390cdb,warmup1000_chain3,epsilon_greedy,1.0,3.0,0.01,corrected,35,clean,0.019873070000116844,0.019873070000116844,0.019873070000116844,False,,,0.0,0,0,0.0,0,,0,0,0,19,19,False,False,False,440.5999999999996,446,500,4417.000000000027,4470,5000
0aab5d0793390cdb,warmup1000_chain3,epsilon_greedy,1.0,3.0,0.01,corrected,35,faa,0.019873070000116844,0.3130901325904419,0.20464695149531847,False,6,0.790902114983338,1.0,0,491,0.0,0,10,0,0,,19,,False,False,False,426.2999999999996,433,500,4417.000000000027,4470,5000
0aab5d0793390cdb,warmup1000_chain3,epsilon_greedy,1.0,3.0,0.01,corrected,36,clean,0.6299000000000002,0.6299000000000002,0.6299000000000002,False,,,0.0,0,0,0.0,0,,0,0,,19,,False,False,False,444.9999999999998,450,500,4406.000000000018,4460,5000
0aab5d0793390cdb,warmup1000_chain3,epsilon_greedy,1.0,3.0,0.01,corrected,36,faa,0.6299000000000002,0.6299000000000002,0.6299000000000002,False,,,1.0,0,496,0.0,0,4,0,0,,19,,False,False,False,438.39999999999986,444,500,4406.000000000018,4460,5000
0aab5d0793390cdb,warmup1000_chain3,epsilon_greedy,1.0,3.0,0.01,corrected,37,clean,0.7044290000000002,0.7044290000000002,0.00768572900007003,False,,,0.0,0,0,0.0,2,,0,0,4419,19,4438,False,False,False,460.39999999999986,464,500,4437.900000000018,4489,5000
0aab5d0793390cdb,warmup1000_chain3,epsilon_greedy,1.0,3.0,0.01,corrected,37,faa,0.7044290000000002,0.7044290000000002,0.04134991355373968,False,,,1.0,0,496,0.0,2,4,0,0,4419,19,4438,False,False,False,451.5999999999999,456,500,4437.900000000018,4489,5000
0aab5d0793390cdb,warmup1000_chain3,epsilon_greedy,1.0,3.0,0.01,corrected,38,clean,0.7044290000000002,0.7044290000000002,0.7044290000000002,False,,,0.0,0,0,0.0,0,,0,0,,19,,False,False,False,440.59999999999957,446,500,4403.800000000019,4458,5000
0aab5d0793390cdb,warmup1000_chain3,epsilon_greedy,1.0,3.0,0.01,corrected,38,faa,0.7044290000000002,0.7044290000000002,0.7044290000000002,False,,,1.0,0,496,0.0,0,4,0,0,,19,,False,False,False,431.7999999999996,438,500,4403.800000000019,4458,5000
0aab5d0793390cdb,warmup1000_chain3,epsilon_greedy,1.0,3.0,0.01,corrected,39,clean,0.7044290000000002,0.7044290000000002,0.07044290064143888,False,,,0.0,0,0,0.0,1,,0,0,,19,,False,False,False,449.39999999999964,454,500,4398.30000000002,4453,5000
0aab5d0793390cdb,warmup1000_chain3,epsilon_greedy,1.0,3.0,0.01,corrected,39,faa,0.7044290000000002,0.7044290000000002,0.07044290105963247,False,,,1.0,0,497,0.0,1,4,0,0,,19,,False,False,False,442.79999999999967,448,500,4398.30000000002,4453,5000
0aab5d0793390cdb,warmup1000_chain3,epsilon_greedy,1.0,3.0,0.01,corrected,40,clean,0.6389090000000002,0.6389090000000002,0.06389095751000001,False,,,0.0,0,0,0.0,1,,0,0,,19,,False,False,False,438.3999999999995,444,500,4508.300000000007,4553,5000
0aab5d0793390cdb,warmup1000_chain3,epsilon_greedy,1.0,3.0,0.01,corrected,40,faa,0.6389090000000002,0.6389090000000002,0.06389423671303612,False,,,1.0,0,496,0.0,1,4,0,0,,19,,False,False,False,429.59999999999957,436,500,4508.300000000007,4553,5000
0aab5d0793390cdb,warmup1000_chain3,epsilon_greedy,1.0,3.0,0.01,corrected,41,clean,0.7044290000000002,0.7044290000000002,0.007044290647853446,False,,,0.0,0,0,0.0,2,,0,0,4417,19,4436,False,False,False,465.89999999999986,469,500,4476.400000000016,4524,5000
0aab5d0793390cdb,warmup1000_chain3,epsilon_greedy,1.0,3.0,0.01,corrected,41,faa,0.7044290000000002,0.7044290000000002,0.007044555623521853,False,,,1.0,0,497,0.0,2,3,0,0,4417,19,4436,False,False,False,461.49999999999983,465,500,4476.400000000016,4524,5000
0aab5d0793390cdb,warmup1000_chain3,epsilon_greedy,1.0,3.0,0.01,corrected,42,clean,0.7044290000000002,0.7044290000000002,0.0070442907055827675,False,,,0.0,0,0,0.0,2,,0,0,1857,19,1876,False,False,False,451.5999999999998,456,500,4410.400000000019,4464,5000
0aab5d0793390cdb,warmup1000_chain3,epsilon_greedy,1.0,3.0,0.01,corrected,42,faa,0.7044290000000002,0.7044290000000002,0.0070442907055827675,False,,,1.0,0,498,0.0,2,3,0,0,1857,19,1876,False,False,False,447.1999999999998,452,500,4410.400000000019,4464,5000
0aab5d0793390cdb,warmup1000_chain3,epsilon_greedy,1.0,3.0,0.01,corrected,43,clean,0.7044290000000002,0.7044290000000002,0.7044290000000002,False,,,0.0,0,0,0.0,0,,0,0,,19,,False,False,False,424.0999999999994,431,500,4420.300000000016,4473,5000
0aab5d0793390cdb,warmup1000_chain3,epsilon_greedy,1.0,3.0,0.01,corrected,43,faa,0.7044290000000002,0.7044290000000002,0.7044290000000002,False,,,1.0,0,495,0.0,0,6,0,0,,19,,False,False,False,413.09999999999934,421,500,4420.300000000016,4473,5000
0aab5d0793390cdb,warmup1000_chain3,epsilon_greedy,1.0,3.0,0.01,corrected,44,clean,0.7044290000000002,0.7044290000000002,0.07691568290000006,False,,,0.0,0,0,0.0,1,,0,0,,19,,False,False,False,447.1999999999995,452,500,4440.100000000011,4491,5000
0aab5d0793390cdb,warmup1000_chain3,epsilon_greedy,1.0,3.0,0.01,corrected,44,faa,0.7044290000000002,0.7044290000000002,0.4138904975649382,False,,,1.0,0,496,0.0,1,4,0,0,,19,,False,False,False,438.39999999999947,444,500,4440.100000000011,4491,5000
0aab5d0793390cdb,warmup1000_chain3,epsilon_greedy,1.0,3.0,0.01,corrected,45,clean,0.7044290000000002,0.7044290000000002,0.7044290000000002,False,,,0.0,0,0,0.0,0,,0,0,,19,,False,False,False,453.7999999999997,458,500,4454.400000000011,4504,5000
0aab5d0793390cdb,warmup1000_chain3,epsilon_greedy,1.0,3.0,0.01,corrected,45,faa,0.7044290000000002,0.7044290000000002,0.7044290000000002,False,,,1.0,0,499,0.0,0,2,0,0,,19,,False,False,False,451.59999999999974,456,500,4454.400000000011,4504,5000
0aab5d0793390cdb,warmup1000_chain3,epsilon_greedy,1.0,3.0,0.01,corrected,46,clean,0.6453800000000002,0.6453800000000002,0.0076637780000000655,False,,,0.0,0,0,0.0,2,,0,0,432,19,451,False,False,False,458.19999999999965,462,500,4423.6000000000195,4476,5000
0aab5d0793390cdb,warmup1000_chain3,epsilon_greedy,1.0,3.0,0.01,corrected,46,faa,0.6453800000000002,0.6453800000000002,0.0076637780000000655,False,,,1.0,0,498,0.0,2,3,0,0,432,19,451,False,False,False,453.7999999999997,458,500,4423.6000000000195,4476,5000
0aab5d0793390cdb,warmup1000_chain3,epsilon_greedy,1.0,3.0,0.01,corrected,47,clean,0.7044290000000002,0.7044290000000002,0.7044290000000002,False,,,0.0,0,0,0.0,0,,0,0,,19,,False,False,False,437.29999999999944,443,500,4470.900000000012,4519,5000
0aab5d0793390cdb,warmup1000_chain3,epsilon_greedy,1.0,3.0,0.01,corrected,47,faa,0.7044290000000002,0.7044290000000002,0.7044290000000002,False,,,1.0,0,496,0.0,0,4,0,0,,19,,False,False,False,428.49999999999943,435,500,4470.900000000012,4519,5000
0aab5d0793390cdb,warmup1000_chain3,epsilon_greedy,1.0,3.0,0.01,corrected,48,clean,0.7044290000000002,0.7044290000000002,0.0704429642022929,False,,,0.0,0,0,0.0,1,,0,0,,19,,False,False,False,429.5999999999995,436,500,4477.500000000015,4525,5000
0aab5d0793390cdb,warmup1000_chain3,epsilon_greedy,1.0,3.0,0.01,corrected,48,faa,0.7044290000000002,0.7044290000000002,0.0704463309537171,False,,,1.0,0,496,0.0,1,4,0,0,,19,,False,False,False,420.7999999999995,428,500,4477.500000000015,4525,5000
0aab5d0793390cdb,warmup1000_chain3,epsilon_greedy,1.0,3.0,0.01,corrected,49,clean,0.7044290000000002,0.7044290000000002,0.07044931439000002,False,,,0.0,0,0,0.0,1,,0,0,,19,,False,False,False,444.99999999999966,450,500,4396.100000000017,4451,5000
0aab5d0793390cdb,warmup1000_chain3,epsilon_greedy,1.0,3.0,0.01,corrected,49,faa,0.7044290000000002,0.7044290000000002,0.07078834810500212,False,,,1.0,0,496,0.0,1,4,0,0,,19,,False,False,False,436.1999999999997,442,500,4396.100000000017,4451,5000
0aab5d0793390cdb,warmup1000_chain3,epsilon_greedy,1.0,3.0,0.01,corrected,50,clean,0.7044290000000002,0.07056543680000005,0.00705654368012254,False,,,0.0,0,0,0.0,1,,0,0,3180,19,3199,False,False,False,443.89999999999986,449,500,4435.700000000019,4487,5000
0aab5d0793390cdb,warmup1000_chain3,epsilon_greedy,1.0,3.0,0.01,corrected,50,faa,0.7044290000000002,0.07056543680000005,0.00705654368012254,False,,,1.0,0,498,0.0,1,3,0,0,3180,19,3199,False,False,False,443.89999999999986,449,500,4435.700000000019,4487,5000
0aab5d0793390cdb,warmup1000_chain3,epsilon_greedy,1.0,3.0,0.01,corrected,51,clean,0.7044290000000002,0.7044290000000002,0.0070443605582899416,False,,,0.0,0,0,0.0,2,,0,0,852,19,871,False,False,False,458.1999999999997,462,500,4377.4000000000215,4434,5000
0aab5d0793390cdb,warmup1000_chain3,epsilon_greedy,1.0,3.0,0.01,corrected,51,faa,0.7044290000000002,0.7044290000000002,0.007073871203683524,False,,,1.0,0,495,0.0,2,5,0,0,852,19,871,False,False,False,449.3999999999997,454,500,4377.4000000000215,4434,5000
0aab5d0793390cdb,warmup1000_chain3,epsilon_greedy,1.0,3.0,0.01,corrected,52,clean,0.7177868000000003,0.7177868000000003,0.7177868000000003,False,,,0.0,0,0,0.0,0,,0,0,,19,,False,False,False,450.4999999999998,455,500,4470.900000000012,4519,5000
0aab5d0793390cdb,warmup1000_chain3,epsilon_greedy,1.0,3.0,0.01,corrected,52,faa,0.7177868000000003,0.7177868000000003,0.7177868000000003,False,,,1.0,0,496,0.0,0,4,0,0,,19,,False,False,False,443.8999999999998,449,500,4470.900000000012,4519,5000
0aab5d0793390cdb,warmup1000_chain3,epsilon_greedy,1.0,3.0,0.01,corrected,53,clean,0.7044290000000002,0.7044290000000002,0.7044290000000002,False,,,0.0,0,0,0.0,0,,0,0,,19,,False,False,False,444.9999999999997,450,500,4480.800000000005,4528,5000
0aab5d0793390cdb,warmup1000_chain3,epsilon_greedy,1.0,3.0,0.01,corrected,53,faa,0.7044290000000002,0.7044290000000002,0.7044290000000002,False,,,1.0,0,496,0.0,0,4,0,0,,19,,False,False,False,436.1999999999998,442,500,4480.800000000005,4528,5000
0aab5d0793390cdb,warmup1000_chain3,epsilon_greedy,1.0,3.0,0.01,corrected,54,clean,0.7044290000000002,0.7044290000000002,0.07044296414389994,False,,,0.0,0,0,0.0,1,,0,0,,19,,False,False,False,425.19999999999965,432,500,4389.50000000002,4445,5000
0aab5d0793390cdb,warmup1000_chain3,epsilon_greedy,1.0,3.0,0.01,corrected,54,faa,0.7044290000000002,0.7044290000000002,0.07044633079355633,False,,,1.0,0,496,0.0,1,4,0,0,,19,,False,False,False,418.5999999999997,426,500,4389.50000000002,4445,5000
0aab5d0793390cdb,warmup1000_chain3,epsilon_greedy,1.0,3.0,0.01,corrected,55,clean,0.7044290000000002,0.7044290000000002,0.07044290641438988,False,,,0.0,0,0,0.0,1,,0,0,,19,,False,False,False,451.59999999999974,456,500,4417.000000000024,4470,5000
0aab5d0793390cdb,warmup1000_chain3,epsilon_greedy,1.0,3.0,0.01,corrected,55,faa,0.7044290000000002,0.7044290000000002,0.07044324305862937,False,,,1.0,0,497,0.0,1,3,0,0,,19,,False,False,False,444.9999999999997,450,500,4417.000000000024,4470,5000
0aab5d0793390cdb,warmup1000_chain3,epsilon_greedy,1.0,3.0,0.01,corrected,56,clean,0.7919000000000002,0.7919000000000002,0.7044290000000002,False,,,0.0,0,0,0.0,1,,0,364,,383,,False,False,False,451.5999999999996,456,500,4429.100000000011,4481,5000
0aab5d0793390cdb,warmup1000_chain3,epsilon_greedy,1.0,3.0,0.01,corrected,56,faa,0.7919000000000002,0.7919000000000002,0.7044290000000002,False,,,1.0,0,498,0.0,1,3,0,364,,383,,False,False,False,449.39999999999964,454,500,4429.100000000011,4481,5000
0aab5d0793390cdb,warmup1000_chain3,epsilon_greedy,1.0,3.0,0.01,corrected,57,clean,0.6380900000000003,0.6380900000000003,0.0638090006414389,False,,,0.0,0,0,0.0,1,,0,0,,19,,False,False,False,435.0999999999993,441,500,4442.300000000016,4493,5000
0aab5d0793390cdb,warmup1000_chain3,epsilon_greedy,1.0,3.0,0.01,corrected,57,faa,0.6380900000000003,0.6380900000000003,0.06380926660342762,False,,,1.0,0,497,0.0,1,3,0,0,,19,,False,False,False,428.4999999999993,435,500,4442.300000000016,4493,5000
0aab5d0793390cdb,warmup1000_chain3,epsilon_greedy,1.0,3.0,0.01,corrected,58,clean,0.7044290000000002,0.7044290000000002,0.7044290000000002,False,,,0.0,0,0,0.0,0,,0,0,,19,,False,False,False,424.0999999999997,431,500,4458.800000000023,4508,5000
0aab5d0793390cdb,warmup1000_chain3,epsilon_greedy,1.0,3.0,0.01,corrected,58,faa,0.7044290000000002,0.7044290000000002,0.7044290000000002,False,,,1.0,0,496,0.0,0,4,0,0,,19,,False,False,False,415.29999999999967,423,500,4458.800000000023,4508,5000
0aab5d0793390cdb,warmup1000_chain3,epsilon_greedy,1.0,3.0,0.01,corrected,59,clean,0.7044290000000002,0.7044290000000002,0.7044290000000002,False,,,0.0,0,0,0.0,0,,0,0,,19,,False,False,False,422.99999999999966,430,500,4432.400000000018,4484,5000
0aab5d0793390cdb,warmup1000_chain3,epsilon_greedy,1.0,3.0,0.01,corrected,59,faa,0.7044290000000002,0.7044290000000002,0.7044290000000002,False,,,1.0,0,498,0.0,0,3,0,0,,19,,False,False,False,418.5999999999997,426,500,4432.400000000018,4484,5000
0aab5d0793390cdb,warmup1000_chain3,epsilon_greedy,1.0,3.0,0.01,corrected,60,clean,0.7044290000000002,0.7044290000000002,0.007044291282877868,False,,,0.0,0,0,0.0,2,,0,0,3059,19,3078,False,False,False,449.3999999999995,454,500,4489.600000000019,4536,5000
0aab5d0793390cdb,warmup1000_chain3,epsilon_greedy,1.0,3.0,0.01,corrected,60,faa,0.7044290000000002,0.7044290000000002,0.007044292130011953,False,,,1.0,0,497,0.0,2,4,0,0,3059,19,3078,False,False,False,442.79999999999956,448,500,4489.600000000019,4536,5000
0aab5d0793390cdb,warmup1000_chain3,epsilon_greedy,1.0,3.0,0.01,corrected,61,clean,0.7044290000000002,0.7044290000000002,0.7044290000000002,False,,,0.0,0,0,0.0,0,,0,0,,19,,False,False,False,444.9999999999999,450,500,4445.6000000000195,4496,5000
0aab5d0793390cdb,warmup1000_chain3,epsilon_greedy,1.0,3.0,0.01,corrected,61,faa,0.7044290000000002,0.7044290000000002,0.7044290000000002,False,,,1.0,0,495,0.0,0,6,0,0,,19,,False,False,False,433.9999999999999,440,500,4445.6000000000195,4496,5000
0aab5d0793390cdb,warmup1000_chain3,epsilon_greedy,1.0,3.0,0.01,corrected,62,clean,0.7919000000000002,0.7044290000000002,0.7044290000000002,False,,,0.0,0,0,0.0,0,,0,0,,19,,False,False,False,441.6999999999995,447,500,4423.600000000012,4476,5000
0aab5d0793390cdb,warmup1000_chain3,epsilon_greedy,1.0,3.0,0.01,corrected,62,faa,0.7919000000000002,0.7044290000000002,0.7044290000000002,False,,,1.0,0,498,0.0,0,3,0,0,,19,,False,False,False,439.4999999999995,445,500,4423.600000000012,4476,5000
0aab5d0793390cdb,warmup1000_chain3,epsilon_greedy,1.0,3.0,0.01,corrected,63,clean,0.7044290000000002,0.7044290000000002,0.07044931439000002,False,,,0.0,0,0,0.0,1,,0,0,,19,,False,False,False,436.1999999999995,442,500,4448.900000000011,4499,5000
0aab5d0793390cdb,warmup1000_chain3,epsilon_greedy,1.0,3.0,0.01,corrected,63,faa,0.7044290000000002,0.7044290000000002,0.07046791596991242,False,,,1.0,0,496,0.0,1,4,0,0,,19,,False,False,False,427.39999999999947,434,500,4448.900000000011,4499,5000
0aab5d0793390cdb,warmup1000_chain3,epsilon_greedy,1.0,3.0,0.01,corrected,64,clean,0.7044290000000002,0.7044290000000002,0.7044290000000002,False,,,0.0,0,0,0.0,0,,0,0,,19,,False,False,False,427.39999999999947,434,500,4452.2000000000135,4502,5000
0aab5d0793390cdb,warmup1000_chain3,epsilon_greedy,1.0,3.0,0.01,corrected,64,faa,0.7044290000000002,0.7044290000000002,0.7044290000000002,False,,,1.0,0,496,0.0,0,4,0,0,,19,,False,False,False,418.5999999999995,426,500,4452.2000000000135,4502,5000
0aab5d0793390cdb,warmup1000_chain3,epsilon_greedy,1.0,3.0,0.01,corrected,65,clean,0.7919000000000002,0.7919000000000002,0.07685728999999997,False,,,0.0,0,0,0.0,2,,0,378,,397,,False,False,False,458.19999999999953,462,500,4421.40000000002,4474,5000
0aab5d0793390cdb,warmup1000_chain3,epsilon_greedy,1.0,3.0,0.01,corrected,65,faa,0.7919000000000002,0.7919000000000002,0.07685728999999997,False,,,1.0,0,498,0.0,2,3,0,378,,397,,False,False,False,453.79999999999956,458,500,4421.40000000002,4474,5000
0aab5d0793390cdb,warmup1000_chain3,epsilon_greedy,1.0,3.0,0.01,corrected,66,clean,0.7044290000000002,0.7044290000000002,0.7044290000000002,False,,,0.0,0,0,0.0,0,,0,0,,19,,False,False,False,440.5999999999997,446,500,4452.200000000012,4502,5000
0aab5d0793390cdb,warmup1000_chain3,epsilon_greedy,1.0,3.0,0.01,corrected,66,faa,0.7044290000000002,0.7044290000000002,0.7044290000000002,False,,,1.0,0,498,0.0,0,3,0,0,,19,,False,False,False,436.19999999999965,442,500,4452.200000000012,4502,5000
0aab5d0793390cdb,warmup1000_chain3,epsilon_greedy,1.0,3.0,0.01,corrected,67,clean,0.7044290000000002,0.7044290000000002,0.007044290641438966,False,,,0.0,0,0,0.0,2,,0,0,4732,19,4751,False,False,False,442.7999999999995,448,500,4476.40000000002,4524,5000
0aab5d0793390cdb,warmup1000_chain3,epsilon_greedy,1.0,3.0,0.01,corrected,67,faa,0.7044290000000002,0.7044290000000002,0.00704432430562707,False,,,1.0,0,496,0.0,2,4,0,0,4732,19,4751,False,False,False,433.9999999999995,440,500,4476.40000000002,4524,5000
0aab5d0793390cdb,warmup1000_chain3,epsilon_greedy,1.0,3.0,0.01,corrected,68,clean,0.7044290000000002,0.7044290000000002,0.7044290000000002,False,,,0.0,0,0,0.0,0,,0,0,,19,,False,False,False,453.7999999999996,458,500,4456.600000000004,4506,5000
0aab5d0793390cdb,warmup1000_chain3,epsilon_greedy,1.0,3.0,0.01,corrected,68,faa,0.7044290000000002,0.7044290000000002,0.7044290000000002,False,,,1.0,0,495,0.0,0,6,0,0,,19,,False,False,False,442.7999999999997,448,500,4456.600000000004,4506,5000
0aab5d0793390cdb,warmup1000_chain3,epsilon_greedy,1.0,3.0,0.01,corrected,69,clean,0.6299000000000002,0.6299000000000002,0.6299000000000002,False,,,0.0,0,0,0.0,0,,0,0,,19,,False,False,False,431.7999999999996,438,500,4462.100000000017,4511,5000
0aab5d0793390cdb,warmup1000_chain3,epsilon_greedy,1.0,3.0,0.01,corrected,69,faa,0.6299000000000002,0.6299000000000002,0.6299000000000002,False,,,1.0,0,495,0.0,0,6,0,0,,19,,False,False,False,420.79999999999967,428,500,4462.100000000017,4511,5000
0aab5d0793390cdb,warmup1000_chain3,epsilon_greedy,1.0,3.0,0.01,corrected,70,clean,0.07108433900000011,0.07108433900000011,0.007108440314389897,False,,,0.0,0,0,0.0,1,,0,0,1235,19,1254,False,False,False,443.8999999999998,449,500,4487.400000000012,4534,5000
0aab5d0793390cdb,warmup1000_chain3,epsilon_greedy,1.0,3.0,0.01,corrected,70,faa,0.07108433900000011,0.31497856465850005,0.02530770006535027,True,6,0.7955311447333335,1.0,0,1,0.0024,2,9,13,13,1235,32,1254,False,False,False,432.89999999999975,439,500,4486.300000000012,4533,5000
0aab5d0793390cdb,warmup1000_chain3,epsilon_greedy,1.0,3.0,0.01,corrected,71,clean,0.6453800000000002,0.6453800000000002,0.6453800000000002,False,,,0.0,0,0,0.0,0,,0,0,,19,,False,False,False,431.7999999999996,438,500,4423.600000000021,4476,5000
0aab5d0793390cdb,warmup1000_chain3,epsilon_greedy,1.0,3.0,0.01,corrected,71,faa,0.6453800000000002,0.2689755707549977,0.2689755707549977,False,7,1.0,1.0,0,397,0.0,0,6,0,0,,19,,False,False,False,420.7999999999996,428,500,4423.600000000021,4476,5000
0aab5d0793390cdb,warmup1000_chain3,epsilon_greedy,1.0,3.0,0.01,corrected,72,clean,0.6380900000000002,0.6380900000000002,0.0064456853390000846,False,,,0.0,0,0,0.0,2,,0,0,1999,19,2018,False,False,False,460.3999999999997,464,500,4500.60000000002,4546,5000
0aab5d0793390cdb,warmup1000_chain3,epsilon_greedy,1.0,3.0,0.01,corrected,72,faa,0.6380900000000002,0.6380900000000002,0.009806247214494856,False,,,1.0,0,496,0.0,2,4,0,0,1999,19,2018,False,False,False,453.79999999999967,458,500,4500.60000000002,4546,5000
0aab5d0793390cdb,warmup1000_chain3,epsilon_greedy,1.0,3.0,0.01,corrected,73,clean,0.7919000000000002,0.7044290000000002,0.07044290000064135,False,,,0.0,0,0,0.0,1,,0,0,,19,,False,False,False,450.49999999999943,455,500,4484.100000000016,4531,5000
0aab5d0793390cdb,warmup1000_chain3,epsilon_greedy,1.0,3.0,0.01,corrected,73,faa,0.7919000000000002,0.7044290000000002,0.07044290000066744,False,,,1.0,0,498,0.0,1,3,0,0,,19,,False,False,False,446.09999999999945,451,500,4484.100000000016,4531,5000
0aab5d0793390cdb,warmup1000_chain3,epsilon_greedy,1.0,3.0,0.01,corrected,74,clean,0.7919000000000002,0.7044290000000002,0.0007050768598044765,False,,,0.0,0,0,0.0,3,,0,0,2971,19,2990,False,False,False,450.4999999999996,455,500,4453.300000000002,4503,5000
0aab5d0793390cdb,warmup1000_chain3,epsilon_greedy,1.0,3.0,0.01,corrected,74,faa,0.7919000000000002,0.7044290000000002,0.0007050768598044765,False,,,1.0,0,498,0.0,3,3,0,0,2971,19,2990,False,False,False,446.0999999999996,451,500,4453.300000000002,4503,5000
0aab5d0793390cdb,warmup1000_chain3,epsilon_greedy,1.0,3.0,0.01,corrected,75,clean,0.5480000000000002,0.5480000000000002,0.05480005751577427,False,,,0.0,0,0,0.0,1,,0,0,,19,,False,False,False,440.5999999999999,446,500,4495.10000000001,4541,5000
0aab5d0793390cdb,warmup1000_chain3,epsilon_greedy,1.0,3.0,0.01,corrected,75,faa,0.5480000000000002,0.5480000000000002,0.057488286625112406,False,,,1.0,0,495,0.0,1,6,0,0,,19,,False,False,False,431.79999999999995,438,500,4495.10000000001,4541,5000
0aab5d0793390cdb,warmup1000_chain3,epsilon_greedy,1.0,3.0,0.01,corrected,76,clean,0.6299000000000002,0.6299000000000002,0.6299000000000002,False,,,0.0,0,0,0.0,0,,0,0,,19,,False,False,False,438.39999999999964,444,500,4496.200000000013,4542,5000
0aab5d0793390cdb,warmup1000_chain3,epsilon_greedy,1.0,3.0,0.01,corrected,76,faa,0.6299000000000002,0.6299000000000002,0.6299000000000002,False,,,1.0,0,495,0.0,0,6,0,0,,19,,False,False,False,433.9999999999997,440,500,4496.200000000013,4542,5000
0aab5d0793390cdb,warmup1000_chain3,epsilon_greedy,1.0,3.0,0.01,corrected,77,clean,0.6299000000000002,0.6299000000000002,0.6299000000000002,False,,,0.0,0,0,0.0,0,,0,0,,19,,False,False,False,444.99999999999966,450,500,4417.000000000015,4470,5000
0aab5d0793390cdb,warmup1000_chain3,epsilon_greedy,1.0,3.0,0.01,corrected,77,faa,0.6299000000000002,0.6299000000000002,0.6299000000000002,False,,,1.0,0,496,0.0,0,4,0,0,,19,,False,False,False,436.19999999999965,442,500,4417.000000000015,4470,5000
0aab5d0793390cdb,warmup1000_chain3,epsilon_greedy,1.0,3.0,0.01,corrected,78,clean,0.7044290000000002,0.7044290000000002,0.7044290000000002,False,,,0.0,0,0,0.0,0,,0,0,,19,,False,False,False,438.3999999999995,444,500,4428.000000000021,4480,5000
0aab5d0793390cdb,warmup1000_chain3,epsilon_greedy,1.0,3.0,0.01,corrected,78,faa,0.7044290000000002,0.7044290000000002,0.7044290000000002,False,,,1.0,0,496,0.0,0,3,0,0,,19,,False,False,False,429.5999999999995,436,500,4428.000000000021,4480,5000
0aab5d0793390cdb,warmup1000_chain3,epsilon_greedy,1.0,3.0,0.01,corrected,79,clean,0.07685729000006425,0.07685729000006425,0.0007749872900070787,False,,,0.0,0,0,0.0,2,,0,0,153,19,172,False,False,False,436.19999999999965,442,500,4441.200000000012,4492,5000
0aab5d0793390cdb,warmup1000_chain3,epsilon_greedy,1.0,3.0,0.01,corrected,79,faa,0.07685729000006425,0.31497856465851093,0.025760244899443674,True,6,0.79553114473336,1.0,0,1,0.0304,2,9,153,153,3327,172,3346,False,False,False,422.99999999999966,430,500,4441.200000000012,4492,5000
0aab5d0793390cdb,warmup1000_chain3,epsilon_greedy,1.0,3.0,0.01,corrected,80,clean,0.7044290000000002,0.7044290000000002,0.7044290000000002,False,,,0.0,0,0,0.0,0,,0,0,,19,,False,False,False,451.5999999999997,456,500,4389.500000000015,4445,5000
0aab5d0793390cdb,warmup1000_chain3,epsilon_greedy,1.0,3.0,0.01,corrected,80,faa,0.7044290000000002,0.7044290000000002,0.7044290000000002,False,,,1.0,0,498,0.0,0,3,0,0,,19,,False,False,False,447.1999999999997,452,500,4389.500000000015,4445,5000
0aab5d0793390cdb,warmup1000_chain3,epsilon_greedy,1.0,3.0,0.01,corrected,81,clean,0.7044290000000002,0.7044290000000002,0.7044290000000002,False,,,0.0,0,0,0.0,0,,0,0,,19,,False,False,False,457.0999999999995,461,500,4441.200000000022,4492,5000
0aab5d0793390cdb,warmup1000_chain3,epsilon_greedy,1.0,3.0,0.01,corrected,81,faa,0.7044290000000002,0.7044290000000002,0.7044290000000002,False,,,1.0,0,500,0.0,0,1,0,0,,19,,False,False,False,457.0999999999995,461,500,4441.200000000022,4492,5000
0aab5d0793390cdb,warmup1000_chain3,epsilon_greedy,1.0,3.0,0.01,corrected,82,clean,0.7919000000000002,0.7919000000000002,0.07050704389999995,False,,,0.0,0,0,0.0,2,,0,582,,601,,False,False,False,436.1999999999995,442,500,4392.800000000021,4448,5000
0aab5d0793390cdb,warmup1000_chain3,epsilon_greedy,1.0,3.0,0.01,corrected,82,faa,0.7919000000000002,0.7919000000000002,0.07050704389999995,False,,,1.0,0,498,0.0,2,3,0,582,,601,,False,False,False,431.7999999999995,438,500,4392.800000000021,4448,5000
0aab5d0793390cdb,warmup1000_chain3,epsilon_greedy,1.0,3.0,0.01,corrected,83,clean,0.7044290000000002,0.7044290000000002,0.7044290000000002,False,,,0.0,0,0,0.0,0,,0,0,,19,,False,False,False,450.49999999999955,455,500,4452.200000000012,4502,5000
0aab5d0793390cdb,warmup1000_chain3,epsilon_greedy,1.0,3.0,0.01,corrected,83,faa,0.7044290000000002,0.7044290000000002,0.7044290000000002,False,,,1.0,0,497,0.0,0,3,0,0,,19,,False,False,False,443.8999999999995,449,500,4452.200000000012,4502,5000
0aab5d0793390cdb,warmup1000_chain3,epsilon_greedy,1.0,3.0,0.01,corrected,84,clean,0.7044290000000002,0.7044290000000002,0.07044290641438988,False,,,0.0,0,0,0.0,1,,0,0,,19,,False,False,False,444.9999999999994,450,500,4435.700000000016,4487,5000
0aab5d0793390cdb,warmup1000_chain3,epsilon_greedy,1.0,3.0,0.01,corrected,84,faa,0.7044290000000002,0.7044290000000002,0.0704456351649243,False,,,1.0,0,496,0.0,1,4,0,0,,19,,False,False,False,436.19999999999936,442,500,4435.700000000016,4487,5000
0aab5d0793390cdb,warmup1000_chain3,epsilon_greedy,1.0,3.0,0.01,corrected,85,clean,0.6380900000000002,0.6380900000000002,0.6380900000000002,False,,,0.0,0,0,0.0,0,,0,0,,19,,False,False,False,438.39999999999975,444,500,4452.200000000018,4502,5000
0aab5d0793390cdb,warmup1000_chain3,epsilon_greedy,1.0,3.0,0.01,corrected,85,faa,0.6380900000000002,0.6380900000000002,0.6380900000000002,False,,,1.0,0,496,0.0,0,4,0,0,,19,,False,False,False,429.5999999999998,436,500,4452.200000000018,4502,5000
0aab5d0793390cdb,warmup1000_chain3,epsilon_greedy,1.0,3.0,0.01,corrected,86,clean,0.7044290000000002,0.7044290000000002,0.7044290000000002,False,,,0.0,0,0,0.0,0,,0,0,,19,,False,False,False,427.39999999999975,434,500,4469.8000000000075,4518,5000
0aab5d0793390cdb,warmup1000_chain3,epsilon_greedy,1.0,3.0,0.01,corrected,86,faa,0.7044290000000002,0.7044290000000002,0.7044290000000002,False,,,1.0,0,496,0.0,0,3,0,0,,19,,False,False,False,418.5999999999998,426,500,4469.8000000000075,4518,5000
0aab5d0793390cdb,warmup1000_chain3,epsilon_greedy,1.0,3.0,0.01,corrected,87,clean,0.7044290000000002,0.7044290000000002,0.7044290000000002,False,,,0.0,0,0,0.0,0,,0,0,,19,,False,False,False,468.0999999999999,471,500,4448.900000000023,4499,5000
0aab5d0793390cdb,warmup1000_chain3,epsilon_greedy,1.0,3.0,0.01,corrected,87,faa,0.7044290000000002,0.7044290000000002,0.7044290000000002,False,,,1.0,0,495,0.0,0,6,0,0,,19,,False,False,False,457.0999999999999,461,500,4448.900000000023,4499,5000
0aab5d0793390cdb,warmup1000_chain3,epsilon_greedy,1.0,3.0,0.01,corrected,88,clean,0.6380900000000003,0.6380900000000003,0.6380900000000003,False,,,0.0,0,0,0.0,0,,0,0,,19,,False,False,False,447.1999999999998,452,500,4450.000000000017,4500,5000
0aab5d0793390cdb,warmup1000_chain3,epsilon_greedy,1.0,3.0,0.01,corrected,88,faa,0.6380900000000003,0.6380900000000003,0.6380900000000003,False,,,1.0,0,496,0.0,0,4,0,0,,19,,False,False,False,440.5999999999998,446,500,4450.000000000017,4500,5000
0aab5d0793390cdb,warmup1000_chain3,epsilon_greedy,1.0,3.0,0.01,corrected,89,clean,0.7118819000000002,0.7118819000000002,0.7118819000000002,False,,,0.0,0,0,0.0,0,,0,0,,19,,False,False,False,427.39999999999924,434,500,4443.400000000018,4494,5000
0aab5d0793390cdb,warmup1000_chain3,epsilon_greedy,1.0,3.0,0.01,corrected,89,faa,0.7118819000000002,0.7118819000000002,0.7118819000000002,False,,,1.0,0,497,0.0,0,4,0,0,,19,,False,False,False,420.7999999999993,428,500,4443.400000000018,4494,5000
0aab5d0793390cdb,warmup1000_chain3,epsilon_greedy,1.0,3.0,0.01,corrected,90,clean,0.7044290000000002,0.7044290000000002,0.07044290000000641,False,,,0.0,0,0,0.0,1,,0,0,,19,,False,False,False,447.1999999999996,452,500,4354.300000000023,4413,5000
0aab5d0793390cdb,warmup1000_chain3,epsilon_greedy,1.0,3.0,0.01,corrected,90,faa,0.7044290000000002,0.7044290000000002,0.07044290000000641,False,,,1.0,0,498,0.0,1,3,0,0,,19,,False,False,False,442.79999999999956,448,500,4354.300000000023,4413,5000
0aab5d0793390cdb,warmup1000_chain3,epsilon_greedy,1.0,3.0,0.01,corrected,91,clean,0.7044290000000002,0.7044290000000002,0.7044290000000002,False,,,0.0,0,0,0.0,0,,0,0,,19,,False,False,False,444.99999999999943,450,500,4434.600000000015,4486,5000
0aab5d0793390cdb,warmup1000_chain3,epsilon_greedy,1.0,3.0,0.01,corrected,91,faa,0.7044290000000002,0.7044290000000002,0.7044290000000002,False,,,1.0,0,497,0.0,0,4,0,0,,19,,False,False,False,442.7999999999994,448,500,4434.600000000015,4486,5000
0aab5d0793390cdb,warmup1000_chain3,epsilon_greedy,1.0,3.0,0.01,corrected,92,clean,0.7044290000000002,0.7044290000000002,0.07044290648072904,False,,,0.0,0,0,0.0,1,,0,0,,19,,False,False,False,453.7999999999997,458,500,4455.500000000007,4505,5000
0aab5d0793390cdb,warmup1000_chain3,epsilon_greedy,1.0,3.0,0.01,corrected,92,faa,0.7044290000000002,0.7044290000000002,0.07044569088447883,False,,,1.0,0,495,0.0,1,6,0,0,,19,,False,False,False,442.7999999999997,448,500,4455.500000000007,4505,5000
0aab5d0793390cdb,warmup1000_chain3,epsilon_greedy,1.0,3.0,0.01,corrected,93,clean,0.6299000000000002,0.6299000000000002,0.6299000000000002,False,,,0.0,0,0,0.0,0,,0,0,,19,,False,False,False,461.49999999999943,465,500,4457.700000000021,4507,5000
0aab5d0793390cdb,warmup1000_chain3,epsilon_greedy,1.0,3.0,0.01,corrected,93,faa,0.6299000000000002,0.6299000000000002,0.6299000000000002,False,,,1.0,0,495,0.0,0,6,0,0,,19,,False,False,False,450.49999999999943,455,500,4457.700000000021,4507,5000
0aab5d0793390cdb,warmup1000_chain3,epsilon_greedy,1.0,3.0,0.01,corrected,94,clean,0.7118819000000002,0.7118819000000002,0.07118819000641446,False,,,0.0,0,0,0.0,1,,0,0,,19,,False,False,False,452.69999999999976,457,500,4524.8000000000175,4568,5000
0aab5d0793390cdb,warmup1000_chain3,epsilon_greedy,1.0,3.0,0.01,corrected,94,faa,0.7118819000000002,0.7118819000000002,0.07118821551326376,False,,,1.0,0,494,0.0,1,6,0,0,,19,,False,False,False,441.69999999999976,447,500,4524.8000000000175,4568,5000
0aab5d0793390cdb,warmup1000_chain3,epsilon_greedy,1.0,3.0,0.01,corrected,95,clean,0.7044290000000002,0.7044290000000002,0.7044290000000002,False,,,0.0,0,0,0.0,0,,0,0,,19,,False,False,False,459.29999999999967,463,500,4402.700000000022,4457,5000
0aab5d0793390cdb,warmup1000_chain3,epsilon_greedy,1.0,3.0,0.01,corrected,95,faa,0.7044290000000002,0.3293644413545,0.18336889366286607,False,7,1.0,1.0,0,492,0.0,0,6,0,0,,19,,False,False,False,449.39999999999964,454,500,4402.700000000022,4457,5000
0aab5d0793390cdb,warmup1000_chain3,epsilon_greedy,1.0,3.0,0.01,corrected,96,clean,0.7118819000000002,0.7118819000000002,0.07118883143900001,False,,,0.0,0,0,0.0,1,,0,0,,19,,False,False,False,436.1999999999996,442,500,4492.900000000011,4539,5000
0aab5d0793390cdb,warmup1000_chain3,epsilon_greedy,1.0,3.0,0.01,corrected,96,faa,0.7118819000000002,0.7118819000000002,0.07146717101687233,False,,,1.0,0,495,0.0,1,6,0,0,,19,,False,False,False,429.59999999999957,436,500,4492.900000000011,4539,5000
0aab5d0793390cdb,warmup1000_chain3,epsilon_greedy,1.0,3.0,0.01,corrected,97,clean,0.7118819000000002,0.7118819000000002,0.7118819000000002,False,,,0.0,0,0,0.0,0,,0,0,,19,,False,False,False,431.79999999999944,438,500,4518.200000000017,4562,5000
0aab5d0793390cdb,warmup1000_chain3,epsilon_greedy,1.0,3.0,0.01,corrected,97,faa,0.7118819000000002,0.7118819000000002,0.7118819000000002,False,,,1.0,0,495,0.0,0,6,0,0,,19,,False,False,False,420.79999999999944,428,500,4518.200000000017,4562,5000
0aab5d0793390cdb,warmup1000_chain3,epsilon_greedy,1.0,3.0,0.01,corrected,98,clean,0.7044290000000002,0.7044290000000002,0.0007121262680000462,False,,,0.0,0,0,0.0,3,,0,0,1680,19,1699,False,False,False,431.7999999999994,438,500,4411.500000000017,4465,5000
0aab5d0793390cdb,warmup1000_chain3,epsilon_greedy,1.0,3.0,0.01,corrected,98,faa,0.7044290000000002,0.7044290000000002,0.001116096482603246,False,,,1.0,0,496,0.0,3,4,0,0,1680,19,1699,False,False,False,422.9999999999996,430,500,4411.500000000017,4465,5000
0aab5d0793390cdb,warmup1000_chain3,epsilon_greedy,1.0,3.0,0.01,corrected,99,clean,0.7044290000000002,0.7044290000000002,0.7044290000000002,False,,,0.0,0,0,0.0,0,,0,0,,19,,False,False,False,455.9999999999995,460,500,4472.000000000018,4520,5000
0aab5d0793390cdb,warmup1000_chain3,epsilon_greedy,1.0,3.0,0.01,corrected,99,faa,0.7044290000000002,0.7044290000000002,0.7044290000000002,False,,,1.0,0,498,0.0,0,3,0,0,,19,,False,False,False,451.59999999999945,456,500,4472.000000000018,4520,5000
0aab5d0793390cdb,warmup1000_chain3,epsilon_greedy,1.0,3.0,0.01,corrected,100,clean,0.7044290000000002,0.7044290000000002,0.7044290000000002,False,,,0.0,0,0,0.0,0,,0,0,,19,,False,False,False,431.7999999999995,438,500,4465.400000000016,4514,5000
0aab5d0793390cdb,warmup1000_chain3,epsilon_greedy,1.0,3.0,0.01,corrected,100,faa,0.7044290000000002,0.7044290000000002,0.7044290000000002,False,,,1.0,0,496,0.0,0,4,0,0,,19,,False,False,False,422.99999999999955,430,500,4465.400000000016,4514,5000
0aab5d0793390cdb,warmup1000_chain3,epsilon_greedy,1.0,3.0,0.01,corrected,101,clean,0.7044290000000002,0.07044354143900067,0.07044354143900067,False,,,0.0,0,0,0.0,0,,0,0,,19,,False,False,False,415.2999999999995,423,500,4399.400000000021,4454,5000
0aab5d0793390cdb,warmup1000_chain3,epsilon_greedy,1.0,3.0,0.01,corrected,101,faa,0.7044290000000002,0.0707218810168555,0.0707218810168555,False,,,1.0,0,495,0.0,0,6,0,0,,19,,False,False,False,404.2999999999995,413,500,4399.400000000021,4454,5000
0aab5d0793390cdb,warmup1000_chain3,epsilon_greedy,1.0,3.0,0.01,corrected,102,clean,0.7919000000000002,0.7919000000000002,0.7044290000000002,False,,,0.0,0,0,0.0,1,,0,528,,547,,False,False,False,440.59999999999985,446,500,4455.500000000013,4505,5000
0aab5d0793390cdb,warmup1000_chain3,epsilon_greedy,1.0,3.0,0.01,corrected,102,faa,0.7919000000000002,0.7919000000000002,0.7044290000000002,False,,,1.0,0,498,0.0,1,3,0,528,,547,,False,False,False,436.1999999999998,442,500,4455.500000000013,4505,5000
0aab5d0793390cdb,warmup1000_chain3,epsilon_greedy,1.0,3.0,0.01,corrected,103,clean,0.6380900000000003,0.6380900000000003,0.6380900000000003,False,,,0.0,0,0,0.0,0,,0,0,,19,,False,False,False,458.19999999999993,462,500,4465.400000000009,4514,5000
0aab5d0793390cdb,warmup1000_chain3,epsilon_greedy,1.0,3.0,0.01,corrected,103,faa,0.6380900000000003,0.30823283599999995,0.30823283599999995,False,7,1.0,1.0,0,422,0.0,0,4,0,0,,19,,False,False,False,448.29999999999995,453,500,4465.400000000009,4514,5000
0aab5d0793390cdb,warmup1000_chain3,epsilon_greedy,1.0,3.0,0.01,corrected,104,clean,0.7044290000000002,0.7044290000000002,0.07044989885097253,False,,,0.0,0,0,0.0,1,,0,0,,19,,False,False,False,469.19999999999976,472,500,4391.700000000026,4447,5000
0aab5d0793390cdb,warmup1000_chain3,epsilon_greedy,1.0,3.0,0.01,corrected,104,faa,0.7044290000000002,0.7044290000000002,0.07044992494275726,False,,,1.0,0,498,0.0,1,3,0,0,,19,,False,False,False,464.7999999999997,468,500,4391.700000000026,4447,5000
0aab5d0793390cdb,warmup1000_chain3,epsilon_greedy,1.0,3.0,0.01,corrected,105,clean,0.7919000000000002,0.7919000000000002,0.07182962900000006,False,,,0.0,0,0,0.0,2,,0,1168,,1187,,False,False,False,460.39999999999986,464,500,4523.700000000017,4567,5000
0aab5d0793390cdb,warmup1000_chain3,epsilon_greedy,1.0,3.0,0.01,corrected,105,faa,0.7919000000000002,0.7919000000000002,0.07182962900000006,False,,,1.0,0,498,0.0,2,3,0,1168,,1187,,False,False,False,455.99999999999983,460,500,4523.700000000017,4567,5000
0aab5d0793390cdb,warmup1000_chain3,epsilon_greedy,1.0,3.0,0.01,corrected,106,clean,0.7044290000000002,0.7044290000000002,0.7044290000000002,False,,,0.0,0,0,0.0,0,,0,0,,19,,False,False,False,440.5999999999996,446,500,4480.800000000019,4528,5000
0aab5d0793390cdb,warmup1000_chain3,epsilon_greedy,1.0,3.0,0.01,corrected,106,faa,0.7044290000000002,0.7044290000000002,0.7044290000000002,False,,,1.0,0,496,0.0,0,4,0,0,,19,,False,False,False,431.79999999999967,438,500,4480.800000000019,4528,5000
0aab5d0793390cdb,warmup1000_chain3,epsilon_greedy,1.0,3.0,0.01,corrected,107,clean,0.7044290000000002,0.7044290000000002,0.7044290000000002,False,,,0.0,0,0,0.0,0,,0,0,,19,,False,False,False,453.7999999999997,458,500,4518.200000000008,4562,5000
0aab5d0793390cdb,warmup1000_chain3,epsilon_greedy,1.0,3.0,0.01,corrected,107,faa,0.7044290000000002,0.7044290000000002,0.7044290000000002,False,,,1.0,0,497,0.0,0,3,0,0,,19,,False,False,False,447.1999999999998,452,500,4518.200000000008,4562,5000
0aab5d0793390cdb,warmup1000_chain3,epsilon_greedy,1.0,3.0,0.01,corrected,108,clean,0.7044290000000002,0.7044290000000002,0.07044290000006415,False,,,0.0,0,0,0.0,1,,0,0,,19,,False,False,False,444.99999999999943,450,500,4418.100000000018,4471,5000
0aab5d0793390cdb,warmup1000_chain3,epsilon_greedy,1.0,3.0,0.01,corrected,108,faa,0.7044290000000002,0.7044290000000002,0.07044290000343056,False,,,1.0,0,496,0.0,1,4,0,0,,19,,False,False,False,436.1999999999996,442,500,4418.100000000018,4471,5000
0aab5d0793390cdb,warmup1000_chain3,epsilon_greedy,1.0,3.0,0.01,corrected,109,clean,0.7044290000000002,0.7044290000000002,0.7044290000000002,False,,,0.0,0,0,0.0,0,,0,0,,19,,False,False,False,453.7999999999997,458,500,4401.6000000000195,4456,5000
0aab5d0793390cdb,warmup1000_chain3,epsilon_greedy,1.0,3.0,0.01,corrected,109,faa,0.7044290000000002,0.7044290000000002,0.7044290000000002,False,,,1.0,0,495,0.0,0,6,0,0,,19,,False,False,False,442.79999999999967,448,500,4401.6000000000195,4456,5000
0aab5d0793390cdb,warmup1000_chain3,epsilon_greedy,1.0,3.0,0.01,corrected,110,clean,0.7044290000000002,0.7044290000000002,0.07044290000000075,False,,,0.0,0,0,0.0,1,,0,0,,19,,False,False,False,436.19999999999936,442,500,4422.500000000011,4475,5000
0aab5d0793390cdb,warmup1000_chain3,epsilon_greedy,1.0,3.0,0.01,corrected,110,faa,0.7044290000000002,0.7044290000000002,0.0704429000000355,False,,,1.0,0,496,0.0,1,4,0,0,,19,,False,False,False,429.5999999999994,436,500,4422.500000000011,4475,5000
0aab5d0793390cdb,warmup1000_chain3,epsilon_greedy,1.0,3.0,0.01,corrected,111,clean,0.6299000000000002,0.6299000000000002,0.06298999999999999,False,,,0.0,0,0,0.0,1,,0,0,,19,,False,False,False,438.3999999999997,444,500,4413.700000000018,4467,5000
0aab5d0793390cdb,warmup1000_chain3,epsilon_greedy,1.0,3.0,0.01,corrected,111,faa,0.6299000000000002,0.6299000000000002,0.06299000000000271,False,,,1.0,0,495,0.0,1,6,0,0,,19,,False,False,False,427.39999999999975,434,500,4413.700000000018,4467,5000
0aab5d0793390cdb,warmup1000_chain3,epsilon_greedy,1.0,3.0,0.01,corrected,112,clean,0.7044290000000002,0.7044290000000002,0.7044290000000002,False,,,0.0,0,0,0.0,0,,0,0,,19,,False,False,False,444.99999999999983,450,500,4467.600000000008,4516,5000
0aab5d0793390cdb,warmup1000_chain3,epsilon_greedy,1.0,3.0,0.01,corrected,112,faa,0.7044290000000002,0.7044290000000002,0.7044290000000002,False,,,1.0,0,498,0.0,0,3,0,0,,19,,False,False,False,440.5999999999998,446,500,4467.600000000008,4516,5000
0aab5d0793390cdb,warmup1000_chain3,epsilon_greedy,1.0,3.0,0.01,corrected,113,clean,0.7044290000000002,0.7044290000000002,0.7044290000000002,False,,,0.0,0,0,0.0,0,,0,0,,19,,False,False,False,444.9999999999997,450,500,4423.60000000002,4476,5000
0aab5d0793390cdb,warmup1000_chain3,epsilon_greedy,1.0,3.0,0.01,corrected,113,faa,0.7044290000000002,0.7044290000000002,0.7044290000000002,False,,,1.0,0,495,0.0,0,6,0,0,,19,,False,False,False,433.9999999999997,440,500,4423.60000000002,4476,5000
0aab5d0793390cdb,warmup1000_chain3,epsilon_greedy,1.0,3.0,0.01,corrected,114,clean,0.7044290000000002,0.7044290000000002,0.007044290648721641,False,,,0.0,0,0,0.0,2,,0,0,2118,19,2137,False,False,False,433.9999999999995,440,500,4474.200000000015,4522,5000
0aab5d0793390cdb,warmup1000_chain3,epsilon_greedy,1.0,3.0,0.01,corrected,114,faa,0.7044290000000002,0.7044290000000002,0.007046833246491413,False,,,1.0,0,496,0.0,2,5,0,0,2118,19,2137,False,False,False,427.3999999999995,434,500,4474.200000000015,4522,5000
0aab5d0793390cdb,warmup1000_chain3,epsilon_greedy,1.0,3.0,0.01,corrected,115,clean,0.7044290000000002,0.7044290000000002,0.7044290000000002,False,,,0.0,0,0,0.0,0,,0,0,,19,,False,False,False,444.9999999999998,450,500,4403.80000000002,4458,5000
0aab5d0793390cdb,warmup1000_chain3,epsilon_greedy,1.0,3.0,0.01,corrected,115,faa,0.7044290000000002,0.7044290000000002,0.7044290000000002,False,,,1.0,0,495,0.0,0,6,0,0,,19,,False,False,False,436.1999999999998,442,500,4403.80000000002,4458,5000
0aab5d0793390cdb,warmup1000_chain3,epsilon_greedy,1.0,3.0,0.01,corrected,116,clean,0.7044290000000002,0.7044290000000002,0.7044290000000002,False,,,0.0,0,0,0.0,0,,0,0,,19,,False,False,False,453.7999999999998,458,500,4364.200000000021,4422,5000
0aab5d0793390cdb,warmup1000_chain3,epsilon_greedy,1.0,3.0,0.01,corrected,116,faa,0.7044290000000002,0.7044290000000002,0.7044290000000002,False,,,1.0,0,496,0.0,0,5,0,0,,19,,False,False,False,449.39999999999975,454,500,4364.200000000021,4422,5000
0aab5d0793390cdb,warmup1000_chain3,epsilon_greedy,1.0,3.0,0.01,corrected,117,clean,0.07108433900000011,0.07108433900000011,0.07108433900000011,False,,,0.0,0,0,0.0,0,,0,0,,19,,False,False,False,442.7999999999997,448,500,4423.600000000011,4476,5000
0aab5d0793390cdb,warmup1000_chain3,epsilon_greedy,1.0,3.0,0.01,corrected,117,faa,0.07108433900000011,0.2583421270209936,0.2528218680161286,False,6,0.7955311447333333,1.0,0,254,0.0,0,9,0,0,,19,,False,False,False,428.4999999999997,435,500,4423.600000000011,4476,5000
0aab5d0793390cdb,warmup1000_chain3,epsilon_greedy,1.0,3.0,0.01,corrected,118,clean,0.6299000000000002,0.6299000000000002,0.006299001170619323,False,,,0.0,0,0,0.0,2,,0,0,1799,19,1818,False,False,False,466.9999999999996,470,500,4456.600000000014,4506,5000
0aab5d0793390cdb,warmup1000_chain3,epsilon_greedy,1.0,3.0,0.01,corrected,118,faa,0.6299000000000002,0.6299000000000002,0.006299286817376959,False,,,1.0,0,495,0.0,2,6,0,0,1799,19,1818,False,False,False,455.99999999999966,460,500,4456.600000000014,4506,5000
0aab5d0793390cdb,warmup1000_chain3,epsilon_greedy,1.0,3.0,0.01,corrected,119,clean,0.7044290000000002,0.7044290000000002,7.044290641439188e-05,False,,,0.0,0,0,0.0,4,,0,0,3103,19,3122,False,False,False,426.2999999999995,433,500,4433.500000000011,4485,5000
0aab5d0793390cdb,warmup1000_chain3,epsilon_greedy,1.0,3.0,0.01,corrected,119,faa,0.7044290000000002,0.7044290000000002,7.047220172867741e-05,False,,,1.0,0,495,0.0,4,6,0,0,3103,19,3122,False,False,False,415.2999999999995,423,500,4433.500000000011,4485,5000
0aab5d0793390cdb,warmup1000_chain3,epsilon_greedy,1.0,3.0,0.01,corrected,120,clean,0.6299000000000002,0.12050000000000005,0.12050000000000005,False,,,0.0,0,0,0.0,0,,0,0,,19,,False,False,False,430.69999999999953,437,500,4487.400000000006,4534,5000
0aab5d0793390cdb,warmup1000_chain3,epsilon_greedy,1.0,3.0,0.01,corrected,120,faa,0.6299000000000002,0.6461562045725002,0.6461562045725002,False,,,1.0,0,496,0.0,0,3,0,0,,19,,False,False,False,421.89999999999986,429,500,4487.400000000006,4534,5000
0aab5d0793390cdb,warmup1000_chain3,epsilon_greedy,1.0,3.0,0.01,corrected,121,clean,0.7044290000000002,0.7044290000000002,0.07044290000069986,False,,,0.0,0,0,0.0,1,,0,0,,19,,False,False,False,436.1999999999996,442,500,4470.9000000000215,4519,5000
0aab5d0793390cdb,warmup1000_chain3,epsilon_greedy,1.0,3.0,0.01,corrected,121,faa,0.7044290000000002,0.7044290000000002,0.07044290026125877,False,,,1.0,0,495,0.0,1,6,0,0,,19,,False,False,False,425.19999999999965,432,500,4470.9000000000215,4519,5000
0aab5d0793390cdb,warmup1000_chain3,epsilon_greedy,1.0,3.0,0.01,corrected,122,clean,0.7044290000000002,0.7044290000000002,0.7044290000000002,False,,,0.0,0,0,0.0,0,,0,0,,19,,False,False,False,433.9999999999996,440,500,4465.400000000016,4514,5000
0aab5d0793390cdb,warmup1000_chain3,epsilon_greedy,1.0,3.0,0.01,corrected,122,faa,0.7044290000000002,0.7044290000000002,0.7044290000000002,False,,,1.0,0,495,0.0,0,6,0,0,,19,,False,False,False,422.99999999999966,430,500,4465.400000000016,4514,5000
0aab5d0793390cdb,warmup1000_chain3,epsilon_greedy,1.0,3.0,0.01,corrected,123,clean,0.7044290000000002,0.7044290000000002,0.7044290000000002,False,,,0.0,0,0,0.0,0,,0,0,,19,,False,False,False,451.5999999999997,456,500,4434.600000000017,4486,5000
0aab5d0793390cdb,warmup1000_chain3,epsilon_greedy,1.0,3.0,0.01,corrected,123,faa,0.7044290000000002,0.7044290000000002,0.7044290000000002,False,,,1.0,0,495,0.0,0,6,0,0,,19,,False,False,False,440.5999999999998,446,500,4434.600000000017,4486,5000
0aab5d0793390cdb,warmup1000_chain3,epsilon_greedy,1.0,3.0,0.01,corrected,124,clean,0.6389090000000002,0.6389090000000002,0.6389090000000002,False,,,0.0,0,0,0.0,0,,0,0,,19,,False,False,False,440.5999999999995,446,500,4366.400000000014,4424,5000
0aab5d0793390cdb,warmup1000_chain3,epsilon_greedy,1.0,3.0,0.01,corrected,124,faa,0.6389090000000002,0.6389090000000002,0.6389090000000002,False,,,1.0,0,496,0.0,0,4,0,0,,19,,False,False,False,431.79999999999956,438,500,4366.400000000014,4424,5000
0aab5d0793390cdb,warmup1000_chain3,epsilon_greedy,1.0,3.0,0.01,corrected,125,clean,0.7044290000000002,0.7044290000000002,0.07044290000006415,False,,,0.0,0,0,0.0,1,,0,0,,19,,False,False,False,451.5999999999997,456,500,4431.300000000013,4483,5000
0aab5d0793390cdb,warmup1000_chain3,epsilon_greedy,1.0,3.0,0.01,corrected,125,faa,0.7044290000000002,0.7044290000000002,0.07044290000582287,False,,,1.0,0,496,0.0,1,4,0,0,,19,,False,False,False,442.7999999999997,448,500,4431.300000000013,4483,5000
0aab5d0793390cdb,warmup1000_chain3,epsilon_greedy,1.0,3.0,0.01,corrected,126,clean,0.7919000000000002,0.7044290000000002,0.07050704389999995,False,,,0.0,0,0,0.0,1,,0,0,,19,,False,False,False,438.39999999999964,444,500,4522.600000000013,4566,5000
0aab5d0793390cdb,warmup1000_chain3,epsilon_greedy,1.0,3.0,0.01,corrected,126,faa,0.7919000000000002,0.7044290000000002,0.0705070439026092,False,,,1.0,0,498,0.0,1,3,0,0,,19,,False,False,False,433.99999999999966,440,500,4522.600000000013,4566,5000
0aab5d0793390cdb,warmup1000_chain3,epsilon_greedy,1.0,3.0,0.01,corrected,127,clean,0.7044290000000002,0.7044290000000002,0.7044290000000002,False,,,0.0,0,0,0.0,0,,0,0,,19,,False,False,False,431.7999999999995,438,500,4441.200000000016,4492,5000
0aab5d0793390cdb,warmup1000_chain3,epsilon_greedy,1.0,3.0,0.01,corrected,127,faa,0.7044290000000002,0.7044290000000002,0.7044290000000002,False,,,1.0,0,495,0.0,0,4,0,0,,19,,False,False,False,422.9999999999995,430,500,4441.200000000016,4492,5000
0aab5d0793390cdb,warmup1000_chain3,epsilon_greedy,1.0,3.0,0.01,corrected,128,clean,0.06305414390000114,0.06305414390000114,0.006305414390064268,False,,,0.0,0,0,0.0,1,,0,0,2440,19,2459,False,False,False,447.1999999999997,452,500,4473.100000000018,4521,5000
0aab5d0793390cdb,warmup1000_chain3,epsilon_greedy,1.0,3.0,0.01,corrected,128,faa,0.06305414390000114,0.24841163739425315,0.024239940040655772,False,6,0.7909006488833414,1.0,0,228,0.0,1,9,0,0,2440,19,2459,False,False,False,432.89999999999975,439,500,4473.100000000018,4521,5000
0aab5d0793390cdb,warmup1000_chain3,epsilon_greedy,1.0,3.0,0.01,corrected,129,clean,0.7044290000000002,0.7044290000000002,0.7044290000000002,False,,,0.0,0,0,0.0,0,,0,0,,19,,False,False,False,444.9999999999998,450,500,4419.20000000002,4472,5000
0aab5d0793390cdb,warmup1000_chain3,epsilon_greedy,1.0,3.0,0.01,corrected,129,faa,0.7044290000000002,0.7044290000000002,0.7044290000000002,False,,,1.0,0,498,0.0,0,3,0,0,,19,,False,False,False,440.5999999999998,446,500,4419.20000000002,4472,5000
0aab5d0793390cdb,warmup1000_chain3,epsilon_greedy,1.0,3.0,0.01,corrected,130,clean,0.6299000000000002,0.6299000000000002,0.006299006326099921,False,,,0.0,0,0,0.0,2,,0,0,2086,19,2105,False,False,False,444.99999999999943,450,500,4390.600000000017,4446,5000
0aab5d0793390cdb,warmup1000_chain3,epsilon_greedy,1.0,3.0,0.01,corrected,130,faa,0.6299000000000002,0.6299000000000002,0.006299288684167459,False,,,1.0,0,498,0.0,2,3,0,0,2086,19,2105,False,False,False,440.59999999999945,446,500,4390.600000000017,4446,5000
0aab5d0793390cdb,warmup1000_chain3,epsilon_greedy,1.0,3.0,0.01,corrected,131,clean,0.6299000000000002,0.6299000000000002,0.6299000000000002,False,,,0.0,0,0,0.0,0,,0,0,,19,,False,False,False,453.7999999999996,458,500,4476.400000000015,4524,5000
0aab5d0793390cdb,warmup1000_chain3,epsilon_greedy,1.0,3.0,0.01,corrected,131,faa,0.6299000000000002,0.6299000000000002,0.6299000000000002,False,,,1.0,0,496,0.0,0,4,0,0,,19,,False,False,False,444.99999999999966,450,500,4476.400000000015,4524,5000
0aab5d0793390cdb,warmup1000_chain3,epsilon_greedy,1.0,3.0,0.01,corrected,132,clean,0.7044290000000002,0.7044290000000002,0.7044290000000002,False,,,0.0,0,0,0.0,0,,0,0,,19,,False,False,False,431.79999999999956,438,500,4480.8000000000175,4528,5000
0aab5d0793390cdb,warmup1000_chain3,epsilon_greedy,1.0,3.0,0.01,corrected,132,faa,0.7044290000000002,0.7044290000000002,0.7044290000000002,False,,,1.0,0,497,0.0,0,4,0,0,,19,,False,False,False,425.19999999999953,432,500,4480.8000000000175,4528,5000
0aab5d0793390cdb,warmup1000_chain3,epsilon_greedy,1.0,3.0,0.01,corrected,133,clean,0.6299000000000002,0.6299000000000002,0.00629900000064143,False,,,0.0,0,0,0.0,2,,0,0,4371,19,4390,False,False,False,449.39999999999975,454,500,4418.100000000017,4471,5000
0aab5d0793390cdb,warmup1000_chain3,epsilon_greedy,1.0,3.0,0.01,corrected,133,faa,0.6299000000000002,0.6299000000000002,0.006299000278981004,False,,,1.0,0,495,0.0,2,6,0,0,4371,19,4390,False,False,False,442.7999999999997,448,500,4418.100000000017,4471,5000
0aab5d0793390cdb,warmup1000_chain3,epsilon_greedy,1.0,3.0,0.01,corrected,134,clean,0.6380900000000002,0.6380900000000002,0.6380900000000002,False,,,0.0,0,0,0.0,0,,0,0,,19,,False,False,False,451.5999999999996,456,500,4432.400000000018,4484,5000
0aab5d0793390cdb,warmup1000_chain3,epsilon_greedy,1.0,3.0,0.01,corrected,134,faa,0.6380900000000002,0.6380900000000002,0.6380900000000002,False,,,1.0,0,496,0.0,0,4,0,0,,19,,False,False,False,442.79999999999967,448,500,4432.400000000018,4484,5000
0aab5d0793390cdb,warmup1000_chain3,epsilon_greedy,1.0,3.0,0.01,corrected,135,clean,0.1345868000000584,0.014100119000006406,0.014100119000006406,False,,,0.0,0,0,0.0,0,,0,0,0,19,19,False,False,False,446.09999999999934,451,500,4408.2000000000135,4462,5000
0aab5d0793390cdb,warmup1000_chain3,epsilon_greedy,1.0,3.0,0.01,corrected,135,faa,0.1345868000000584,0.05166875739946769,0.05166875739946769,False,45,1.0,1.0,0,180,0.0,0,4,0,0,,19,,False,False,False,438.3999999999994,444,500,4408.2000000000135,4462,5000
0aab5d0793390cdb,warmup1000_chain3,epsilon_greedy,1.0,3.0,0.01,corrected,136,clean,0.7044290000000002,0.7044290000000002,0.07044290064143888,False,,,0.0,0,0,0.0,1,,0,0,,19,,False,False,False,442.7999999999993,448,500,4385.100000000022,4441,5000
0aab5d0793390cdb,warmup1000_chain3,epsilon_greedy,1.0,3.0,0.01,corrected,136,faa,0.7044290000000002,0.7044290000000002,0.07044293430562354,False,,,1.0,0,496,0.0,1,4,0,0,,19,,False,False,False,433.99999999999926,440,500,4385.100000000022,4441,5000
0aab5d0793390cdb,warmup1000_chain3,epsilon_greedy,1.0,3.0,0.01,corrected,137,clean,0.7044290000000002,0.7044290000000002,0.7044290000000002,False,,,0.0,0,0,0.0,0,,0,0,,19,,False,False,False,447.1999999999997,452,500,4381.800000000022,4438,5000
0aab5d0793390cdb,warmup1000_chain3,epsilon_greedy,1.0,3.0,0.01,corrected,137,faa,0.7044290000000002,0.7044290000000002,0.7044290000000002,False,,,1.0,0,495,0.0,0,6,0,0,,19,,False,False,False,438.3999999999997,444,500,4381.800000000022,4438,5000
0aab5d0793390cdb,warmup1000_chain3,epsilon_greedy,1.0,3.0,0.01,corrected,138,clean,0.7919000000000002,0.7919000000000002,0.007109075339000015,False,,,0.0,0,0,0.0,3,,0,830,3043,849,3062,False,False,False,458.19999999999965,462,500,4440.100000000017,4491,5000
0aab5d0793390cdb,warmup1000_chain3,epsilon_greedy,1.0,3.0,0.01,corrected,138,faa,0.7919000000000002,0.741608,0.007104960950479966,False,,,1.0,0,498,0.0,2,3,0,0,3043,19,3062,False,False,False,452.6999999999996,457,500,4441.200000000017,4492,5000
0aab5d0793390cdb,warmup1000_chain3,epsilon_greedy,1.0,3.0,0.01,corrected,139,clean,0.7044290000000002,0.7044290000000002,0.7044290000000002,False,,,0.0,0,0,0.0,0,,0,0,,19,,False,False,False,438.3999999999993,444,500,4489.600000000013,4536,5000
0aab5d0793390cdb,warmup1000_chain3,epsilon_greedy,1.0,3.0,0.01,corrected,139,faa,0.7044290000000002,0.7044290000000002,0.7044290000000002,False,,,1.0,0,496,0.0,0,4,0,0,,19,,False,False,False,429.59999999999934,436,500,4489.600000000013,4536,5000
0aab5d0793390cdb,warmup1000_chain3,epsilon_greedy,1.0,3.0,0.01,corrected,140,clean,0.7044290000000002,0.7044290000000002,0.7044290000000002,False,,,0.0,0,0,0.0,0,,0,0,,19,,False,False,False,462.5999999999999,466,500,4421.400000000009,4474,5000
0aab5d0793390cdb,warmup1000_chain3,epsilon_greedy,1.0,3.0,0.01,corrected,140,faa,0.7044290000000002,0.7044290000000002,0.7044290000000002,False,,,1.0,0,496,0.0,0,4,0,0,,19,,False,False,False,455.9999999999999,460,500,4421.400000000009,4474,5000
0aab5d0793390cdb,warmup1000_chain3,epsilon_greedy,1.0,3.0,0.01,corrected,141,clean,0.7044290000000002,0.7044290000000002,0.7044290000000002,False,,,0.0,0,0,0.0,0,,0,0,,19,,False,False,False,442.7999999999998,448,500,4483.000000000008,4530,5000
0aab5d0793390cdb,warmup1000_chain3,epsilon_greedy,1.0,3.0,0.01,corrected,141,faa,0.7044290000000002,0.7044290000000002,0.7044290000000002,False,,,1.0,0,495,0.0,0,6,0,0,,19,,False,False,False,431.7999999999998,438,500,4483.000000000008,4530,5000
0aab5d0793390cdb,warmup1000_chain3,epsilon_greedy,1.0,3.0,0.01,corrected,142,clean,0.5480000000000002,0.5480000000000002,0.05480641439000056,False,,,0.0,0,0,0.0,1,,0,0,,19,,False,False,False,440.5999999999997,446,500,4459.900000000008,4509,5000
0aab5d0793390cdb,warmup1000_chain3,epsilon_greedy,1.0,3.0,0.01,corrected,142,faa,0.5480000000000002,0.5480000000000002,0.05513866020869873,False,,,1.0,0,496,0.0,1,4,0,0,,19,,False,False,False,433.99999999999966,440,500,4459.900000000008,4509,5000
0aab5d0793390cdb,warmup1000_chain3,epsilon_greedy,1.0,3.0,0.01,corrected,143,clean,0.7044290000000002,0.7044290000000002,0.7044290000000002,False,,,0.0,0,0,0.0,0,,0,0,,19,,False,False,False,442.7999999999996,448,500,4469.800000000019,4518,5000
0aab5d0793390cdb,warmup1000_chain3,epsilon_greedy,1.0,3.0,0.01,corrected,143,faa,0.7044290000000002,0.7044290000000002,0.7044290000000002,False,,,1.0,0,498,0.0,0,3,0,0,,19,,False,False,False,438.3999999999996,444,500,4469.800000000019,4518,5000
0aab5d0793390cdb,warmup1000_chain3,epsilon_greedy,1.0,3.0,0.01,corrected,144,clean,0.07108433905839295,0.07108433905839295,0.07108433905839295,False,,,0.0,0,0,0.0,0,,0,0,,19,,False,False,False,460.3999999999997,464,500,4410.4000000000215,4464,5000
0aab5d0793390cdb,warmup1000_chain3,epsilon_greedy,1.0,3.0,0.01,corrected,144,faa,0.07108433905839295,0.3130901326096029,0.24905037559502186,True,6,0.790902115030307,1.0,0,1,0.006,1,9,31,31,,50,,False,False,False,447.1999999999997,452,500,4409.300000000022,4463,5000
0aab5d0793390cdb,warmup1000_chain3,epsilon_greedy,1.0,3.0,0.01,corrected,145,clean,0.7044290000000002,0.7044290000000002,0.7044290000000002,False,,,0.0,0,0,0.0,0,,0,0,,19,,False,False,False,440.59999999999957,446,500,4425.8000000000175,4478,5000
0aab5d0793390cdb,warmup1000_chain3,epsilon_greedy,1.0,3.0,0.01,corrected,145,faa,0.7044290000000002,0.7044290000000002,0.7044290000000002,False,,,1.0,0,495,0.0,0,6,0,0,,19,,False,False,False,429.5999999999996,436,500,4425.8000000000175,4478,5000
0aab5d0793390cdb,warmup1000_chain3,epsilon_greedy,1.0,3.0,0.01,corrected,146,clean,0.6380900000000003,0.6380900000000003,0.6380900000000003,False,,,0.0,0,0,0.0,0,,0,0,,19,,False,False,False,440.59999999999957,446,500,4441.200000000018,4492,5000
0aab5d0793390cdb,warmup1000_chain3,epsilon_greedy,1.0,3.0,0.01,corrected,146,faa,0.6380900000000003,0.6380900000000003,0.6380900000000003,False,,,1.0,0,497,0.0,0,4,0,0,,19,,False,False,False,436.1999999999996,442,500,4441.200000000018,4492,5000
0aab5d0793390cdb,warmup1000_chain3,epsilon_greedy,1.0,3.0,0.01,corrected,147,clean,0.7044290000000002,0.7044290000000002,0.07044354143906428,False,,,0.0,0,0,0.0,1,,0,0,,19,,False,False,False,440.5999999999994,446,500,4404.900000000019,4459,5000
0aab5d0793390cdb,warmup1000_chain3,epsilon_greedy,1.0,3.0,0.01,corrected,147,faa,0.7044290000000002,0.7044290000000002,0.07314351395338847,False,,,1.0,0,495,0.0,1,6,0,0,,19,,False,False,False,429.5999999999994,436,500,4404.900000000019,4459,5000
0aab5d0793390cdb,warmup1000_chain3,epsilon_greedy,1.0,3.0,0.01,corrected,148,clean,0.6380900000000002,0.06445043905840353,0.06445043905840353,False,,,0.0,0,0,0.0,0,,0,0,,19,,False,False,False,457.0999999999999,461,500,4454.400000000012,4504,5000
0aab5d0793390cdb,warmup1000_chain3,epsilon_greedy,1.0,3.0,0.01,corrected,148,faa,0.6380900000000002,0.3300211337266208,0.3300211337266208,False,,,1.0,0,497,0.0,0,3,0,0,,19,,False,False,False,450.4999999999999,455,500,4454.400000000012,4504,5000
0aab5d0793390cdb,warmup1000_chain3,epsilon_greedy,1.0,3.0,0.01,corrected,149,clean,0.1357021700000054,0.1357021700000054,0.1357021700000054,False,,,0.0,0,0,0.0,0,,0,0,,19,,False,False,False,427.3999999999993,434,500,4421.400000000022,4474,5000
0aab5d0793390cdb,warmup1000_chain3,epsilon_greedy,1.0,3.0,0.01,corrected,149,faa,0.1357021700000054,0.21922902554175575,0.21922902554175575,False,6,0.8293824965506115,1.0,0,439,0.0,0,62,0,0,,19,,False,False,False,414.19999999999936,422,500,4421.400000000022,4474,5000
0aab5d0793390cdb,warmup1000_chain3,epsilon_greedy,1.0,3.0,0.01,corrected,150,clean,0.5480000000000002,0.5480000000000002,0.5480000000000002,False,,,0.0,0,0,0.0,0,,0,0,,19,,False,False,False,440.5999999999997,446,500,4474.200000000014,4522,5000
0aab5d0793390cdb,warmup1000_chain3,epsilon_greedy,1.0,3.0,0.01,corrected,150,faa,0.5480000000000002,0.5480000000000002,0.5480000000000002,False,,,1.0,0,498,0.0,0,3,0,0,,19,,False,False,False,436.1999999999997,442,500,4474.200000000014,4522,5000
0aab5d0793390cdb,warmup1000_chain3,epsilon_greedy,1.0,3.0,0.01,corrected,151,clean,0.6380900000000002,0.6380900000000002,0.6380900000000002,False,,,0.0,0,0,0.0,0,,0,0,,19,,False,False,False,431.79999999999944,438,500,4458.800000000016,4508,5000
0aab5d0793390cdb,warmup1000_chain3,epsilon_greedy,1.0,3.0,0.01,corrected,151,faa,0.6380900000000002,0.6380900000000002,0.6380900000000002,False,,,1.0,0,496,0.0,0,4,0,0,,19,,False,False,False,422.99999999999943,430,500,4458.800000000016,4508,5000
0aab5d0793390cdb,warmup1000_chain3,epsilon_greedy,1.0,3.0,0.01,corrected,152,clean,0.7044290000000002,0.7044290000000002,0.07044290000000641,False,,,0.0,0,0,0.0,1,,0,0,,19,,False,False,False,444.9999999999998,450,500,4418.100000000013,4471,5000
0aab5d0793390cdb,warmup1000_chain3,epsilon_greedy,1.0,3.0,0.01,corrected,152,faa,0.7044290000000002,0.7044290000000002,0.07044290025804634,False,,,1.0,0,495,0.0,1,6,0,0,,19,,False,False,False,433.9999999999998,440,500,4418.100000000013,4471,5000
0aab5d0793390cdb,warmup1000_chain3,epsilon_greedy,1.0,3.0,0.01,corrected,153,clean,0.7044290000000002,0.7044290000000002,0.07044290006414389,False,,,0.0,0,0,0.0,1,,0,0,,19,,False,False,False,436.1999999999996,442,500,4402.700000000019,4457,5000
0aab5d0793390cdb,warmup1000_chain3,epsilon_greedy,1.0,3.0,0.01,corrected,153,faa,0.7044290000000002,0.7044290000000002,0.07044290006414389,False,,,1.0,0,497,0.0,1,4,0,0,,19,,False,False,False,431.7999999999996,438,500,4402.700000000019,4457,5000
0aab5d0793390cdb,warmup1000_chain3,epsilon_greedy,1.0,3.0,0.01,corrected,154,clean,0.7044290000000002,0.7044290000000002,0.7044290000000002,False,,,0.0,0,0,0.0,0,,0,0,,19,,False,False,False,433.9999999999996,440,500,4507.20000000001,4552,5000
0aab5d0793390cdb,warmup1000_chain3,epsilon_greedy,1.0,3.0,0.01,corrected,154,faa,0.7044290000000002,0.7044290000000002,0.7044290000000002,False,,,1.0,0,496,0.0,0,4,0,0,,19,,False,False,False,425.1999999999996,432,500,4507.20000000001,4552,5000
0aab5d0793390cdb,warmup1000_chain3,epsilon_greedy,1.0,3.0,0.01,corrected,155,clean,0.7044290000000002,0.7044290000000002,0.7044290000000002,False,,,0.0,0,0,0.0,0,,0,0,,19,,False,False,False,464.7999999999997,468,500,4447.800000000011,4498,5000
0aab5d0793390cdb,warmup1000_chain3,epsilon_greedy,1.0,3.0,0.01,corrected,155,faa,0.7044290000000002,0.7044290000000002,0.7044290000000002,False,,,1.0,0,495,0.0,0,6,0,0,,19,,False,False,False,453.7999999999997,458,500,4447.800000000011,4498,5000
0aab5d0793390cdb,warmup1000_chain3,epsilon_greedy,1.0,3.0,0.01,corrected,156,clean,0.7044290000000002,0.7044290000000002,0.07044289999999997,False,,,0.0,0,0,0.0,1,,0,0,,19,,False,False,False,455.9999999999995,460,500,4440.1000000000195,4491,5000
0aab5d0793390cdb,warmup1000_chain3,epsilon_greedy,1.0,3.0,0.01,corrected,156,faa,0.7044290000000002,0.7044290000000002,0.07044290000498621,False,,,1.0,0,495,0.0,1,6,0,0,,19,,False,False,False,444.9999999999995,450,500,4440.1000000000195,4491,5000
0aab5d0793390cdb,warmup1000_chain3,epsilon_greedy,1.0,3.0,0.01,corrected,157,clean,0.6299000000000002,0.6299000000000002,0.06299000000000626,False,,,0.0,0,0,0.0,1,,0,0,,19,,False,False,False,447.1999999999998,452,500,4473.100000000017,4521,5000
0aab5d0793390cdb,warmup1000_chain3,epsilon_greedy,1.0,3.0,0.01,corrected,157,faa,0.6299000000000002,0.32851930598567003,0.03285193064987896,False,,,1.0,0,495,0.0,1,5,0,0,4555,19,4574,False,False,False,441.6999999999998,447,500,4473.100000000017,4521,5000
0aab5d0793390cdb,warmup1000_chain3,epsilon_greedy,1.0,3.0,0.01,corrected,158,clean,0.7044290000000002,0.7044290000000002,0.0704429641439589,False,,,0.0,0,0,0.0,1,,0,0,,19,,False,False,False,436.1999999999998,442,500,4453.300000000014,4503,5000
0aab5d0793390cdb,warmup1000_chain3,epsilon_greedy,1.0,3.0,0.01,corrected,158,faa,0.7044290000000002,0.7044290000000002,0.0704463305627524,False,,,1.0,0,496,0.0,1,4,0,0,,19,,False,False,False,427.39999999999986,434,500,4453.300000000014,4503,5000
0aab5d0793390cdb,warmup1000_chain3,epsilon_greedy,1.0,3.0,0.01,corrected,159,clean,0.7044290000000002,0.07044296539180295,0.0007044296539180372,False,,,0.0,0,0,0.0,2,,0,0,4787,19,4806,False,False,False,443.9,449,500,4419.200000000019,4472,5000
0aab5d0793390cdb,warmup1000_chain3,epsilon_greedy,1.0,3.0,0.01,corrected,159,faa,0.7044290000000002,0.07544980605867957,0.0007544980605878049,False,,,1.0,0,495,0.0,2,6,0,0,4787,19,4806,False,False,False,435.09999999999997,441,500,4419.200000000019,4472,5000
0aab5d0793390cdb,warmup1000_chain3,epsilon_greedy,1.0,3.0,0.01,corrected,160,clean,0.7044290000000002,0.7044290000000002,0.07044290007529763,False,,,0.0,0,0,0.0,1,,0,0,,19,,False,False,False,429.59999999999957,436,500,4411.500000000015,4465,5000
0aab5d0793390cdb,warmup1000_chain3,epsilon_greedy,1.0,3.0,0.01,corrected,160,faa,0.7044290000000002,0.7044290000000002,0.07044290350771854,False,,,1.0,0,496,0.0,1,4,0,0,,19,,False,False,False,420.7999999999996,428,500,4411.500000000015,4465,5000
0aab5d0793390cdb,warmup1000_chain3,epsilon_greedy,1.0,3.0,0.01,corrected,161,clean,0.7118819000000002,0.7118819000000002,0.7118819000000002,False,,,0.0,0,0,0.0,0,,0,0,,19,,False,False,False,455.9999999999996,460,500,4496.200000000016,4542,5000
0aab5d0793390cdb,warmup1000_chain3,epsilon_greedy,1.0,3.0,0.01,corrected,161,faa,0.7118819000000002,0.7118819000000002,0.7118819000000002,False,,,1.0,0,495,0.0,0,6,0,0,,19,,False,False,False,444.9999999999996,450,500,4496.200000000016,4542,5000
0aab5d0793390cdb,warmup1000_chain3,epsilon_greedy,1.0,3.0,0.01,corrected,162,clean,0.7044290000000002,0.7044290000000002,0.00070442901924328,False,,,0.0,0,0,0.0,3,,0,0,2776,19,2795,False,False,False,438.39999999999935,444,500,4470.900000000012,4519,5000
0aab5d0793390cdb,warmup1000_chain3,epsilon_greedy,1.0,3.0,0.01,corrected,162,faa,0.7044290000000002,0.7044290000000002,0.0007044290317889668,False,,,1.0,0,497,0.0,3,4,0,0,2776,19,2795,False,False,False,431.7999999999994,438,500,4470.900000000012,4519,5000
0aab5d0793390cdb,warmup1000_chain3,epsilon_greedy,1.0,3.0,0.01,corrected,163,clean,0.7044290000000002,0.7044290000000002,0.07044289999999997,False,,,0.0,0,0,0.0,1,,0,0,,19,,False,False,False,416.3999999999995,424,500,4332.300000000025,4393,5000
0aab5d0793390cdb,warmup1000_chain3,epsilon_greedy,1.0,3.0,0.01,corrected,163,faa,0.7044290000000002,0.7044290000000002,0.07044289999999997,False,,,1.0,0,497,0.0,1,3,0,0,,19,,False,False,False,411.99999999999955,420,500,4332.300000000025,4393,5000
0aab5d0793390cdb,warmup1000_chain3,epsilon_greedy,1.0,3.0,0.01,corrected,164,clean,0.7044290000000002,0.7044290000000002,0.070443541439,False,,,0.0,0,0,0.0,1,,0,0,,19,,False,False,False,444.9999999999998,450,500,4440.100000000009,4491,5000
0aab5d0793390cdb,warmup1000_chain3,epsilon_greedy,1.0,3.0,0.01,corrected,164,faa,0.7044290000000002,0.7044290000000002,0.0707094551196552,False,,,1.0,0,495,0.0,1,5,0,0,,19,,False,False,False,436.19999999999976,442,500,4440.100000000009,4491,5000
0aab5d0793390cdb,warmup1000_chain3,epsilon_greedy,1.0,3.0,0.01,corrected,165,clean,0.7919000000000002,0.7919000000000002,0.007044360558289886,False,,,0.0,0,0,0.0,3,,0,320,2326,339,2345,False,False,False,455.9999999999998,460,500,4444.500000000022,4495,5000
0aab5d0793390cdb,warmup1000_chain3,epsilon_greedy,1.0,3.0,0.01,corrected,165,faa,0.7919000000000002,0.7919000000000002,0.007044360558289886,False,,,1.0,0,499,0.0,3,2,0,320,2326,339,2345,False,False,False,453.7999999999997,458,500,4444.500000000022,4495,5000
0aab5d0793390cdb,warmup1000_chain3,epsilon_greedy,1.0,3.0,0.01,corrected,166,clean,0.7044290000000002,0.07685787398214461,0.07685787398214461,False,,,0.0,0,0,0.0,0,,0,0,,19,,False,False,False,441.6999999999998,447,500,4458.800000000019,4508,5000
0aab5d0793390cdb,warmup1000_chain3,epsilon_greedy,1.0,3.0,0.01,corrected,166,faa,0.7044290000000002,0.10294965880287088,0.10294965880287088,False,,,1.0,0,498,0.0,0,3,0,0,,19,,False,False,False,437.2999999999997,443,500,4458.800000000019,4508,5000
0aab5d0793390cdb,warmup1000_chain3,epsilon_greedy,1.0,3.0,0.01,corrected,167,clean,0.6380900000000003,0.6380900000000003,0.6380900000000003,False,,,0.0,0,0,0.0,0,,0,0,,19,,False,False,False,460.3999999999995,464,500,4436.800000000015,4488,5000
0aab5d0793390cdb,warmup1000_chain3,epsilon_greedy,1.0,3.0,0.01,corrected,167,faa,0.6380900000000003,0.6380900000000003,0.6380900000000003,False,,,1.0,0,497,0.0,0,4,0,0,,19,,False,False,False,453.7999999999995,458,500,4436.800000000015,4488,5000
0aab5d0793390cdb,warmup1000_chain3,epsilon_greedy,1.0,3.0,0.01,corrected,168,clean,0.7044290000000002,0.7044290000000002,0.007044290000007114,False,,,0.0,0,0,0.0,2,,0,0,3863,19,3882,False,False,False,441.69999999999965,447,500,4521.500000000017,4565,5000
0aab5d0793390cdb,warmup1000_chain3,epsilon_greedy,1.0,3.0,0.01,corrected,168,faa,0.7044290000000002,0.7044290000000002,0.007044290000403741,False,,,1.0,0,496,0.0,2,4,0,0,3863,19,3882,False,False,False,435.0999999999996,441,500,4521.500000000017,4565,5000
0aab5d0793390cdb,warmup1000_chain3,epsilon_greedy,1.0,3.0,0.01,corrected,169,clean,0.7185158000000003,0.1366594539290002,0.1352507739290002,False,,,0.0,0,0,0.0,0,,0,0,,19,,False,False,False,448.29999999999967,453,500,4377.4000000000215,4434,5000
0aab5d0793390cdb,warmup1000_chain3,epsilon_greedy,1.0,3.0,0.01,corrected,169,faa,0.7185158000000003,0.33012177208999993,0.2542982042753902,True,11,1.0,1.0,0,8,0.0998,1,3,500,500,,519,,False,False,False,443.89999999999964,449,500,4376.300000000021,4433,5000
0aab5d0793390cdb,warmup1000_chain3,epsilon_greedy,1.0,3.0,0.01,corrected,170,clean,0.6380900000000003,0.6380900000000003,0.6380900000000003,False,,,0.0,0,0,0.0,0,,0,0,,19,,False,False,False,440.5999999999997,446,500,4450.000000000017,4500,5000
0aab5d0793390cdb,warmup1000_chain3,epsilon_greedy,1.0,3.0,0.01,corrected,170,faa,0.6380900000000003,0.6380900000000003,0.6380900000000003,False,,,1.0,0,496,0.0,0,4,0,0,,19,,False,False,False,431.7999999999997,438,500,4450.000000000017,4500,5000
0aab5d0793390cdb,warmup1000_chain3,epsilon_greedy,1.0,3.0,0.01,corrected,171,clean,0.12122900000000064,0.012181139000000007,0.012181139000000007,False,,,0.0,0,0,0.0,0,,0,0,0,19,19,False,False,False,437.2999999999995,443,500,4452.200000000014,4502,5000
0aab5d0793390cdb,warmup1000_chain3,epsilon_greedy,1.0,3.0,0.01,corrected,171,faa,0.12122900000000064,0.27864668399768,0.27864668399768,False,,,1.0,0,494,0.0,0,6,0,0,,19,,False,False,False,427.3999999999996,434,500,4452.200000000014,4502,5000
0aab5d0793390cdb,warmup1000_chain3,epsilon_greedy,1.0,3.0,0.01,corrected,172,clean,0.7044290000000002,0.7044290000000002,0.7044290000000002,False,,,0.0,0,0,0.0,0,,0,0,,19,,False,False,False,449.3999999999997,454,500,4469.800000000007,4518,5000
0aab5d0793390cdb,warmup1000_chain3,epsilon_greedy,1.0,3.0,0.01,corrected,172,faa,0.7044290000000002,0.7209473640172382,0.7044290000000002,False,,,1.0,0,496,0.0,0,3,0,0,,19,,False,False,False,440.5999999999997,446,500,4469.800000000007,4518,5000
0aab5d0793390cdb,warmup1000_chain3,epsilon_greedy,1.0,3.0,0.01,corrected,173,clean,0.7044290000000002,0.7044290000000002,0.007044290000712661,False,,,0.0,0,0,0.0,2,,0,0,4316,19,4335,False,False,False,444.9999999999997,450,500,4527.000000000012,4570,5000
0aab5d0793390cdb,warmup1000_chain3,epsilon_greedy,1.0,3.0,0.01,corrected,173,faa,0.7044290000000002,0.7044290000000002,0.007047245473110697,False,,,1.0,0,495,0.0,2,6,0,0,4316,19,4335,False,False,False,433.9999999999997,440,500,4527.000000000012,4570,5000
0aab5d0793390cdb,warmup1000_chain3,epsilon_greedy,1.0,3.0,0.01,corrected,174,clean,0.7919000000000002,0.6380900000000002,0.06380900000064138,False,0,0.0,0.0,0,0,0.0,1,,0,0,,19,,False,False,False,446.0999999999995,451,500,4486.30000000001,4533,5000
0aab5d0793390cdb,warmup1000_chain3,epsilon_greedy,1.0,3.0,0.01,corrected,174,faa,0.7919000000000002,0.6199000000000002,0.061990000002896284,False,0,0.0,1.0,0,169,0.0,1,332,0,0,,19,,False,False,False,437.29999999999933,443,500,4486.30000000001,4533,5000
0aab5d0793390cdb,warmup1000_chain3,epsilon_greedy,1.0,3.0,0.01,corrected,175,clean,0.6299000000000002,0.6299000000000002,0.0062990063416702435,False,,,0.0,0,0,0.0,2,,0,0,4111,19,4130,False,False,False,431.7999999999996,438,500,4443.400000000016,4494,5000
0aab5d0793390cdb,warmup1000_chain3,epsilon_greedy,1.0,3.0,0.01,corrected,175,faa,0.6299000000000002,0.6299000000000002,0.006325999133004356,False,,,1.0,0,495,0.0,2,6,0,0,4111,19,4130,False,False,False,422.9999999999998,430,500,4443.400000000016,4494,5000
0aab5d0793390cdb,warmup1000_chain3,epsilon_greedy,1.0,3.0,0.01,corrected,176,clean,0.7919000000000002,0.7044290000000002,0.07760258000000009,False,,,0.0,0,0,0.0,1,,0,0,,19,,False,False,False,443.89999999999975,449,500,4458.800000000008,4508,5000
0aab5d0793390cdb,warmup1000_chain3,epsilon_greedy,1.0,3.0,0.01,corrected,176,faa,0.7919000000000002,0.7044290000000002,0.07763128096328009,False,,,1.0,0,498,0.0,1,3,0,0,,19,,False,False,False,439.4999999999998,445,500,4458.800000000008,4508,5000
0aab5d0793390cdb,warmup1000_chain3,epsilon_greedy,1.0,3.0,0.01,corrected,177,clean,0.7044290000000002,0.7044290000000002,0.7044290000000002,False,,,0.0,0,0,0.0,0,,0,0,,19,,False,False,False,444.99999999999966,450,500,4474.20000000001,4522,5000
0aab5d0793390cdb,warmup1000_chain3,epsilon_greedy,1.0,3.0,0.01,corrected,177,faa,0.7044290000000002,0.7044290000000002,0.7044290000000002,False,,,1.0,0,495,0.0,0,6,0,0,,19,,False,False,False,436.1999999999996,442,500,4474.20000000001,4522,5000
0aab5d0793390cdb,warmup1000_chain3,epsilon_greedy,1.0,3.0,0.01,corrected,178,clean,0.014100119007644851,0.014100119007644851,0.014100119007644851,False,,,0.0,0,0,0.0,0,,0,0,0,19,19,False,False,False,442.79999999999967,448,500,4491.800000000013,4538,5000
0aab5d0793390cdb,warmup1000_chain3,epsilon_greedy,1.0,3.0,0.01,corrected,178,faa,0.014100119007644851,0.2035164338453545,0.2035164338453545,False,6,0.7955311447397393,1.0,0,491,0.0,0,10,0,0,,19,,False,False,False,428.49999999999983,435,500,4491.800000000013,4538,5000
0aab5d0793390cdb,warmup1000_chain3,epsilon_greedy,1.0,3.0,0.01,corrected,179,clean,0.6299000000000002,0.6299000000000002,0.6299000000000002,False,,,0.0,0,0,0.0,0,,0,0,,19,,False,False,False,452.6999999999999,457,500,4410.400000000016,4464,5000
0aab5d0793390cdb,warmup1000_chain3,epsilon_greedy,1.0,3.0,0.01,corrected,179,faa,0.6299000000000002,0.6299000000000002,0.6299000000000002,False,,,1.0,0,497,0.0,0,3,0,0,,19,,False,False,False,448.29999999999984,453,500,4410.400000000016,4464,5000
0aab5d0793390cdb,warmup1000_chain3,epsilon_greedy,1.0,3.0,0.01,corrected,180,clean,0.7100000000000001,0.6299000000000002,0.6299000000000002,False,,,0.0,0,0,0.0,0,,0,0,,19,,False,False,False,446.0999999999997,451,500,4478.600000000015,4526,5000
0aab5d0793390cdb,warmup1000_chain3,epsilon_greedy,1.0,3.0,0.01,corrected,180,faa,0.7100000000000001,0.6570585800000002,0.6299000000000002,False,,,1.0,0,498,0.0,0,3,0,0,,19,,False,False,False,441.6999999999997,447,500,4478.600000000015,4526,5000
0aab5d0793390cdb,warmup1000_chain3,epsilon_greedy,1.0,3.0,0.01,corrected,181,clean,0.7044290000000002,0.7044290000000002,0.7044290000000002,False,,,0.0,0,0,0.0,0,,0,0,,19,,False,False,False,455.99999999999966,460,500,4441.200000000012,4492,5000
0aab5d0793390cdb,warmup1000_chain3,epsilon_greedy,1.0,3.0,0.01,corrected,181,faa,0.7044290000000002,0.7044290000000002,0.7044290000000002,False,,,1.0,0,496,0.0,0,4,0,0,,19,,False,False,False,447.19999999999965,452,500,4441.200000000012,4492,5000
0aab5d0793390cdb,warmup1000_chain3,epsilon_greedy,1.0,3.0,0.01,corrected,182,clean,0.7044290000000002,0.7044290000000002,0.07044290064143899,False,,,0.0,0,0,0.0,1,,0,0,,19,,False,False,False,438.3999999999996,444,500,4446.700000000017,4497,5000
0aab5d0793390cdb,warmup1000_chain3,epsilon_greedy,1.0,3.0,0.01,corrected,182,faa,0.7044290000000002,0.7044290000000002,0.07044293430562354,False,,,1.0,0,496,0.0,1,4,0,0,,19,,False,False,False,429.5999999999996,436,500,4446.700000000017,4497,5000
0aab5d0793390cdb,warmup1000_chain3,epsilon_greedy,1.0,3.0,0.01,corrected,183,clean,0.13458680583982208,0.13458680583982208,0.013458680648126109,False,,,0.0,0,0,0.0,1,,0,0,2243,19,2262,False,False,False,447.1999999999997,452,500,4434.600000000019,4486,5000
0aab5d0793390cdb,warmup1000_chain3,epsilon_greedy,1.0,3.0,0.01,corrected,183,faa,0.13458680583982208,0.3318758682300333,0.02730705586530474,False,6,0.8606095447163556,1.0,0,492,0.0,1,9,0,0,2243,19,2262,False,False,False,435.09999999999974,441,500,4434.600000000019,4486,5000
0aab5d0793390cdb,warmup1000_chain3,epsilon_greedy,1.0,3.0,0.01,corrected,184,clean,0.6453800000000002,0.6453800000000002,0.6453800000000002,False,,,0.0,0,0,0.0,0,,0,0,,19,,False,False,False,425.1999999999997,432,500,4399.4000000000215,4454,5000
0aab5d0793390cdb,warmup1000_chain3,epsilon_greedy,1.0,3.0,0.01,corrected,184,faa,0.6453800000000002,0.6453800000000002,0.6453800000000002,False,,,1.0,0,495,0.0,0,6,0,0,,19,,False,False,False,414.1999999999997,422,500,4399.4000000000215,4454,5000
0aab5d0793390cdb,warmup1000_chain3,epsilon_greedy,1.0,3.0,0.01,corrected,185,clean,0.7044290000000002,0.7044290000000002,0.07108433900000055,False,,,0.0,0,0,0.0,1,,0,0,,19,,False,False,False,455.9999999999998,460,500,4448.9000000000215,4499,5000
0aab5d0793390cdb,warmup1000_chain3,epsilon_greedy,1.0,3.0,0.01,corrected,185,faa,0.7044290000000002,0.7044290000000002,0.07108694817848049,False,,,1.0,0,498,0.0,1,3,0,0,,19,,False,False,False,451.59999999999974,456,500,4448.9000000000215,4499,5000
0aab5d0793390cdb,warmup1000_chain3,epsilon_greedy,1.0,3.0,0.01,corrected,186,clean,0.7044290000000002,0.7044290000000002,0.07044290006414389,False,,,0.0,0,0,0.0,1,,0,0,,19,,False,False,False,436.19999999999965,442,500,4464.300000000014,4513,5000
0aab5d0793390cdb,warmup1000_chain3,epsilon_greedy,1.0,3.0,0.01,corrected,186,faa,0.7044290000000002,0.7044290000000002,0.07044290322220015,False,,,1.0,0,496,0.0,1,3,0,0,,19,,False,False,False,427.39999999999964,434,500,4464.300000000014,4513,5000
0aab5d0793390cdb,warmup1000_chain3,epsilon_greedy,1.0,3.0,0.01,corrected,187,clean,0.7044290000000002,0.7044290000000002,0.7044290000000002,False,,,0.0,0,0,0.0,0,,0,0,,19,,False,False,False,436.19999999999965,442,500,4408.200000000019,4462,5000
0aab5d0793390cdb,warmup1000_chain3,epsilon_greedy,1.0,3.0,0.01,corrected,187,faa,0.7044290000000002,0.7044290000000002,0.7044290000000002,False,,,1.0,0,495,0.0,0,6,0,0,,19,,False,False,False,427.39999999999975,434,500,4408.200000000019,4462,5000
0aab5d0793390cdb,warmup1000_chain3,epsilon_greedy,1.0,3.0,0.01,corrected,188,clean,0.6971390000000002,0.6380900000000003,0.6380900000000003,False,,,0.0,0,0,0.0,0,,0,0,,19,,False,False,False,449.39999999999964,454,500,4384.00000000003,4440,5000
0aab5d0793390cdb,warmup1000_chain3,epsilon_greedy,1.0,3.0,0.01,corrected,188,faa,0.6971390000000002,0.6380900000000003,0.6380900000000003,False,,,1.0,0,498,0.0,0,3,0,0,,19,,False,False,False,444.99999999999966,450,500,4384.00000000003,4440,5000
0aab5d0793390cdb,warmup1000_chain3,epsilon_greedy,1.0,3.0,0.01,corrected,189,clean,0.7044290000000002,0.7044290000000002,0.7044290000000002,False,,,0.0,0,0,0.0,0,,0,0,,19,,False,False,False,444.99999999999943,450,500,4472.000000000019,4520,5000
0aab5d0793390cdb,warmup1000_chain3,epsilon_greedy,1.0,3.0,0.01,corrected,189,faa,0.7044290000000002,0.7044290000000002,0.7044290000000002,False,,,1.0,0,497,0.0,0,4,0,0,,19,,False,False,False,440.59999999999945,446,500,4472.000000000019,4520,5000
0aab5d0793390cdb,warmup1000_chain3,epsilon_greedy,1.0,3.0,0.01,corrected,190,clean,0.7044290000000002,0.7044290000000002,0.7044290000000002,False,,,0.0,0,0,0.0,0,,0,0,,19,,False,False,False,440.5999999999996,446,500,4425.800000000017,4478,5000
0aab5d0793390cdb,warmup1000_chain3,epsilon_greedy,1.0,3.0,0.01,corrected,190,faa,0.7044290000000002,0.2120659780310002,0.2120659780310002,False,13,1.0,1.0,0,494,0.0,0,4,0,0,,19,,False,False,False,431.7999999999996,438,500,4425.800000000017,4478,5000
0aab5d0793390cdb,warmup1000_chain3,epsilon_greedy,1.0,3.0,0.01,corrected,191,clean,0.7044290000000002,0.7044290000000002,0.007044290134790354,False,,,0.0,0,0,0.0,2,,0,0,2762,19,2781,False,False,False,429.59999999999934,436,500,4450.000000000024,4500,5000
0aab5d0793390cdb,warmup1000_chain3,epsilon_greedy,1.0,3.0,0.01,corrected,191,faa,0.7044290000000002,0.7044290000000002,0.007044297105304298,False,,,1.0,0,496,0.0,2,4,0,0,2762,19,2781,False,False,False,420.7999999999993,428,500,4450.000000000024,4500,5000
0aab5d0793390cdb,warmup1000_chain3,epsilon_greedy,1.0,3.0,0.01,corrected,192,clean,0.7044290000000002,0.7044290000000002,0.007044302786399448,False,,,0.0,0,0,0.0,2,,0,0,2662,19,2681,False,False,False,455.99999999999966,460,500,4406.000000000016,4460,5000
0aab5d0793390cdb,warmup1000_chain3,epsilon_greedy,1.0,3.0,0.01,corrected,192,faa,0.7044290000000002,0.7044290000000002,0.00729808773172369,False,,,1.0,0,497,0.0,2,3,0,0,2662,19,2681,False,False,False,449.39999999999975,454,500,4406.000000000016,4460,5000
0aab5d0793390cdb,warmup1000_chain3,epsilon_greedy,1.0,3.0,0.01,corrected,193,clean,0.7044290000000002,0.7044290000000002,0.7044290000000002,False,,,0.0,0,0,0.0,0,,0,0,,19,,False,False,False,451.5999999999997,456,500,4478.6000000000095,4526,5000
0aab5d0793390cdb,warmup1000_chain3,epsilon_greedy,1.0,3.0,0.01,corrected,193,faa,0.7044290000000002,0.7044290000000002,0.7044290000000002,False,,,1.0,0,494,0.0,0,6,0,0,,19,,False,False,False,440.5999999999997,446,500,4478.6000000000095,4526,5000
0aab5d0793390cdb,warmup1000_chain3,epsilon_greedy,1.0,3.0,0.01,corrected,194,clean,0.7044290000000002,0.7044290000000002,0.7044290000000002,False,,,0.0,0,0,0.0,0,,0,0,,19,,False,False,False,453.7999999999996,458,500,4463.2000000000135,4512,5000
0aab5d0793390cdb,warmup1000_chain3,epsilon_greedy,1.0,3.0,0.01,corrected,194,faa,0.7044290000000002,0.7044290000000002,0.7044290000000002,False,,,1.0,0,496,0.0,0,4,0,0,,19,,False,False,False,444.9999999999996,450,500,4463.2000000000135,4512,5000
0aab5d0793390cdb,warmup1000_chain3,epsilon_greedy,1.0,3.0,0.01,corrected,195,clean,0.7044290000000002,0.7044290000000002,0.0070443605582899416,False,,,0.0,0,0,0.0,2,,0,0,2304,19,2323,False,False,False,453.7999999999996,458,500,4432.4000000000215,4484,5000
0aab5d0793390cdb,warmup1000_chain3,epsilon_greedy,1.0,3.0,0.01,corrected,195,faa,0.7044290000000002,0.7209970383078801,0.0070449324083611264,False,,,1.0,0,496,0.0,2,3,0,0,2304,19,2323,False,False,False,444.99999999999966,450,500,4432.4000000000215,4484,5000
0aab5d0793390cdb,warmup1000_chain3,epsilon_greedy,1.0,3.0,0.01,corrected,196,clean,0.6461090000000003,0.6389090000000002,0.6389090000000002,False,,,0.0,0,0,0.0,0,,0,0,,19,,False,False,False,459.2999999999996,463,500,4377.40000000002,4434,5000
0aab5d0793390cdb,warmup1000_chain3,epsilon_greedy,1.0,3.0,0.01,corrected,196,faa,0.6461090000000003,0.6389090000000002,0.6389090000000002,False,,,1.0,0,500,0.0,0,1,0,0,,19,,False,False,False,459.2999999999996,463,500,4377.40000000002,4434,5000
0aab5d0793390cdb,warmup1000_chain3,epsilon_greedy,1.0,3.0,0.01,corrected,197,clean,0.1353224339000001,0.1353224339000001,0.01353289218533893,False,,,0.0,0,0,0.0,1,,0,0,735,19,754,False,False,False,440.59999999999945,446,500,4402.700000000022,4457,5000
0aab5d0793390cdb,warmup1000_chain3,epsilon_greedy,1.0,3.0,0.01,corrected,197,faa,0.1353224339000001,0.2816761933169135,0.024523572837571728,False,6,0.8289690296658843,1.0,0,492,0.0,1,9,0,0,735,19,754,False,False,False,427.39999999999947,434,500,4402.700000000022,4457,5000
0aab5d0793390cdb,warmup1000_chain3,epsilon_greedy,1.0,3.0,0.01,corrected,198,clean,0.7044290000000002,0.7044290000000002,0.007044931439064206,False,,,0.0,0,0,0.0,2,,0,0,3872,19,3891,False,False,False,458.1999999999996,462,500,4430.200000000018,4482,5000
0aab5d0793390cdb,warmup1000_chain3,epsilon_greedy,1.0,3.0,0.01,corrected,198,faa,0.7044290000000002,0.7044290000000002,0.007078600091471043,False,,,1.0,0,496,0.0,2,4,0,0,3872,19,3891,False,False,False,449.39999999999964,454,500,4430.200000000018,4482,5000
0aab5d0793390cdb,warmup1000_chain3,epsilon_greedy,1.0,3.0,0.01,corrected,199,clean,0.7044290000000002,0.7044290000000002,0.7044290000000002,False,,,0.0,0,0,0.0,0,,0,0,,19,,False,False,False,444.9999999999996,450,500,4414.800000000019,4468,5000
0aab5d0793390cdb,warmup1000_chain3,epsilon_greedy,1.0,3.0,0.01,corrected,199,faa,0.7044290000000002,0.7044290000000002,0.7044290000000002,False,,,1.0,0,495,0.0,0,6,0,0,,19,,False,False,False,436.1999999999997,442,500,4414.800000000019,4468,5000
0aab5d0793390cdb,warmup1000_chain3,epsilon_greedy,1.0,3.0,0.01,corrected,200,clean,0.13517126044100014,0.13517126044100014,0.013517126050572814,False,,,0.0,0,0,0.0,1,,0,0,1602,19,1621,False,False,False,457.0999999999998,461,500,4468.700000000018,4517,5000
0aab5d0793390cdb,warmup1000_chain3,epsilon_greedy,1.0,3.0,0.01,corrected,200,faa,0.13517126044100014,0.2542258470013102,0.025422587368901628,False,18,1.0,1.0,0,397,0.0,1,3,0,0,1602,19,1621,False,False,False,451.5999999999998,456,500,4468.700000000018,4517,5000
0aab5d0793390cdb,warmup1000_chain3,epsilon_greedy,1.0,3.0,0.01,corrected,201,clean,0.7919000000000002,0.7044290000000002,0.7044290000000002,False,,,0.0,0,0,0.0,0,,0,0,,19,,False,False,False,441.6999999999997,447,500,4467.60000000002,4516,5000
0aab5d0793390cdb,warmup1000_chain3,epsilon_greedy,1.0,3.0,0.01,corrected,201,faa,0.7919000000000002,0.7044290000000002,0.7044290000000002,False,,,1.0,0,498,0.0,0,3,0,0,,19,,False,False,False,439.49999999999966,445,500,4467.60000000002,4516,5000
0aab5d0793390cdb,warmup1000_chain3,epsilon_greedy,1.0,3.0,0.01,corrected,202,clean,0.007930737167916369,0.007930737167916369,0.007930737167916369,False,,,0.0,0,0,0.0,0,,0,0,0,19,19,False,False,False,420.7999999999996,428,500,4463.200000000019,4512,5000
0aab5d0793390cdb,warmup1000_chain3,epsilon_greedy,1.0,3.0,0.01,corrected,202,faa,0.007930737167916369,0.19331462388179638,0.19331462388179638,False,6,0.7903804947503106,1.0,0,491,0.0,0,10,0,0,,19,,False,False,False,406.4999999999996,415,500,4463.200000000019,4512,5000
0aab5d0793390cdb,warmup1000_chain3,epsilon_greedy,1.0,3.0,0.01,corrected,203,clean,0.7044290000000002,0.7044290000000002,0.7044290000000002,False,,,0.0,0,0,0.0,0,,0,0,,19,,False,False,False,449.3999999999998,454,500,4494.000000000012,4540,5000
0aab5d0793390cdb,warmup1000_chain3,epsilon_greedy,1.0,3.0,0.01,corrected,203,faa,0.7044290000000002,0.7044290000000002,0.7044290000000002,False,,,1.0,0,497,0.0,0,4,0,0,,19,,False,False,False,444.9999999999998,450,500,4494.000000000012,4540,5000
0aab5d0793390cdb,warmup1000_chain3,epsilon_greedy,1.0,3.0,0.01,corrected,204,clean,0.13458680000000012,0.13458680000000012,0.13458680000000012,False,,,0.0,0,0,0.0,0,,0,0,,19,,False,False,False,444.99999999999966,450,500,4469.800000000021,4518,5000
0aab5d0793390cdb,warmup1000_chain3,epsilon_greedy,1.0,3.0,0.01,corrected,204,faa,0.13458680000000012,0.2180732022750002,0.2180732022750002,False,6,0.8280800291944446,1.0,0,492,0.0,0,9,0,0,,19,,False,False,False,431.7999999999996,438,500,4469.800000000021,4518,5000
0aab5d0793390cdb,warmup1000_chain3,epsilon_greedy,1.0,3.0,0.01,corrected,205,clean,0.6299000000000002,0.6299000000000002,0.06299575099999999,False,,,0.0,0,0,0.0,1,,0,0,,19,,False,False,False,460.3999999999995,464,500,4501.700000000012,4547,5000
0aab5d0793390cdb,warmup1000_chain3,epsilon_greedy,1.0,3.0,0.01,corrected,205,faa,0.6299000000000002,0.6299000000000002,0.06299575099999999,False,,,1.0,0,498,0.0,1,3,0,0,,19,,False,False,False,458.19999999999953,462,500,4501.700000000012,4547,5000
0aab5d0793390cdb,warmup1000_chain3,epsilon_greedy,1.0,3.0,0.01,corrected,206,clean,0.7044290000000002,0.7044290000000002,0.7044290000000002,False,,,0.0,0,0,0.0,0,,0,0,,19,,False,False,False,462.59999999999997,466,500,4472.000000000016,4520,5000
0aab5d0793390cdb,warmup1000_chain3,epsilon_greedy,1.0,3.0,0.01,corrected,206,faa,0.7044290000000002,0.7044290000000002,0.7044290000000002,False,,,1.0,0,498,0.0,0,3,0,0,,19,,False,False,False,458.2,462,500,4472.000000000016,4520,5000
0aab5d0793390cdb,warmup1000_chain3,epsilon_greedy,1.0,3.0,0.01,corrected,207,clean,0.7044290000000002,0.7044290000000002,0.7044290000000002,False,,,0.0,0,0,0.0,0,,0,0,,19,,False,False,False,455.99999999999983,460,500,4450.000000000008,4500,5000
0aab5d0793390cdb,warmup1000_chain3,epsilon_greedy,1.0,3.0,0.01,corrected,207,faa,0.7044290000000002,0.31031757963544404,0.3085926492248,False,,,1.0,0,496,0.0,0,4,0,0,,19,,False,False,False,448.29999999999984,453,500,4450.000000000008,4500,5000
0aab5d0793390cdb,warmup1000_chain3,epsilon_greedy,1.0,3.0,0.01,corrected,208,clean,0.5480000000000002,0.5480000000000002,0.5480000000000002,False,,,0.0,0,0,0.0,0,,0,0,,19,,False,False,False,416.39999999999935,424,500,4447.800000000018,4498,5000
0aab5d0793390cdb,warmup1000_chain3,epsilon_greedy,1.0,3.0,0.01,corrected,208,faa,0.5480000000000002,0.5480000000000002,0.5480000000000002,False,,,1.0,0,497,0.0,0,4,0,0,,19,,False,False,False,411.99999999999943,420,500,4447.800000000018,4498,5000
0aab5d0793390cdb,warmup1000_chain3,epsilon_greedy,1.0,3.0,0.01,corrected,209,clean,0.7044290000000002,0.7044290000000002,0.007044354143964149,False,,,0.0,0,0,0.0,2,,0,0,4003,19,4022,False,False,False,444.99999999999966,450,500,4434.60000000002,4486,5000
0aab5d0793390cdb,warmup1000_chain3,epsilon_greedy,1.0,3.0,0.01,corrected,209,faa,0.7044290000000002,0.7044290000000002,0.007314328686960692,False,,,1.0,0,495,0.0,2,6,0,0,4003,19,4022,False,False,False,433.99999999999966,440,500,4434.60000000002,4486,5000
0aab5d0793390cdb,warmup1000_chain3,epsilon_greedy,1.0,3.0,0.01,corrected,210,clean,0.007824402548284426,0.007824402548284426,0.007824402548284426,False,,,0.0,0,0,0.0,0,,0,0,0,19,19,False,False,False,451.5999999999998,456,500,4509.400000000009,4554,5000
0aab5d0793390cdb,warmup1000_chain3,epsilon_greedy,1.0,3.0,0.01,corrected,210,faa,0.007824402548284426,0.1930975378725308,0.1930975378725308,False,6,0.7902454891165962,1.0,0,491,0.0,0,10,0,0,,19,,False,False,False,437.2999999999998,443,500,4509.400000000009,4554,5000
0aab5d0793390cdb,warmup1000_chain3,epsilon_greedy,1.0,3.0,0.01,corrected,211,clean,0.7919000000000002,0.7919000000000002,0.7044290000000002,False,,,0.0,0,0,0.0,1,,0,550,,569,,False,False,False,471.3999999999998,474,500,4431.300000000022,4483,5000
0aab5d0793390cdb,warmup1000_chain3,epsilon_greedy,1.0,3.0,0.01,corrected,211,faa,0.7919000000000002,0.7919000000000002,0.7044290000000002,False,,,1.0,0,498,0.0,1,3,0,550,,569,,False,False,False,466.9999999999998,470,500,4431.300000000022,4483,5000
0aab5d0793390cdb,warmup1000_chain3,epsilon_greedy,1.0,3.0,0.01,corrected,212,clean,0.7044290000000002,0.7044290000000002,0.007044290000006392,False,,,0.0,0,0,0.0,2,,0,0,4774,19,4793,False,False,False,438.3999999999994,444,500,4445.600000000023,4496,5000
0aab5d0793390cdb,warmup1000_chain3,epsilon_greedy,1.0,3.0,0.01,corrected,212,faa,0.7044290000000002,0.7044290000000002,0.007044290002817699,False,,,1.0,0,495,0.0,2,6,0,0,4774,19,4793,False,False,False,427.39999999999947,434,500,4445.600000000023,4496,5000
0aab5d0793390cdb,warmup1000_chain3,epsilon_greedy,1.0,3.0,0.01,corrected,213,clean,0.7044290000000002,0.7044290000000002,0.7044290000000002,False,,,0.0,0,0,0.0,0,,0,0,,19,,False,False,False,462.59999999999957,466,500,4511.600000000006,4556,5000
0aab5d0793390cdb,warmup1000_chain3,epsilon_greedy,1.0,3.0,0.01,corrected,213,faa,0.7044290000000002,0.7044290000000002,0.7044290000000002,False,,,1.0,0,495,0.0,0,6,0,0,,19,,False,False,False,451.5999999999996,456,500,4511.600000000006,4556,5000
0aab5d0793390cdb,warmup1000_chain3,epsilon_greedy,1.0,3.0,0.01,corrected,214,clean,0.7044290000000002,0.7044290000000002,0.7044290000000002,False,,,0.0,0,0,0.0,0,,0,0,,19,,False,False,False,449.39999999999964,454,500,4500.600000000005,4546,5000
0aab5d0793390cdb,warmup1000_chain3,epsilon_greedy,1.0,3.0,0.01,corrected,214,faa,0.7044290000000002,0.7044290000000002,0.7044290000000002,False,,,1.0,0,494,0.0,0,6,0,0,,19,,False,False,False,438.39999999999964,444,500,4500.600000000005,4546,5000
0aab5d0793390cdb,warmup1000_chain3,epsilon_greedy,1.0,3.0,0.01,corrected,215,clean,0.7919000000000002,0.7044290000000002,0.7044290000000002,False,,,0.0,0,0,0.0,0,,0,0,,19,,False,False,False,443.89999999999964,449,500,4423.600000000013,4476,5000
0aab5d0793390cdb,warmup1000_chain3,epsilon_greedy,1.0,3.0,0.01,corrected,215,faa,0.7919000000000002,0.7044290000000002,0.7044290000000002,False,,,1.0,0,498,0.0,0,3,0,0,,19,,False,False,False,441.69999999999965,447,500,4423.600000000013,4476,5000
0aab5d0793390cdb,warmup1000_chain3,epsilon_greedy,1.0,3.0,0.01,corrected,216,clean,0.7919000000000002,0.6299000000000002,0.6299000000000002,False,,,0.0,0,0,0.0,0,,0,0,,19,,False,False,False,420.79999999999984,428,500,4425.800000000014,4478,5000
0aab5d0793390cdb,warmup1000_chain3,epsilon_greedy,1.0,3.0,0.01,corrected,216,faa,0.7919000000000002,0.6299000000000002,0.6299000000000002,False,,,1.0,0,498,0.0,0,3,0,0,,19,,False,False,False,416.39999999999986,424,500,4425.800000000014,4478,5000
0aab5d0793390cdb,warmup1000_chain3,epsilon_greedy,1.0,3.0,0.01,corrected,217,clean,0.7044290000000002,0.7044290000000002,0.007686376927159233,False,,,0.0,0,0,0.0,2,,0,0,3625,19,3644,False,False,False,444.9999999999998,450,500,4495.100000000012,4541,5000
0aab5d0793390cdb,warmup1000_chain3,epsilon_greedy,1.0,3.0,0.01,corrected,217,faa,0.7044290000000002,0.7044290000000002,0.041384223572980994,False,,,1.0,0,497,0.0,2,3,0,0,3625,19,3644,False,False,False,438.39999999999975,444,500,4495.100000000012,4541,5000
0aab5d0793390cdb,warmup1000_chain3,epsilon_greedy,1.0,3.0,0.01,corrected,218,clean,0.7044290000000002,0.7044290000000002,0.7044290000000002,False,,,0.0,0,0,0.0,0,,0,0,,19,,False,False,False,433.9999999999996,440,500,4456.600000000014,4506,5000
0aab5d0793390cdb,warmup1000_chain3,epsilon_greedy,1.0,3.0,0.01,corrected,218,faa,0.7044290000000002,0.7044290000000002,0.7044290000000002,False,,,1.0,0,498,0.0,0,3,0,0,,19,,False,False,False,429.59999999999957,436,500,4456.600000000014,4506,5000
0aab5d0793390cdb,warmup1000_chain3,epsilon_greedy,1.0,3.0,0.01,corrected,219,clean,0.7044290000000002,0.7044290000000002,0.7044290000000002,False,,,0.0,0,0,0.0,0,,0,0,,19,,False,False,False,462.59999999999974,466,500,4454.400000000008,4504,5000
0aab5d0793390cdb,warmup1000_chain3,epsilon_greedy,1.0,3.0,0.01,corrected,219,faa,0.7044290000000002,0.7044290000000002,0.7044290000000002,False,,,1.0,0,497,0.0,0,3,0,0,,19,,False,False,False,455.9999999999998,460,500,4454.400000000008,4504,5000
0aab5d0793390cdb,warmup1000_chain3,epsilon_greedy,1.0,3.0,0.01,corrected,220,clean,0.07050704389999995,0.07050704389999995,0.07050704389999995,False,,,0.0,0,0,0.0,0,,0,0,,19,,False,False,False,455.99999999999955,460,500,4465.400000000027,4514,5000
0aab5d0793390cdb,warmup1000_chain3,epsilon_greedy,1.0,3.0,0.01,corrected,220,faa,0.07050704389999995,0.3055324116654691,0.2480438092952843,True,6,0.7902536011600332,1.0,0,1,0.0652,1,11,327,327,,346,,False,False,False,444.99999999999955,450,500,4464.300000000027,4513,5000
0aab5d0793390cdb,warmup1000_chain3,epsilon_greedy,1.0,3.0,0.01,corrected,221,clean,0.6299000000000002,0.6299000000000002,0.6299000000000002,False,,,0.0,0,0,0.0,0,,0,0,,19,,False,False,False,436.1999999999996,442,500,4450.000000000016,4500,5000
0aab5d0793390cdb,warmup1000_chain3,epsilon_greedy,1.0,3.0,0.01,corrected,221,faa,0.6299000000000002,0.6299000000000002,0.6299000000000002,False,,,1.0,0,495,0.0,0,6,0,0,,19,,False,False,False,427.3999999999997,434,500,4450.000000000016,4500,5000
0aab5d0793390cdb,warmup1000_chain3,epsilon_greedy,1.0,3.0,0.01,corrected,222,clean,0.7044290000000002,0.7044290000000002,0.7044290000000002,False,,,0.0,0,0,0.0,0,,0,0,,19,,False,False,False,431.7999999999997,438,500,4529.200000000013,4572,5000
0aab5d0793390cdb,warmup1000_chain3,epsilon_greedy,1.0,3.0,0.01,corrected,222,faa,0.7044290000000002,0.7044290000000002,0.7044290000000002,False,,,1.0,0,497,0.0,0,3,0,0,,19,,False,False,False,427.39999999999975,434,500,4529.200000000013,4572,5000
0aab5d0793390cdb,warmup1000_chain3,epsilon_greedy,1.0,3.0,0.01,corrected,223,clean,0.7044290000000002,0.7044290000000002,0.07044289999999997,False,,,0.0,0,0,0.0,1,,0,0,,19,,False,False,False,442.7999999999996,448,500,4429.1000000000195,4481,5000
0aab5d0793390cdb,warmup1000_chain3,epsilon_greedy,1.0,3.0,0.01,corrected,223,faa,0.7044290000000002,0.7044290000000002,0.07044290000002706,False,,,1.0,0,495,0.0,1,6,0,0,,19,,False,False,False,431.7999999999997,438,500,4429.1000000000195,4481,5000
0aab5d0793390cdb,warmup1000_chain3,epsilon_greedy,1.0,3.0,0.01,corrected,224,clean,0.7919000000000002,0.7044290000000002,0.7044290000000002,False,,,0.0,0,0,0.0,0,,0,0,,19,,False,False,False,439.49999999999943,445,500,4489.600000000006,4536,5000
0aab5d0793390cdb,warmup1000_chain3,epsilon_greedy,1.0,3.0,0.01,corrected,224,faa,0.7919000000000002,0.7044290000000002,0.7044290000000002,False,,,1.0,0,498,0.0,0,3,0,0,,19,,False,False,False,435.0999999999994,441,500,4489.600000000006,4536,5000
0aab5d0793390cdb,warmup1000_chain3,epsilon_greedy,1.0,3.0,0.01,corrected,225,clean,0.7044290000000002,0.7044290000000002,0.07050704390005835,False,,,0.0,0,0,0.0,1,,0,0,,19,,False,False,False,444.99999999999966,450,500,4495.100000000011,4541,5000
0aab5d0793390cdb,warmup1000_chain3,epsilon_greedy,1.0,3.0,0.01,corrected,225,faa,0.7044290000000002,0.7044290000000002,0.07050704390005835,False,,,1.0,0,498,0.0,1,3,0,0,,19,,False,False,False,440.5999999999997,446,500,4495.100000000011,4541,5000
0aab5d0793390cdb,warmup1000_chain3,epsilon_greedy,1.0,3.0,0.01,corrected,226,clean,0.7919000000000002,0.7919000000000002,0.7044290000000002,False,,,0.0,0,0,0.0,1,,0,692,,711,,False,False,False,427.3999999999994,434,500,4424.700000000015,4477,5000
0aab5d0793390cdb,warmup1000_chain3,epsilon_greedy,1.0,3.0,0.01,corrected,226,faa,0.7919000000000002,0.7919000000000002,0.7044290000000002,False,,,1.0,0,498,0.0,1,3,0,692,,711,,False,False,False,425.1999999999994,432,500,4424.700000000015,4477,5000
0aab5d0793390cdb,warmup1000_chain3,epsilon_greedy,1.0,3.0,0.01,corrected,227,clean,0.7919000000000002,0.6453800000000002,0.6380900000000002,False,0,0.0,0.0,0,0,0.0,0,,0,0,,19,,False,False,False,450.49999999999966,455,500,4483.00000000001,4530,5000
0aab5d0793390cdb,warmup1000_chain3,epsilon_greedy,1.0,3.0,0.01,corrected,227,faa,0.7919000000000002,0.659284,0.6199000000000002,False,0,0.0,1.0,0,10,0.0,0,491,0,0,,19,,False,False,False,446.09999999999957,451,500,4483.00000000001,4530,5000
0aab5d0793390cdb,warmup1000_chain3,epsilon_greedy,1.0,3.0,0.01,corrected,228,clean,0.7044290000000002,0.7044290000000002,0.07044290006414966,False,,,0.0,0,0,0.0,1,,0,0,,19,,False,False,False,440.5999999999998,446,500,4371.9000000000215,4429,5000
0aab5d0793390cdb,warmup1000_chain3,epsilon_greedy,1.0,3.0,0.01,corrected,228,faa,0.7044290000000002,0.7044290000000002,0.07044290343060156,False,,,1.0,0,496,0.0,1,4,0,0,,19,,False,False,False,431.79999999999984,438,500,4371.9000000000215,4429,5000
0aab5d0793390cdb,warmup1000_chain3,epsilon_greedy,1.0,3.0,0.01,corrected,229,clean,0.7044290000000002,0.7044290000000002,0.7044290000000002,False,,,0.0,0,0,0.0,0,,0,0,,19,,False,False,False,444.9999999999998,450,500,4467.60000000001,4516,5000
0aab5d0793390cdb,warmup1000_chain3,epsilon_greedy,1.0,3.0,0.01,corrected,229,faa,0.7044290000000002,0.7044290000000002,0.7044290000000002,False,,,1.0,0,498,0.0,0,3,0,0,,19,,False,False,False,442.7999999999997,448,500,4467.60000000001,4516,5000
0aab5d0793390cdb,warmup1000_chain3,epsilon_greedy,1.0,3.0,0.01,corrected,230,clean,0.6299000000000002,0.6299000000000002,0.06298999999999999,False,,,0.0,0,0,0.0,1,,0,0,,19,,False,False,False,442.7999999999997,448,500,4442.300000000014,4493,5000
0aab5d0793390cdb,warmup1000_chain3,epsilon_greedy,1.0,3.0,0.01,corrected,230,faa,0.6299000000000002,0.6299000000000002,0.0629900000000051,False,,,1.0,0,495,0.0,1,6,0,0,,19,,False,False,False,431.79999999999967,438,500,4442.300000000014,4493,5000
0aab5d0793390cdb,warmup1000_chain3,epsilon_greedy,1.0,3.0,0.01,corrected,231,clean,0.6299000000000002,0.06874099999999989,0.06874099999999989,False,,,0.0,0,0,0.0,0,,0,0,,19,,False,False,False,444.99999999999966,450,500,4420.300000000007,4473,5000
0aab5d0793390cdb,warmup1000_chain3,epsilon_greedy,1.0,3.0,0.01,corrected,231,faa,0.6299000000000002,0.39666130361000007,0.39666130361000007,False,,,1.0,0,497,0.0,0,3,0,0,,19,,False,False,False,438.39999999999964,444,500,4420.300000000007,4473,5000
0aab5d0793390cdb,warmup1000_chain3,epsilon_greedy,1.0,3.0,0.01,corrected,232,clean,0.7118819000000002,0.7118819000000002,0.07118819699831963,False,,,0.0,0,0,0.0,1,,0,0,,19,,False,False,False,442.7999999999995,448,500,4448.900000000018,4499,5000
0aab5d0793390cdb,warmup1000_chain3,epsilon_greedy,1.0,3.0,0.01,corrected,232,faa,0.7118819000000002,0.7118819000000002,0.07144203970652457,False,,,1.0,0,497,0.0,1,3,0,0,,19,,False,False,False,436.19999999999953,442,500,4448.900000000018,4499,5000
0aab5d0793390cdb,warmup1000_chain3,epsilon_greedy,1.0,3.0,0.01,corrected,233,clean,0.7185158000000003,0.7185158000000003,0.07044290000648068,False,,,0.0,0,0,0.0,1,,0,0,,19,,False,False,False,455.99999999999966,460,500,4446.700000000015,4497,5000
0aab5d0793390cdb,warmup1000_chain3,epsilon_greedy,1.0,3.0,0.01,corrected,233,faa,0.7185158000000003,0.7185158000000003,0.07044290000648068,False,,,1.0,0,498,0.0,1,3,0,0,,19,,False,False,False,451.5999999999997,456,500,4446.700000000015,4497,5000
0aab5d0793390cdb,warmup1000_chain3,epsilon_greedy,1.0,3.0,0.01,corrected,234,clean,0.13458680000000012,0.13458680000000012,0.01345868,False,,,0.0,0,0,0.0,1,,0,0,4699,19,4718,False,False,False,440.59999999999945,446,500,4393.900000000012,4449,5000
0aab5d0793390cdb,warmup1000_chain3,epsilon_greedy,1.0,3.0,0.01,corrected,234,faa,0.13458680000000012,0.26269929530778513,0.025369398800025256,False,34,1.0,1.0,0,183,0.0,1,6,0,0,4699,19,4718,False,False,False,428.4999999999995,435,500,4393.900000000012,4449,5000
0aab5d0793390cdb,warmup1000_chain3,epsilon_greedy,1.0,3.0,0.01,corrected,235,clean,0.7118819000000002,0.7118819000000002,0.7118819000000002,False,,,0.0,0,0,0.0,0,,0,0,,19,,False,False,False,431.7999999999996,438,500,4452.200000000006,4502,5000
0aab5d0793390cdb,warmup1000_chain3,epsilon_greedy,1.0,3.0,0.01,corrected,235,faa,0.7118819000000002,0.7118819000000002,0.7118819000000002,False,,,1.0,0,498,0.0,0,3,0,0,,19,,False,False,False,427.3999999999996,434,500,4452.200000000006,4502,5000
0aab5d0793390cdb,warmup1000_chain3,epsilon_greedy,1.0,3.0,0.01,corrected,236,clean,0.7044290000000002,0.7044290000000002,0.7044290000000002,False,,,0.0,0,0,0.0,0,,0,0,,19,,False,False,False,458.19999999999993,462,500,4476.4000000000115,4524,5000
0aab5d0793390cdb,warmup1000_chain3,epsilon_greedy,1.0,3.0,0.01,corrected,236,faa,0.7044290000000002,0.7044290000000002,0.7044290000000002,False,,,1.0,0,498,0.0,0,3,0,0,,19,,False,False,False,453.7999999999999,458,500,4476.4000000000115,4524,5000
0aab5d0793390cdb,warmup1000_chain3,epsilon_greedy,1.0,3.0,0.01,corrected,237,clean,0.7044290000000002,0.7044290000000002,0.07044931439000002,False,,,0.0,0,0,0.0,1,,0,0,,19,,False,False,False,444.9999999999993,450,500,4415.900000000014,4469,5000
0aab5d0793390cdb,warmup1000_chain3,epsilon_greedy,1.0,3.0,0.01,corrected,237,faa,0.7044290000000002,0.7044290000000002,0.09744331826152663,False,,,1.0,0,495,0.0,1,6,0,0,,19,,False,False,False,433.9999999999993,440,500,4415.900000000014,4469,5000
0aab5d0793390cdb,warmup1000_chain3,epsilon_greedy,1.0,3.0,0.01,corrected,238,clean,0.7044290000000002,0.7044290000000002,0.7044290000000002,False,,,0.0,0,0,0.0,0,,0,0,,19,,False,False,False,453.7999999999998,458,500,4450.000000000022,4500,5000
0aab5d0793390cdb,warmup1000_chain3,epsilon_greedy,1.0,3.0,0.01,corrected,238,faa,0.7044290000000002,0.7044290000000002,0.7044290000000002,False,,,1.0,0,498,0.0,0,3,0,0,,19,,False,False,False,453.7999999999998,458,500,4450.000000000022,4500,5000
0aab5d0793390cdb,warmup1000_chain3,epsilon_greedy,1.0,3.0,0.01,corrected,239,clean,0.7044290000000002,0.7044290000000002,0.07044290000000641,False,,,0.0,0,0,0.0,1,,0,0,,19,,False,False,False,449.39999999999964,454,500,4464.300000000012,4513,5000
0aab5d0793390cdb,warmup1000_chain3,epsilon_greedy,1.0,3.0,0.01,corrected,239,faa,0.7044290000000002,0.7044290000000002,0.07044290000034259,False,,,1.0,0,496,0.0,1,4,0,0,,19,,False,False,False,440.5999999999997,446,500,4464.300000000012,4513,5000
0aab5d0793390cdb,warmup1000_chain3,epsilon_greedy,1.0,3.0,0.01,corrected,240,clean,0.7044290000000002,0.6299000000000002,0.6299000000000002,False,,,0.0,0,0,0.0,0,,0,0,,19,,False,False,False,438.39999999999964,444,500,4403.800000000014,4458,5000
0aab5d0793390cdb,warmup1000_chain3,epsilon_greedy,1.0,3.0,0.01,corrected,240,faa,0.7044290000000002,0.6299000000000002,0.6299000000000002,False,,,1.0,0,498,0.0,0,3,0,0,,19,,False,False,False,436.19999999999965,442,500,4403.800000000014,4458,5000
0aab5d0793390cdb,warmup1000_chain3,epsilon_greedy,1.0,3.0,0.01,corrected,241,clean,0.7919000000000002,0.7044290000000002,0.7044290000000002,False,,,0.0,0,0,0.0,0,,0,0,,19,,False,False,False,430.69999999999976,437,500,4454.400000000018,4504,5000
0aab5d0793390cdb,warmup1000_chain3,epsilon_greedy,1.0,3.0,0.01,corrected,241,faa,0.7919000000000002,0.7044290000000002,0.7044290000000002,False,,,1.0,0,498,0.0,0,3,0,0,,19,,False,False,False,426.2999999999997,433,500,4454.400000000018,4504,5000
0aab5d0793390cdb,warmup1000_chain3,epsilon_greedy,1.0,3.0,0.01,corrected,242,clean,0.7044290000000002,0.7044290000000002,0.0019209680641440463,False,,,0.0,0,0,0.0,3,,0,0,988,19,1007,False,False,False,455.99999999999943,460,500,4442.300000000016,4493,5000
0aab5d0793390cdb,warmup1000_chain3,epsilon_greedy,1.0,3.0,0.01,corrected,242,faa,0.7044290000000002,0.7044290000000002,0.0019209680641440463,False,,,1.0,0,498,0.0,3,3,0,0,988,19,1007,False,False,False,451.59999999999945,456,500,4442.300000000016,4493,5000
0aab5d0793390cdb,warmup1000_chain3,epsilon_greedy,1.0,3.0,0.01,corrected,243,clean,0.5480000000000002,0.5480000000000002,0.5480000000000002,False,,,0.0,0,0,0.0,0,,0,0,,19,,False,False,False,444.99999999999983,450,500,4443.400000000021,4494,5000
0aab5d0793390cdb,warmup1000_chain3,epsilon_greedy,1.0,3.0,0.01,corrected,243,faa,0.5480000000000002,0.5480000000000002,0.5480000000000002,False,,,1.0,0,497,0.0,0,4,0,0,,19,,False,False,False,438.39999999999986,444,500,4443.400000000021,4494,5000
0aab5d0793390cdb,warmup1000_chain3,epsilon_greedy,1.0,3.0,0.01,corrected,244,clean,0.186058241,0.186058241,0.186058241,False,,,0.0,0,0,0.0,0,,0,0,,19,,False,False,False,438.3999999999994,444,500,4432.400000000014,4484,5000
0aab5d0793390cdb,warmup1000_chain3,epsilon_greedy,1.0,3.0,0.01,corrected,244,faa,0.186058241,0.3244338080008945,0.20016433075402268,False,6,0.8884792571600252,1.0,0,493,0.0,0,8,0,0,,19,,False,False,False,426.29999999999956,433,500,4432.400000000014,4484,5000
0aab5d0793390cdb,warmup1000_chain3,epsilon_greedy,1.0,3.0,0.01,corrected,245,clean,0.6299000000000002,0.6299000000000002,0.6299000000000002,False,,,0.0,0,0,0.0,0,,0,0,,19,,False,False,False,444.99999999999966,450,500,4414.800000000018,4468,5000
0aab5d0793390cdb,warmup1000_chain3,epsilon_greedy,1.0,3.0,0.01,corrected,245,faa,0.6299000000000002,0.6299000000000002,0.6299000000000002,False,,,1.0,0,495,0.0,0,6,0,0,,19,,False,False,False,433.9999999999996,440,500,4414.800000000018,4468,5000
0aab5d0793390cdb,warmup1000_chain3,epsilon_greedy,1.0,3.0,0.01,corrected,246,clean,0.14109001144099997,0.14109001144099997,0.14109001144099997,False,,,0.0,0,0,0.0,0,,0,0,,19,,False,False,False,460.39999999999975,464,500,4412.60000000002,4466,5000
0aab5d0793390cdb,warmup1000_chain3,epsilon_greedy,1.0,3.0,0.01,corrected,246,faa,0.14109001144099997,0.3336938111775418,0.2614367875297702,False,6,0.8705371783339171,1.0,0,493,0.0,0,8,0,0,,19,,False,False,False,447.1999999999998,452,500,4412.60000000002,4466,5000
0aab5d0793390cdb,warmup1000_chain3,epsilon_greedy,1.0,3.0,0.01,corrected,247,clean,0.7044290000000002,0.7044290000000002,0.7044290000000002,False,,,0.0,0,0,0.0,0,,0,0,,19,,False,False,False,430.6999999999995,437,500,4397.200000000022,4452,5000
0aab5d0793390cdb,warmup1000_chain3,epsilon_greedy,1.0,3.0,0.01,corrected,247,faa,0.7044290000000002,0.7044290000000002,0.7044290000000002,False,,,1.0,0,497,0.0,0,3,0,0,,19,,False,False,False,424.09999999999945,431,500,4397.200000000022,4452,5000
0aab5d0793390cdb,warmup1000_chain3,epsilon_greedy,1.0,3.0,0.01,corrected,248,clean,0.6453800000000002,0.6453800000000002,0.0006465464356377182,False,,,0.0,0,0,0.0,3,,0,0,2124,19,2143,False,False,False,453.7999999999996,458,500,4393.900000000014,4449,5000
0aab5d0793390cdb,warmup1000_chain3,epsilon_greedy,1.0,3.0,0.01,corrected,248,faa,0.6453800000000002,0.6453800000000002,0.0033538959024826953,False,,,1.0,0,495,0.0,3,6,0,0,2124,19,2143,False,False,False,442.7999999999996,448,500,4393.900000000014,4449,5000
0aab5d0793390cdb,warmup1000_chain3,epsilon_greedy,1.0,3.0,0.01,corrected,249,clean,0.7044290000000002,0.7044290000000002,0.07044290000000641,False,,,0.0,0,0,0.0,1,,0,0,,19,,False,False,False,453.7999999999997,458,500,4431.300000000012,4483,5000
0aab5d0793390cdb,warmup1000_chain3,epsilon_greedy,1.0,3.0,0.01,corrected,249,faa,0.7044290000000002,0.7044290000000002,0.07044290000278974,False,,,1.0,0,495,0.0,1,6,0,0,,19,,False,False,False,444.9999999999997,450,500,4431.300000000012,4483,5000
0aab5d0793390cdb,warmup1000_chain3,epsilon_greedy,1.0,3.0,0.01,corrected,250,clean,0.6380900000000003,0.6380900000000003,0.06380900000064138,False,,,0.0,0,0,0.0,1,,0,0,,19,,False,False,False,433.9999999999999,440,500,4426.900000000018,4479,5000
0aab5d0793390cdb,warmup1000_chain3,epsilon_greedy,1.0,3.0,0.01,corrected,250,faa,0.6380900000000003,0.6380900000000003,0.06380900003430567,False,,,1.0,0,496,0.0,1,4,0,0,,19,,False,False,False,425.1999999999998,432,500,4426.900000000018,4479,5000
0aab5d0793390cdb,warmup1000_chain3,epsilon_greedy,1.0,3.0,0.01,corrected,251,clean,0.7264198700000002,0.7264198700000002,0.0727073847800001,False,,,0.0,0,0,0.0,1,,0,0,,19,,False,False,False,457.0999999999997,461,500,4425.800000000026,4478,5000
0aab5d0793390cdb,warmup1000_chain3,epsilon_greedy,1.0,3.0,0.01,corrected,251,faa,0.7264198700000002,0.7264198700000002,0.0727073847800001,False,,,1.0,0,498,0.0,1,3,0,0,,19,,False,False,False,452.6999999999997,457,500,4425.800000000026,4478,5000
0aab5d0793390cdb,warmup1000_chain3,epsilon_greedy,1.0,3.0,0.01,corrected,252,clean,0.7044290000000002,0.7044290000000002,0.07044290000641451,False,,,0.0,0,0,0.0,1,,0,0,,19,,False,False,False,449.39999999999964,454,500,4429.100000000014,4481,5000
0aab5d0793390cdb,warmup1000_chain3,epsilon_greedy,1.0,3.0,0.01,corrected,252,faa,0.7044290000000002,0.7044290000000002,0.0704429002629936,False,,,1.0,0,496,0.0,1,4,0,0,,19,,False,False,False,440.5999999999997,446,500,4429.100000000014,4481,5000
0aab5d0793390cdb,warmup1000_chain3,epsilon_greedy,1.0,3.0,0.01,corrected,253,clean,0.7044290000000002,0.7044290000000002,0.7044290000000002,False,,,0.0,0,0,0.0,0,,0,0,,19,,False,False,False,455.9999999999995,460,500,4461.000000000018,4510,5000
0aab5d0793390cdb,warmup1000_chain3,epsilon_greedy,1.0,3.0,0.01,corrected,253,faa,0.7044290000000002,0.7044290000000002,0.7044290000000002,False,,,1.0,0,497,0.0,0,4,0,0,,19,,False,False,False,451.59999999999945,456,500,4461.000000000018,4510,5000
0aab5d0793390cdb,warmup1000_chain3,epsilon_greedy,1.0,3.0,0.01,corrected,254,clean,0.7044290000000002,0.7044290000000002,0.7044290000000002,False,,,0.0,0,0,0.0,0,,0,0,,19,,False,False,False,431.79999999999956,438,500,4478.600000000015,4526,5000
0aab5d0793390cdb,warmup1000_chain3,epsilon_greedy,1.0,3.0,0.01,corrected,254,faa,0.7044290000000002,0.7044290000000002,0.7044290000000002,False,,,1.0,0,495,0.0,0,6,0,0,,19,,False,False,False,422.9999999999996,430,500,4478.600000000015,4526,5000
0aab5d0793390cdb,warmup1000_chain3,epsilon_greedy,1.0,3.0,0.01,corrected,255,clean,0.7044290000000002,0.7044290000000002,0.007114912586422162,False,,,0.0,0,0,0.0,2,,0,0,1548,19,1567,False,False,False,458.1999999999997,462,500,4472.000000000012,4520,5000
0aab5d0793390cdb,warmup1000_chain3,epsilon_greedy,1.0,3.0,0.01,corrected,255,faa,0.7044290000000002,0.7044290000000002,0.01081833909365476,False,,,1.0,0,496,0.0,2,4,0,0,1548,19,1567,False,False,False,449.3999999999997,454,500,4472.000000000012,4520,5000
0aab5d0793390cdb,warmup1000_chain3,epsilon_greedy,1.0,3.0,0.01,corrected,256,clean,0.7044290000000002,0.7044290000000002,0.7044290000000002,False,,,0.0,0,0,0.0,0,,0,0,,19,,False,False,False,447.1999999999995,452,500,4491.800000000017,4538,5000
0aab5d0793390cdb,warmup1000_chain3,epsilon_greedy,1.0,3.0,0.01,corrected,256,faa,0.7044290000000002,0.7044290000000002,0.7044290000000002,False,,,1.0,0,498,0.0,0,3,0,0,,19,,False,False,False,442.79999999999944,448,500,4491.800000000017,4538,5000
0aab5d0793390cdb,warmup1000_chain3,epsilon_greedy,1.0,3.0,0.01,corrected,257,clean,0.7044290000000002,0.7044290000000002,0.0006381611997289816,False,,,0.0,0,0,0.0,2,,0,0,4068,19,4087,False,False,False,451.5999999999997,456,500,4429.100000000013,4481,5000
0aab5d0793390cdb,warmup1000_chain3,epsilon_greedy,1.0,3.0,0.01,corrected,257,faa,0.7044290000000002,0.7044290000000002,0.0006381611997289816,False,,,1.0,0,499,0.0,2,2,0,0,4068,19,4087,False,False,False,449.3999999999997,454,500,4429.100000000013,4481,5000
0aab5d0793390cdb,warmup1000_chain3,epsilon_greedy,1.0,3.0,0.01,corrected,258,clean,0.6299000000000002,0.06881448392899997,0.06881448392899997,False,,,0.0,0,0,0.0,0,,0,0,,19,,False,False,False,446.09999999999945,451,500,4445.600000000019,4496,5000
0aab5d0793390cdb,warmup1000_chain3,epsilon_greedy,1.0,3.0,0.01,corrected,258,faa,0.6299000000000002,0.3250870795242703,0.3250870795242703,False,,,1.0,0,496,0.0,0,4,0,0,,19,,False,False,False,437.29999999999967,443,500,4445.600000000019,4496,5000
0aab5d0793390cdb,warmup1000_chain3,epsilon_greedy,1.0,3.0,0.01,corrected,259,clean,0.7044290000000002,0.7044290000000002,0.7044290000000002,False,,,0.0,0,0,0.0,0,,0,0,,19,,False,False,False,449.3999999999995,454,500,4465.4000000000215,4514,5000
0aab5d0793390cdb,warmup1000_chain3,epsilon_greedy,1.0,3.0,0.01,corrected,259,faa,0.7044290000000002,0.7044290000000002,0.7044290000000002,False,,,1.0,0,497,0.0,0,3,0,0,,19,,False,False,False,442.7999999999996,448,500,4465.4000000000215,4514,5000
0aab5d0793390cdb,warmup1000_chain3,epsilon_greedy,1.0,3.0,0.01,corrected,260,clean,0.7044290000000002,0.7044290000000002,0.7044290000000002,False,,,0.0,0,0,0.0,0,,0,0,,19,,False,False,False,433.99999999999955,440,500,4403.800000000013,4458,5000
0aab5d0793390cdb,warmup1000_chain3,epsilon_greedy,1.0,3.0,0.01,corrected,260,faa,0.7044290000000002,0.7044290000000002,0.7044290000000002,False,,,1.0,0,495,0.0,0,6,0,0,,19,,False,False,False,422.9999999999996,430,500,4403.800000000013,4458,5000
0aab5d0793390cdb,warmup1000_chain3,epsilon_greedy,1.0,3.0,0.01,corrected,261,clean,0.13458738392900016,0.13458738392900016,0.013458738392900016,False,,,0.0,0,0,0.0,1,,0,0,3643,19,3662,False,False,False,431.7999999999997,438,500,4440.100000000019,4491,5000
0aab5d0793390cdb,warmup1000_chain3,epsilon_greedy,1.0,3.0,0.01,corrected,261,faa,0.13458738392900016,0.25369451937539017,0.025369451937539034,False,7,1.0,1.0,0,410,0.0,1,3,0,0,3643,19,3662,False,False,False,424.09999999999974,431,500,4440.100000000019,4491,5000
0aab5d0793390cdb,warmup1000_chain3,epsilon_greedy,1.0,3.0,0.01,corrected,262,clean,0.7044290000000002,0.7044290000000002,0.7044290000000002,False,,,0.0,0,0,0.0,0,,0,0,,19,,False,False,False,453.7999999999996,458,500,4445.600000000014,4496,5000
0aab5d0793390cdb,warmup1000_chain3,epsilon_greedy,1.0,3.0,0.01,corrected,262,faa,0.7044290000000002,0.7044290000000002,0.7044290000000002,False,,,1.0,0,495,0.0,0,5,0,0,,19,,False,False,False,444.9999999999997,450,500,4445.600000000014,4496,5000
0aab5d0793390cdb,warmup1000_chain3,epsilon_greedy,1.0,3.0,0.01,corrected,263,clean,0.7044290000000002,0.7044290000000002,0.07044302253680002,False,,,0.0,0,0,0.0,1,,0,0,,19,,False,False,False,440.59999999999945,446,500,4477.500000000011,4525,5000
0aab5d0793390cdb,warmup1000_chain3,epsilon_greedy,1.0,3.0,0.01,corrected,263,faa,0.7044290000000002,0.7044290000000002,0.0704491521054984,False,,,1.0,0,496,0.0,1,4,0,0,,19,,False,False,False,431.79999999999944,438,500,4477.500000000011,4525,5000
0aab5d0793390cdb,warmup1000_chain3,epsilon_greedy,1.0,3.0,0.01,corrected,264,clean,0.7118819000000002,0.7118819000000002,0.7118819000000002,False,,,0.0,0,0,0.0,0,,0,0,,19,,False,False,False,458.1999999999999,462,500,4419.200000000019,4472,5000
0aab5d0793390cdb,warmup1000_chain3,epsilon_greedy,1.0,3.0,0.01,corrected,264,faa,0.7118819000000002,0.7118819000000002,0.7118819000000002,False,,,1.0,0,497,0.0,0,4,0,0,,19,,False,False,False,451.59999999999985,456,500,4419.200000000019,4472,5000
0aab5d0793390cdb,warmup1000_chain3,epsilon_greedy,1.0,3.0,0.01,corrected,265,clean,0.7044290000000002,0.7044290000000002,0.07044290000006415,False,,,0.0,0,0,0.0,1,,0,0,,19,,False,False,False,417.49999999999943,425,500,4433.500000000016,4485,5000
0aab5d0793390cdb,warmup1000_chain3,epsilon_greedy,1.0,3.0,0.01,corrected,265,faa,0.7044290000000002,0.7158894189552477,0.07044290000650666,False,,,1.0,0,497,0.0,1,1,0,0,,19,,False,False,False,413.0999999999994,421,500,4433.500000000016,4485,5000
0aab5d0793390cdb,warmup1000_chain3,epsilon_greedy,1.0,3.0,0.01,corrected,266,clean,0.7044290000000002,0.7044290000000002,0.07044932022928996,False,,,0.0,0,0,0.0,1,,0,0,,19,,False,False,False,442.7999999999995,448,500,4481.9000000000115,4529,5000
0aab5d0793390cdb,warmup1000_chain3,epsilon_greedy,1.0,3.0,0.01,corrected,266,faa,0.7044290000000002,0.7044290000000002,0.07044932022929007,False,,,1.0,0,499,0.0,1,2,0,0,,19,,False,False,False,440.5999999999995,446,500,4481.9000000000115,4529,5000
0aab5d0793390cdb,warmup1000_chain3,epsilon_greedy,1.0,3.0,0.01,corrected,267,clean,0.7044290000000002,0.7044290000000002,0.7044290000000002,False,,,0.0,0,0,0.0,0,,0,0,,19,,False,False,False,414.1999999999994,422,500,4439.000000000013,4490,5000
0aab5d0793390cdb,warmup1000_chain3,epsilon_greedy,1.0,3.0,0.01,corrected,267,faa,0.7044290000000002,0.4203938562235843,0.4203938562235843,False,,,1.0,0,495,0.0,0,6,0,0,,19,,False,False,False,404.2999999999994,413,500,4439.000000000013,4490,5000
0aab5d0793390cdb,warmup1000_chain3,epsilon_greedy,1.0,3.0,0.01,corrected,268,clean,0.7044290000000002,0.07108433900000011,0.007114848290000031,False,,,0.0,0,0,0.0,1,,0,0,743,19,762,False,False,False,435.0999999999992,441,500,4444.500000000021,4495,5000
0aab5d0793390cdb,warmup1000_chain3,epsilon_greedy,1.0,3.0,0.01,corrected,268,faa,0.7044290000000002,0.07108434368179828,0.007114848804997798,False,,,1.0,0,498,0.0,1,3,0,0,743,19,762,False,False,False,430.69999999999925,437,500,4444.500000000021,4495,5000
0aab5d0793390cdb,warmup1000_chain3,epsilon_greedy,1.0,3.0,0.01,corrected,269,clean,0.7919000000000002,0.7044290000000002,0.7044290000000002,False,,,0.0,0,0,0.0,0,,0,0,,19,,False,False,False,446.0999999999995,451,500,4476.40000000002,4524,5000
0aab5d0793390cdb,warmup1000_chain3,epsilon_greedy,1.0,3.0,0.01,corrected,269,faa,0.7919000000000002,0.7044290000000002,0.7044290000000002,False,,,1.0,0,498,0.0,0,3,0,0,,19,,False,False,False,441.69999999999953,447,500,4476.40000000002,4524,5000
0aab5d0793390cdb,warmup1000_chain3,epsilon_greedy,1.0,3.0,0.01,corrected,270,clean,0.13458680000000012,0.13458680000000012,0.13458680000000012,False,,,0.0,0,0,0.0,0,,0,0,,19,,False,False,False,455.9999999999998,460,500,4472.000000000015,4520,5000
0aab5d0793390cdb,warmup1000_chain3,epsilon_greedy,1.0,3.0,0.01,corrected,270,faa,0.13458680000000012,0.42352621667000007,0.36208152908000013,True,8,1.0,1.0,0,3,0.0152,1,4,77,77,,96,,False,False,False,447.1999999999998,452,500,4469.800000000015,4518,5000
0aab5d0793390cdb,warmup1000_chain3,epsilon_greedy,1.0,3.0,0.01,corrected,271,clean,0.7044290000000002,0.7044290000000002,0.7044290000000002,False,,,0.0,0,0,0.0,0,,0,0,,19,,False,False,False,458.19999999999965,462,500,4463.200000000015,4512,5000
0aab5d0793390cdb,warmup1000_chain3,epsilon_greedy,1.0,3.0,0.01,corrected,271,faa,0.7044290000000002,0.7044290000000002,0.7044290000000002,False,,,1.0,0,497,0.0,0,4,0,0,,19,,False,False,False,453.7999999999996,458,500,4463.200000000015,4512,5000
0aab5d0793390cdb,warmup1000_chain3,epsilon_greedy,1.0,3.0,0.01,corrected,272,clean,0.7044290000000002,0.7044290000000002,0.07044290000641451,False,,,0.0,0,0,0.0,1,,0,0,,19,,False,False,False,415.2999999999997,423,500,4502.800000000014,4548,5000
0aab5d0793390cdb,warmup1000_chain3,epsilon_greedy,1.0,3.0,0.01,corrected,272,faa,0.7044290000000002,0.7044290000000002,0.07044290034305856,False,,,1.0,0,496,0.0,1,4,0,0,,19,,False,False,False,408.69999999999965,417,500,4502.800000000014,4548,5000
0aab5d0793390cdb,warmup1000_chain3,epsilon_greedy,1.0,3.0,0.01,corrected,273,clean,0.6299000000000002,0.6299000000000002,0.006304756750999951,False,,,0.0,0,0,0.0,2,,0,0,4572,19,4591,False,False,False,440.5999999999997,446,500,4505.000000000011,4550,5000
0aab5d0793390cdb,warmup1000_chain3,epsilon_greedy,1.0,3.0,0.01,corrected,273,faa,0.6299000000000002,0.6299000000000002,0.006307368540733382,False,,,1.0,0,498,0.0,2,3,0,0,4572,19,4591,False,False,False,438.3999999999997,444,500,4505.000000000011,4550,5000
0aab5d0793390cdb,warmup1000_chain3,epsilon_greedy,1.0,3.0,0.01,corrected,274,clean,0.13464519821441057,0.13464519821441057,0.13464519821441057,False,,,0.0,0,0,0.0,0,,0,0,,19,,False,False,False,448.2999999999997,453,500,4512.700000000012,4557,5000
0aab5d0793390cdb,warmup1000_chain3,epsilon_greedy,1.0,3.0,0.01,corrected,274,faa,0.13464519821441057,0.33189164005771227,0.24747664736358996,False,6,0.8606973164753036,1.0,0,492,0.0,0,9,0,0,,19,,False,False,False,435.0999999999998,441,500,4512.700000000012,4557,5000
0aab5d0793390cdb,warmup1000_chain3,epsilon_greedy,1.0,3.0,0.01,corrected,275,clean,0.13458680000000167,0.13458680000000167,0.13458680000000167,False,,,0.0,0,0,0.0,0,,0,0,,19,,False,False,False,453.7999999999997,458,500,4384.00000000002,4440,5000
0aab5d0793390cdb,warmup1000_chain3,epsilon_greedy,1.0,3.0,0.01,corrected,275,faa,0.13458680000000167,0.24734975844000373,0.24734975844000373,False,6,0.860609536044447,1.0,0,492,0.0,0,9,0,0,,19,,False,False,False,440.59999999999974,446,500,4384.00000000002,4440,5000
0aab5d0793390cdb,warmup1000_chain3,epsilon_greedy,1.0,3.0,0.01,corrected,276,clean,0.7100000000000001,0.6380900000000003,0.6380900000000003,False,,,0.0,0,0,0.0,0,,0,0,,19,,False,False,False,441.6999999999997,447,500,4484.100000000012,4531,5000
0aab5d0793390cdb,warmup1000_chain3,epsilon_greedy,1.0,3.0,0.01,corrected,276,faa,0.7100000000000001,0.6380900000000003,0.6380900000000003,False,,,1.0,0,498,0.0,0,3,0,0,,19,,False,False,False,437.2999999999997,443,500,4484.100000000012,4531,5000
0aab5d0793390cdb,warmup1000_chain3,epsilon_greedy,1.0,3.0,0.01,corrected,277,clean,0.7044290000000002,0.7044290000000002,0.7044290000000002,False,,,0.0,0,0,0.0,0,,0,0,,19,,False,False,False,447.19999999999953,452,500,4450.000000000018,4500,5000
0aab5d0793390cdb,warmup1000_chain3,epsilon_greedy,1.0,3.0,0.01,corrected,277,faa,0.7044290000000002,0.7044290000000002,0.7044290000000002,False,,,1.0,0,498,0.0,0,3,0,0,,19,,False,False,False,444.99999999999955,450,500,4450.000000000018,4500,5000
0aab5d0793390cdb,warmup1000_chain3,epsilon_greedy,1.0,3.0,0.01,corrected,278,clean,0.7919000000000002,0.7044290000000002,0.07108433900000011,False,,,0.0,0,0,0.0,1,,0,0,,19,,False,False,False,459.2999999999997,463,500,4468.700000000011,4517,5000
0aab5d0793390cdb,warmup1000_chain3,epsilon_greedy,1.0,3.0,0.01,corrected,278,faa,0.7919000000000002,0.7044290000000002,0.07108433900000266,False,,,1.0,0,498,0.0,1,3,0,0,,19,,False,False,False,454.89999999999975,459,500,4468.700000000011,4517,5000
0aab5d0793390cdb,warmup1000_chain3,epsilon_greedy,1.0,3.0,0.01,corrected,279,clean,0.13458680000000012,0.013465094390000043,0.0013465094389999988,False,,,0.0,0,0,0.0,1,,0,0,0,19,19,False,False,False,428.49999999999943,435,500,4464.300000000009,4513,5000
0aab5d0793390cdb,warmup1000_chain3,epsilon_greedy,1.0,3.0,0.01,corrected,279,faa,0.13458680000000012,0.02765306697150527,0.0027653066971508045,False,6,0.8606095360444442,1.0,0,492,0.0,1,9,0,0,0,19,19,False,False,False,417.49999999999943,425,500,4464.300000000009,4513,5000
0aab5d0793390cdb,warmup1000_chain3,epsilon_greedy,1.0,3.0,0.01,corrected,280,clean,0.6299000000000002,0.6299000000000002,0.06305342073928993,False,,,0.0,0,0,0.0,1,,0,0,,19,,False,False,False,447.1999999999996,452,500,4422.50000000002,4475,5000
0aab5d0793390cdb,warmup1000_chain3,epsilon_greedy,1.0,3.0,0.01,corrected,280,faa,0.6299000000000002,0.6299000000000002,0.06647650142764167,False,,,1.0,0,496,0.0,1,4,0,0,,19,,False,False,False,440.59999999999957,446,500,4422.50000000002,4475,5000
0aab5d0793390cdb,warmup1000_chain3,epsilon_greedy,1.0,3.0,0.01,corrected,281,clean,0.7919000000000002,0.7919000000000002,0.7044290000000002,False,,,0.0,0,0,0.0,1,,0,72,,91,,False,False,False,462.5999999999998,466,500,4503.900000000015,4549,5000
0aab5d0793390cdb,warmup1000_chain3,epsilon_greedy,1.0,3.0,0.01,corrected,281,faa,0.7919000000000002,0.7919000000000002,0.7044290000000002,False,,,1.0,0,498,0.0,1,3,0,72,,91,,False,False,False,458.19999999999976,462,500,4503.900000000015,4549,5000
0aab5d0793390cdb,warmup1000_chain3,epsilon_greedy,1.0,3.0,0.01,corrected,282,clean,0.7044290000000002,0.7044290000000002,0.07044290006486631,False,,,0.0,0,0,0.0,1,,0,0,,19,,False,False,False,429.59999999999957,436,500,4399.400000000012,4454,5000
0aab5d0793390cdb,warmup1000_chain3,epsilon_greedy,1.0,3.0,0.01,corrected,282,faa,0.7044290000000002,0.7044290000000002,0.07044292791318685,False,,,1.0,0,495,0.0,1,6,0,0,,19,,False,False,False,418.5999999999997,426,500,4399.400000000012,4454,5000
0aab5d0793390cdb,warmup1000_chain3,epsilon_greedy,1.0,3.0,0.01,corrected,283,clean,0.7044290000000002,0.7044290000000002,0.7044290000000002,False,,,0.0,0,0,0.0,0,,0,0,,19,,False,False,False,429.5999999999997,436,500,4469.800000000019,4518,5000
0aab5d0793390cdb,warmup1000_chain3,epsilon_greedy,1.0,3.0,0.01,corrected,283,faa,0.7044290000000002,0.7044290000000002,0.7044290000000002,False,,,1.0,0,495,0.0,0,6,0,0,,19,,False,False,False,418.5999999999997,426,500,4469.800000000019,4518,5000
0aab5d0793390cdb,warmup1000_chain3,epsilon_greedy,1.0,3.0,0.01,corrected,284,clean,0.6453800000000002,0.6453800000000002,0.6453800000000002,False,,,0.0,0,0,0.0,0,,0,0,,19,,False,False,False,433.9999999999994,440,500,4467.600000000015,4516,5000
0aab5d0793390cdb,warmup1000_chain3,epsilon_greedy,1.0,3.0,0.01,corrected,284,faa,0.6453800000000002,0.6453800000000002,0.6453800000000002,False,,,1.0,0,496,0.0,0,4,0,0,,19,,False,False,False,425.1999999999994,432,500,4467.600000000015,4516,5000
0aab5d0793390cdb,warmup1000_chain3,epsilon_greedy,1.0,3.0,0.01,corrected,285,clean,0.5570000000000002,0.5570000000000002,0.5570000000000002,False,,,0.0,0,0,0.0,0,,0,0,,19,,False,False,False,429.59999999999985,436,500,4458.800000000018,4508,5000
0aab5d0793390cdb,warmup1000_chain3,epsilon_greedy,1.0,3.0,0.01,corrected,285,faa,0.5570000000000002,0.3366837756989561,0.30206712635948363,False,7,1.0,1.0,0,466,0.0,0,4,0,0,,19,,False,False,False,419.6999999999998,427,500,4458.800000000018,4508,5000
0aab5d0793390cdb,warmup1000_chain3,epsilon_greedy,1.0,3.0,0.01,corrected,286,clean,0.7044290000000002,0.7044290000000002,0.0007044290012828691,False,,,0.0,0,0,0.0,3,,0,0,1877,19,1896,False,False,False,458.1999999999997,462,500,4426.900000000018,4479,5000
0aab5d0793390cdb,warmup1000_chain3,epsilon_greedy,1.0,3.0,0.01,corrected,286,faa,0.7044290000000002,0.7044290000000002,0.0007044290012828691,False,,,1.0,0,498,0.0,3,3,0,0,1877,19,1896,False,False,False,455.9999999999997,460,500,4426.900000000018,4479,5000
0aab5d0793390cdb,warmup1000_chain3,epsilon_greedy,1.0,3.0,0.01,corrected,287,clean,0.7044290000000002,0.7044290000000002,0.07050776568289996,False,,,0.0,0,0,0.0,1,,0,0,,19,,False,False,False,447.1999999999997,452,500,4444.500000000011,4495,5000
0aab5d0793390cdb,warmup1000_chain3,epsilon_greedy,1.0,3.0,0.01,corrected,287,faa,0.7044290000000002,0.7044290000000002,0.09711780203194387,False,,,1.0,0,495,0.0,1,5,0,0,,19,,False,False,False,438.39999999999975,444,500,4444.500000000011,4495,5000
0aab5d0793390cdb,warmup1000_chain3,epsilon_greedy,1.0,3.0,0.01,corrected,288,clean,0.0710849229290006,0.0710849229290006,0.0710849229290006,False,,,0.0,0,0,0.0,0,,0,0,,19,,False,False,False,455.9999999999999,460,500,4447.800000000014,4498,5000
0aab5d0793390cdb,warmup1000_chain3,epsilon_greedy,1.0,3.0,0.01,corrected,288,faa,0.0710849229290006,0.2835159468215727,0.27297957229983705,False,7,1.0,1.0,0,493,0.0,0,5,0,0,,19,,False,False,False,447.1999999999999,452,500,4447.800000000014,4498,5000
0aab5d0793390cdb,warmup1000_chain3,epsilon_greedy,1.0,3.0,0.01,corrected,289,clean,0.7044290000000002,0.7044290000000002,0.07108492292900004,False,,,0.0,0,0,0.0,1,,0,0,,19,,False,False,False,453.7999999999997,458,500,4391.700000000021,4447,5000
0aab5d0793390cdb,warmup1000_chain3,epsilon_greedy,1.0,3.0,0.01,corrected,289,faa,0.7044290000000002,0.3671016798419577,0.06516128781812858,False,,,1.0,0,496,0.0,1,4,0,0,,19,,False,False,False,446.0999999999998,451,500,4391.700000000021,4447,5000
0aab5d0793390cdb,warmup1000_chain3,epsilon_greedy,1.0,3.0,0.01,corrected,290,clean,0.7044290000000002,0.7044290000000002,0.007114280188318944,False,,,0.0,0,0,0.0,2,,0,0,1409,19,1428,False,False,False,428.49999999999966,435,500,4441.200000000021,4492,5000
0aab5d0793390cdb,warmup1000_chain3,epsilon_greedy,1.0,3.0,0.01,corrected,290,faa,0.7044290000000002,0.3710693638811611,0.006563384378714898,False,,,1.0,0,497,0.0,2,3,0,0,1409,19,1428,False,False,False,422.99999999999966,430,500,4441.200000000021,4492,5000
0aab5d0793390cdb,warmup1000_chain3,epsilon_greedy,1.0,3.0,0.01,corrected,291,clean,0.7100000000000001,0.6299000000000002,0.06356510000000004,False,,,0.0,0,0,0.0,1,,0,0,,19,,False,False,False,450.49999999999955,455,500,4490.700000000015,4537,5000
0aab5d0793390cdb,warmup1000_chain3,epsilon_greedy,1.0,3.0,0.01,corrected,291,faa,0.7100000000000001,0.6299000000000002,0.06356510000000004,False,,,1.0,0,498,0.0,1,3,0,0,,19,,False,False,False,446.0999999999995,451,500,4490.700000000015,4537,5000
0aab5d0793390cdb,warmup1000_chain3,epsilon_greedy,1.0,3.0,0.01,corrected,292,clean,0.7118819000000002,0.7118819000000002,0.007183021357102359,False,,,0.0,0,0,0.0,2,,0,0,1965,19,1984,False,False,False,447.1999999999996,452,500,4480.800000000014,4528,5000
0aab5d0793390cdb,warmup1000_chain3,epsilon_greedy,1.0,3.0,0.01,corrected,292,faa,0.7118819000000002,0.7118819000000002,0.007185630558917633,False,,,1.0,0,498,0.0,2,3,0,0,1965,19,1984,False,False,False,442.7999999999996,448,500,4480.800000000014,4528,5000
0aab5d0793390cdb,warmup1000_chain3,epsilon_greedy,1.0,3.0,0.01,corrected,293,clean,0.7044290000000002,0.7044290000000002,0.7044290000000002,False,,,0.0,0,0,0.0,0,,0,0,,19,,False,False,False,447.19999999999976,452,500,4456.600000000015,4506,5000
0aab5d0793390cdb,warmup1000_chain3,epsilon_greedy,1.0,3.0,0.01,corrected,293,faa,0.7044290000000002,0.7044290000000002,0.7044290000000002,False,,,1.0,0,498,0.0,0,3,0,0,,19,,False,False,False,442.7999999999997,448,500,4456.600000000015,4506,5000
0aab5d0793390cdb,warmup1000_chain3,epsilon_greedy,1.0,3.0,0.01,corrected,294,clean,0.6299000000000002,0.6299000000000002,0.6299000000000002,False,,,0.0,0,0,0.0,0,,0,0,,19,,False,False,False,458.19999999999953,462,500,4454.400000000014,4504,5000
0aab5d0793390cdb,warmup1000_chain3,epsilon_greedy,1.0,3.0,0.01,corrected,294,faa,0.6299000000000002,0.6299000000000002,0.6299000000000002,False,,,1.0,0,495,0.0,0,6,0,0,,19,,False,False,False,447.1999999999996,452,500,4454.400000000014,4504,5000
0aab5d0793390cdb,warmup1000_chain3,epsilon_greedy,1.0,3.0,0.01,corrected,295,clean,0.7044290000000002,0.1345926392900001,0.1345926392900001,False,,,0.0,0,0,0.0,0,,0,0,,19,,False,False,False,457.0999999999998,461,500,4454.400000000011,4504,5000
0aab5d0793390cdb,warmup1000_chain3,epsilon_greedy,1.0,3.0,0.01,corrected,295,faa,0.7044290000000002,0.1345926392900001,0.1345926392900001,False,,,1.0,0,498,0.0,0,3,0,0,,19,,False,False,False,452.6999999999998,457,500,4454.400000000011,4504,5000
0aab5d0793390cdb,warmup1000_chain3,epsilon_greedy,1.0,3.0,0.01,corrected,296,clean,0.7919000000000002,0.7044290000000002,0.07044290641438988,False,,,0.0,0,0,0.0,1,,0,0,,19,,False,False,False,461.4999999999998,465,500,4424.700000000024,4477,5000
0aab5d0793390cdb,warmup1000_chain3,epsilon_greedy,1.0,3.0,0.01,corrected,296,faa,0.7919000000000002,0.7044290000000002,0.07044290697374733,False,,,1.0,0,498,0.0,1,3,0,0,,19,,False,False,False,459.2999999999998,463,500,4424.700000000024,4477,5000
0aab5d0793390cdb,warmup1000_chain3,epsilon_greedy,1.0,3.0,0.01,corrected,297,clean,0.7044290000000002,0.7044290000000002,0.7044290000000002,False,,,0.0,0,0,0.0,0,,0,0,,19,,False,False,False,440.5999999999996,446,500,4410.400000000016,4464,5000
0aab5d0793390cdb,warmup1000_chain3,epsilon_greedy,1.0,3.0,0.01,corrected,297,faa,0.7044290000000002,0.7044290000000002,0.7044290000000002,False,,,1.0,0,496,0.0,0,4,0,0,,19,,False,False,False,431.79999999999967,438,500,4410.400000000016,4464,5000
0aab5d0793390cdb,warmup1000_chain3,epsilon_greedy,1.0,3.0,0.01,corrected,298,clean,0.7044290000000002,0.7044290000000002,0.7044290000000002,False,,,0.0,0,0,0.0,0,,0,0,,19,,False,False,False,442.79999999999944,448,500,4434.600000000015,4486,5000
0aab5d0793390cdb,warmup1000_chain3,epsilon_greedy,1.0,3.0,0.01,corrected,298,faa,0.7044290000000002,0.7044290000000002,0.7044290000000002,False,,,1.0,0,498,0.0,0,3,0,0,,19,,False,False,False,438.39999999999947,444,500,4434.600000000015,4486,5000
0aab5d0793390cdb,warmup1000_chain3,epsilon_greedy,1.0,3.0,0.01,corrected,299,clean,0.7044290000000002,0.7044290000000002,0.07044290064143888,False,,,0.0,0,0,0.0,1,,0,0,,19,,False,False,False,458.1999999999994,462,500,4402.7000000000135,4457,5000
0aab5d0793390cdb,warmup1000_chain3,epsilon_greedy,1.0,3.0,0.01,corrected,299,faa,0.7044290000000002,0.7044290000000002,0.07044290090235694,False,,,1.0,0,498,0.0,1,3,0,0,,19,,False,False,False,453.7999999999994,458,500,4402.7000000000135,4457,5000
17d214ef42fd9d40,warmup1000_chain3,softmax,10.0,3.0,0.01,corrected,0,clean,0.7199244800000002,0.7199244800000002,0.0,False,,,0.0,0,0,0.0,39,,0,0,1462,19,1481,False,False,False,372.39999999999964,384,500,3417.1000000000868,3561,5000
17d214ef42fd9d40,warmup1000_chain3,softmax,10.0,3.0,0.01,corrected,0,faa,0.7199244800000002,0.9588192192990002,0.0,True,11,4.726762941244444,4.868501173054444,0,0,0.1472,27,19,737,737,2920,756,2939,False,False,False,393.2999999999995,403,500,3485.30000000009,3623,5000
17d214ef42fd9d40,warmup1000_chain3,softmax,10.0,3.0,0.01,corrected,1,clean,0.5570000000000002,0.5480000000000002,0.0,False,,,0.0,0,0,0.0,37,,0,0,585,19,604,False,False,False,367.99999999999955,380,500,3502.9000000000856,3639,5000
17d214ef42fd9d40,warmup1000_chain3,softmax,10.0,3.0,0.01,corrected,1,faa,0.5570000000000002,0.8180019000000001,0.7182782900000002,True,11,4.236731034444445,4.466973034444445,0,0,0.0596,1,20,299,299,,318,,False,False,False,365.79999999999967,378,500,3696.5000000000778,3815,5000
17d214ef42fd9d40,warmup1000_chain3,softmax,10.0,3.0,0.01,corrected,2,clean,0.5480000000000002,0.5480000000000002,0.0,False,,,0.0,0,0,0.0,25,,0,0,2531,19,2550,False,False,False,371.29999999999944,383,500,3555.7000000000844,3687,5000
17d214ef42fd9d40,warmup1000_chain3,softmax,10.0,3.0,0.01,corrected,2,faa,0.5480000000000002,0.8010000000000002,0.0,True,11,4.812126444444445,4.994126444444445,0,0,0.0394,25,14,198,198,2531,217,2550,False,False,False,369.0999999999994,381,500,3560.100000000085,3691,5000
17d214ef42fd9d40,warmup1000_chain3,softmax,10.0,3.0,0.01,corrected,3,clean,0.6381890000000002,0.6381890000000002,0.6381890000000002,False,,,0.0,0,0,0.0,0,,0,0,,19,,False,False,False,366.89999999999907,379,500,3468.800000000086,3608,5000
17d214ef42fd9d40,warmup1000_chain3,softmax,10.0,3.0,0.01,corrected,3,faa,0.6381890000000002,0.8101890000000002,0.6381890000000002,True,4,2.8751144444444443,3.759932444444445,0,0,0.0388,0,462,195,195,,214,,False,False,False,361.3999999999991,374,500,3587.600000000084,3716,5000
17d214ef42fd9d40,warmup1000_chain3,softmax,10.0,3.0,0.01,corrected,4,clean,0.5570000000000002,0.5480000000000002,0.0,False,,,0.0,0,0,0.0,27,,0,0,1601,19,1620,False,False,False,361.39999999999924,374,500,3548.0000000000728,3680,5000
17d214ef42fd9d40,warmup1000_chain3,softmax,10.0,3.0,0.01,corrected,4,faa,0.5570000000000002,0.8171190000000002,0.0,True,8,3.0728553900052447,3.0728553900052447,0,0,0.0966,27,8,484,484,1601,503,1620,False,False,False,367.9999999999993,380,500,3565.6000000000736,3696,5000
17d214ef42fd9d40,warmup1000_chain3,softmax,10.0,3.0,0.01,corrected,5,clean,0.6299000000000002,0.6299000000000002,0.0,False,,,0.0,0,0,0.0,25,,0,0,638,19,657,False,False,False,343.7999999999995,358,500,3517.200000000075,3652,5000
17d214ef42fd9d40,warmup1000_chain3,softmax,10.0,3.0,0.01,corrected,5,faa,0.6299000000000002,0.8019000000000002,0.8019000000000002,True,9,2.543444545465645,3.8385445407047176,0,0,1.0,0,485,,,,,,False,False,False,356.99999999999943,370,500,3699.800000000068,3818,5000
17d214ef42fd9d40,warmup1000_chain3,softmax,10.0,3.0,0.01,corrected,6,clean,0.4580000000000002,4.580000000004025e-05,0.0,False,,,0.0,0,0,0.0,30,,0,0,0,19,19,False,False,False,321.7999999999997,338,500,3604.1000000000768,3731,5000
17d214ef42fd9d40,warmup1000_chain3,softmax,10.0,3.0,0.01,corrected,6,faa,0.4580000000000002,0.6300000000000001,4.551914400963142e-15,True,6,1.1824444455092948,1.8121357454808138,0,0,0.3354,11,45,1678,1678,3520,1697,3539,False,False,False,345.9999999999996,360,500,3662.400000000078,3784,5000
17d214ef42fd9d40,warmup1000_chain3,softmax,10.0,3.0,0.01,corrected,7,clean,0.5480000000000002,4.5905975274984634e-05,0.0,False,,,0.0,0,0,0.0,43,,0,0,0,19,19,False,False,False,348.1999999999991,362,500,3527.1000000000754,3661,5000
17d214ef42fd9d40,warmup1000_chain3,softmax,10.0,3.0,0.01,corrected,7,faa,0.5480000000000002,4.5905975275095656e-05,0.0,False,,,10.0,0,482,0.0,43,19,0,0,0,19,19,False,False,False,350.39999999999907,364,500,3527.1000000000754,3661,5000
17d214ef42fd9d40,warmup1000_chain3,softmax,10.0,3.0,0.01,corrected,8,clean,0.8000900000000001,0.8000900000000001,0.0,False,,,0.0,0,0,0.0,38,,0,224,1257,243,1276,False,False,False,400.9999999999996,410,500,3518.3000000000807,3653,5000
17d214ef42fd9d40,warmup1000_chain3,softmax,10.0,3.0,0.01,corrected,8,faa,0.8000900000000001,0.8958564800000002,0.8062677355156003,True,8,3.0359784444444444,3.1889302544444442,0,0,0.1702,1,13,852,852,,871,,False,False,False,416.3999999999995,424,500,3610.7000000000758,3737,5000
17d214ef42fd9d40,warmup1000_chain3,softmax,10.0,3.0,0.01,corrected,9,clean,0.5480000000000002,0.5480000000000002,4.579997492371035e-11,False,,,0.0,0,0,0.0,7,,0,0,4002,19,4021,False,False,False,362.49999999999966,375,500,3666.800000000079,3788,5000
17d214ef42fd9d40,warmup1000_chain3,softmax,10.0,3.0,0.01,corrected,9,faa,0.5480000000000002,0.7553086200000001,5.479999787283418e-11,True,11,5.444126444444445,5.444126444444445,0,0,0.523,8,11,2616,2616,4518,2635,4537,False,False,False,386.69999999999936,397,500,3663.500000000079,3785,5000
17d214ef42fd9d40,warmup1000_chain3,softmax,10.0,3.0,0.01,corrected,10,clean,0.6299000000000002,0.6299000000000002,0.0,False,,,0.0,0,0,0.0,24,,0,0,2031,19,2050,False,False,False,378.99999999999955,390,500,3605.200000000084,3732,5000
17d214ef42fd9d40,warmup1000_chain3,softmax,10.0,3.0,0.01,corrected,10,faa,0.6299000000000002,0.8250897969000002,0.0005479999999999929,True,14,6.2813900344444455,6.2813900344444455,0,0,0.3344,3,14,1673,1673,4869,1692,4888,False,False,False,376.7999999999995,388,500,3656.9000000000797,3779,5000
17d214ef42fd9d40,warmup1000_chain3,softmax,10.0,3.0,0.01,corrected,11,clean,0.6299000000000002,0.6299000000000002,6.106226635438361e-16,False,,,0.0,0,0,0.0,12,,0,0,4127,19,4146,False,False,False,363.5999999999992,376,500,3641.5000000000837,3765,5000
17d214ef42fd9d40,warmup1000_chain3,softmax,10.0,3.0,0.01,corrected,11,faa,0.6299000000000002,0.8164800000000001,0.7044290000000002,True,9,3.4994162444444448,3.6650362444444444,0,0,0.6314,1,12,3158,3158,,3177,,False,False,False,367.99999999999915,380,500,3705.3000000000784,3823,5000
17d214ef42fd9d40,warmup1000_chain3,softmax,10.0,3.0,0.01,corrected,12,clean,0.5480000000000002,0.5480000000000002,4.551914400963142e-15,False,,,0.0,0,0,0.0,14,,0,0,2363,19,2382,False,False,False,373.4999999999989,385,500,3656.9000000000715,3779,5000
17d214ef42fd9d40,warmup1000_chain3,softmax,10.0,3.0,0.01,corrected,12,faa,0.5480000000000002,0.7553086200477767,6.300515664747763e-14,True,11,4.133126443832684,4.133126443832684,0,0,0.2616,14,11,1309,1309,2592,1328,2611,False,False,False,364.69999999999914,377,500,3662.4000000000715,3784,5000
17d214ef42fd9d40,warmup1000_chain3,softmax,10.0,3.0,0.01,corrected,13,clean,0.5570000000000002,0.5570000000000002,0.5570000000000002,False,,,0.0,0,0,0.0,0,,0,0,,19,,False,False,False,411.9999999999996,420,500,3651.4000000000733,3774,5000
17d214ef42fd9d40,warmup1000_chain3,softmax,10.0,3.0,0.01,corrected,13,faa,0.5570000000000002,0.8099919000000002,0.7272660680000003,True,9,4.041582052444445,4.123853052444446,0,0,0.0398,1,18,200,200,,219,,False,False,False,425.19999999999953,432,500,3658.0000000000737,3780,5000
17d214ef42fd9d40,warmup1000_chain3,softmax,10.0,3.0,0.01,corrected,14,clean,0.8064800000000001,0.5480000000000002,0.0,False,0,0.0,0.0,0,0,0.0,33,,0,0,958,19,977,False,False,False,425.199999999999,432,500,3530.400000000078,3664,5000
17d214ef42fd9d40,warmup1000_chain3,softmax,10.0,3.0,0.01,corrected,14,faa,0.8064800000000001,0.7200000000000001,6.298999999987398e-06,True,0,0.0,1.5212292911111114,0,0,0.0998,5,229,500,500,4211,519,4230,False,False,False,424.099999999999,431,500,3572.2000000000794,3702,5000
17d214ef42fd9d40,warmup1000_chain3,softmax,10.0,3.0,0.01,corrected,15,clean,0.5480000000000002,0.4580000000000002,0.0,False,,,0.0,0,0,0.0,36,,0,0,1184,19,1203,False,False,False,378.9999999999999,390,500,3553.5000000000796,3685,5000
17d214ef42fd9d40,warmup1000_chain3,softmax,10.0,3.0,0.01,corrected,15,faa,0.5480000000000002,0.8008617240000001,0.7190464133240002,True,6,2.183126444444445,3.0680556360444453,0,0,0.4058,1,287,2030,2030,,2049,,False,False,False,391.09999999999985,401,500,3680.0000000000764,3800,5000
17d214ef42fd9d40,warmup1000_chain3,softmax,10.0,3.0,0.01,corrected,16,clean,0.7991900000000001,0.6308000000000002,0.0,False,0,0.0,0.0,0,0,0.0,33,,0,0,1076,19,1095,False,False,False,372.3999999999992,384,500,3471.000000000084,3610,5000
17d214ef42fd9d40,warmup1000_chain3,softmax,10.0,3.0,0.01,corrected,16,faa,0.7991900000000001,0.7200000000000001,0.0,True,0,0.0,0.7112011111111113,0,0,0.1996,19,402,999,999,3029,1018,3048,False,False,False,372.3999999999992,384,500,3484.2000000000835,3622,5000
17d214ef42fd9d40,warmup1000_chain3,softmax,10.0,3.0,0.01,corrected,17,clean,0.5570000000000002,0.5570000000000002,5.570000016774657e-09,False,,,0.0,0,0,0.0,6,,0,0,4474,19,4493,False,False,False,393.29999999999967,403,500,3528.200000000088,3662,5000
17d214ef42fd9d40,warmup1000_chain3,softmax,10.0,3.0,0.01,corrected,17,faa,0.5570000000000002,0.52789149512,5.551115123125783e-17,True,7,3.833244444444445,4.949358683901445,0,0,0.211,14,104,1056,1056,3460,1075,3479,False,False,False,386.6999999999997,397,500,3519.4000000000888,3654,5000
17d214ef42fd9d40,warmup1000_chain3,softmax,10.0,3.0,0.01,corrected,18,clean,0.7829000000000002,0.7829000000000002,0.0,True,0,0.0,0.0,0,0,0.0472,41,,237,237,1238,256,1257,False,False,False,361.39999999999964,374,500,3604.100000000076,3731,5000
17d214ef42fd9d40,warmup1000_chain3,softmax,10.0,3.0,0.01,corrected,18,faa,0.7829000000000002,0.7829000000000002,0.0,True,0,0.0,0.0,0,0,0.0472,41,,237,237,1238,256,1257,False,False,False,361.39999999999964,374,500,3604.100000000076,3731,5000
17d214ef42fd9d40,warmup1000_chain3,softmax,10.0,3.0,0.01,corrected,19,clean,0.0007241174090000246,7.29723337311583e-09,0.0,False,,,0.0,0,0,0.0,52,,0,0,0,19,19,False,False,False,336.0999999999998,351,500,3450.1000000000845,3591,5000
17d214ef42fd9d40,warmup1000_chain3,softmax,10.0,3.0,0.01,corrected,19,faa,0.0007241174090000246,0.2981620946734478,0.0,True,7,1.3715032585569442,3.4091290741107603,0,0,0.0016,45,421,9,9,594,28,613,False,False,False,355.89999999999975,369,500,3467.7000000000858,3607,5000
17d214ef42fd9d40,warmup1000_chain3,softmax,10.0,3.0,0.01,corrected,20,clean,0.6200000000000001,0.4580000000000002,0.0,False,,,0.0,0,0,0.0,31,,0,0,337,19,356,False,False,False,396.59999999999957,406,500,3642.6000000000736,3766,5000
17d214ef42fd9d40,warmup1000_chain3,softmax,10.0,3.0,0.01,corrected,20,faa,0.6200000000000001,0.7100000000000001,0.6208000000000002,True,8,2.5913333333333335,3.494544444444445,0,0,0.0672,1,390,337,337,,356,,False,False,False,397.6999999999996,407,500,3711.9000000000738,3829,5000
17d214ef42fd9d40,warmup1000_chain3,softmax,10.0,3.0,0.01,corrected,21,clean,0.7991900000000001,0.5480000000000002,0.0,False,0,0.0,0.0,0,0,0.0,32,,0,0,1351,19,1370,False,False,False,328.39999999999975,344,500,3541.400000000085,3674,5000
17d214ef42fd9d40,warmup1000_chain3,softmax,10.0,3.0,0.01,corrected,21,faa,0.7991900000000001,0.7200000000000001,0.0,True,0,0.0,1.4312011111111114,0,0,0.1014,19,226,508,508,3050,527,3069,False,False,False,341.5999999999998,356,500,3626.1000000000836,3751,5000
17d214ef42fd9d40,warmup1000_chain3,softmax,10.0,3.0,0.01,corrected,22,clean,0.7100000000000001,0.7100000000000001,0.05570000000000003,False,,,0.0,0,0,0.0,1,,0,0,,19,,False,False,False,378.9999999999996,390,500,3751.500000000073,3865,5000
17d214ef42fd9d40,warmup1000_chain3,softmax,10.0,3.0,0.01,corrected,22,faa,0.7100000000000001,0.8081900000000002,0.6199000000000002,True,20,8.125444444444444,8.762254444444446,0,0,0.7142,0,30,3572,3572,,3591,,False,False,False,375.6999999999996,387,500,3774.6000000000713,3886,5000
17d214ef42fd9d40,warmup1000_chain3,softmax,10.0,3.0,0.01,corrected,23,clean,0.7991900000000001,0.7044290000000002,0.0,False,0,0.0,0.0,0,0,0.0,26,,0,0,2009,19,2028,False,False,False,382.2999999999993,393,500,3451.2000000000808,3592,5000
17d214ef42fd9d40,warmup1000_chain3,softmax,10.0,3.0,0.01,corrected,23,faa,0.7991900000000001,0.7991900000000001,0.0,True,0,0.0,0.8850111111110311,0,0,0.0224,26,139,113,113,2009,132,2028,False,False,False,382.2999999999993,393,500,3475.4000000000833,3614,5000
17d214ef42fd9d40,warmup1000_chain3,softmax,10.0,3.0,0.01,corrected,24,clean,0.5480000000000002,0.5480000000000002,0.0,False,,,0.0,0,0,0.0,40,,0,0,160,19,179,False,False,False,380.09999999999945,391,500,3429.200000000091,3572,5000
17d214ef42fd9d40,warmup1000_chain3,softmax,10.0,3.0,0.01,corrected,24,faa,0.5480000000000002,0.7200000000000001,0.6299000000000002,True,11,2.77121621744534,3.5937701950452974,0,0,0.7372,1,17,3687,3687,,3706,,False,False,False,419.6999999999991,427,500,3616.200000000081,3742,5000
17d214ef42fd9d40,warmup1000_chain3,softmax,10.0,3.0,0.01,corrected,25,clean,0.5570000000000002,0.005730200000000019,0.0,False,,,0.0,0,0,0.0,47,,0,0,0,19,19,False,False,False,370.19999999999936,382,500,3504.0000000000796,3640,5000
17d214ef42fd9d40,warmup1000_chain3,softmax,10.0,3.0,0.01,corrected,25,faa,0.5570000000000002,0.8163894402000001,0.7345791351240203,True,12,5.725055444444445,6.455277417604447,0,0,0.2222,1,62,1112,1112,,1131,,False,False,False,382.2999999999994,393,500,3670.100000000076,3791,5000
17d214ef42fd9d40,warmup1000_chain3,softmax,10.0,3.0,0.01,corrected,26,clean,0.7829000000000002,0.5480000000000002,0.0,False,0,0.0,0.0,0,0,0.0,41,,0,0,1059,19,1078,False,False,False,360.29999999999944,373,500,3479.800000000077,3618,5000
17d214ef42fd9d40,warmup1000_chain3,softmax,10.0,3.0,0.01,corrected,26,faa,0.7829000000000002,0.7200000000000001,0.0,True,0,0.0,1.4330111111111115,0,0,0.0754,32,200,378,378,2313,397,2332,False,False,False,371.29999999999956,383,500,3575.5000000000787,3705,5000
17d214ef42fd9d40,warmup1000_chain3,softmax,10.0,3.0,0.01,corrected,27,clean,0.7829000000000002,0.6299000000000002,0.0,False,0,0.0,0.0,0,0,0.0,27,,0,0,1402,19,1421,False,False,False,360.29999999999956,373,500,3562.30000000008,3693,5000
17d214ef42fd9d40,warmup1000_chain3,softmax,10.0,3.0,0.01,corrected,27,faa,0.7829000000000002,0.7829000000000002,5.551115123125783e-17,True,0,0.0,0.8040111111111112,0,0,0.0842,14,55,422,422,3043,441,3062,False,False,False,360.29999999999956,373,500,3594.2000000000826,3722,5000
17d214ef42fd9d40,warmup1000_chain3,softmax,10.0,3.0,0.01,corrected,28,clean,0.6299000000000002,0.6299000000000002,0.6299000000000002,False,,,0.0,0,0,0.0,0,,0,0,,19,,False,False,False,383.39999999999935,394,500,3541.400000000074,3674,5000
17d214ef42fd9d40,warmup1000_chain3,softmax,10.0,3.0,0.01,corrected,28,faa,0.6299000000000002,0.817938,0.7044290000000002,True,7,2.767731034438388,2.767731034438388,0,0,0.1906,1,7,954,954,,973,,False,False,False,398.7999999999993,408,500,3590.900000000078,3719,5000
17d214ef42fd9d40,warmup1000_chain3,softmax,10.0,3.0,0.01,corrected,29,clean,0.6299000000000002,0.6299000000000002,0.6299000000000002,False,,,0.0,0,0,0.0,0,,0,0,,19,,False,False,False,387.79999999999944,398,500,3655.8000000000766,3778,5000
17d214ef42fd9d40,warmup1000_chain3,softmax,10.0,3.0,0.01,corrected,29,faa,0.6299000000000002,0.8828919000000002,0.7946026876476803,True,6,2.523904444439001,2.523904444439001,0,0,0.4652,1,6,2327,2327,,2346,,False,False,False,400.99999999999926,410,500,3719.6000000000713,3836,5000
17d214ef42fd9d40,warmup1000_chain3,softmax,10.0,3.0,0.01,corrected,30,clean,0.5480000000000002,0.5480000000000002,5.551115123125783e-16,False,,,0.0,0,0,0.0,13,,0,0,3584,19,3603,False,False,False,345.9999999999995,360,500,3551.3000000000784,3683,5000
17d214ef42fd9d40,warmup1000_chain3,softmax,10.0,3.0,0.01,corrected,30,faa,0.5480000000000002,0.7200000000000001,0.5480000000000002,True,8,1.6002444688752155,3.3102644630475804,0,0,0.42,0,478,2101,2101,,2120,,False,False,False,359.1999999999994,372,500,3675.600000000074,3796,5000
17d214ef42fd9d40,warmup1000_chain3,softmax,10.0,3.0,0.01,corrected,31,clean,0.6200000000000001,0.4580000000000002,0.0,False,,,0.0,0,0,0.0,20,,0,0,1839,19,1858,False,False,False,372.3999999999996,384,500,3608.500000000082,3735,5000
17d214ef42fd9d40,warmup1000_chain3,softmax,10.0,3.0,0.01,corrected,31,faa,0.6200000000000001,0.7288100000000002,6.379169414927333e-11,True,12,4.559333333333333,5.6425924444444435,0,0,0.0458,11,464,230,230,3684,249,3703,False,False,False,366.8999999999996,379,500,3647.0000000000814,3770,5000
17d214ef42fd9d40,warmup1000_chain3,softmax,10.0,3.0,0.01,corrected,32,clean,0.7044290000000002,0.7044290000000002,0.7044290000000002,False,,,0.0,0,0,0.0,0,,0,0,,19,,False,False,False,359.199999999999,372,500,3594.200000000074,3722,5000
17d214ef42fd9d40,warmup1000_chain3,softmax,10.0,3.0,0.01,corrected,32,faa,0.7044290000000002,0.8764290000000001,0.7044290000000002,True,7,2.0864864952444444,2.962915495244413,0,0,0.7164,0,284,3583,3583,,3602,,False,False,False,392.19999999999897,402,500,3746.00000000007,3860,5000
17d214ef42fd9d40,warmup1000_chain3,softmax,10.0,3.0,0.01,corrected,33,clean,0.5480000000000002,0.5480000000000002,5.551115123125783e-17,False,,,0.0,0,0,0.0,15,,0,0,3527,19,3546,False,False,False,372.39999999999924,384,500,3561.2000000000817,3692,5000
17d214ef42fd9d40,warmup1000_chain3,softmax,10.0,3.0,0.01,corrected,33,faa,0.5480000000000002,0.8010000000000002,5.551115123125783e-17,True,13,6.7501264444444455,7.966626444444448,0,0,0.054,15,480,271,271,3527,290,3546,False,False,False,372.399999999999,384,500,3653.6000000000795,3776,5000
17d214ef42fd9d40,warmup1000_chain3,softmax,10.0,3.0,0.01,corrected,34,clean,0.7100000000000001,0.6299000000000002,6.29900021031915e-11,False,0,0.0,0.0,0,0,0.0,9,,0,0,3601,19,3620,False,False,False,365.79999999999967,378,500,3631.6000000000763,3756,5000
17d214ef42fd9d40,warmup1000_chain3,softmax,10.0,3.0,0.01,corrected,34,faa,0.7100000000000001,0.7100000000000001,5.3800019994554305e-11,True,0,0.0,0.8131111111111112,0,0,0.0566,9,198,284,284,3601,303,3620,False,False,False,365.79999999999967,378,500,3660.2000000000776,3782,5000
17d214ef42fd9d40,warmup1000_chain3,softmax,10.0,3.0,0.01,corrected,35,clean,0.8097299000000001,0.7125542900000001,0.0007044290000000064,False,0,0.0,0.0,0,0,0.0,2,,0,0,4874,19,4893,False,False,False,344.89999999999964,359,500,3577.7000000000844,3707,5000
17d214ef42fd9d40,warmup1000_chain3,softmax,10.0,3.0,0.01,corrected,35,faa,0.8097299000000001,0.8097299000000001,0.0006377298999999947,True,0,0.0,0.8838400111111113,0,0,0.152,2,257,761,761,4874,780,4893,False,False,False,344.89999999999964,359,500,3683.300000000078,3803,5000
17d214ef42fd9d40,warmup1000_chain3,softmax,10.0,3.0,0.01,corrected,36,clean,0.6380900000000003,0.6380900000000003,0.0,False,,,0.0,0,0,0.0,40,,0,0,182,19,201,False,False,False,380.0999999999996,391,500,3533.7000000000758,3667,5000
17d214ef42fd9d40,warmup1000_chain3,softmax,10.0,3.0,0.01,corrected,36,faa,0.6380900000000003,0.8100900000000002,0.7118819000000002,True,4,1.7517245538844444,2.5618145538844446,0,0,0.1426,1,6,714,714,,733,,False,False,False,393.29999999999967,403,500,3757.000000000068,3870,5000
17d214ef42fd9d40,warmup1000_chain3,softmax,10.0,3.0,0.01,corrected,37,clean,0.5480000000000002,0.5480000000000002,0.0,False,,,0.0,0,0,0.0,18,,0,0,2450,19,2469,False,False,False,365.80000000000007,378,500,3466.600000000083,3606,5000
17d214ef42fd9d40,warmup1000_chain3,softmax,10.0,3.0,0.01,corrected,37,faa,0.5480000000000002,0.8010000000000002,0.7036100000000003,True,10,4.422126444444444,5.168914444444446,0,0,0.0734,1,24,368,368,,387,,False,False,False,368.00000000000006,380,500,3482.0000000000823,3620,5000
17d214ef42fd9d40,warmup1000_chain3,softmax,10.0,3.0,0.01,corrected,38,clean,0.7044290000000002,0.7044290000000002,0.0,False,,,0.0,0,0,0.0,26,,0,0,1373,19,1392,False,False,False,383.3999999999995,394,500,3526.0000000000846,3660,5000
17d214ef42fd9d40,warmup1000_chain3,softmax,10.0,3.0,0.01,corrected,38,faa,0.7044290000000002,0.9433503900000001,0.7044290000000002,True,11,6.4454426244444445,6.822228124444443,0,0,0.232,0,17,1161,1161,,1180,,False,False,False,391.09999999999934,401,500,3583.2000000000817,3712,5000
17d214ef42fd9d40,warmup1000_chain3,softmax,10.0,3.0,0.01,corrected,39,clean,0.7100000000000001,0.6299000000000002,0.0,False,,,0.0,0,0,0.0,21,,0,0,2013,19,2032,False,False,False,388.8999999999998,399,500,3461.100000000082,3601,5000
17d214ef42fd9d40,warmup1000_chain3,softmax,10.0,3.0,0.01,corrected,39,faa,0.7100000000000001,0.7928000000000002,0.0,True,8,2.865444444444445,3.656534444444413,0,0,0.033,22,256,166,166,2013,185,2032,False,False,False,403.1999999999997,412,500,3497.4000000000833,3634,5000
17d214ef42fd9d40,warmup1000_chain3,softmax,10.0,3.0,0.01,corrected,40,clean,0.7190000000000001,0.7190000000000001,0.5480000000000002,True,0,0.0,0.0,0,0,0.4744,0,,2373,2373,,2392,,False,False,False,340.49999999999955,355,500,3675.6000000000763,3796,5000
17d214ef42fd9d40,warmup1000_chain3,softmax,10.0,3.0,0.01,corrected,40,faa,0.7190000000000001,0.7190000000000001,0.5480000000000002,True,0,0.0,0.0,0,0,0.4744,0,,2373,2373,,2392,,False,False,False,340.49999999999955,355,500,3675.6000000000763,3796,5000
17d214ef42fd9d40,warmup1000_chain3,softmax,10.0,3.0,0.01,corrected,41,clean,0.7199000000000001,0.5480000000000002,0.0,False,,,0.0,0,0,0.0,15,,0,0,3431,19,3450,False,False,False,403.19999999999936,412,500,3618.4000000000788,3744,5000
17d214ef42fd9d40,warmup1000_chain3,softmax,10.0,3.0,0.01,corrected,41,faa,0.7199000000000001,0.8643191526980001,0.7085968000000002,True,9,2.7608052333333335,3.2545443444444455,0,0,0.4536,1,20,2269,2269,,2288,,False,False,False,475.8,478,500,3771.3000000000698,3883,5000
17d214ef42fd9d40,warmup1000_chain3,softmax,10.0,3.0,0.01,corrected,42,clean,0.7100000000000001,0.6380900000000003,0.0,False,0,0.0,0.0,0,0,0.0,25,,0,0,2076,19,2095,False,False,False,377.8999999999995,389,500,3578.8000000000766,3708,5000
17d214ef42fd9d40,warmup1000_chain3,softmax,10.0,3.0,0.01,corrected,42,faa,0.7100000000000001,0.7100000000000001,0.0,True,0,0.0,0.9971111111111113,0,0,0.049,27,496,246,246,1856,265,1875,False,False,False,378.99999999999955,390,500,3597.5000000000773,3725,5000
17d214ef42fd9d40,warmup1000_chain3,softmax,10.0,3.0,0.01,corrected,43,clean,0.7100000000000001,0.6299000000000002,0.5480000000000002,False,,,0.0,0,0,0.0,0,,0,0,,19,,False,False,False,358.0999999999997,371,500,3577.700000000086,3707,5000
17d214ef42fd9d40,warmup1000_chain3,softmax,10.0,3.0,0.01,corrected,43,faa,0.7100000000000001,0.8081900000000002,0.7271988190000003,True,11,5.091333333333334,6.139525444444446,0,0,0.8006,1,389,4004,4004,,4023,,False,False,False,349.2999999999997,363,500,3717.4000000000765,3834,5000
17d214ef42fd9d40,warmup1000_chain3,softmax,10.0,3.0,0.01,corrected,44,clean,0.8073800000000001,0.8073800000000001,0.0,True,0,0.0,0.0,0,0,0.2526,22,,1264,1264,2546,1283,2565,False,False,False,376.79999999999905,388,500,3616.20000000008,3742,5000
17d214ef42fd9d40,warmup1000_chain3,softmax,10.0,3.0,0.01,corrected,44,faa,0.8073800000000001,0.8073800000000001,0.0,True,0,0.0,0.0,0,0,0.2526,22,,1264,1264,2546,1283,2565,False,False,False,376.79999999999905,388,500,3616.20000000008,3742,5000
17d214ef42fd9d40,warmup1000_chain3,softmax,10.0,3.0,0.01,corrected,45,clean,0.7190000000000001,0.7190000000000001,0.6453800000000002,False,,,0.0,0,0,0.0,0,,0,0,,19,,False,False,False,361.3999999999993,374,500,3809.8000000000675,3918,5000
17d214ef42fd9d40,warmup1000_chain3,softmax,10.0,3.0,0.01,corrected,45,faa,0.7190000000000001,0.8591390000000001,0.7044290000000002,True,8,5.070853333333333,5.070853333333333,0,0,0.1476,1,7,739,739,,758,,False,False,False,356.99999999999943,370,500,3808.7000000000676,3917,5000
17d214ef42fd9d40,warmup1000_chain3,softmax,10.0,3.0,0.01,corrected,46,clean,0.8073800000000001,0.8073800000000001,0.7191864800000002,True,0,0.0,0.0,0,0,0.0394,1,,198,198,,217,,False,False,False,383.3999999999992,394,500,3731.7000000000717,3847,5000
17d214ef42fd9d40,warmup1000_chain3,softmax,10.0,3.0,0.01,corrected,46,faa,0.8073800000000001,0.8073800000000001,0.7191864800000002,True,0,0.0,0.0,0,0,0.0394,1,,198,198,,217,,False,False,False,383.3999999999992,394,500,3731.7000000000717,3847,5000
17d214ef42fd9d40,warmup1000_chain3,softmax,10.0,3.0,0.01,corrected,47,clean,0.7100000000000001,0.7100000000000001,0.0006299000000000166,False,,,0.0,0,0,0.0,4,,0,1289,4488,1308,4507,False,False,False,358.0999999999998,371,500,3688.8000000000707,3808,5000
17d214ef42fd9d40,warmup1000_chain3,softmax,10.0,3.0,0.01,corrected,47,faa,0.7100000000000001,0.8081900000000002,0.0006953290000000223,True,17,9.423444444444444,9.424444444444443,0,0,0.2576,4,20,1289,1289,4488,1308,4507,False,False,False,347.0999999999998,361,500,3688.8000000000707,3808,5000
17d214ef42fd9d40,warmup1000_chain3,softmax,10.0,3.0,0.01,corrected,48,clean,0.6200000000000001,0.5570000000000002,0.0,False,,,0.0,0,0,0.0,33,,0,0,2402,19,2421,False,False,False,334.99999999999943,350,500,3535.900000000091,3669,5000
17d214ef42fd9d40,warmup1000_chain3,softmax,10.0,3.0,0.01,corrected,48,faa,0.6200000000000001,0.6300000000000001,0.0,True,12,5.375333333333334,5.996441251424445,0,0,0.315,29,89,1576,1576,2664,1595,2683,False,False,False,341.59999999999934,356,500,3566.7000000000885,3697,5000
17d214ef42fd9d40,warmup1000_chain3,softmax,10.0,3.0,0.01,corrected,49,clean,0.04580000000050222,4.580000000053985e-05,0.0,False,,,0.0,0,0,0.0,45,,0,0,0,19,19,False,False,False,364.6999999999996,377,500,3509.5000000000846,3645,5000
17d214ef42fd9d40,warmup1000_chain3,softmax,10.0,3.0,0.01,corrected,49,faa,0.04580000000050222,0.3167602200059117,0.0,True,17,3.6936444444951406,5.317847275671446,0,0,0.0276,44,318,139,139,505,158,524,False,False,False,365.7999999999996,378,500,3519.400000000085,3654,5000
17d214ef42fd9d40,warmup1000_chain3,softmax,10.0,3.0,0.01,corrected,50,clean,0.5570000000000002,0.5570000000000002,5.5700000167746566e-11,False,,,0.0,0,0,0.0,10,,0,0,3180,19,3199,False,False,False,376.7999999999998,388,500,3574.4000000000824,3704,5000
17d214ef42fd9d40,warmup1000_chain3,softmax,10.0,3.0,0.01,corrected,50,faa,0.5570000000000002,0.8099190000000002,6.29900021031915e-11,True,11,4.816682524444445,4.825782524444445,0,0,0.102,10,15,511,511,3180,530,3199,False,False,False,369.0999999999999,381,500,3609.600000000082,3736,5000
17d214ef42fd9d40,warmup1000_chain3,softmax,10.0,3.0,0.01,corrected,51,clean,5.486076620003777e-05,5.486244791796935e-11,0.0,False,,,0.0,0,0,0.0,35,,0,0,0,19,19,False,False,False,350.39999999999907,364,500,3449.0000000000805,3590,5000
17d214ef42fd9d40,warmup1000_chain3,softmax,10.0,3.0,0.01,corrected,51,faa,5.486076620003777e-05,0.27702000416691797,0.0,True,9,1.4980446230101334,4.6776086212993695,0,0,0.003,35,446,16,16,74,35,93,False,False,False,350.3999999999992,364,500,3449.0000000000805,3590,5000
17d214ef42fd9d40,warmup1000_chain3,softmax,10.0,3.0,0.01,corrected,52,clean,0.7829000000000002,0.7829000000000002,5.479999787283418e-11,True,0,0.0,0.0,0,0,0.0002,9,,2,2,4627,21,4646,False,False,False,371.2999999999993,383,500,3617.3000000000784,3743,5000
17d214ef42fd9d40,warmup1000_chain3,softmax,10.0,3.0,0.01,corrected,52,faa,0.7829000000000002,0.7829000000000002,5.479999787283418e-11,True,0,0.0,0.0,0,0,0.0002,9,,2,2,4627,21,4646,False,False,False,371.2999999999993,383,500,3617.3000000000784,3743,5000
17d214ef42fd9d40,warmup1000_chain3,softmax,10.0,3.0,0.01,corrected,53,clean,0.8088380000000002,0.8088380000000002,0.5480000000000002,True,0,0.0,0.0,0,0,0.0496,0,,249,249,,268,,False,False,False,371.29999999999984,383,500,3718.500000000078,3835,5000
17d214ef42fd9d40,warmup1000_chain3,softmax,10.0,3.0,0.01,corrected,53,faa,0.8088380000000002,0.8088380000000002,0.5480000000000002,True,0,0.0,0.0,0,0,0.0496,0,,249,249,,268,,False,False,False,371.29999999999984,383,500,3718.500000000078,3835,5000
17d214ef42fd9d40,warmup1000_chain3,softmax,10.0,3.0,0.01,corrected,54,clean,0.8001890000000002,0.8001890000000002,0.0,False,,,0.0,0,0,0.0,12,,0,0,3799,19,3818,False,False,False,352.59999999999974,366,500,3432.5000000000864,3575,5000
17d214ef42fd9d40,warmup1000_chain3,softmax,10.0,3.0,0.01,corrected,54,faa,0.8001890000000002,0.9529723821428001,0.8479659971182402,True,7,2.7498289133333333,2.8842735174216445,0,0,0.0032,0,17,17,17,,36,,False,False,False,353.69999999999976,367,500,3594.200000000074,3722,5000
17d214ef42fd9d40,warmup1000_chain3,softmax,10.0,3.0,0.01,corrected,55,clean,0.7190000000000001,0.7190000000000001,0.0,True,0,0.0,0.0,0,0,0.0612,20,,307,307,2824,326,2843,False,False,False,403.1999999999997,412,500,3506.200000000086,3642,5000
17d214ef42fd9d40,warmup1000_chain3,softmax,10.0,3.0,0.01,corrected,55,faa,0.7190000000000001,0.7190000000000001,0.0,True,0,0.0,0.0,0,0,0.0612,20,,307,307,2824,326,2843,False,False,False,403.1999999999997,412,500,3506.200000000086,3642,5000
17d214ef42fd9d40,warmup1000_chain3,softmax,10.0,3.0,0.01,corrected,56,clean,0.7199000000000001,0.7199000000000001,0.6476570000000001,False,,,0.0,0,0,0.0,0,,0,0,,19,,False,False,False,359.1999999999996,372,500,3662.4000000000683,3784,5000
17d214ef42fd9d40,warmup1000_chain3,softmax,10.0,3.0,0.01,corrected,56,faa,0.7199000000000001,0.8717678000000001,0.7192455290000002,True,9,4.024727333333334,4.024727333333334,0,0,0.9876,0,8,4939,4939,,4958,,False,False,False,374.59999999999917,386,500,3662.4000000000683,3784,5000
17d214ef42fd9d40,warmup1000_chain3,softmax,10.0,3.0,0.01,corrected,57,clean,0.5480000000000002,0.005479999999999985,0.0,False,,,0.0,0,0,0.0,42,,0,0,0,19,19,False,False,False,338.29999999999933,353,500,3539.2000000000767,3672,5000
17d214ef42fd9d40,warmup1000_chain3,softmax,10.0,3.0,0.01,corrected,57,faa,0.5480000000000002,0.7200000000000001,0.0,True,4,1.6334445009644443,2.978424500964445,0,0,0.1482,16,497,742,742,2680,761,2699,False,False,False,360.2999999999992,373,500,3638.200000000079,3762,5000
17d214ef42fd9d40,warmup1000_chain3,softmax,10.0,3.0,0.01,corrected,58,clean,0.7100000000000001,0.5570000000000002,0.0,False,0,0.0,0.0,0,0,0.0,32,,0,0,1046,19,1065,False,False,False,338.2999999999997,353,500,3555.7000000000794,3687,5000
17d214ef42fd9d40,warmup1000_chain3,softmax,10.0,3.0,0.01,corrected,58,faa,0.7100000000000001,0.6300000000000001,0.0,True,0,0.0,0.6211111111111113,0,0,0.1724,30,227,863,863,1194,882,1213,False,False,False,338.2999999999997,353,500,3561.20000000008,3692,5000
17d214ef42fd9d40,warmup1000_chain3,softmax,10.0,3.0,0.01,corrected,59,clean,0.7919000000000002,0.7919000000000002,0.7118819000000002,True,0,0.0,0.0,0,0,0.5264,1,,2633,2634,,2653,,False,False,False,500.0,500,500,3817.500000000096,3925,5000
17d214ef42fd9d40,warmup1000_chain3,softmax,10.0,3.0,0.01,corrected,59,faa,0.7919000000000002,0.7919000000000002,0.7118819000000002,True,0,0.0,0.0,0,0,0.5264,1,,2633,2634,,2653,,False,False,False,500.0,500,500,3817.500000000096,3925,5000
17d214ef42fd9d40,warmup1000_chain3,softmax,10.0,3.0,0.01,corrected,60,clean,0.8088380000000002,0.8088380000000002,0.7052480000000002,True,0,0.0,0.0,0,0,0.178,1,,891,891,,910,,False,False,False,389.99999999999943,400,500,3823.00000000007,3930,5000
17d214ef42fd9d40,warmup1000_chain3,softmax,10.0,3.0,0.01,corrected,60,faa,0.8088380000000002,0.8088380000000002,0.7052480000000002,True,0,0.0,0.0,0,0,0.178,1,,891,891,,910,,False,False,False,389.99999999999943,400,500,3823.00000000007,3930,5000
17d214ef42fd9d40,warmup1000_chain3,softmax,10.0,3.0,0.01,corrected,61,clean,0.7203691700000002,0.7203691700000002,0.0,False,,,0.0,0,0,0.0,19,,0,0,3180,19,3199,False,False,False,351.4999999999993,365,500,3567.80000000008,3698,5000
17d214ef42fd9d40,warmup1000_chain3,softmax,10.0,3.0,0.01,corrected,61,faa,0.7203691700000002,0.8923691700000002,0.7867559447000002,True,6,2.205966748146486,2.85529852778145,0,0,0.3098,1,9,1550,1550,,1569,,False,False,False,361.39999999999947,374,500,3716.300000000074,3833,5000
17d214ef42fd9d40,warmup1000_chain3,softmax,10.0,3.0,0.01,corrected,62,clean,0.7919000000000002,0.7919000000000002,0.5480000000000002,False,,,0.0,0,0,0.0,0,,0,2297,,2316,,False,False,False,500.0,500,500,3675.6000000000768,3796,5000
17d214ef42fd9d40,warmup1000_chain3,softmax,10.0,3.0,0.01,corrected,62,faa,0.7919000000000002,0.9939826800000001,0.5380000000000003,True,6,2.0182924444444446,2.0182924444444446,0,0,0.4592,0,6,2297,2297,,2316,,False,False,False,492.3,493,500,3759.2000000000817,3872,5000
17d214ef42fd9d40,warmup1000_chain3,softmax,10.0,3.0,0.01,corrected,63,clean,0.7100000000000001,0.5570000000000002,4.579669976578771e-14,False,0,0.0,0.0,0,0,0.0,10,,0,0,2176,19,2195,False,False,False,378.9999999999996,390,500,3590.9000000000833,3719,5000
17d214ef42fd9d40,warmup1000_chain3,softmax,10.0,3.0,0.01,corrected,63,faa,0.7100000000000001,0.6300000000000001,5.667688540711424e-14,True,0,0.0,0.6211111111111113,0,0,0.1706,11,169,854,854,2909,873,2928,False,False,False,378.9999999999996,390,500,3598.6000000000836,3726,5000
17d214ef42fd9d40,warmup1000_chain3,softmax,10.0,3.0,0.01,corrected,64,clean,0.7991900000000001,0.5579000000000002,0.5480000000000002,False,0,0.0,0.0,0,0,0.0,0,,0,0,,19,,False,False,False,351.4999999999996,365,500,3603.0000000000764,3730,5000
17d214ef42fd9d40,warmup1000_chain3,softmax,10.0,3.0,0.01,corrected,64,faa,0.7991900000000001,0.7200000000000001,0.6299000000000002,True,0,0.0,0.7112011111111113,0,0,0.2068,1,327,1035,1035,,1054,,False,False,False,351.4999999999996,365,500,3612.900000000078,3739,5000
17d214ef42fd9d40,warmup1000_chain3,softmax,10.0,3.0,0.01,corrected,65,clean,0.5480000000000002,0.5480000000000002,0.0,False,,,0.0,0,0,0.0,29,,0,0,1544,19,1563,False,False,False,376.7999999999994,388,500,3533.700000000086,3667,5000
17d214ef42fd9d40,warmup1000_chain3,softmax,10.0,3.0,0.01,corrected,65,faa,0.5480000000000002,0.8008617325030561,0.0,True,9,3.353125900052445,3.353125900052445,0,0,0.126,21,9,631,631,3021,650,3040,False,False,False,375.69999999999936,387,500,3548.000000000086,3680,5000
17d214ef42fd9d40,warmup1000_chain3,softmax,10.0,3.0,0.01,corrected,66,clean,0.6200000000000001,0.5570000000000002,0.0,False,,,0.0,0,0,0.0,26,,0,0,583,19,602,False,False,False,363.59999999999957,376,500,3530.400000000077,3664,5000
17d214ef42fd9d40,warmup1000_chain3,softmax,10.0,3.0,0.01,corrected,66,faa,0.6200000000000001,0.7100000000000002,5.551115123125783e-17,True,6,1.8113333333333337,2.6244444444444452,0,0,0.0654,13,412,328,328,3095,347,3114,False,False,False,367.9999999999993,380,500,3571.1000000000786,3701,5000
17d214ef42fd9d40,warmup1000_chain3,softmax,10.0,3.0,0.01,corrected,67,clean,0.7030439000000002,0.7030439000000002,0.0,False,,,0.0,0,0,0.0,21,,0,0,2046,19,2065,False,False,False,383.39999999999964,394,500,3532.6000000000895,3666,5000
17d214ef42fd9d40,warmup1000_chain3,softmax,10.0,3.0,0.01,corrected,67,faa,0.7030439000000002,0.9385531391272983,0.0,True,14,8.472389281838808,8.548475381838808,0,0,0.1046,21,16,524,524,2046,543,2065,False,False,False,377.8999999999997,389,500,3554.6000000000895,3686,5000
17d214ef42fd9d40,warmup1000_chain3,softmax,10.0,3.0,0.01,corrected,68,clean,0.7190000000000001,0.4580000000000002,0.0,False,,,0.0,0,0,0.0,34,,0,0,246,19,265,False,False,False,385.5999999999992,396,500,3551.3000000000784,3683,5000
17d214ef42fd9d40,warmup1000_chain3,softmax,10.0,3.0,0.01,corrected,68,faa,0.7190000000000001,0.7288100000000002,6.38378239159465e-15,True,6,1.8618534444444448,2.4318534444444446,0,0,0.0526,13,17,264,264,3813,283,3832,False,False,False,429.599999999999,436,500,3608.5000000000787,3735,5000
17d214ef42fd9d40,warmup1000_chain3,softmax,10.0,3.0,0.01,corrected,69,clean,0.4580000000000002,0.4580000000000002,0.0,False,,,0.0,0,0,0.0,28,,0,0,113,19,132,False,False,False,356.99999999999955,370,500,3590.90000000008,3719,5000
17d214ef42fd9d40,warmup1000_chain3,softmax,10.0,3.0,0.01,corrected,69,faa,0.4580000000000002,0.6300000000000001,5.479999787283418e-11,True,7,1.5724445440651555,3.6624445437280255,0,0,0.0488,10,418,245,245,4015,264,4034,False,False,False,363.59999999999957,376,500,3684.4000000000774,3804,5000
17d214ef42fd9d40,warmup1000_chain3,softmax,10.0,3.0,0.01,corrected,70,clean,0.5480000000000002,0.5480000000000002,0.0,False,,,0.0,0,0,0.0,27,,0,0,1252,19,1271,False,False,False,366.8999999999997,379,500,3618.4000000000724,3744,5000
17d214ef42fd9d40,warmup1000_chain3,softmax,10.0,3.0,0.01,corrected,70,faa,0.5480000000000002,0.8010000000000002,0.6299000000000002,True,8,3.6421264444444454,3.7331264444444456,0,0,0.1164,1,10,583,583,,602,,False,False,False,367.9999999999997,380,500,3644.8000000000707,3768,5000
17d214ef42fd9d40,warmup1000_chain3,softmax,10.0,3.0,0.01,corrected,71,clean,0.8098190900000002,0.7286145497000003,0.7280263546190002,False,,,0.0,0,0,0.0,0,,0,0,,19,,False,False,False,372.39999999999947,384,500,3474.3000000000807,3613,5000
17d214ef42fd9d40,warmup1000_chain3,softmax,10.0,3.0,0.01,corrected,71,faa,0.8098190900000002,0.9707255881308801,0.858060285199101,True,7,2.6437659475333333,3.3469278469568344,0,0,0.0268,1,108,135,135,,154,,False,False,False,375.69999999999936,387,500,3603.0000000000773,3730,5000
17d214ef42fd9d40,warmup1000_chain3,softmax,10.0,3.0,0.01,corrected,72,clean,0.5480000000000002,0.5480000000000002,0.0,False,,,0.0,0,0,0.0,34,,0,0,334,19,353,False,False,False,385.5999999999994,396,500,3576.600000000082,3706,5000
17d214ef42fd9d40,warmup1000_chain3,softmax,10.0,3.0,0.01,corrected,72,faa,0.5480000000000002,0.7200000000000001,0.0,True,20,6.151004844444444,6.5528530444444435,0,0,0.0648,21,24,325,325,2000,344,2019,False,False,False,385.5999999999995,396,500,3637.100000000082,3761,5000
17d214ef42fd9d40,warmup1000_chain3,softmax,10.0,3.0,0.01,corrected,73,clean,0.7100000000000001,0.7100000000000001,0.0,True,0,0.0,0.0,0,0,0.0494,27,,248,248,592,267,611,False,False,False,393.29999999999944,403,500,3634.9000000000747,3759,5000
17d214ef42fd9d40,warmup1000_chain3,softmax,10.0,3.0,0.01,corrected,73,faa,0.7100000000000001,0.7100000000000001,0.0,True,0,0.0,0.0,0,0,0.0494,27,,248,248,592,267,611,False,False,False,393.29999999999944,403,500,3634.9000000000747,3759,5000
17d214ef42fd9d40,warmup1000_chain3,softmax,10.0,3.0,0.01,corrected,74,clean,0.5480000000000002,0.5480000000000002,0.0,False,,,0.0,0,0,0.0,34,,0,0,942,19,961,False,False,False,389.99999999999943,400,500,3493.0000000000837,3630,5000
17d214ef42fd9d40,warmup1000_chain3,softmax,10.0,3.0,0.01,corrected,74,faa,0.5480000000000002,0.6300000000000001,0.0,True,7,2.8132444444444444,3.4662244444444448,0,0,0.0394,35,14,198,198,987,217,1006,False,False,False,393.29999999999944,403,500,3489.7000000000835,3627,5000
17d214ef42fd9d40,warmup1000_chain3,softmax,10.0,3.0,0.01,corrected,75,clean,0.5480000000000002,0.5480000000000002,0.0,False,,,0.0,0,0,0.0,30,,0,0,1269,19,1288,False,False,False,361.39999999999986,374,500,3632.70000000008,3757,5000
17d214ef42fd9d40,warmup1000_chain3,softmax,10.0,3.0,0.01,corrected,75,faa,0.5480000000000002,0.8099086172400001,0.7034841688400002,True,8,3.542126444444423,3.543280084444423,0,0,0.2654,1,15,1328,1328,,1347,,False,False,False,374.5999999999996,386,500,3742.7000000000717,3857,5000
17d214ef42fd9d40,warmup1000_chain3,softmax,10.0,3.0,0.01,corrected,76,clean,0.7829000000000002,0.7829000000000002,4.580225088091083e-13,True,0,0.0,0.0,0,0,0.2156,12,,1079,1079,2585,1098,2604,False,False,False,367.9999999999997,380,500,3592.0000000000805,3720,5000
17d214ef42fd9d40,warmup1000_chain3,softmax,10.0,3.0,0.01,corrected,76,faa,0.7829000000000002,0.7829000000000002,4.580225088091083e-13,True,0,0.0,0.0,0,0,0.2156,12,,1079,1079,2585,1098,2604,False,False,False,367.9999999999997,380,500,3592.0000000000805,3720,5000
17d214ef42fd9d40,warmup1000_chain3,softmax,10.0,3.0,0.01,corrected,77,clean,0.6200000000000001,0.6200000000000001,0.0,False,,,0.0,0,0,0.0,30,,0,756,1737,775,1756,False,False,False,367.99999999999955,380,500,3500.7000000000876,3637,5000
17d214ef42fd9d40,warmup1000_chain3,softmax,10.0,3.0,0.01,corrected,77,faa,0.6200000000000001,0.7100000000000002,0.0,True,9,2.9813333333333336,2.9813333333333336,0,0,0.151,30,8,756,757,1737,776,1756,False,False,False,365.79999999999956,378,500,3499.6000000000868,3636,5000
17d214ef42fd9d40,warmup1000_chain3,softmax,10.0,3.0,0.01,corrected,78,clean,0.7190000000000001,0.7190000000000001,6.298850330210826e-13,False,,,0.0,0,0,0.0,10,,0,0,4138,19,4157,False,False,False,378.99999999999955,390,500,3594.200000000086,3722,5000
17d214ef42fd9d40,warmup1000_chain3,softmax,10.0,3.0,0.01,corrected,78,faa,0.7190000000000001,0.8834642900000002,7.092659792817813e-13,True,6,2.0742433333333334,2.2230556444444445,0,0,0.3856,10,12,1929,1929,4138,1948,4157,False,False,False,371.29999999999967,383,500,3625.0000000000837,3750,5000
17d214ef42fd9d40,warmup1000_chain3,softmax,10.0,3.0,0.01,corrected,79,clean,0.06386650999999999,0.0006386651005756971,0.0,False,,,0.0,0,0,0.0,44,,0,0,0,19,19,False,False,False,352.5999999999998,366,500,3555.7000000000767,3687,5000
17d214ef42fd9d40,warmup1000_chain3,softmax,10.0,3.0,0.01,corrected,79,faa,0.06386650999999999,0.23586650999999992,0.0,True,16,3.766043910833333,6.407246777544536,0,0,0.0304,43,499,153,153,268,172,287,False,False,False,352.5999999999997,366,500,3560.100000000077,3691,5000
17d214ef42fd9d40,warmup1000_chain3,softmax,10.0,3.0,0.01,corrected,80,clean,0.5480000000000002,0.5480000000000002,0.0,False,,,0.0,0,0,0.0,42,,0,0,593,19,612,False,False,False,374.599999999999,386,500,3379.700000000091,3527,5000
17d214ef42fd9d40,warmup1000_chain3,softmax,10.0,3.0,0.01,corrected,80,faa,0.5480000000000002,0.7200000000000001,0.0,True,11,2.3228392119187835,4.837563103213681,0,0,0.1886,28,450,944,944,2711,963,2730,False,False,False,377.899999999999,389,500,3429.2000000000926,3572,5000
17d214ef42fd9d40,warmup1000_chain3,softmax,10.0,3.0,0.01,corrected,81,clean,0.89,0.89,0.7191872090000002,False,,,0.0,0,0,0.164,2,,0,0,,19,,False,True,True,500.0,500,500,3854.900000000082,3959,5000
17d214ef42fd9d40,warmup1000_chain3,softmax,10.0,3.0,0.01,corrected,81,faa,0.89,0.9719000000000002,0.7701627499000002,True,4,1.5344644444444446,1.5371644444444446,0,0,0.2888,2,9,1445,1445,,1464,,False,False,False,489.0,490,500,3854.900000000082,3959,5000
17d214ef42fd9d40,warmup1000_chain3,softmax,10.0,3.0,0.01,corrected,82,clean,0.7199000000000001,0.7199000000000001,0.6469379000000002,False,,,0.0,0,0,0.0,1,,0,0,,19,,False,False,False,359.1999999999993,372,500,3676.700000000073,3797,5000
17d214ef42fd9d40,warmup1000_chain3,softmax,10.0,3.0,0.01,corrected,82,faa,0.7199000000000001,0.8717678000000001,6.305159870878541e-07,True,18,9.172813444444445,9.445843444444447,0,0,0.6756,7,21,3379,3379,4694,3398,4713,False,False,False,350.3999999999994,364,500,3648.1000000000754,3771,5000
17d214ef42fd9d40,warmup1000_chain3,softmax,10.0,3.0,0.01,corrected,83,clean,0.5570000000000002,0.5480000000000002,0.0,False,,,0.0,0,0,0.0,25,,0,0,1518,19,1537,False,False,False,364.6999999999996,377,500,3520.500000000076,3655,5000
17d214ef42fd9d40,warmup1000_chain3,softmax,10.0,3.0,0.01,corrected,83,faa,0.5570000000000002,0.8082900000000002,5.479999998225793e-08,True,12,5.960955444444445,5.960955444444445,0,0,0.087,4,12,436,436,4182,455,4201,False,False,False,362.4999999999997,375,500,3628.300000000075,3753,5000
17d214ef42fd9d40,warmup1000_chain3,softmax,10.0,3.0,0.01,corrected,84,clean,0.4580000000000002,0.4580000000000002,0.0,False,,,0.0,0,0,0.0,40,,0,0,83,19,102,False,False,False,363.59999999999934,376,500,3537.0000000000787,3670,5000
17d214ef42fd9d40,warmup1000_chain3,softmax,10.0,3.0,0.01,corrected,84,faa,0.4580000000000002,0.6300000000000001,0.0,True,9,2.3563394724444446,3.1817973475304453,0,0,0.1884,24,34,943,943,1999,962,2018,False,False,False,392.19999999999925,402,500,3601.900000000079,3729,5000
17d214ef42fd9d40,warmup1000_chain3,softmax,10.0,3.0,0.01,corrected,85,clean,0.7100000000000001,0.7100000000000001,0.0,False,,,0.0,0,0,0.0,14,,0,0,3646,19,3665,False,False,False,374.59999999999985,386,500,3528.200000000082,3662,5000
17d214ef42fd9d40,warmup1000_chain3,softmax,10.0,3.0,0.01,corrected,85,faa,0.7100000000000001,0.859049,7.118750033896504e-13,True,7,2.9673133333333337,2.9673133333333337,0,0,0.2252,10,6,1127,1127,4064,1146,4083,False,False,False,489.0,490,500,3663.500000000088,3785,5000
17d214ef42fd9d40,warmup1000_chain3,softmax,10.0,3.0,0.01,corrected,86,clean,0.6200000000000001,0.5480000000000002,0.0,False,,,0.0,0,0,0.0,22,,0,0,992,19,1011,False,False,False,343.79999999999967,358,500,3578.8000000000816,3708,5000
17d214ef42fd9d40,warmup1000_chain3,softmax,10.0,3.0,0.01,corrected,86,faa,0.6200000000000001,0.6300000000000001,0.0,True,10,6.410333333333332,7.031444444378834,0,0,0.0742,22,85,372,372,992,391,1011,False,False,False,339.39999999999964,354,500,3585.4000000000815,3714,5000
17d214ef42fd9d40,warmup1000_chain3,softmax,10.0,3.0,0.01,corrected,87,clean,0.7100000000000001,0.7100000000000001,0.0,False,,,0.0,0,0,0.0,31,,0,131,1871,150,1890,False,False,False,373.4999999999997,385,500,3517.2000000000867,3652,5000
17d214ef42fd9d40,warmup1000_chain3,softmax,10.0,3.0,0.01,corrected,87,faa,0.7100000000000001,0.7200000000000001,0.0,True,13,5.2923333333333344,5.646324444444446,0,0,0.026,31,17,131,131,1871,150,1890,False,False,False,380.09999999999957,391,500,3517.2000000000867,3652,5000
17d214ef42fd9d40,warmup1000_chain3,softmax,10.0,3.0,0.01,corrected,88,clean,0.5480000000000002,0.5480000000000002,4.440892098500626e-16,False,,,0.0,0,0,0.0,11,,0,0,3124,19,3143,False,False,False,367.9999999999997,380,500,3645.9000000000738,3769,5000
17d214ef42fd9d40,warmup1000_chain3,softmax,10.0,3.0,0.01,corrected,88,faa,0.5480000000000002,0.7557868637989469,6.106226635438361e-16,True,9,3.926002714383248,4.226002714383247,0,0,0.2038,12,13,1020,1020,3498,1039,3517,False,False,False,386.69999999999965,397,500,3648.100000000074,3771,5000
17d214ef42fd9d40,warmup1000_chain3,softmax,10.0,3.0,0.01,corrected,89,clean,0.000557006389436121,5.570044425695642e-12,0.0,False,,,0.0,0,0,0.0,52,,0,0,0,19,19,False,False,False,345.9999999999994,360,500,3493.000000000081,3630,5000
17d214ef42fd9d40,warmup1000_chain3,softmax,10.0,3.0,0.01,corrected,89,faa,0.000557006389436121,0.26657370063894353,0.0,True,4,1.025174451543828,4.032614342975922,0,0,0.029,53,473,146,146,160,165,179,False,False,False,349.2999999999994,363,500,3496.300000000081,3633,5000
17d214ef42fd9d40,warmup1000_chain3,softmax,10.0,3.0,0.01,corrected,90,clean,0.7829000000000002,0.5570000000000002,0.0,False,0,0.0,0.0,0,0,0.0,40,,0,0,819,19,838,False,False,False,370.1999999999992,382,500,3374.2000000000917,3522,5000
17d214ef42fd9d40,warmup1000_chain3,softmax,10.0,3.0,0.01,corrected,90,faa,0.7829000000000002,0.6300000000000001,0.0,True,0,0.0,0.6130111111111113,0,0,0.1382,33,317,692,692,1686,711,1705,False,False,False,370.1999999999992,382,500,3388.5000000000923,3535,5000
17d214ef42fd9d40,warmup1000_chain3,softmax,10.0,3.0,0.01,corrected,91,clean,0.5570000000000002,0.0005570000150659782,0.0,False,,,0.0,0,0,0.0,25,,0,0,0,19,19,False,False,False,364.6999999999991,377,500,3584.30000000008,3713,5000
17d214ef42fd9d40,warmup1000_chain3,softmax,10.0,3.0,0.01,corrected,91,faa,0.5570000000000002,0.7290000000000001,5.570000000010289e-06,True,13,3.1863381044444443,4.424340944444445,0,0,0.4294,4,303,2148,2148,4526,2167,4545,False,False,False,371.2999999999994,383,500,3685.5000000000778,3805,5000
17d214ef42fd9d40,warmup1000_chain3,softmax,10.0,3.0,0.01,corrected,92,clean,0.5480000000000002,0.5480000000000002,0.0,False,,,0.0,0,0,0.0,25,,0,0,2003,19,2022,False,False,False,365.7999999999995,378,500,3464.4000000000847,3604,5000
17d214ef42fd9d40,warmup1000_chain3,softmax,10.0,3.0,0.01,corrected,92,faa,0.5480000000000002,0.8010000000000002,0.0006289999999999907,True,8,3.063126444444445,3.8651264440864246,0,0,0.1396,2,106,699,699,4988,718,,False,False,False,373.49999999999955,385,500,3511.7000000000853,3647,5000
17d214ef42fd9d40,warmup1000_chain3,softmax,10.0,3.0,0.01,corrected,93,clean,0.5480000000000002,0.5480000000000002,0.0,False,,,0.0,0,0,0.0,38,,0,0,937,19,956,False,False,False,378.9999999999992,390,500,3494.1000000000804,3631,5000
17d214ef42fd9d40,warmup1000_chain3,softmax,10.0,3.0,0.01,corrected,93,faa,0.5480000000000002,0.7553086200000426,0.0,True,9,3.3531264444439004,3.4531264444439005,0,0,0.1432,18,11,717,717,3393,736,3412,False,False,False,408.69999999999874,417,500,3530.400000000081,3664,5000
17d214ef42fd9d40,warmup1000_chain3,softmax,10.0,3.0,0.01,corrected,94,clean,0.8999,0.8088380000000002,0.7044290000000002,True,0,0.0,0.0,0,0,0.3796,1,,1899,1899,,1918,,False,False,False,448.2999999999991,453,500,3740.500000000075,3855,5000
17d214ef42fd9d40,warmup1000_chain3,softmax,10.0,3.0,0.01,corrected,94,faa,0.8999,0.8088380000000002,0.7044290000000002,True,0,0.0,0.0,0,0,0.3796,1,,1899,1899,,1918,,False,False,False,448.2999999999991,453,500,3740.500000000075,3855,5000
17d214ef42fd9d40,warmup1000_chain3,softmax,10.0,3.0,0.01,corrected,95,clean,0.5480000000000002,0.5480000000000002,0.0,False,,,0.0,0,0,0.0,16,,0,0,3793,19,3812,False,False,False,393.2999999999994,403,500,3516.100000000084,3651,5000
17d214ef42fd9d40,warmup1000_chain3,softmax,10.0,3.0,0.01,corrected,95,faa,0.5480000000000002,0.7200000000000001,0.0,True,8,2.0917469044444443,2.571975304444445,0,0,0.0268,17,11,135,135,3793,154,3812,False,False,False,396.59999999999934,406,500,3524.900000000084,3659,5000
17d214ef42fd9d40,warmup1000_chain3,softmax,10.0,3.0,0.01,corrected,96,clean,0.8008190000000002,0.7191062900000003,0.0,False,0,0.0,0.0,0,0,0.0,28,,0,0,791,19,810,False,False,False,373.49999999999943,385,500,3581.0000000000778,3710,5000
17d214ef42fd9d40,warmup1000_chain3,softmax,10.0,3.0,0.01,corrected,96,faa,0.8008190000000002,0.8008190000000002,0.0,True,0,0.0,0.9678563111111115,0,0,0.0662,27,464,332,332,1380,351,1399,False,False,False,373.49999999999943,385,500,3592.000000000078,3720,5000
17d214ef42fd9d40,warmup1000_chain3,softmax,10.0,3.0,0.01,corrected,97,clean,0.5570000000000002,0.5570000000000002,0.0,False,,,0.0,0,0,0.0,46,,0,0,41,19,60,False,False,False,356.99999999999915,370,500,3595.3000000000748,3723,5000
17d214ef42fd9d40,warmup1000_chain3,softmax,10.0,3.0,0.01,corrected,97,faa,0.5570000000000002,0.7290000000000001,0.6560819900000002,True,11,2.8390425044444445,3.2372709044444448,0,0,0.1972,1,13,987,987,,1006,,False,False,False,376.7999999999992,388,500,3792.2000000000653,3902,5000
17d214ef42fd9d40,warmup1000_chain3,softmax,10.0,3.0,0.01,corrected,98,clean,0.8081090000000001,0.8081090000000001,0.8081090000000001,True,0,0.0,0.0,0,0,1.0,0,,,,,,,False,False,False,376.7999999999995,388,500,3697.6000000000713,3816,5000
17d214ef42fd9d40,warmup1000_chain3,softmax,10.0,3.0,0.01,corrected,98,faa,0.8081090000000001,0.8081090000000001,0.8081090000000001,True,0,0.0,0.0,0,0,1.0,0,,,,,,,False,False,False,376.7999999999995,388,500,3697.6000000000713,3816,5000
17d214ef42fd9d40,warmup1000_chain3,softmax,10.0,3.0,0.01,corrected,99,clean,0.4580000000000002,0.4580000000000002,0.0,False,,,0.0,0,0,0.0,21,,0,0,2033,19,2052,False,False,False,373.49999999999915,385,500,3618.40000000008,3744,5000
17d214ef42fd9d40,warmup1000_chain3,softmax,10.0,3.0,0.01,corrected,99,faa,0.4580000000000002,0.6300000000000001,5.48000000000215e-06,True,7,1.8422446183802241,3.301929438379814,0,0,0.4362,5,449,2182,2182,4573,2201,4592,False,False,False,388.8999999999992,399,500,3735.0000000000746,3850,5000
17d214ef42fd9d40,warmup1000_chain3,softmax,10.0,3.0,0.01,corrected,100,clean,0.5480000000000002,0.5480000000000002,5.551115123125783e-17,False,,,0.0,0,0,0.0,15,,0,0,2774,19,2793,False,False,False,352.59999999999917,366,500,3603.0000000000746,3730,5000
17d214ef42fd9d40,warmup1000_chain3,softmax,10.0,3.0,0.01,corrected,100,faa,0.5480000000000002,0.27702,0.0,True,12,2.9200444444444438,4.761199444444444,0,0,0.012,30,370,61,61,565,80,584,False,False,False,363.5999999999992,376,500,3599.700000000075,3727,5000
17d214ef42fd9d40,warmup1000_chain3,softmax,10.0,3.0,0.01,corrected,101,clean,0.8064800000000001,0.8064800000000001,0.6299000000000002,True,0,0.0,0.0,0,0,0.0086,1,,44,44,,63,,False,False,False,350.3999999999997,364,500,3616.2000000000803,3742,5000
17d214ef42fd9d40,warmup1000_chain3,softmax,10.0,3.0,0.01,corrected,101,faa,0.8064800000000001,0.8064800000000001,0.6299000000000002,True,0,0.0,0.0,0,0,0.0086,1,,44,44,,63,,False,False,False,350.3999999999997,364,500,3616.2000000000803,3742,5000
17d214ef42fd9d40,warmup1000_chain3,softmax,10.0,3.0,0.01,corrected,102,clean,0.7111619000000002,0.7111619000000002,0.6299000000000002,False,,,0.0,0,0,0.0,0,,0,0,,19,,False,False,False,359.1999999999996,372,500,3706.4000000000697,3824,5000
17d214ef42fd9d40,warmup1000_chain3,softmax,10.0,3.0,0.01,corrected,102,faa,0.7111619000000002,0.9384217864740001,0.7817008664897002,True,9,4.7314490714444455,4.951218703907446,0,0,0.9772,0,16,4887,4887,,4906,,False,False,False,345.99999999999966,360,500,3706.4000000000697,3824,5000
17d214ef42fd9d40,warmup1000_chain3,softmax,10.0,3.0,0.01,corrected,103,clean,0.7991900000000001,0.6461090000000002,0.0,False,0,0.0,0.0,0,0,0.0,14,,0,0,3090,19,3109,False,False,False,387.79999999999944,398,500,3615.1000000000804,3741,5000
17d214ef42fd9d40,warmup1000_chain3,softmax,10.0,3.0,0.01,corrected,103,faa,0.7991900000000001,0.7290000000000001,0.6560819900000001,True,0,0.0,0.7212011111103102,0,0,0.2768,1,82,1385,1385,,1404,,False,False,False,387.79999999999944,398,500,3640.4000000000783,3764,5000
17d214ef42fd9d40,warmup1000_chain3,softmax,10.0,3.0,0.01,corrected,104,clean,0.8008190000000002,0.7192709778680002,0.0,False,,,0.0,0,0,0.0,28,,0,0,2063,19,2082,False,False,False,378.9999999999992,390,500,3475.4000000000897,3614,5000
17d214ef42fd9d40,warmup1000_chain3,softmax,10.0,3.0,0.01,corrected,104,faa,0.8008190000000002,0.9472423049000002,0.7922428802803881,True,7,2.6118370433333338,2.6118370433333338,0,0,0.226,0,6,1131,1131,,1150,,False,False,False,387.79999999999916,398,500,3631.600000000078,3756,5000
17d214ef42fd9d40,warmup1000_chain3,softmax,10.0,3.0,0.01,corrected,105,clean,0.6200000000000001,0.6200000000000001,1.5524248553333564e-12,False,,,0.0,0,0,0.0,13,,0,1414,1626,1433,1645,False,False,False,392.19999999999936,402,500,3720.7000000000794,3837,5000
17d214ef42fd9d40,warmup1000_chain3,softmax,10.0,3.0,0.01,corrected,105,faa,0.6200000000000001,0.7289810000000001,0.6379171000000002,True,8,2.5913333333333335,3.1249944444444444,0,0,0.2826,1,20,1414,1414,,1433,,False,False,False,380.09999999999945,391,500,3729.500000000079,3845,5000
17d214ef42fd9d40,warmup1000_chain3,softmax,10.0,3.0,0.01,corrected,106,clean,0.6453800000000002,0.6453800000000002,0.0,False,,,0.0,0,0,0.0,39,,0,0,591,19,610,False,False,False,372.39999999999947,384,500,3538.1000000000804,3671,5000
17d214ef42fd9d40,warmup1000_chain3,softmax,10.0,3.0,0.01,corrected,106,faa,0.6453800000000002,0.8323493760000001,0.7474167877760003,True,11,5.951031144444445,6.931550790440777,0,0,0.0144,1,136,73,73,,92,,False,False,False,362.4999999999996,375,500,3675.600000000075,3796,5000
17d214ef42fd9d40,warmup1000_chain3,softmax,10.0,3.0,0.01,corrected,107,clean,0.5480000000000002,0.5480000000000002,0.0,False,,,0.0,0,0,0.0,34,,0,0,634,19,653,False,False,False,387.7999999999993,398,500,3561.200000000083,3692,5000
17d214ef42fd9d40,warmup1000_chain3,softmax,10.0,3.0,0.01,corrected,107,faa,0.5480000000000002,0.8091000000000002,0.0072573200000000115,True,13,5.124126444444443,5.208026444444444,0,0,0.269,3,18,1346,1346,4992,1365,,False,False,False,378.9999999999996,390,500,3645.9000000000833,3769,5000
17d214ef42fd9d40,warmup1000_chain3,softmax,10.0,3.0,0.01,corrected,108,clean,0.5480000000000002,0.5480000000000002,0.0,False,,,0.0,0,0,0.0,39,,0,0,873,19,892,False,False,False,381.19999999999965,392,500,3537.000000000083,3670,5000
17d214ef42fd9d40,warmup1000_chain3,softmax,10.0,3.0,0.01,corrected,108,faa,0.5480000000000002,0.8099086172400001,0.0,True,6,2.183126444444445,3.8932007463644474,0,0,0.0342,20,42,172,172,2603,191,2622,False,False,False,358.0999999999998,371,500,3562.3000000000834,3693,5000
17d214ef42fd9d40,warmup1000_chain3,softmax,10.0,3.0,0.01,corrected,109,clean,0.6200000000000001,0.5480000000000002,0.0,False,,,0.0,0,0,0.0,23,,0,0,1612,19,1631,False,False,False,392.1999999999995,402,500,3476.500000000087,3615,5000
17d214ef42fd9d40,warmup1000_chain3,softmax,10.0,3.0,0.01,corrected,109,faa,0.6200000000000001,0.7289810000000001,0.0,True,7,2.2013333333333334,2.7379014444444447,0,0,0.1786,23,19,894,894,1844,913,1863,False,False,False,391.0999999999995,401,500,3502.900000000088,3639,5000
17d214ef42fd9d40,warmup1000_chain3,softmax,10.0,3.0,0.01,corrected,110,clean,0.7991900000000001,0.7044290000000002,5.551115123125783e-17,False,0,0.0,0.0,0,0,0.0,15,,0,0,2952,19,2971,False,False,False,370.19999999999936,382,500,3517.2000000000858,3652,5000
17d214ef42fd9d40,warmup1000_chain3,softmax,10.0,3.0,0.01,corrected,110,faa,0.7991900000000001,0.8019000000000002,0.7118819000000002,True,0,0.0,0.8022011111111114,0,0,0.2626,1,62,1314,1314,,1333,,False,False,False,370.19999999999936,382,500,3681.100000000072,3801,5000
17d214ef42fd9d40,warmup1000_chain3,softmax,10.0,3.0,0.01,corrected,111,clean,0.5570000000000002,0.5570000000000002,0.0,False,,,0.0,0,0,0.0,44,,0,0,397,19,416,False,False,False,344.9,359,500,3510.600000000083,3646,5000
17d214ef42fd9d40,warmup1000_chain3,softmax,10.0,3.0,0.01,corrected,111,faa,0.5570000000000002,0.7290000000000001,6.380901362845748e-11,True,2,1.2101111117231111,3.298811111723112,0,0,0.1182,9,299,592,592,4349,611,4368,False,False,False,359.1999999999999,372,500,3654.700000000077,3777,5000
17d214ef42fd9d40,warmup1000_chain3,softmax,10.0,3.0,0.01,corrected,112,clean,0.5480000000000002,0.5480000000000002,0.0,False,,,0.0,0,0,0.0,26,,0,0,1595,19,1614,False,False,False,354.7999999999996,368,500,3505.100000000082,3641,5000
17d214ef42fd9d40,warmup1000_chain3,softmax,10.0,3.0,0.01,corrected,112,faa,0.5480000000000002,0.7200000000000001,0.0,True,8,3.008687244444445,3.719329224444445,0,0,0.2258,18,70,1130,1130,2986,1149,3005,False,False,False,361.39999999999964,374,500,3597.5000000000814,3725,5000
17d214ef42fd9d40,warmup1000_chain3,softmax,10.0,3.0,0.01,corrected,113,clean,0.5480000000000002,0.5480000000000002,0.0,False,,,0.0,0,0,0.0,38,,0,0,347,19,366,False,False,False,381.1999999999995,392,500,3519.400000000077,3654,5000
17d214ef42fd9d40,warmup1000_chain3,softmax,10.0,3.0,0.01,corrected,113,faa,0.5480000000000002,0.8008711836498001,0.0,True,12,5.680520808344444,5.880520808344444,0,0,0.0622,31,15,312,312,1620,331,1639,False,False,False,367.99999999999955,380,500,3533.7000000000776,3667,5000
17d214ef42fd9d40,warmup1000_chain3,softmax,10.0,3.0,0.01,corrected,114,clean,0.8081090000000001,0.7263469700000001,0.7263469700000001,False,,,0.0,0,0,0.0,0,,0,0,,19,,False,False,False,359.19999999999925,372,500,3807.6000000000654,3916,5000
17d214ef42fd9d40,warmup1000_chain3,softmax,10.0,3.0,0.01,corrected,114,faa,0.8081090000000001,0.7263469700000001,0.7263469700000001,False,,,10.0,0,488,0.0,0,13,0,0,,19,,False,False,False,363.5999999999992,376,500,3807.6000000000654,3916,5000
17d214ef42fd9d40,warmup1000_chain3,softmax,10.0,3.0,0.01,corrected,115,clean,0.8000900000000002,0.8000900000000002,0.7185158000000003,True,0,0.0,0.0,0,0,0.0464,1,,233,233,,252,,False,False,False,385.5999999999998,396,500,3692.1000000000695,3811,5000
17d214ef42fd9d40,warmup1000_chain3,softmax,10.0,3.0,0.01,corrected,115,faa,0.8000900000000002,0.8000900000000002,0.7185158000000003,True,0,0.0,0.0,0,0,0.0464,1,,233,233,,252,,False,False,False,385.5999999999998,396,500,3692.1000000000695,3811,5000
17d214ef42fd9d40,warmup1000_chain3,softmax,10.0,3.0,0.01,corrected,116,clean,0.5579000000000002,0.4580000000000002,0.0,False,,,0.0,0,0,0.0,52,,0,0,11,19,30,False,False,False,367.9999999999997,380,500,3458.9000000000824,3599,5000
17d214ef42fd9d40,warmup1000_chain3,softmax,10.0,3.0,0.01,corrected,116,faa,0.5579000000000002,0.6300000000000001,0.0,True,5,2.9348283444444445,4.294828344444445,0,0,0.0814,24,428,408,408,2998,427,3017,False,False,False,371.29999999999967,383,500,3587.6000000000813,3716,5000
17d214ef42fd9d40,warmup1000_chain3,softmax,10.0,3.0,0.01,corrected,117,clean,0.6299000000000002,0.6299000000000002,0.6299000000000002,False,,,0.0,0,0,0.0,0,,0,0,,19,,False,False,False,355.8999999999993,369,500,3523.8000000000766,3658,5000
17d214ef42fd9d40,warmup1000_chain3,softmax,10.0,3.0,0.01,corrected,117,faa,0.6299000000000002,0.8755290000000002,0.7035290000000003,True,7,4.380514444444445,6.132572444444445,0,0,0.0602,0,366,302,302,,321,,False,False,False,363.5999999999993,376,500,3644.8000000000734,3768,5000
17d214ef42fd9d40,warmup1000_chain3,softmax,10.0,3.0,0.01,corrected,118,clean,0.8099818280000002,0.8099818280000002,7.265299473147024e-12,False,,,0.0,0,0,0.0,12,,0,0,3332,19,3351,False,False,False,387.79999999999933,398,500,3655.800000000077,3778,5000
17d214ef42fd9d40,warmup1000_chain3,softmax,10.0,3.0,0.01,corrected,118,faa,0.8099818280000002,0.9622968675488002,7.722489314687664e-12,True,9,4.322554500773334,4.322554500773334,0,0,0.1188,12,8,595,595,3332,614,3351,False,False,False,400.9999999999992,410,500,3655.800000000077,3778,5000
17d214ef42fd9d40,warmup1000_chain3,softmax,10.0,3.0,0.01,corrected,119,clean,0.6200000000000001,0.0006032425022000076,0.0,False,,,0.0,0,0,0.0,47,,0,0,0,19,19,False,False,False,333.8999999999995,349,500,3572.200000000084,3702,5000
17d214ef42fd9d40,warmup1000_chain3,softmax,10.0,3.0,0.01,corrected,119,faa,0.6200000000000001,0.7100000000000002,0.0,True,10,3.7793333333333337,5.302444444444445,0,0,0.2112,24,466,1057,1057,3243,1076,3262,False,False,False,347.09999999999957,361,500,3664.600000000081,3786,5000
17d214ef42fd9d40,warmup1000_chain3,softmax,10.0,3.0,0.01,corrected,120,clean,0.5480000000000002,1.2063842000364922e-06,0.0,False,,,0.0,0,0,0.0,35,,0,0,0,19,19,False,False,False,343.79999999999995,358,500,3598.600000000076,3726,5000
17d214ef42fd9d40,warmup1000_chain3,softmax,10.0,3.0,0.01,corrected,120,faa,0.5480000000000002,0.8099086172400001,0.72719766413324,True,7,3.3051264444444435,5.171279323036444,0,0,0.1046,1,258,524,524,,543,,False,False,False,342.69999999999993,357,500,3699.8000000000766,3818,5000
17d214ef42fd9d40,warmup1000_chain3,softmax,10.0,3.0,0.01,corrected,121,clean,0.4580000000000002,0.4580000000000002,0.0,False,,,0.0,0,0,0.0,36,,0,0,297,19,316,False,False,False,352.59999999999997,366,500,3548.0000000000823,3680,5000
17d214ef42fd9d40,warmup1000_chain3,softmax,10.0,3.0,0.01,corrected,121,faa,0.4580000000000002,0.6300000000000001,0.0,True,1,0.6999999999999933,1.3299999999999934,0,0,0.1448,12,19,725,725,3960,744,3979,False,False,False,363.5999999999999,376,500,3641.5000000000787,3765,5000
17d214ef42fd9d40,warmup1000_chain3,softmax,10.0,3.0,0.01,corrected,122,clean,0.5480000000000002,0.4580000000000002,0.0,False,,,0.0,0,0,0.0,34,,0,0,275,19,294,False,False,False,354.79999999999933,368,500,3563.4000000000788,3694,5000
17d214ef42fd9d40,warmup1000_chain3,softmax,10.0,3.0,0.01,corrected,122,faa,0.5480000000000002,0.8008617240085032,0.0,True,12,5.681126443900053,6.583077574899108,0,0,0.0802,21,79,402,402,2076,421,2095,False,False,False,355.89999999999947,369,500,3588.700000000079,3717,5000
17d214ef42fd9d40,warmup1000_chain3,softmax,10.0,3.0,0.01,corrected,123,clean,0.7190000000000001,0.6200000000000001,0.0,False,,,0.0,0,0,0.0,25,,0,133,1415,152,1434,False,False,False,389.99999999999915,400,500,3548.0000000000864,3680,5000
17d214ef42fd9d40,warmup1000_chain3,softmax,10.0,3.0,0.01,corrected,123,faa,0.7190000000000001,0.8963376679034001,0.8041847697978012,True,6,1.7507423333333336,2.6280395543627453,0,0,0.6242,1,50,3122,3122,,3141,,False,False,False,461.5,465,500,3706.4000000000797,3824,5000
17d214ef42fd9d40,warmup1000_chain3,softmax,10.0,3.0,0.01,corrected,124,clean,0.4580000000000002,0.4580000000000002,0.0,False,,,0.0,0,0,0.0,36,,0,0,312,19,331,False,False,False,370.1999999999995,382,500,3516.1000000000795,3651,5000
17d214ef42fd9d40,warmup1000_chain3,softmax,10.0,3.0,0.01,corrected,124,faa,0.4580000000000002,0.6300000000000001,4.579669976578771e-14,True,7,1.5724445316339044,3.2237445275248615,0,0,0.1402,13,331,702,702,3213,721,3232,False,False,False,386.6999999999996,397,500,3564.5000000000796,3695,5000
17d214ef42fd9d40,warmup1000_chain3,softmax,10.0,3.0,0.01,corrected,125,clean,0.6461090000000003,0.6461090000000003,0.0,False,,,0.0,0,0,0.0,43,,0,0,579,19,598,False,False,False,352.5999999999992,366,500,3519.400000000079,3654,5000
17d214ef42fd9d40,warmup1000_chain3,softmax,10.0,3.0,0.01,corrected,125,faa,0.6461090000000003,0.8181090000000002,7.191791900895694e-08,True,9,2.099389354780944,2.6016703228625793,0,0,0.0802,8,104,402,402,3860,421,3879,False,False,False,370.1999999999992,382,500,3574.40000000008,3704,5000
17d214ef42fd9d40,warmup1000_chain3,softmax,10.0,3.0,0.01,corrected,126,clean,0.6299000000000002,0.6299000000000002,0.0,False,,,0.0,0,0,0.0,38,,0,0,627,19,646,False,False,False,384.4999999999997,395,500,3597.5000000000764,3725,5000
17d214ef42fd9d40,warmup1000_chain3,softmax,10.0,3.0,0.01,corrected,126,faa,0.6299000000000002,0.8831938689000002,0.0,True,15,7.423124444444444,7.429878334444444,0,0,0.0742,21,22,372,372,2645,391,2664,False,False,False,371.2999999999997,383,500,3661.300000000076,3783,5000
17d214ef42fd9d40,warmup1000_chain3,softmax,10.0,3.0,0.01,corrected,127,clean,0.5480000000000002,0.5480000000000002,4.579669976578771e-14,False,,,0.0,0,0,0.0,12,,0,0,2581,19,2600,False,False,False,380.09999999999945,391,500,3677.8000000000743,3798,5000
17d214ef42fd9d40,warmup1000_chain3,softmax,10.0,3.0,0.01,corrected,127,faa,0.5480000000000002,0.7553086200000001,4.579669976578771e-14,True,9,3.353126444444445,3.453126444444445,0,0,0.2202,12,11,1102,1102,2581,1121,2600,False,False,False,381.1999999999994,392,500,3675.600000000074,3796,5000
17d214ef42fd9d40,warmup1000_chain3,softmax,10.0,3.0,0.01,corrected,128,clean,0.1199339000000007,0.007603829641438964,0.0,False,,,0.0,0,0,0.0,37,,0,0,0,19,19,False,False,False,333.8999999999995,349,500,3517.200000000088,3652,5000
17d214ef42fd9d40,warmup1000_chain3,softmax,10.0,3.0,0.01,corrected,128,faa,0.1199339000000007,0.41153867918000053,0.0,True,5,1.7724448433333344,2.5283488829254264,0,0,0.0146,33,274,74,74,853,93,872,False,False,False,341.59999999999945,356,500,3523.8000000000875,3658,5000
17d214ef42fd9d40,warmup1000_chain3,softmax,10.0,3.0,0.01,corrected,129,clean,0.5480000000000002,0.4580000000000002,0.0,False,,,0.0,0,0,0.0,40,,0,0,605,19,624,False,False,False,345.99999999999966,360,500,3450.100000000086,3591,5000
17d214ef42fd9d40,warmup1000_chain3,softmax,10.0,3.0,0.01,corrected,129,faa,0.5480000000000002,0.7553086200000001,0.6620308442000002,True,11,4.133126444444445,5.040203264444444,0,0,0.2042,1,276,1022,1022,,1041,,False,False,False,353.6999999999997,367,500,3557.900000000085,3689,5000
17d214ef42fd9d40,warmup1000_chain3,softmax,10.0,3.0,0.01,corrected,130,clean,0.8064800000000001,0.6299000000000002,0.0,False,0,0.0,0.0,0,0,0.0,28,,0,0,1914,19,1933,False,False,False,381.19999999999914,392,500,3516.100000000081,3651,5000
17d214ef42fd9d40,warmup1000_chain3,softmax,10.0,3.0,0.01,corrected,130,faa,0.8064800000000001,0.8019000000000002,0.0,True,0,0.0,1.6861011111111115,0,0,0.3218,22,383,1610,1610,3227,1629,3246,False,False,False,380.0999999999991,391,500,3577.700000000081,3707,5000
17d214ef42fd9d40,warmup1000_chain3,softmax,10.0,3.0,0.01,corrected,131,clean,0.8999,0.8999,0.7044290000000002,True,0,0.0,0.0,0,0,0.3322,2,,1662,1662,,1681,,False,False,False,500.0,500,500,3748.2000000000726,3862,5000
17d214ef42fd9d40,warmup1000_chain3,softmax,10.0,3.0,0.01,corrected,131,faa,0.8999,0.8999,0.7044290000000002,True,0,0.0,0.0,0,0,0.3322,2,,1662,1662,,1681,,False,False,False,500.0,500,500,3748.2000000000726,3862,5000
17d214ef42fd9d40,warmup1000_chain3,softmax,10.0,3.0,0.01,corrected,132,clean,0.8008190000000002,0.07207216034633901,0.0,False,,,0.0,0,0,0.0,34,,0,0,238,19,257,False,False,False,360.2999999999991,373,500,3574.4000000000738,3704,5000
17d214ef42fd9d40,warmup1000_chain3,softmax,10.0,3.0,0.01,corrected,132,faa,0.8008190000000002,0.9442026593900001,0.9442026593900001,True,11,5.890594733333334,6.045352462544446,0,0,1.0,0,19,,,,,,False,False,False,360.29999999999933,373,500,3787.8000000000666,3898,5000
17d214ef42fd9d40,warmup1000_chain3,softmax,10.0,3.0,0.01,corrected,133,clean,0.4580000000000002,0.4580000000000002,0.0,False,,,0.0,0,0,0.0,34,,0,0,700,19,719,False,False,False,345.99999999999943,360,500,3484.2000000000844,3622,5000
17d214ef42fd9d40,warmup1000_chain3,softmax,10.0,3.0,0.01,corrected,133,faa,0.4580000000000002,0.6300000000000001,0.0,True,4,1.5356584444444445,2.488638444444445,0,0,0.1574,18,14,788,788,2777,807,2796,False,False,False,372.39999999999935,384,500,3586.5000000000837,3715,5000
17d214ef42fd9d40,warmup1000_chain3,softmax,10.0,3.0,0.01,corrected,134,clean,0.7100000000000001,0.5570000000000002,0.5480000000000002,False,0,0.0,0.0,0,0,0.0,0,,0,0,,19,,False,False,False,382.29999999999967,393,500,3540.3000000000798,3673,5000
17d214ef42fd9d40,warmup1000_chain3,softmax,10.0,3.0,0.01,corrected,134,faa,0.7100000000000001,0.7100000000000001,0.6208000000000002,True,0,0.0,0.7211111111111111,0,0,0.0926,1,403,464,464,,483,,False,False,False,382.29999999999967,393,500,3543.60000000008,3676,5000
17d214ef42fd9d40,warmup1000_chain3,softmax,10.0,3.0,0.01,corrected,135,clean,0.5480000000000002,0.000653461999999938,0.0,False,,,0.0,0,0,0.0,26,,0,0,0,19,19,False,False,False,400.9999999999993,410,500,3477.6000000000827,3616,5000
17d214ef42fd9d40,warmup1000_chain3,softmax,10.0,3.0,0.01,corrected,135,faa,0.5480000000000002,0.6300000000000001,4.5800052639322075e-10,True,7,2.5731264444444446,4.219203264444445,0,0,0.2968,8,450,1485,1485,2056,1504,2075,False,False,False,398.7999999999994,408,500,3564.5000000000846,3695,5000
17d214ef42fd9d40,warmup1000_chain3,softmax,10.0,3.0,0.01,corrected,136,clean,0.7928000000000002,0.7928000000000002,7.05990821359137e-13,False,,,0.0,0,0,0.0,11,,0,0,3651,19,3670,False,False,False,356.99999999999926,370,500,3566.7000000000767,3697,5000
17d214ef42fd9d40,warmup1000_chain3,softmax,10.0,3.0,0.01,corrected,136,faa,0.7928000000000002,0.897456158,7.898681708695676e-13,True,6,2.991966444444444,3.1962596644444443,0,0,0.3688,11,14,1845,1845,3651,1864,3670,False,False,False,349.29999999999933,363,500,3566.7000000000767,3697,5000
17d214ef42fd9d40,warmup1000_chain3,softmax,10.0,3.0,0.01,corrected,137,clean,0.5480000000000002,0.5480000000000002,0.0,False,,,0.0,0,0,0.0,48,,0,0,670,19,689,False,False,False,369.0999999999996,381,500,3440.2000000000844,3582,5000
17d214ef42fd9d40,warmup1000_chain3,softmax,10.0,3.0,0.01,corrected,137,faa,0.5480000000000002,0.7200000000000001,0.6327652400000001,True,7,2.338328844444444,2.738010844444444,0,0,0.4764,0,10,2383,2383,,2402,,False,False,False,392.19999999999953,402,500,3660.2000000000744,3782,5000
17d214ef42fd9d40,warmup1000_chain3,softmax,10.0,3.0,0.01,corrected,138,clean,0.6200000000000001,0.5570000000000002,0.0,False,,,0.0,0,0,0.0,29,,0,0,1976,19,1995,False,False,False,378.99999999999955,390,500,3522.700000000083,3657,5000
17d214ef42fd9d40,warmup1000_chain3,softmax,10.0,3.0,0.01,corrected,138,faa,0.6200000000000001,0.7100000000000002,0.0,True,7,2.201333333333334,3.0144444444444454,0,0,0.0532,30,268,267,267,1976,286,1995,False,False,False,383.3999999999995,394,500,3570.000000000084,3700,5000
17d214ef42fd9d40,warmup1000_chain3,softmax,10.0,3.0,0.01,corrected,139,clean,0.7190000000000001,0.6200000000000001,0.04580000000000001,False,,,0.0,0,0,0.0,1,,0,847,4879,866,4898,False,False,False,352.59999999999974,366,500,3583.2000000000844,3712,5000
17d214ef42fd9d40,warmup1000_chain3,softmax,10.0,3.0,0.01,corrected,139,faa,0.7190000000000001,0.7271000000000001,0.04580000000000001,True,6,1.7507423326528435,1.7507423326528435,0,0,0.3784,1,5,1893,1893,4879,1912,4898,False,False,False,370.1999999999993,382,500,3603.0000000000828,3730,5000
17d214ef42fd9d40,warmup1000_chain3,softmax,10.0,3.0,0.01,corrected,140,clean,0.6470982800000002,0.6470982800000002,0.0,False,,,0.0,0,0,0.0,42,,0,0,1124,19,1143,False,False,False,373.49999999999966,385,500,3431.4000000000883,3574,5000
17d214ef42fd9d40,warmup1000_chain3,softmax,10.0,3.0,0.01,corrected,140,faa,0.6470982800000002,0.81909828,7.200794348016792e-06,True,6,1.3925536456812246,2.3813929570989893,0,0,0.1908,6,14,955,955,4927,974,4946,False,False,False,382.2999999999997,393,500,3500.700000000087,3637,5000
17d214ef42fd9d40,warmup1000_chain3,softmax,10.0,3.0,0.01,corrected,141,clean,0.8999900000000001,0.8098028000000002,0.6380900000000002,True,0,0.0,0.0,0,0,0.2272,0,,1137,1137,,1156,,False,False,False,464.7999999999993,468,500,3697.6000000000786,3816,5000
17d214ef42fd9d40,warmup1000_chain3,softmax,10.0,3.0,0.01,corrected,141,faa,0.8999900000000001,0.8098028000000002,0.6380900000000002,True,0,0.0,0.0,0,0,0.2272,0,,1137,1137,,1156,,False,False,False,464.7999999999993,468,500,3697.6000000000786,3816,5000
17d214ef42fd9d40,warmup1000_chain3,softmax,10.0,3.0,0.01,corrected,142,clean,0.6299000000000002,0.6299000000000002,0.0,False,,,0.0,0,0,0.0,18,,0,0,2923,19,2942,False,False,False,352.59999999999957,366,500,3625.000000000079,3750,5000
17d214ef42fd9d40,warmup1000_chain3,softmax,10.0,3.0,0.01,corrected,142,faa,0.6299000000000002,0.7200000000000001,0.0,True,5,3.173904444444444,3.8857963444444445,0,0,0.095,18,12,476,476,2923,495,2942,False,False,False,345.99999999999955,360,500,3625.000000000079,3750,5000
17d214ef42fd9d40,warmup1000_chain3,softmax,10.0,3.0,0.01,corrected,143,clean,0.8099818280000002,0.7289584069400002,7.285004266499584e-10,False,,,0.0,0,0,0.0,8,,0,0,4323,19,4342,False,False,False,365.7999999999994,378,500,3698.70000000007,3817,5000
17d214ef42fd9d40,warmup1000_chain3,softmax,10.0,3.0,0.01,corrected,143,faa,0.8099818280000002,0.8837834634800001,0.7797717175562002,True,6,2.357115806584445,3.3969072492764454,0,0,0.6812,0,430,3407,3407,,3426,,False,False,False,363.59999999999934,376,500,3754.800000000065,3868,5000
17d214ef42fd9d40,warmup1000_chain3,softmax,10.0,3.0,0.01,corrected,144,clean,0.5480000000000002,0.5480000000000002,0.0,False,,,0.0,0,0,0.0,27,,0,0,1631,19,1650,False,False,False,374.59999999999945,386,500,3513.900000000089,3649,5000
17d214ef42fd9d40,warmup1000_chain3,softmax,10.0,3.0,0.01,corrected,144,faa,0.5480000000000002,0.7553086200000001,0.0,True,20,9.380126444444443,9.380126444444443,0,0,0.006,27,20,31,31,1631,50,1650,False,False,False,365.7999999999995,378,500,3511.7000000000894,3647,5000
17d214ef42fd9d40,warmup1000_chain3,softmax,10.0,3.0,0.01,corrected,145,clean,0.5570000000000002,0.5570000000000002,0.0,False,,,0.0,0,0,0.0,30,,0,0,1708,19,1727,False,False,False,363.5999999999995,376,500,3548.0000000000864,3680,5000
17d214ef42fd9d40,warmup1000_chain3,softmax,10.0,3.0,0.01,corrected,145,faa,0.5570000000000002,0.8087535092070002,0.0,True,9,3.9528310344444444,4.119512953968444,0,0,0.2978,26,18,1490,1490,2331,1509,2350,False,False,False,367.9999999999994,380,500,3566.700000000085,3697,5000
17d214ef42fd9d40,warmup1000_chain3,softmax,10.0,3.0,0.01,corrected,146,clean,0.6389090000000002,0.6389090000000002,5.551115123125783e-17,False,,,0.0,0,0,0.0,14,,0,0,3016,19,3035,False,False,False,359.1999999999994,372,500,3545.800000000077,3678,5000
17d214ef42fd9d40,warmup1000_chain3,softmax,10.0,3.0,0.01,corrected,146,faa,0.6389090000000002,0.8109090000000001,0.8109090000000001,True,8,1.7686775644444483,3.9627889554444473,0,0,1.0,0,247,,,,,,False,False,False,369.09999999999945,381,500,3746.0000000000696,3860,5000
17d214ef42fd9d40,warmup1000_chain3,softmax,10.0,3.0,0.01,corrected,147,clean,0.7928000000000002,0.7829000000000002,5.48000000000215e-06,True,0,0.0,0.0,0,0,0.1682,6,,842,842,4449,861,4468,False,False,False,484.5999999999997,486,500,3561.2000000000835,3692,5000
17d214ef42fd9d40,warmup1000_chain3,softmax,10.0,3.0,0.01,corrected,147,faa,0.7928000000000002,0.7829000000000002,5.48000000000215e-06,True,0,0.0,0.0,0,0,0.1682,6,,842,842,4449,861,4468,False,False,False,484.5999999999997,486,500,3561.2000000000835,3692,5000
17d214ef42fd9d40,warmup1000_chain3,softmax,10.0,3.0,0.01,corrected,148,clean,0.7190000000000001,0.7190000000000001,0.5480000000000002,True,0,0.0,0.0,0,0,0.1222,0,,612,612,,631,,False,False,False,376.7999999999996,388,500,3697.6000000000677,3816,5000
17d214ef42fd9d40,warmup1000_chain3,softmax,10.0,3.0,0.01,corrected,148,faa,0.7190000000000001,0.7190000000000001,0.5480000000000002,True,0,0.0,0.0,0,0,0.1222,0,,612,612,,631,,False,False,False,376.7999999999996,388,500,3697.6000000000677,3816,5000
17d214ef42fd9d40,warmup1000_chain3,softmax,10.0,3.0,0.01,corrected,149,clean,0.8001800000000001,0.8001800000000001,7.216449660063518e-16,False,,,0.0,0,0,0.0,15,,0,0,3657,19,3676,False,False,False,361.39999999999924,374,500,3592.000000000083,3720,5000
17d214ef42fd9d40,warmup1000_chain3,softmax,10.0,3.0,0.01,corrected,149,faa,0.8001800000000001,0.8846109000000002,0.7959852710900002,True,8,5.165188444444445,5.165188444444445,0,0,0.1482,1,8,742,742,,761,,False,False,False,354.7999999999993,368,500,3687.7000000000753,3807,5000
17d214ef42fd9d40,warmup1000_chain3,softmax,10.0,3.0,0.01,corrected,150,clean,0.059827248799999955,0.005982724885027213,0.0,False,,,0.0,0,0,0.0,51,,0,0,0,19,19,False,False,False,372.39999999999964,384,500,3512.800000000085,3648,5000
17d214ef42fd9d40,warmup1000_chain3,softmax,10.0,3.0,0.01,corrected,150,faa,0.059827248799999955,0.33026071302418386,0.0,True,6,0.821486045173333,2.8034778592838694,0,0,0.0672,46,250,337,337,713,356,732,False,False,False,375.6999999999996,387,500,3531.5000000000864,3665,5000
17d214ef42fd9d40,warmup1000_chain3,softmax,10.0,3.0,0.01,corrected,151,clean,0.4580000000000002,0.00045800000557438825,0.0,False,,,0.0,0,0,0.0,32,,0,0,0,19,19,False,False,False,358.0999999999992,371,500,3609.6000000000804,3736,5000
17d214ef42fd9d40,warmup1000_chain3,softmax,10.0,3.0,0.01,corrected,151,faa,0.4580000000000002,0.6300000000000001,0.4580000000000002,True,6,1.1825026903644447,2.233799937264445,0,0,0.313,0,383,1566,1566,,1585,,False,False,False,366.8999999999991,379,500,3735.0000000000746,3850,5000
17d214ef42fd9d40,warmup1000_chain3,softmax,10.0,3.0,0.01,corrected,152,clean,0.8073800000000001,0.8000900000000002,5.551115123125783e-17,False,,,0.0,0,0,0.0,15,,0,0,3314,19,3333,False,False,False,394.3999999999997,404,500,3649.2000000000753,3772,5000
17d214ef42fd9d40,warmup1000_chain3,softmax,10.0,3.0,0.01,corrected,152,faa,0.8073800000000001,1.07654697,0.9442025864900001,True,8,4.478842133333334,4.556009667954445,0,0,1.0,0,16,,,,,,False,False,False,481.3,483,500,4243.20000000004,4312,5000
17d214ef42fd9d40,warmup1000_chain3,softmax,10.0,3.0,0.01,corrected,153,clean,0.5480000000000002,0.5480000000000002,0.0,False,,,0.0,0,0,0.0,27,,0,0,1254,19,1273,False,False,False,374.5999999999995,386,500,3436.90000000009,3579,5000
17d214ef42fd9d40,warmup1000_chain3,softmax,10.0,3.0,0.01,corrected,153,faa,0.5480000000000002,0.7553086242515281,0.6620308480688907,True,11,4.7121263900052455,5.3310600290604615,0,0,0.17,1,32,851,851,,870,,False,False,False,374.5999999999995,386,500,3472.1000000000904,3611,5000
17d214ef42fd9d40,warmup1000_chain3,softmax,10.0,3.0,0.01,corrected,154,clean,0.5480000000000002,0.4580000000000002,0.0,False,,,0.0,0,0,0.0,32,,0,0,461,19,480,False,False,False,328.39999999999947,344,500,3622.800000000072,3748,5000
17d214ef42fd9d40,warmup1000_chain3,softmax,10.0,3.0,0.01,corrected,154,faa,0.5480000000000002,0.4580000000000002,0.0,False,,,10.0,0,481,0.0,32,20,0,0,461,19,480,False,False,False,326.19999999999965,342,500,3622.800000000072,3748,5000
17d214ef42fd9d40,warmup1000_chain3,softmax,10.0,3.0,0.01,corrected,155,clean,0.4580000000000002,0.4580000000000002,0.0,False,,,0.0,0,0,0.0,33,,0,0,452,19,471,False,False,False,372.3999999999992,384,500,3485.3000000000816,3623,5000
17d214ef42fd9d40,warmup1000_chain3,softmax,10.0,3.0,0.01,corrected,155,faa,0.4580000000000002,0.6300000000000001,0.0,True,9,1.9063045772244438,3.3662736690979154,0,0,0.0386,33,218,194,194,452,213,471,False,False,False,383.39999999999935,394,500,3491.9000000000824,3629,5000
17d214ef42fd9d40,warmup1000_chain3,softmax,10.0,3.0,0.01,corrected,156,clean,0.7928000000000002,0.7928000000000002,0.7126109000000003,True,0,0.0,0.0,0,0,0.0344,1,,173,173,,192,,False,False,False,389.9999999999993,400,500,3669.000000000076,3790,5000
17d214ef42fd9d40,warmup1000_chain3,softmax,10.0,3.0,0.01,corrected,156,faa,0.7928000000000002,0.7928000000000002,0.7126109000000003,True,0,0.0,0.0,0,0,0.0344,1,,173,173,,192,,False,False,False,389.9999999999993,400,500,3669.000000000076,3790,5000
17d214ef42fd9d40,warmup1000_chain3,softmax,10.0,3.0,0.01,corrected,157,clean,0.7829000000000002,0.6299000000000002,0.006298999999999999,False,0,0.0,0.0,0,0,0.0,2,,0,0,4846,19,4865,False,False,False,383.3999999999994,394,500,3620.600000000075,3746,5000
17d214ef42fd9d40,warmup1000_chain3,softmax,10.0,3.0,0.01,corrected,157,faa,0.7829000000000002,0.7829000000000002,0.0061089999999999756,True,0,0.0,0.8040111111111112,0,0,0.0596,2,449,299,299,4846,318,4865,False,False,False,383.3999999999994,394,500,3750.4000000000697,3864,5000
17d214ef42fd9d40,warmup1000_chain3,softmax,10.0,3.0,0.01,corrected,158,clean,0.6308000000000002,0.5480000000000002,0.0,False,,,0.0,0,0,0.0,23,,0,0,791,19,810,False,False,False,376.79999999999967,388,500,3571.1000000000754,3701,5000
17d214ef42fd9d40,warmup1000_chain3,softmax,10.0,3.0,0.01,corrected,158,faa,0.6308000000000002,0.8019000000000002,0.704821319000006,True,7,5.4321973444383875,6.231566473438335,0,0,0.8122,0,158,4062,4062,,4081,,False,False,False,375.6999999999997,387,500,3750.4000000000697,3864,5000
17d214ef42fd9d40,warmup1000_chain3,softmax,10.0,3.0,0.01,corrected,159,clean,0.5570000000000002,0.001665709999999987,0.0,False,,,0.0,0,0,0.0,41,,0,0,0,19,19,False,False,False,362.49999999999943,375,500,3524.900000000086,3659,5000
17d214ef42fd9d40,warmup1000_chain3,softmax,10.0,3.0,0.01,corrected,159,faa,0.5570000000000002,0.7200000000000002,0.6461900000000003,True,7,2.5828554444444447,3.6736630664444454,0,0,0.4678,1,25,2340,2340,,2359,,False,False,False,378.9999999999996,390,500,3677.800000000079,3798,5000
17d214ef42fd9d40,warmup1000_chain3,softmax,10.0,3.0,0.01,corrected,160,clean,0.7069507280000003,0.7069507280000003,0.7069507280000003,False,,,0.0,0,0,0.0,0,,0,0,,19,,False,False,False,341.5999999999996,356,500,3561.200000000083,3692,5000
17d214ef42fd9d40,warmup1000_chain3,softmax,10.0,3.0,0.01,corrected,160,faa,0.7069507280000003,0.9522994339800002,0.7069507280000003,True,10,5.1915170104444455,5.266621937644445,0,0,0.5404,0,12,2703,2703,,2722,,False,False,False,344.8999999999996,359,500,3611.800000000079,3738,5000
17d214ef42fd9d40,warmup1000_chain3,softmax,10.0,3.0,0.01,corrected,161,clean,0.5480000000000002,0.5480000000000002,0.0,False,,,0.0,0,0,0.0,33,,0,0,1118,19,1137,False,False,False,356.9999999999993,370,500,3529.3000000000784,3663,5000
17d214ef42fd9d40,warmup1000_chain3,softmax,10.0,3.0,0.01,corrected,161,faa,0.5480000000000002,0.7200000000000001,0.0,True,9,2.452930425444444,3.6752074142444444,0,0,0.0264,33,393,133,133,1118,152,1137,False,False,False,391.0999999999989,401,500,3555.700000000079,3687,5000
17d214ef42fd9d40,warmup1000_chain3,softmax,10.0,3.0,0.01,corrected,162,clean,0.6299000000000002,0.6299000000000002,0.0,False,,,0.0,0,0,0.0,19,,0,0,2776,19,2795,False,False,False,367.99999999999955,380,500,3597.500000000078,3725,5000
17d214ef42fd9d40,warmup1000_chain3,softmax,10.0,3.0,0.01,corrected,162,faa,0.6299000000000002,0.8755290000000002,0.0,True,14,7.113124444444446,7.195934444444446,0,0,0.0354,20,16,178,178,2776,197,2795,False,False,False,364.6999999999997,377,500,3649.200000000078,3772,5000
17d214ef42fd9d40,warmup1000_chain3,softmax,10.0,3.0,0.01,corrected,163,clean,0.7100000000000001,0.6299000000000002,0.0,False,,,0.0,0,0,0.0,45,,0,0,1258,19,1277,False,False,False,359.1999999999997,372,500,3308.2000000000935,3462,5000
17d214ef42fd9d40,warmup1000_chain3,softmax,10.0,3.0,0.01,corrected,163,faa,0.7100000000000001,0.7290000000000001,0.0,True,11,4.824333333333333,5.5445344444444435,0,0,0.0966,21,133,484,484,3032,503,3051,False,False,False,352.5999999999998,366,500,3441.3000000000907,3583,5000
17d214ef42fd9d40,warmup1000_chain3,softmax,10.0,3.0,0.01,corrected,164,clean,0.7919000000000002,0.7100000000000001,6.328271240363392e-15,True,0,0.0,0.0,0,0,0.366,9,,1831,1832,4171,1851,4190,False,False,False,398.79999999999967,408,500,3739.400000000075,3854,5000
17d214ef42fd9d40,warmup1000_chain3,softmax,10.0,3.0,0.01,corrected,164,faa,0.7919000000000002,0.7100000000000001,6.328271240363392e-15,True,0,0.0,0.0,0,0,0.366,9,,1831,1832,4171,1851,4190,False,False,False,398.79999999999967,408,500,3739.400000000075,3854,5000
17d214ef42fd9d40,warmup1000_chain3,softmax,10.0,3.0,0.01,corrected,165,clean,0.7100000000000001,0.6299000000000002,0.0,False,0,0.0,0.0,0,0,0.0,31,,0,0,1314,19,1333,False,False,False,363.5999999999997,376,500,3526.0000000000837,3660,5000
17d214ef42fd9d40,warmup1000_chain3,softmax,10.0,3.0,0.01,corrected,165,faa,0.7100000000000001,0.7100000000000001,0.0,True,0,0.0,1.7991111111111113,0,0,0.1822,17,396,912,912,2417,931,2436,False,False,False,360.2999999999996,373,500,3611.8000000000834,3738,5000
17d214ef42fd9d40,warmup1000_chain3,softmax,10.0,3.0,0.01,corrected,166,clean,0.5480000000000002,0.5480000000000002,0.054800000000000015,False,,,0.0,0,0,0.0,1,,0,0,,19,,False,False,False,364.6999999999995,377,500,3561.200000000083,3692,5000
17d214ef42fd9d40,warmup1000_chain3,softmax,10.0,3.0,0.01,corrected,166,faa,0.5480000000000002,0.8099100000000001,0.6379100000000002,True,7,2.6731264444444447,4.128825444444445,0,0,0.014,0,310,71,71,,90,,False,False,False,364.6999999999996,377,500,3567.800000000083,3698,5000
17d214ef42fd9d40,warmup1000_chain3,softmax,10.0,3.0,0.01,corrected,167,clean,0.4580000000000002,0.4580000000000002,0.0,False,,,0.0,0,0,0.0,40,,0,0,45,19,64,False,False,False,358.0999999999992,371,500,3477.600000000082,3616,5000
17d214ef42fd9d40,warmup1000_chain3,softmax,10.0,3.0,0.01,corrected,167,faa,0.4580000000000002,0.6300000000000001,4.580225088091083e-13,True,4,1.5334444505823632,3.093444450582364,0,0,0.0604,12,367,303,303,3754,322,3773,False,False,False,385.5999999999992,396,500,3516.100000000082,3651,5000
17d214ef42fd9d40,warmup1000_chain3,softmax,10.0,3.0,0.01,corrected,168,clean,0.6476570000000001,0.6476570000000001,6.308842337432452e-13,False,,,0.0,0,0,0.0,8,,0,0,4132,19,4151,False,False,False,366.8999999999997,379,500,3663.5000000000737,3785,5000
17d214ef42fd9d40,warmup1000_chain3,softmax,10.0,3.0,0.01,corrected,168,faa,0.6476570000000001,0.8874934146000002,0.7961766867260003,True,7,2.9482859044444445,3.3618409044444455,0,0,0.3832,1,13,1917,1917,,1936,,False,False,False,370.1999999999997,382,500,3706.4000000000697,3824,5000
17d214ef42fd9d40,warmup1000_chain3,softmax,10.0,3.0,0.01,corrected,169,clean,0.6200000000000001,0.6200000000000001,5.4789506265251475e-14,False,,,0.0,0,0,0.0,11,,0,219,4287,238,4306,False,False,False,381.1999999999997,392,500,3574.4000000000806,3704,5000
17d214ef42fd9d40,warmup1000_chain3,softmax,10.0,3.0,0.01,corrected,169,faa,0.6200000000000001,0.7271000000000001,6.206146707654625e-14,True,9,3.0924444444444448,3.5894444444444447,0,0,0.0436,11,17,219,219,4287,238,4306,False,False,False,375.69999999999976,387,500,3587.6000000000795,3716,5000
17d214ef42fd9d40,warmup1000_chain3,softmax,10.0,3.0,0.01,corrected,170,clean,0.6299000000000002,0.6299000000000002,5.551115123125783e-17,False,,,0.0,0,0,0.0,15,,0,0,2188,19,2207,False,False,False,365.7999999999994,378,500,3598.600000000082,3726,5000
17d214ef42fd9d40,warmup1000_chain3,softmax,10.0,3.0,0.01,corrected,170,faa,0.6299000000000002,0.8164800000000002,0.7346606480000003,True,11,4.923831034444445,5.889731034444446,0,0,0.4374,1,411,2188,2188,,2207,,False,False,False,352.59999999999945,366,500,3676.7000000000808,3797,5000
17d214ef42fd9d40,warmup1000_chain3,softmax,10.0,3.0,0.01,corrected,171,clean,0.8008190000000002,0.7205093090000002,0.0,False,,,0.0,0,0,0.0,21,,0,0,2192,19,2211,False,False,False,353.6999999999996,367,500,3509.5000000000787,3645,5000
17d214ef42fd9d40,warmup1000_chain3,softmax,10.0,3.0,0.01,corrected,171,faa,0.8008190000000002,0.8975142090000001,0.8975142090000001,True,8,2.9553906444444444,3.251206968444445,0,0,1.0,0,13,,,,,,False,False,False,365.7999999999997,378,500,3717.4000000000688,3834,5000
17d214ef42fd9d40,warmup1000_chain3,softmax,10.0,3.0,0.01,corrected,172,clean,0.8008190000000002,0.8008190000000002,0.7196967800000003,False,,,0.0,0,0,0.0,0,,0,0,,19,,False,False,False,367.9999999999995,380,500,3710.800000000068,3828,5000
17d214ef42fd9d40,warmup1000_chain3,softmax,10.0,3.0,0.01,corrected,172,faa,0.8008190000000002,0.9537376949000003,0.8255096315900003,True,10,4.676642453333334,4.702498274444445,0,0,0.4536,0,12,2269,2269,,2288,,False,False,False,377.89999999999947,389,500,3710.800000000068,3828,5000
17d214ef42fd9d40,warmup1000_chain3,softmax,10.0,3.0,0.01,corrected,173,clean,0.8008190000000002,0.8008190000000002,0.7044290000000002,False,,,0.0,0,0,0.0,0,,0,0,,19,,False,False,False,385.59999999999934,396,500,3691.000000000076,3810,5000
17d214ef42fd9d40,warmup1000_chain3,softmax,10.0,3.0,0.01,corrected,173,faa,0.8008190000000002,0.9505551329000002,0.8253837503900002,True,11,5.0494526931315535,5.067853804242665,0,0,0.7322,0,13,3662,3662,,3681,,False,False,False,373.4999999999993,385,500,3746.000000000072,3860,5000
17d214ef42fd9d40,warmup1000_chain3,softmax,10.0,3.0,0.01,corrected,174,clean,0.7829000000000002,0.7829000000000002,0.0005479999999999929,True,0,0.0,0.0,0,0,0.2848,3,,1425,1425,4943,1444,4962,False,False,False,352.59999999999957,366,500,3640.400000000084,3764,5000
17d214ef42fd9d40,warmup1000_chain3,softmax,10.0,3.0,0.01,corrected,174,faa,0.7829000000000002,0.7829000000000002,0.0005479999999999929,True,0,0.0,0.0,0,0,0.2848,3,,1425,1425,4943,1444,4962,False,False,False,352.59999999999957,366,500,3640.400000000084,3764,5000
17d214ef42fd9d40,warmup1000_chain3,softmax,10.0,3.0,0.01,corrected,175,clean,0.054800000001223925,5.479999999891128e-07,0.0,False,,,0.0,0,0,0.0,44,,0,0,0,19,19,False,False,False,327.3,343,500,3574.4000000000765,3704,5000
17d214ef42fd9d40,warmup1000_chain3,softmax,10.0,3.0,0.01,corrected,175,faa,0.054800000001223925,0.3085946100000001,0.0,True,21,4.988644444444598,7.254909218444597,0,0,0.0302,42,307,152,152,668,171,687,False,False,False,333.89999999999986,349,500,3578.800000000076,3708,5000
17d214ef42fd9d40,warmup1000_chain3,softmax,10.0,3.0,0.01,corrected,176,clean,0.8008190000000002,0.8008190000000002,0.7207354691900003,True,0,0.0,0.0,0,0,0.0966,1,,484,484,,503,,False,False,False,363.5999999999997,376,500,3692.100000000075,3811,5000
17d214ef42fd9d40,warmup1000_chain3,softmax,10.0,3.0,0.01,corrected,176,faa,0.8008190000000002,0.8008190000000002,0.7207354691900003,True,0,0.0,0.0,0,0,0.0966,1,,484,484,,503,,False,False,False,363.5999999999997,376,500,3692.100000000075,3811,5000
17d214ef42fd9d40,warmup1000_chain3,softmax,10.0,3.0,0.01,corrected,177,clean,0.6469280000000002,0.6453800000000002,0.0,False,,,0.0,0,0,0.0,31,,0,0,1609,19,1628,False,False,False,326.19999999999925,342,500,3575.5000000000855,3705,5000
17d214ef42fd9d40,warmup1000_chain3,softmax,10.0,3.0,0.01,corrected,177,faa,0.6469280000000002,0.8908696800000001,6.453781953297266e-12,True,9,3.7429854144444445,3.8242474144444447,0,0,0.2654,11,11,1328,1328,4268,1347,4287,False,False,False,353.69999999999936,367,500,3670.1000000000827,3791,5000
17d214ef42fd9d40,warmup1000_chain3,softmax,10.0,3.0,0.01,corrected,178,clean,0.7177301900000002,0.7177301900000002,0.7177301900000002,False,,,0.0,0,0,0.0,0,,0,0,,19,,False,False,False,378.99999999999966,390,500,3618.400000000081,3744,5000
17d214ef42fd9d40,warmup1000_chain3,softmax,10.0,3.0,0.01,corrected,178,faa,0.7177301900000002,0.9435585780000002,0.7843544729000003,True,7,3.144518152444384,3.588680038444383,0,0,0.2198,1,14,1100,1100,,1119,,False,False,False,389.99999999999955,400,500,3648.100000000079,3771,5000
17d214ef42fd9d40,warmup1000_chain3,softmax,10.0,3.0,0.01,corrected,179,clean,0.7829000000000002,0.7829000000000002,0.5480000000000002,True,0,0.0,0.0,0,0,0.009,1,,46,46,,65,,False,False,False,396.5999999999997,406,500,3672.300000000074,3793,5000
17d214ef42fd9d40,warmup1000_chain3,softmax,10.0,3.0,0.01,corrected,179,faa,0.7829000000000002,0.7829000000000002,0.5480000000000002,True,0,0.0,0.0,0,0,0.009,1,,46,46,,65,,False,False,False,396.5999999999997,406,500,3672.300000000074,3793,5000
17d214ef42fd9d40,warmup1000_chain3,softmax,10.0,3.0,0.01,corrected,180,clean,0.8009909000000002,0.8009909000000002,0.7208762480900002,False,,,0.0,0,0,0.0,1,,0,0,,19,,False,False,False,392.19999999999976,402,500,3801.000000000066,3910,5000
17d214ef42fd9d40,warmup1000_chain3,softmax,10.0,3.0,0.01,corrected,180,faa,0.8009909000000002,0.9407952647000002,0.7870899337190003,True,6,2.239730656333334,2.239730656333334,0,0,0.198,1,5,991,991,,1010,,False,False,False,392.19999999999976,402,500,3801.000000000066,3910,5000
17d214ef42fd9d40,warmup1000_chain3,softmax,10.0,3.0,0.01,corrected,181,clean,0.7135092800000002,0.7135092800000002,7.135092799925857e-07,False,,,0.0,0,0,0.0,6,,0,0,4741,19,4760,False,False,False,381.19999999999914,392,500,3442.400000000081,3584,5000
17d214ef42fd9d40,warmup1000_chain3,softmax,10.0,3.0,0.01,corrected,181,faa,0.7135092800000002,0.8855092800000001,0.7135092800000001,True,6,1.4713333583204444,3.5086278375387145,0,0,0.2556,0,487,1279,1279,,1298,,False,False,False,383.3999999999992,394,500,3627.200000000076,3752,5000
17d214ef42fd9d40,warmup1000_chain3,softmax,10.0,3.0,0.01,corrected,182,clean,0.8073800000000001,0.8073800000000001,0.0,True,0,0.0,0.0,0,0,0.2302,17,,1152,1152,2802,1171,2821,False,False,False,500.0,500,500,3801.00000000009,3910,5000
17d214ef42fd9d40,warmup1000_chain3,softmax,10.0,3.0,0.01,corrected,182,faa,0.8073800000000001,0.8073800000000001,0.0,True,0,0.0,0.0,0,0,0.2302,17,,1152,1152,2802,1171,2821,False,False,False,500.0,500,500,3801.00000000009,3910,5000
17d214ef42fd9d40,warmup1000_chain3,softmax,10.0,3.0,0.01,corrected,183,clean,0.7928000000000002,0.7829000000000002,0.0,True,0,0.0,0.0,0,0,0.0158,41,,80,80,371,99,390,False,False,False,433.99999999999875,440,500,3490.8000000000848,3628,5000
17d214ef42fd9d40,warmup1000_chain3,softmax,10.0,3.0,0.01,corrected,183,faa,0.7928000000000002,0.7829000000000002,0.0,True,0,0.0,0.0,0,0,0.0158,41,,80,80,371,99,390,False,False,False,433.99999999999875,440,500,3490.8000000000848,3628,5000
17d214ef42fd9d40,warmup1000_chain3,softmax,10.0,3.0,0.01,corrected,184,clean,0.7045280000000002,0.7045280000000002,0.0,False,,,0.0,0,0,0.0,15,,0,0,1997,19,2016,False,False,False,363.59999999999997,376,500,3550.2000000000803,3682,5000
17d214ef42fd9d40,warmup1000_chain3,softmax,10.0,3.0,0.01,corrected,184,faa,0.7045280000000002,0.9508433343327138,0.8354474443679678,True,14,8.408839233934447,8.580946231924248,0,0,0.132,0,23,661,661,,680,,False,False,False,348.2000000000001,362,500,3686.600000000073,3806,5000
17d214ef42fd9d40,warmup1000_chain3,softmax,10.0,3.0,0.01,corrected,185,clean,0.8009090000000001,0.8009090000000001,0.7191791900000002,True,0,0.0,0.0,0,0,0.134,1,,671,671,,690,,False,False,False,376.79999999999933,388,500,3673.4000000000797,3794,5000
17d214ef42fd9d40,warmup1000_chain3,softmax,10.0,3.0,0.01,corrected,185,faa,0.8009090000000001,0.8009090000000001,0.7191791900000002,True,0,0.0,0.0,0,0,0.134,1,,671,671,,690,,False,False,False,376.79999999999933,388,500,3673.4000000000797,3794,5000
17d214ef42fd9d40,warmup1000_chain3,softmax,10.0,3.0,0.01,corrected,186,clean,0.8081090000000001,0.8081090000000001,0.0,False,,,0.0,0,0,0.0,19,,0,0,2609,19,2628,False,False,False,416.3999999999991,424,500,3616.2000000000767,3742,5000
17d214ef42fd9d40,warmup1000_chain3,softmax,10.0,3.0,0.01,corrected,186,faa,0.8081090000000001,0.8904673800000001,8.014190024674406e-05,True,6,5.620609844444445,6.7326626963112455,0,0,0.099,5,28,496,496,4332,515,4351,False,False,False,403.1999999999993,412,500,3630.5000000000755,3755,5000
17d214ef42fd9d40,warmup1000_chain3,softmax,10.0,3.0,0.01,corrected,187,clean,0.4580000000000002,0.4580000000000002,0.0,False,,,0.0,0,0,0.0,33,,0,0,448,19,467,False,False,False,321.80000000000035,338,500,3513.90000000008,3649,5000
17d214ef42fd9d40,warmup1000_chain3,softmax,10.0,3.0,0.01,corrected,187,faa,0.4580000000000002,0.6300000000000001,0.0,True,6,1.211746904464067,1.5109753044546195,0,0,0.084,25,8,421,421,1770,440,1789,False,False,False,337.20000000000016,352,500,3551.300000000081,3683,5000
17d214ef42fd9d40,warmup1000_chain3,softmax,10.0,3.0,0.01,corrected,188,clean,0.6200000000000001,0.050822000000000034,0.0,False,,,0.0,0,0,0.0,43,,0,0,184,19,203,False,False,False,353.69999999999936,367,500,3489.7000000000844,3627,5000
17d214ef42fd9d40,warmup1000_chain3,softmax,10.0,3.0,0.01,corrected,188,faa,0.6200000000000001,0.6300000000000001,0.0,True,6,2.5523333333333333,4.6334437227344445,0,0,0.1338,29,390,670,670,1951,689,1970,False,False,False,352.59999999999945,366,500,3540.3000000000857,3673,5000
17d214ef42fd9d40,warmup1000_chain3,softmax,10.0,3.0,0.01,corrected,189,clean,0.5480000000000002,0.4580000000000002,0.0,False,,,0.0,0,0,0.0,27,,0,0,1447,19,1466,False,False,False,354.79999999999933,368,500,3522.7000000000726,3657,5000
17d214ef42fd9d40,warmup1000_chain3,softmax,10.0,3.0,0.01,corrected,189,faa,0.5480000000000002,0.7200000000000001,5.495603971894525e-15,True,7,5.024126444444444,6.560203264444444,0,0,0.2116,12,476,1059,1059,3559,1078,3578,False,False,False,354.7999999999994,368,500,3598.6000000000777,3726,5000
17d214ef42fd9d40,warmup1000_chain3,softmax,10.0,3.0,0.01,corrected,190,clean,0.5480000000000002,0.5480000000000002,5.4800053383985414e-12,False,,,0.0,0,0,0.0,11,,0,0,4030,19,4049,False,False,False,342.69999999999925,357,500,3551.3000000000834,3683,5000
17d214ef42fd9d40,warmup1000_chain3,softmax,10.0,3.0,0.01,corrected,190,faa,0.5480000000000002,0.8010000000000002,6.290024057165056e-12,True,7,3.984126444444445,5.048906444444447,0,0,0.1874,11,25,938,938,4030,957,4049,False,False,False,353.69999999999936,367,500,3610.7000000000844,3737,5000
17d214ef42fd9d40,warmup1000_chain3,softmax,10.0,3.0,0.01,corrected,191,clean,0.6200000000000001,0.6200000000000001,0.0,False,,,0.0,0,0,0.0,40,,0,145,956,164,975,False,False,False,381.1999999999991,392,500,3527.100000000089,3661,5000
17d214ef42fd9d40,warmup1000_chain3,softmax,10.0,3.0,0.01,corrected,191,faa,0.6200000000000001,0.7288100000000002,0.0,True,6,1.9224444444444448,2.015444444444445,0,0,0.0288,40,10,145,145,957,164,976,False,False,False,371.2999999999991,383,500,3527.100000000089,3661,5000
17d214ef42fd9d40,warmup1000_chain3,softmax,10.0,3.0,0.01,corrected,192,clean,0.8081990000000001,0.8081990000000001,0.0,False,,,0.0,0,0,0.0,20,,0,0,2214,19,2233,False,False,False,394.3999999999998,404,500,3573.300000000078,3703,5000
17d214ef42fd9d40,warmup1000_chain3,softmax,10.0,3.0,0.01,corrected,192,faa,0.8081990000000001,0.8688608000000001,7.747935626412072e-11,True,5,2.997023755381657,2.997023755381657,0,0,0.2438,11,5,1220,1220,3648,1239,3667,False,False,False,391.0999999999998,401,500,3583.200000000077,3712,5000
17d214ef42fd9d40,warmup1000_chain3,softmax,10.0,3.0,0.01,corrected,193,clean,0.7100000000000001,0.7100000000000001,0.0,True,0,0.0,0.0,0,0,0.006,28,,31,32,1764,51,1783,False,False,False,421.89999999999895,429,500,3623.900000000083,3749,5000
17d214ef42fd9d40,warmup1000_chain3,softmax,10.0,3.0,0.01,corrected,193,faa,0.7100000000000001,0.7100000000000001,0.0,True,0,0.0,0.0,0,0,0.006,28,,31,32,1764,51,1783,False,False,False,421.89999999999895,429,500,3623.900000000083,3749,5000
17d214ef42fd9d40,warmup1000_chain3,softmax,10.0,3.0,0.01,corrected,194,clean,0.7100000000000001,0.7100000000000001,5.4800005750976766e-06,True,0,0.0,0.0,0,0,0.503,6,,2516,2517,4040,2536,4059,False,False,False,376.7999999999996,388,500,3669.0000000000787,3790,5000
17d214ef42fd9d40,warmup1000_chain3,softmax,10.0,3.0,0.01,corrected,194,faa,0.7100000000000001,0.7100000000000001,5.4800005750976766e-06,True,0,0.0,0.0,0,0,0.503,6,,2516,2517,4040,2536,4059,False,False,False,376.7999999999996,388,500,3669.0000000000787,3790,5000
17d214ef42fd9d40,warmup1000_chain3,softmax,10.0,3.0,0.01,corrected,195,clean,0.4580000000000002,0.4580000000000002,0.0,False,,,0.0,0,0,0.0,45,,0,0,119,19,138,False,False,False,359.1999999999995,372,500,3479.8000000000784,3618,5000
17d214ef42fd9d40,warmup1000_chain3,softmax,10.0,3.0,0.01,corrected,195,faa,0.4580000000000002,0.6300000000000001,0.0,True,6,1.1824512338184445,1.4956480287384448,0,0,0.0802,30,8,402,402,2301,421,2320,False,False,False,387.7999999999994,398,500,3562.300000000081,3693,5000
17d214ef42fd9d40,warmup1000_chain3,softmax,10.0,3.0,0.01,corrected,196,clean,0.6299000000000002,0.6299000000000002,0.0,False,,,0.0,0,0,0.0,12,,0,0,3363,19,3382,False,False,False,413.0999999999992,421,500,3419.300000000082,3563,5000
17d214ef42fd9d40,warmup1000_chain3,softmax,10.0,3.0,0.01,corrected,196,faa,0.6299000000000002,0.8836583868900003,0.0,True,6,3.1759044444444444,3.257803465544444,0,0,0.0178,12,14,90,90,3363,109,3382,False,False,False,400.99999999999926,410,500,3549.1000000000836,3681,5000
17d214ef42fd9d40,warmup1000_chain3,softmax,10.0,3.0,0.01,corrected,197,clean,0.8009819000000001,0.7111619000000002,0.6299000000000002,False,0,0.0,0.0,0,0,0.0,0,,0,0,,19,,False,False,False,363.59999999999934,376,500,3581.00000000008,3710,5000
17d214ef42fd9d40,warmup1000_chain3,softmax,10.0,3.0,0.01,corrected,197,faa,0.8009819000000001,0.8019000000000002,0.7199819000000003,True,0,0.0,0.8020020111111114,0,0,0.1932,1,470,967,967,,986,,False,False,False,363.59999999999934,376,500,3596.4000000000806,3724,5000
17d214ef42fd9d40,warmup1000_chain3,softmax,10.0,3.0,0.01,corrected,198,clean,0.8008190000000002,0.7192561580000002,0.7192561580000002,False,,,0.0,0,0,0.0,0,,0,0,,19,,False,False,False,385.5999999999995,396,500,3671.2000000000726,3792,5000
17d214ef42fd9d40,warmup1000_chain3,softmax,10.0,3.0,0.01,corrected,198,faa,0.8008190000000002,0.8008190000000002,0.6288190000000002,True,7,2.715204206444445,3.5848445964444453,0,0,0.6374,0,350,3188,3188,,3207,,False,False,False,394.3999999999994,404,500,3669.0000000000728,3790,5000
17d214ef42fd9d40,warmup1000_chain3,softmax,10.0,3.0,0.01,corrected,199,clean,0.6299000000000002,0.5579900000000002,0.0,False,,,0.0,0,0,0.0,35,,0,0,84,19,103,False,False,False,369.09999999999957,381,500,3551.3000000000798,3683,5000
17d214ef42fd9d40,warmup1000_chain3,softmax,10.0,3.0,0.01,corrected,199,faa,0.6299000000000002,0.8785554939000002,0.0,True,9,4.348614444444444,5.722917607844446,0,0,0.0054,22,274,28,28,2499,47,2518,False,False,False,371.2999999999996,383,500,3622.8000000000807,3748,5000
17d214ef42fd9d40,warmup1000_chain3,softmax,10.0,3.0,0.01,corrected,200,clean,0.8009189000000001,0.8009189000000001,0.7193583899000002,False,,,0.0,0,0,0.0,0,,0,0,,19,,False,False,False,366.89999999999924,379,500,3746.000000000072,3860,5000
17d214ef42fd9d40,warmup1000_chain3,softmax,10.0,3.0,0.01,corrected,200,faa,0.8009189000000001,0.9481062058100002,0.7673775226000003,True,14,7.531109537544445,7.535621113644445,0,0,0.0396,0,18,199,199,,218,,False,False,False,354.7999999999994,368,500,3746.000000000072,3860,5000
17d214ef42fd9d40,warmup1000_chain3,softmax,10.0,3.0,0.01,corrected,201,clean,0.6299000000000002,0.6299000000000002,0.0,False,,,0.0,0,0,0.0,26,,0,0,1860,19,1879,False,False,False,387.7999999999994,398,500,3557.9000000000756,3689,5000
17d214ef42fd9d40,warmup1000_chain3,softmax,10.0,3.0,0.01,corrected,201,faa,0.6299000000000002,0.8828919000000002,0.7842181670000002,True,11,4.473904444444444,6.042628754444445,0,0,0.4308,0,333,2155,2155,,2174,,False,False,False,383.39999999999986,394,500,3757.0000000000655,3870,5000
17d214ef42fd9d40,warmup1000_chain3,softmax,10.0,3.0,0.01,corrected,202,clean,0.7100000000000001,0.5570000000000002,0.0,False,0,0.0,0.0,0,0,0.0,29,,0,0,1549,19,1568,False,False,False,354.7999999999996,368,500,3614.000000000079,3740,5000
17d214ef42fd9d40,warmup1000_chain3,softmax,10.0,3.0,0.01,corrected,202,faa,0.7100000000000001,0.7100000000000001,0.6227000000000003,True,0,0.0,0.7211111111111111,0,0,0.0628,0,191,315,315,,334,,False,False,False,354.7999999999996,368,500,3799.9000000000688,3909,5000
17d214ef42fd9d40,warmup1000_chain3,softmax,10.0,3.0,0.01,corrected,203,clean,0.8009090000000001,0.8009090000000001,0.0,False,,,0.0,0,0,0.0,16,,0,1190,2717,1209,2736,False,False,False,376.7999999999993,388,500,3693.2000000000744,3812,5000
17d214ef42fd9d40,warmup1000_chain3,softmax,10.0,3.0,0.01,corrected,203,faa,0.8009090000000001,0.9343847780000002,0.0,True,8,3.1046852644444454,3.2705034644444457,0,0,0.2378,16,10,1190,1190,2717,1209,2736,False,False,False,369.09999999999945,381,500,3693.2000000000744,3812,5000
17d214ef42fd9d40,warmup1000_chain3,softmax,10.0,3.0,0.01,corrected,204,clean,0.8089280000000001,0.8089280000000001,0.7256745800000002,False,,,0.0,0,0,0.0,0,,0,0,,19,,False,False,False,500.0,500,500,4249.800000000033,4318,5000
17d214ef42fd9d40,warmup1000_chain3,softmax,10.0,3.0,0.01,corrected,204,faa,0.8089280000000001,1.078065477,0.9700726859540001,True,7,3.4036435244444445,3.4036435244444445,0,0,0.6094,1,7,3046,3049,,3068,,False,False,True,490.1,491,500,4534.699999999981,4577,5000
17d214ef42fd9d40,warmup1000_chain3,softmax,10.0,3.0,0.01,corrected,205,clean,0.6200000000000001,0.5480000000000002,0.0,False,,,0.0,0,0,0.0,27,,0,0,1396,19,1415,False,False,False,392.1999999999995,402,500,3622.8000000000766,3748,5000
17d214ef42fd9d40,warmup1000_chain3,softmax,10.0,3.0,0.01,corrected,205,faa,0.6200000000000001,0.7100000000000002,0.0,True,9,2.9813333333333336,2.9813333333333336,0,0,0.0978,28,8,490,491,1401,510,1420,False,False,False,414.1999999999991,422,500,3626.100000000078,3751,5000
17d214ef42fd9d40,warmup1000_chain3,softmax,10.0,3.0,0.01,corrected,206,clean,0.6971390000000002,0.6971390000000002,0.0,False,,,0.0,0,0,0.0,33,,0,0,1612,19,1631,False,False,False,358.0999999999997,371,500,3531.500000000082,3665,5000
17d214ef42fd9d40,warmup1000_chain3,softmax,10.0,3.0,0.01,corrected,206,faa,0.6971390000000002,0.8691390000000002,0.0,True,10,3.7265501894819475,4.276268322882797,0,0,0.014,34,14,71,71,1612,90,1631,False,False,False,366.89999999999975,379,500,3543.6000000000827,3676,5000
17d214ef42fd9d40,warmup1000_chain3,softmax,10.0,3.0,0.01,corrected,207,clean,0.7044290000000002,0.7044290000000002,0.7044290000000002,False,,,0.0,0,0,0.0,0,,0,0,,19,,False,False,False,376.79999999999956,388,500,3600.8000000000784,3728,5000
17d214ef42fd9d40,warmup1000_chain3,softmax,10.0,3.0,0.01,corrected,207,faa,0.7044290000000002,0.9374454900000001,0.7044290000000002,True,6,2.728395083444445,2.803752183444445,0,0,0.0742,0,8,372,372,,391,,False,False,False,377.8999999999996,389,500,3633.8000000000798,3758,5000
17d214ef42fd9d40,warmup1000_chain3,softmax,10.0,3.0,0.01,corrected,208,clean,0.5570000000000002,5.5700055794472014e-05,0.0,False,,,0.0,0,0,0.0,32,,0,0,0,19,19,False,False,False,339.39999999999907,354,500,3515.000000000081,3650,5000
17d214ef42fd9d40,warmup1000_chain3,softmax,10.0,3.0,0.01,corrected,208,faa,0.5570000000000002,0.7290000000000001,6.380900000046985e-07,True,10,3.0489908539835806,3.3666728492596607,0,0,0.0214,7,12,108,108,4376,127,4395,False,False,False,361.39999999999935,374,500,3643.700000000078,3767,5000
17d214ef42fd9d40,warmup1000_chain3,softmax,10.0,3.0,0.01,corrected,209,clean,0.7100000000000001,0.5480000000000002,0.0,False,0,0.0,0.0,0,0,0.0,32,,0,0,717,19,736,False,False,False,327.29999999999995,343,500,3522.7000000000844,3657,5000
17d214ef42fd9d40,warmup1000_chain3,softmax,10.0,3.0,0.01,corrected,209,faa,0.7100000000000001,0.7100000000000001,0.0,True,0,0.0,1.5231111111111113,0,0,0.0028,32,241,15,15,717,34,736,False,False,False,339.39999999999986,354,500,3522.7000000000844,3657,5000
17d214ef42fd9d40,warmup1000_chain3,softmax,10.0,3.0,0.01,corrected,210,clean,0.6299000000000002,0.6299000000000002,6.298999999931887e-07,False,,,0.0,0,0,0.0,6,,0,0,3882,19,3901,False,False,False,350.39999999999964,364,500,3658.000000000076,3780,5000
17d214ef42fd9d40,warmup1000_chain3,softmax,10.0,3.0,0.01,corrected,210,faa,0.6299000000000002,0.8019000000000002,0.8019000000000002,True,6,1.3734444444444462,2.9169744444444463,0,0,1.0,0,317,,,,,,False,False,False,373.4999999999996,385,500,3803.200000000067,3912,5000
17d214ef42fd9d40,warmup1000_chain3,softmax,10.0,3.0,0.01,corrected,211,clean,0.7928900000000001,0.7928900000000001,0.0,True,0,0.0,0.0,0,0,0.4568,35,,2285,2285,2461,2304,2480,False,False,False,394.39999999999964,404,500,3628.300000000082,3753,5000
17d214ef42fd9d40,warmup1000_chain3,softmax,10.0,3.0,0.01,corrected,211,faa,0.7928900000000001,0.7928900000000001,0.0,True,0,0.0,0.0,0,0,0.4568,35,,2285,2285,2461,2304,2480,False,False,False,394.39999999999964,404,500,3628.300000000082,3753,5000
17d214ef42fd9d40,warmup1000_chain3,softmax,10.0,3.0,0.01,corrected,212,clean,0.7280131418000002,0.7280131418000002,0.7280131418000002,False,,,0.0,0,0,0.0,0,,0,0,,19,,False,False,False,376.79999999999905,388,500,3741.600000000074,3856,5000
17d214ef42fd9d40,warmup1000_chain3,softmax,10.0,3.0,0.01,corrected,212,faa,0.7280131418000002,0.9615113642378701,0.9615113642378701,True,7,3.2021210571314453,3.3482911373314455,0,0,1.0,0,10,,,,,,False,False,False,389.9999999999991,400,500,3741.600000000074,3856,5000
17d214ef42fd9d40,warmup1000_chain3,softmax,10.0,3.0,0.01,corrected,213,clean,0.6299000000000002,0.6299000000000002,0.0,False,,,0.0,0,0,0.0,11,,0,0,3657,19,3676,False,False,False,381.1999999999995,392,500,3687.700000000075,3807,5000
17d214ef42fd9d40,warmup1000_chain3,softmax,10.0,3.0,0.01,corrected,213,faa,0.6299000000000002,0.8019000000000002,7.216449660063518e-16,True,10,4.077780034444444,4.514289034444444,0,0,0.2942,10,15,1472,1472,3987,1491,4006,False,False,False,381.1999999999995,392,500,3695.400000000074,3814,5000
17d214ef42fd9d40,warmup1000_chain3,softmax,10.0,3.0,0.01,corrected,214,clean,0.7038629000000002,0.7038629000000002,0.7038629000000002,False,,,0.0,0,0,0.0,0,,0,0,,19,,False,False,False,337.19999999999965,352,500,3618.400000000078,3744,5000
17d214ef42fd9d40,warmup1000_chain3,softmax,10.0,3.0,0.01,corrected,214,faa,0.7038629000000002,0.8758629000000001,0.7881111962900003,True,10,3.0162131813794444,3.8766524977394443,0,0,0.8998,1,16,4500,4500,,4519,,False,False,False,343.7999999999996,358,500,3777.9000000000706,3889,5000
17d214ef42fd9d40,warmup1000_chain3,softmax,10.0,3.0,0.01,corrected,215,clean,0.7100000000000001,0.11321000000000009,0.0,False,0,0.0,0.0,0,0,0.0,37,,0,0,623,19,642,False,False,False,364.6999999999996,377,500,3421.5000000000864,3565,5000
17d214ef42fd9d40,warmup1000_chain3,softmax,10.0,3.0,0.01,corrected,215,faa,0.7100000000000001,0.6300000000000001,5.6509796841908155e-12,True,0,0.0,1.3511111111111114,0,0,0.0532,11,385,267,267,4005,286,4024,False,False,False,364.6999999999996,377,500,3469.9000000000865,3609,5000
17d214ef42fd9d40,warmup1000_chain3,softmax,10.0,3.0,0.01,corrected,216,clean,0.5480000000000002,0.4580000000000002,0.0,False,,,0.0,0,0,0.0,41,,0,0,166,19,185,False,False,False,350.3999999999997,364,500,3496.3000000000807,3633,5000
17d214ef42fd9d40,warmup1000_chain3,softmax,10.0,3.0,0.01,corrected,216,faa,0.5480000000000002,0.7553086200000001,0.6620308442000002,True,13,6.071126444444445,8.658697324444447,0,0,0.3494,1,467,1748,1748,,1767,,False,False,False,342.6999999999998,357,500,3650.300000000077,3773,5000
17d214ef42fd9d40,warmup1000_chain3,softmax,10.0,3.0,0.01,corrected,217,clean,0.8090997380000001,0.8090997380000001,0.7280332184600002,False,,,0.0,0,0,0.0,0,,0,0,,19,,False,False,False,382.2999999999996,393,500,3737.200000000065,3852,5000
17d214ef42fd9d40,warmup1000_chain3,softmax,10.0,3.0,0.01,corrected,217,faa,0.8090997380000001,0.9464956623080001,0.7782124930378002,True,5,2.6937031741731454,2.7757932003731454,0,0,0.6208,1,6,3105,3105,,3124,,False,False,False,380.09999999999957,391,500,3735.000000000065,3850,5000
17d214ef42fd9d40,warmup1000_chain3,softmax,10.0,3.0,0.01,corrected,218,clean,0.6200000000000001,0.6200000000000001,0.4580000000000002,False,,,0.0,0,0,0.0,0,,0,2137,,2156,,False,False,False,352.5999999999997,366,500,3713.000000000072,3830,5000
17d214ef42fd9d40,warmup1000_chain3,softmax,10.0,3.0,0.01,corrected,218,faa,0.6200000000000001,0.7100000000000002,0.4480000000000002,True,7,2.3124444444444445,2.4134444444444445,0,0,0.4272,0,8,2137,2137,,2156,,False,False,False,359.1999999999997,372,500,3713.000000000072,3830,5000
17d214ef42fd9d40,warmup1000_chain3,softmax,10.0,3.0,0.01,corrected,219,clean,0.7199000000000001,0.6299000000000002,6.298999999987398e-06,False,,,0.0,0,0,0.0,4,,0,0,4661,19,4680,False,False,False,380.0999999999999,391,500,3566.7000000000776,3697,5000
17d214ef42fd9d40,warmup1000_chain3,softmax,10.0,3.0,0.01,corrected,219,faa,0.7199000000000001,0.7199000000000001,5.478999999974921e-06,True,5,2.5344554444444443,3.9563122173244443,0,0,0.0294,4,296,148,148,4661,167,4680,False,False,False,381.2,392,500,3593.100000000078,3721,5000
17d214ef42fd9d40,warmup1000_chain3,softmax,10.0,3.0,0.01,corrected,220,clean,5.088276620046628e-06,5.088276620046628e-06,0.0,False,,,0.0,0,0,0.0,34,,0,0,0,19,19,False,False,False,372.39999999999935,384,500,3542.5000000000828,3675,5000
17d214ef42fd9d40,warmup1000_chain3,softmax,10.0,3.0,0.01,corrected,220,faa,5.088276620046628e-06,0.2770200000053873,0.0,True,15,3.375844444797306,4.232008987626693,0,0,0.0108,31,361,55,55,313,74,332,False,False,False,369.09999999999934,381,500,3548.0000000000837,3680,5000
17d214ef42fd9d40,warmup1000_chain3,softmax,10.0,3.0,0.01,corrected,221,clean,0.8999,0.8090828000000001,7.044290000002285e-05,True,0,0.0,0.0,0,0,0.0264,4,,133,133,4926,152,4945,False,False,False,440.5999999999988,446,500,3630.5000000000796,3755,5000
17d214ef42fd9d40,warmup1000_chain3,softmax,10.0,3.0,0.01,corrected,221,faa,0.8999,0.8090828000000001,7.044290000002285e-05,True,0,0.0,0.0,0,0,0.0264,4,,133,133,4926,152,4945,False,False,False,440.5999999999988,446,500,3630.5000000000796,3755,5000
17d214ef42fd9d40,warmup1000_chain3,softmax,10.0,3.0,0.01,corrected,222,clean,0.6200000000000001,0.010104200000000008,0.0,False,,,0.0,0,0,0.0,41,,0,0,0,19,19,False,False,False,348.19999999999953,362,500,3553.500000000081,3685,5000
17d214ef42fd9d40,warmup1000_chain3,softmax,10.0,3.0,0.01,corrected,222,faa,0.6200000000000001,0.6300000000000001,0.0,True,5,2.5523333333333333,4.001354444444445,0,0,0.0344,25,396,173,173,1528,192,1547,False,False,False,348.1999999999996,362,500,3595.300000000082,3723,5000
17d214ef42fd9d40,warmup1000_chain3,softmax,10.0,3.0,0.01,corrected,223,clean,0.5570000000000002,0.5570000000000002,5.570000000121311e-07,False,,,0.0,0,0,0.0,4,,0,0,4621,19,4640,False,False,False,373.4999999999996,385,500,3586.500000000072,3715,5000
17d214ef42fd9d40,warmup1000_chain3,softmax,10.0,3.0,0.01,corrected,223,faa,0.5570000000000002,0.8019000000000001,5.570000000121311e-07,True,6,2.293126444444445,2.293126444444445,0,0,0.023,4,6,116,116,4621,135,4640,False,False,False,371.2999999999997,383,500,3597.5000000000723,3725,5000
17d214ef42fd9d40,warmup1000_chain3,softmax,10.0,3.0,0.01,corrected,224,clean,0.6478847000000002,0.6478847000000002,0.0,False,,,0.0,0,0,0.0,26,,0,0,1452,19,1471,False,False,False,356.999999999999,370,500,3634.900000000075,3759,5000
17d214ef42fd9d40,warmup1000_chain3,softmax,10.0,3.0,0.01,corrected,224,faa,0.6478847000000002,0.8998954211367001,0.8075572009397272,True,8,4.12540771044444,4.53090276044444,0,0,0.3582,1,14,1792,1792,,1811,,False,False,False,337.19999999999936,352,500,3809.8000000000666,3918,5000
17d214ef42fd9d40,warmup1000_chain3,softmax,10.0,3.0,0.01,corrected,225,clean,0.6476570000000001,0.6476570000000001,0.6381890000000002,False,,,0.0,0,0,0.0,0,,0,0,,19,,False,False,False,365.7999999999997,378,500,3650.3000000000807,3773,5000
17d214ef42fd9d40,warmup1000_chain3,softmax,10.0,3.0,0.01,corrected,225,faa,0.6476570000000001,0.8907410700000001,0.6381890000000002,True,13,6.833092504444445,6.833092504444445,0,0,0.2536,0,13,1269,1269,,1288,,False,False,False,381.1999999999996,392,500,3672.3000000000793,3793,5000
17d214ef42fd9d40,warmup1000_chain3,softmax,10.0,3.0,0.01,corrected,226,clean,0.6200000000000001,0.6200000000000001,0.5480000000000002,False,,,0.0,0,0,0.0,1,,0,1276,,1295,,False,False,False,334.9999999999998,350,500,3626.1000000000777,3751,5000
17d214ef42fd9d40,warmup1000_chain3,softmax,10.0,3.0,0.01,corrected,226,faa,0.6200000000000001,0.7100000000000002,5.3890000017986495e-08,True,15,6.248444444444443,6.248444444444443,0,0,0.2552,8,15,1277,1277,3956,1296,3975,False,False,False,329.4999999999999,345,500,3618.4000000000783,3744,5000
17d214ef42fd9d40,warmup1000_chain3,softmax,10.0,3.0,0.01,corrected,227,clean,0.6200000000000001,0.5480000000000002,0.5480000000000002,False,,,0.0,0,0,0.0,0,,0,0,,19,,False,False,False,355.89999999999986,369,500,3572.200000000074,3702,5000
17d214ef42fd9d40,warmup1000_chain3,softmax,10.0,3.0,0.01,corrected,227,faa,0.6200000000000001,0.7100000000000002,0.5380000000000003,True,11,4.577333333333334,5.666444444444443,0,0,0.1634,0,491,818,818,,837,,False,False,False,353.69999999999976,367,500,3596.4000000000747,3724,5000
17d214ef42fd9d40,warmup1000_chain3,softmax,10.0,3.0,0.01,corrected,228,clean,0.8008190000000002,4.7810856509011845e-05,0.0,False,0,0.0,0.0,0,0,0.0,51,,0,0,0,19,19,False,False,False,334.9999999999997,350,500,3438.0000000000837,3580,5000
17d214ef42fd9d40,warmup1000_chain3,softmax,10.0,3.0,0.01,corrected,228,faa,0.8008190000000002,0.6300000000000001,0.0,True,0,0.0,1.9410201111111118,0,0,0.0732,32,120,367,367,1749,386,1768,False,False,False,340.4999999999997,355,500,3463.3000000000843,3603,5000
17d214ef42fd9d40,warmup1000_chain3,softmax,10.0,3.0,0.01,corrected,229,clean,0.7991900000000001,0.5579000000000002,0.4580000000000002,False,0,0.0,0.0,0,0,0.0,0,,0,0,,19,,False,False,False,363.5999999999997,376,500,3592.0000000000737,3720,5000
17d214ef42fd9d40,warmup1000_chain3,softmax,10.0,3.0,0.01,corrected,229,faa,0.7991900000000001,0.6300000000000001,0.4580000000000002,True,0,0.0,0.6112011111111113,0,0,0.0696,0,252,349,349,,368,,False,False,False,363.5999999999997,376,500,3653.600000000074,3776,5000
17d214ef42fd9d40,warmup1000_chain3,softmax,10.0,3.0,0.01,corrected,230,clean,0.5480000000000002,0.5480000000000002,0.0,False,,,0.0,0,0,0.0,32,,0,0,1686,19,1705,False,False,False,356.9999999999993,370,500,3562.3000000000825,3693,5000
17d214ef42fd9d40,warmup1000_chain3,softmax,10.0,3.0,0.01,corrected,230,faa,0.5480000000000002,0.7200000000000001,0.0,True,13,2.6277878014444433,3.212757689444444,0,0,0.2354,28,17,1178,1178,2511,1197,2530,False,False,False,363.59999999999945,376,500,3596.400000000084,3724,5000
17d214ef42fd9d40,warmup1000_chain3,softmax,10.0,3.0,0.01,corrected,231,clean,0.6477299000000002,0.6477299000000002,0.006389089999999986,False,,,0.0,0,0,0.0,2,,0,0,4983,19,,False,False,False,369.09999999999934,381,500,3667.900000000068,3789,5000
17d214ef42fd9d40,warmup1000_chain3,softmax,10.0,3.0,0.01,corrected,231,faa,0.6477299000000002,0.8908721190000001,0.7126271900000003,True,6,3.3015991024444444,3.3015991024444444,0,0,0.2032,1,6,1017,1017,,1036,,False,False,False,362.49999999999943,375,500,3677.8000000000684,3798,5000
17d214ef42fd9d40,warmup1000_chain3,softmax,10.0,3.0,0.01,corrected,232,clean,0.4580000000000002,0.4580000000000002,0.0,False,,,0.0,0,0,0.0,30,,0,0,109,19,128,False,False,False,355.89999999999947,369,500,3535.9000000000797,3669,5000
17d214ef42fd9d40,warmup1000_chain3,softmax,10.0,3.0,0.01,corrected,232,faa,0.4580000000000002,0.6300000000000001,0.0,True,8,2.9900432124444443,3.6200186375304444,0,0,0.0852,27,22,427,427,1360,446,1379,False,False,False,378.99999999999943,390,500,3586.5000000000823,3715,5000
17d214ef42fd9d40,warmup1000_chain3,softmax,10.0,3.0,0.01,corrected,233,clean,0.8090738000000002,0.8090738000000002,0.7281612981800002,False,,,0.0,0,0,0.0,1,,0,0,,19,,False,False,False,383.39999999999964,394,500,3670.1000000000668,3791,5000
17d214ef42fd9d40,warmup1000_chain3,softmax,10.0,3.0,0.01,corrected,233,faa,0.8090738000000002,0.9685410419600002,0.7746803836000002,True,7,3.313566277333333,3.5346846093644446,0,0,0.859,0,12,4296,4296,,4315,,False,False,False,484.59999999999997,486,500,3825.2000000000726,3932,5000
17d214ef42fd9d40,warmup1000_chain3,softmax,10.0,3.0,0.01,corrected,234,clean,0.7919000000000002,0.7044290000000002,0.0,False,,,0.0,0,0,0.0,26,,0,0,2578,19,2597,False,False,False,418.5999999999985,426,500,3450.1000000000895,3591,5000
17d214ef42fd9d40,warmup1000_chain3,softmax,10.0,3.0,0.01,corrected,234,faa,0.7919000000000002,0.7044290000000002,0.0,False,,,10.0,0,484,0.0,26,17,0,0,2578,19,2597,False,False,False,385.59999999999894,396,500,3450.1000000000895,3591,5000
17d214ef42fd9d40,warmup1000_chain3,softmax,10.0,3.0,0.01,corrected,235,clean,0.8000900000000002,0.7045190000000001,0.6299000000000002,False,0,0.0,0.0,0,0,0.0,0,,0,0,,19,,False,False,False,444.99999999999886,450,500,3637.100000000078,3761,5000
17d214ef42fd9d40,warmup1000_chain3,softmax,10.0,3.0,0.01,corrected,235,faa,0.8000900000000002,0.8019000000000002,0.7118909000000002,True,0,0.0,0.8021011111111113,0,0,0.469,0,489,2346,2346,,2365,,False,False,False,444.99999999999886,450,500,3729.5000000000705,3845,5000
17d214ef42fd9d40,warmup1000_chain3,softmax,10.0,3.0,0.01,corrected,236,clean,0.7100000000000001,0.7100000000000001,0.0,True,0,0.0,0.0,0,0,0.0064,32,,33,33,871,52,890,False,False,False,385.5999999999993,396,500,3508.4000000000847,3644,5000
17d214ef42fd9d40,warmup1000_chain3,softmax,10.0,3.0,0.01,corrected,236,faa,0.7100000000000001,0.7100000000000001,0.0,True,0,0.0,0.0,0,0,0.0064,32,,33,33,871,52,890,False,False,False,385.5999999999993,396,500,3508.4000000000847,3644,5000
17d214ef42fd9d40,warmup1000_chain3,softmax,10.0,3.0,0.01,corrected,237,clean,0.4580000000000002,0.4580000000000002,0.0,False,,,0.0,0,0,0.0,29,,0,0,116,19,135,False,False,False,361.3999999999993,374,500,3556.800000000076,3688,5000
17d214ef42fd9d40,warmup1000_chain3,softmax,10.0,3.0,0.01,corrected,237,faa,0.4580000000000002,0.6300000000000001,0.0,True,8,1.9625026903644445,2.3837999372644445,0,0,0.174,24,13,871,871,1610,890,1629,False,False,False,377.8999999999994,389,500,3598.6000000000777,3726,5000
17d214ef42fd9d40,warmup1000_chain3,softmax,10.0,3.0,0.01,corrected,238,clean,0.6299000000000002,6.299000000042909e-06,0.0,False,,,0.0,0,0,0.0,40,,0,0,0,19,19,False,False,False,344.8999999999993,359,500,3479.8000000000866,3618,5000
17d214ef42fd9d40,warmup1000_chain3,softmax,10.0,3.0,0.01,corrected,238,faa,0.6299000000000002,0.8019000000000002,0.7044290000000002,True,13,3.641244640933234,4.695161794508392,0,0,0.0624,1,37,313,313,,332,,False,False,False,360.29999999999944,373,500,3582.1000000000845,3711,5000
17d214ef42fd9d40,warmup1000_chain3,softmax,10.0,3.0,0.01,corrected,239,clean,0.8082809000000001,0.7044290000000002,0.0,False,0,0.0,0.0,0,0,0.0,24,,0,0,2138,19,2157,False,False,False,370.1999999999998,382,500,3621.7000000000808,3747,5000
17d214ef42fd9d40,warmup1000_chain3,softmax,10.0,3.0,0.01,corrected,239,faa,0.8082809000000001,0.8082809000000001,0.0,True,0,0.0,0.8840010111111113,0,0,0.0932,25,204,467,467,2138,486,2157,False,False,False,370.1999999999998,382,500,3633.800000000081,3758,5000
17d214ef42fd9d40,warmup1000_chain3,softmax,10.0,3.0,0.01,corrected,240,clean,0.5480000000000002,0.5480000000000002,0.0,False,,,0.0,0,0,0.0,17,,0,0,3848,19,3867,False,False,False,392.1999999999995,402,500,3566.700000000081,3697,5000
17d214ef42fd9d40,warmup1000_chain3,softmax,10.0,3.0,0.01,corrected,240,faa,0.5480000000000002,0.8010000000000002,6.298850330210826e-13,True,6,2.283126444444445,2.374126444444445,0,0,0.262,13,8,1311,1311,4215,1330,4234,False,False,False,388.8999999999994,399,500,3586.5000000000805,3715,5000
17d214ef42fd9d40,warmup1000_chain3,softmax,10.0,3.0,0.01,corrected,241,clean,0.7919000000000002,0.7919000000000002,0.0,True,0,0.0,0.0,0,0,0.017,24,,86,86,1965,105,1984,False,False,False,365.7999999999993,378,500,3572.200000000081,3702,5000
17d214ef42fd9d40,warmup1000_chain3,softmax,10.0,3.0,0.01,corrected,241,faa,0.7919000000000002,0.7919000000000002,0.0,True,0,0.0,0.0,0,0,0.017,24,,86,86,1965,105,1984,False,False,False,365.7999999999993,378,500,3572.200000000081,3702,5000
17d214ef42fd9d40,warmup1000_chain3,softmax,10.0,3.0,0.01,corrected,242,clean,0.5480000000000002,0.5480000000000002,0.0,False,,,0.0,0,0,0.0,41,,0,0,756,19,775,False,False,False,376.7999999999991,388,500,3456.700000000083,3597,5000
17d214ef42fd9d40,warmup1000_chain3,softmax,10.0,3.0,0.01,corrected,242,faa,0.5480000000000002,0.28025579510059695,0.0,True,18,3.4375012646459426,4.039878939077241,0,0,0.0782,41,297,392,392,755,411,774,False,False,False,373.4999999999991,385,500,3484.2000000000835,3622,5000
17d214ef42fd9d40,warmup1000_chain3,softmax,10.0,3.0,0.01,corrected,243,clean,0.6299000000000002,0.6299000000000002,0.0,False,,,0.0,0,0,0.0,34,,0,0,931,19,950,False,False,False,387.7999999999996,398,500,3478.700000000077,3617,5000
17d214ef42fd9d40,warmup1000_chain3,softmax,10.0,3.0,0.01,corrected,243,faa,0.6299000000000002,0.8836281900000001,8.022514935007719e-05,True,7,2.9139044444444444,3.207775554444444,0,0,0.5714,5,17,2858,2858,4504,2877,4523,False,False,False,382.2999999999997,393,500,3617.300000000073,3743,5000
17d214ef42fd9d40,warmup1000_chain3,softmax,10.0,3.0,0.01,corrected,244,clean,0.5570000000000002,0.5570000000000002,5.551115123125783e-16,False,,,0.0,0,0,0.0,14,,0,0,1818,19,1837,False,False,False,356.9999999999992,370,500,3619.5000000000773,3745,5000
17d214ef42fd9d40,warmup1000_chain3,softmax,10.0,3.0,0.01,corrected,244,faa,0.5570000000000002,0.8099919000000001,0.7191343592000528,True,6,2.293126439000525,2.459746439000525,0,0,0.7006,1,14,3504,3504,,3523,,False,False,False,380.099999999999,391,500,3742.7000000000726,3857,5000
17d214ef42fd9d40,warmup1000_chain3,softmax,10.0,3.0,0.01,corrected,245,clean,0.05982200000000054,5.982802697701572e-08,0.0,False,,,0.0,0,0,0.0,40,,0,0,0,19,19,False,False,False,348.19999999999914,362,500,3482.0000000000787,3620,5000
17d214ef42fd9d40,warmup1000_chain3,softmax,10.0,3.0,0.01,corrected,245,faa,0.05982200000000054,0.2981611071252799,0.0,True,9,2.158009593324444,4.2970254377970685,0,0,0.037,37,450,186,186,511,205,530,False,False,False,361.3999999999992,374,500,3496.30000000008,3633,5000
17d214ef42fd9d40,warmup1000_chain3,softmax,10.0,3.0,0.01,corrected,246,clean,0.4580000000000002,0.4580000000000002,0.0,False,,,0.0,0,0,0.0,43,,0,0,339,19,358,False,False,False,374.5999999999997,386,500,3441.3000000000857,3583,5000
17d214ef42fd9d40,warmup1000_chain3,softmax,10.0,3.0,0.01,corrected,246,faa,0.4580000000000002,0.6300000000000001,0.4580000000000002,True,7,2.703444889044444,4.402233179044445,0,0,0.3208,0,210,1605,1605,,1624,,False,False,False,383.3999999999997,394,500,3565.6000000000813,3696,5000
17d214ef42fd9d40,warmup1000_chain3,softmax,10.0,3.0,0.01,corrected,247,clean,0.6476570000000001,0.6476570000000001,0.0,False,,,0.0,0,0,0.0,19,,0,0,2610,19,2629,False,False,False,344.89999999999935,359,500,3608.50000000008,3735,5000
17d214ef42fd9d40,warmup1000_chain3,softmax,10.0,3.0,0.01,corrected,247,faa,0.6476570000000001,0.6476570000000001,0.0,False,,,10.0,0,485,0.0,19,16,0,0,2610,19,2629,False,False,False,349.29999999999933,363,500,3608.50000000008,3735,5000
17d214ef42fd9d40,warmup1000_chain3,softmax,10.0,3.0,0.01,corrected,248,clean,0.8009180000000001,0.7208239625000001,0.0,False,,,0.0,0,0,0.0,29,,0,0,2462,19,2481,False,False,False,359.1999999999992,372,500,3460.0000000000846,3600,5000
17d214ef42fd9d40,warmup1000_chain3,softmax,10.0,3.0,0.01,corrected,248,faa,0.8009180000000001,0.9338024780000002,0.0,True,6,2.962950805133333,4.131538360844444,0,0,0.2518,33,443,1260,1260,2139,1279,2158,False,False,False,384.49999999999886,395,500,3496.300000000084,3633,5000
17d214ef42fd9d40,warmup1000_chain3,softmax,10.0,3.0,0.01,corrected,249,clean,0.8008190000000002,0.7189677800000003,0.7170578000000003,False,,,0.0,0,0,0.0,0,,0,0,,19,,False,False,False,356.9999999999993,370,500,3592.0000000000778,3720,5000
17d214ef42fd9d40,warmup1000_chain3,softmax,10.0,3.0,0.01,corrected,249,faa,0.8008190000000002,0.9494989113770002,0.854390970130438,True,6,2.3235594544444447,3.8133299852974445,0,0,0.9752,1,458,4877,4877,,4896,,False,False,False,351.49999999999943,365,500,3674.500000000071,3795,5000
17d214ef42fd9d40,warmup1000_chain3,softmax,10.0,3.0,0.01,corrected,250,clean,0.6470828000000002,0.6470828000000002,0.6299000000000002,False,,,0.0,0,0,0.0,0,,0,0,,19,,False,False,False,361.39999999999975,374,500,3596.4000000000783,3724,5000
17d214ef42fd9d40,warmup1000_chain3,softmax,10.0,3.0,0.01,corrected,250,faa,0.6470828000000002,0.8979311495070001,0.7816341417137003,True,14,6.443332561444445,6.507232089144446,0,0,0.3734,1,19,1868,1868,,1887,,False,False,False,352.5999999999997,366,500,3711.9000000000688,3829,5000
17d214ef42fd9d40,warmup1000_chain3,softmax,10.0,3.0,0.01,corrected,251,clean,0.8096570000000001,0.8096570000000001,0.7044290000000002,True,0,0.0,0.0,0,0,0.0694,1,,348,348,,367,,False,False,False,370.19999999999925,382,500,3660.200000000083,3782,5000
17d214ef42fd9d40,warmup1000_chain3,softmax,10.0,3.0,0.01,corrected,251,faa,0.8096570000000001,0.8096570000000001,0.7044290000000002,True,0,0.0,0.0,0,0,0.0694,1,,348,348,,367,,False,False,False,370.19999999999925,382,500,3660.200000000083,3782,5000
17d214ef42fd9d40,warmup1000_chain3,softmax,10.0,3.0,0.01,corrected,252,clean,0.5480000000000002,0.5480000000000002,0.0,False,,,0.0,0,0,0.0,29,,0,0,970,19,989,False,False,False,381.1999999999995,392,500,3609.6000000000795,3736,5000
17d214ef42fd9d40,warmup1000_chain3,softmax,10.0,3.0,0.01,corrected,252,faa,0.5480000000000002,0.8008617240000001,0.7044290000000002,True,11,4.712126444444445,4.912126444444445,0,0,0.1512,1,14,757,757,,776,,False,False,False,372.39999999999964,384,500,3669.000000000077,3790,5000
17d214ef42fd9d40,warmup1000_chain3,softmax,10.0,3.0,0.01,corrected,253,clean,0.6200000000000001,0.5579900000000002,0.0,False,,,0.0,0,0,0.0,34,,0,0,1426,19,1445,False,False,False,372.3999999999996,384,500,3493.000000000084,3630,5000
17d214ef42fd9d40,warmup1000_chain3,softmax,10.0,3.0,0.01,corrected,253,faa,0.6200000000000001,0.6200000000000001,1.1102230246251565e-16,True,3,1.5444444444444443,3.204734444444444,0,0,0.038,35,12,191,191,1426,210,1445,False,False,False,366.89999999999964,379,500,3497.400000000084,3634,5000
17d214ef42fd9d40,warmup1000_chain3,softmax,10.0,3.0,0.01,corrected,254,clean,0.5480000000000002,0.5480000000000002,0.0,False,,,0.0,0,0,0.0,17,,0,0,744,19,763,False,False,False,341.5999999999995,356,500,3601.9000000000783,3729,5000
17d214ef42fd9d40,warmup1000_chain3,softmax,10.0,3.0,0.01,corrected,254,faa,0.5480000000000002,0.8099910000000001,0.7190388602000002,True,6,2.283126444444445,2.449026444444445,0,0,0.6678,1,14,3340,3340,,3359,,False,False,False,349.29999999999956,363,500,3762.5000000000714,3875,5000
17d214ef42fd9d40,warmup1000_chain3,softmax,10.0,3.0,0.01,corrected,255,clean,0.7100000000000001,0.7100000000000001,0.0,False,,,0.0,0,0,0.0,24,,0,1215,1881,1234,1900,False,False,False,365.79999999999956,378,500,3623.900000000084,3749,5000
17d214ef42fd9d40,warmup1000_chain3,softmax,10.0,3.0,0.01,corrected,255,faa,0.7100000000000001,0.8099998190000002,0.0,True,6,2.0854444444444447,2.235964444444445,0,0,0.2428,24,13,1215,1215,1881,1234,1900,False,False,False,367.99999999999955,380,500,3623.900000000084,3749,5000
17d214ef42fd9d40,warmup1000_chain3,softmax,10.0,3.0,0.01,corrected,256,clean,0.6299000000000002,0.6299000000000002,0.6299000000000002,False,,,0.0,0,0,0.0,0,,0,0,,19,,False,False,False,385.5999999999993,396,500,3583.200000000082,3712,5000
17d214ef42fd9d40,warmup1000_chain3,softmax,10.0,3.0,0.01,corrected,256,faa,0.6299000000000002,0.8019000000000002,0.7199819000000003,True,8,2.1534444556753183,3.7797844551463426,0,0,0.2544,1,498,1273,1273,,1292,,False,False,False,398.79999999999916,408,500,3625.0000000000837,3750,5000
17d214ef42fd9d40,warmup1000_chain3,softmax,10.0,3.0,0.01,corrected,257,clean,0.8000900000000002,0.7100000000000001,5.713380768490595e-09,False,,,0.0,0,0,0.0,7,,0,0,4433,19,4452,False,False,False,436.1999999999991,442,500,3732.80000000007,3848,5000
17d214ef42fd9d40,warmup1000_chain3,softmax,10.0,3.0,0.01,corrected,257,faa,0.8000900000000002,0.9619174436834603,0.8519804749240464,True,6,1.9237881333333335,1.9885442613104445,0,0,0.8388,1,216,4195,4195,,4214,,False,False,False,444.99999999999955,450,500,3764.700000000068,3877,5000
17d214ef42fd9d40,warmup1000_chain3,softmax,10.0,3.0,0.01,corrected,258,clean,0.899,0.8073800000000001,0.0,True,0,0.0,0.0,0,0,0.292,16,,1461,1461,2748,1480,2767,False,False,False,497.8,498,500,3642.6000000000813,3766,5000
17d214ef42fd9d40,warmup1000_chain3,softmax,10.0,3.0,0.01,corrected,258,faa,0.899,0.8073800000000001,0.0,True,0,0.0,0.0,0,0,0.292,16,,1461,1461,2748,1480,2767,False,False,False,497.8,498,500,3642.6000000000813,3766,5000
17d214ef42fd9d40,warmup1000_chain3,softmax,10.0,3.0,0.01,corrected,259,clean,0.05570063414900006,5.570063410509363e-09,0.0,False,,,0.0,0,0,0.0,36,,0,0,0,19,19,False,False,False,326.1999999999992,342,500,3578.800000000079,3708,5000
17d214ef42fd9d40,warmup1000_chain3,softmax,10.0,3.0,0.01,corrected,259,faa,0.05570063414900006,0.227700634149,0.0,True,2,0.6531118158048281,2.8606952402094277,0,0,0.0016,36,457,9,9,146,28,165,False,False,False,340.49999999999926,355,500,3578.800000000079,3708,5000
17d214ef42fd9d40,warmup1000_chain3,softmax,10.0,3.0,0.01,corrected,260,clean,0.7100000000000001,0.7100000000000001,0.0,True,0,0.0,0.0,0,0,0.0396,36,,199,199,686,218,705,False,False,False,359.19999999999936,372,500,3512.8000000000807,3648,5000
17d214ef42fd9d40,warmup1000_chain3,softmax,10.0,3.0,0.01,corrected,260,faa,0.7100000000000001,0.7100000000000001,0.0,True,0,0.0,0.0,0,0,0.0396,36,,199,199,686,218,705,False,False,False,359.19999999999936,372,500,3512.8000000000807,3648,5000
17d214ef42fd9d40,warmup1000_chain3,softmax,10.0,3.0,0.01,corrected,261,clean,0.8081090000000001,0.8081090000000001,7.04428999998008e-06,False,0,0.0,0.0,0,0,0.0,5,,0,0,4661,19,4680,False,False,False,426.29999999999876,433,500,3636.0000000000796,3760,5000
17d214ef42fd9d40,warmup1000_chain3,softmax,10.0,3.0,0.01,corrected,261,faa,0.8081090000000001,0.8081090000000001,6.361090000295277e-07,True,0,0.0,0.07591111111111114,0,0,0.0,6,500,1,1,4218,20,4237,False,False,False,426.29999999999876,433,500,3634.9000000000797,3759,5000
17d214ef42fd9d40,warmup1000_chain3,softmax,10.0,3.0,0.01,corrected,262,clean,0.5480000000000002,0.5480000000000002,0.5480000000000002,False,,,0.0,0,0,0.0,0,,0,0,,19,,False,False,False,392.1999999999993,402,500,3532.600000000085,3666,5000
17d214ef42fd9d40,warmup1000_chain3,softmax,10.0,3.0,0.01,corrected,262,faa,0.5480000000000002,0.8010000000000002,0.6299000000000002,True,19,9.090126444444444,9.090126444444444,0,0,0.094,1,19,471,471,,490,,False,False,False,394.3999999999993,404,500,3612.9000000000824,3739,5000
17d214ef42fd9d40,warmup1000_chain3,softmax,10.0,3.0,0.01,corrected,263,clean,0.8009819000000001,0.8009819000000001,1.3532243103853148e-09,True,0,0.0,0.0,0,0,0.2306,10,,1154,1154,3843,1173,3862,False,False,False,348.19999999999925,362,500,3673.4000000000774,3794,5000
17d214ef42fd9d40,warmup1000_chain3,softmax,10.0,3.0,0.01,corrected,263,faa,0.8009819000000001,0.8009819000000001,1.3532243103853148e-09,True,0,0.0,0.0,0,0,0.2306,10,,1154,1154,3843,1173,3862,False,False,False,348.19999999999925,362,500,3673.4000000000774,3794,5000
17d214ef42fd9d40,warmup1000_chain3,softmax,10.0,3.0,0.01,corrected,264,clean,0.7919000000000002,0.7919000000000002,5.495603971894525e-15,True,0,0.0,0.0,0,0,0.2058,11,,1030,1030,3771,1049,3790,False,False,False,381.1999999999996,392,500,3629.4000000000797,3754,5000
17d214ef42fd9d40,warmup1000_chain3,softmax,10.0,3.0,0.01,corrected,264,faa,0.7919000000000002,0.7919000000000002,5.495603971894525e-15,True,0,0.0,0.0,0,0,0.2058,11,,1030,1030,3771,1049,3790,False,False,False,381.1999999999996,392,500,3629.4000000000797,3754,5000
17d214ef42fd9d40,warmup1000_chain3,softmax,10.0,3.0,0.01,corrected,265,clean,0.89,0.89,0.0,False,,,0.0,0,0,0.1176,20,,0,861,2434,880,2453,False,False,True,500.0,500,500,3675.6000000000836,3796,5000
17d214ef42fd9d40,warmup1000_chain3,softmax,10.0,3.0,0.01,corrected,265,faa,0.89,0.9898189999999999,0.8904674690000001,True,5,2.4544444444444444,2.475354444444444,0,0,0.0576,1,9,289,289,,308,,False,False,False,481.3,483,500,3823.0000000000728,3930,5000
17d214ef42fd9d40,warmup1000_chain3,softmax,10.0,3.0,0.01,corrected,266,clean,0.8999900000000001,0.7829000000000002,0.0,True,0,0.0,0.0,0,0,0.0136,24,,69,69,873,88,892,False,False,False,446.09999999999894,451,500,3626.100000000075,3751,5000
17d214ef42fd9d40,warmup1000_chain3,softmax,10.0,3.0,0.01,corrected,266,faa,0.8999900000000001,0.7829000000000002,0.0,True,0,0.0,0.0,0,0,0.0136,24,,69,69,873,88,892,False,False,False,446.09999999999894,451,500,3626.100000000075,3751,5000
17d214ef42fd9d40,warmup1000_chain3,softmax,10.0,3.0,0.01,corrected,267,clean,0.7272958130900002,0.7272958130900002,0.0,False,,,0.0,0,0,0.0,17,,0,0,2588,19,2607,False,False,False,315.1999999999996,332,500,3523.8000000000798,3658,5000
17d214ef42fd9d40,warmup1000_chain3,softmax,10.0,3.0,0.01,corrected,267,faa,0.7272958130900002,0.8992958130900002,0.7923625747497285,True,1,0.9992175611209303,1.8985133742109306,0,0,0.8382,0,21,4192,4192,,4211,,False,False,False,337.19999999999936,352,500,3710.8000000000707,3828,5000
17d214ef42fd9d40,warmup1000_chain3,softmax,10.0,3.0,0.01,corrected,268,clean,0.5480000000000002,0.5480000000000002,0.0,False,,,0.0,0,0,0.0,27,,0,0,875,19,894,False,False,False,374.5999999999996,386,500,3568.9000000000797,3699,5000
17d214ef42fd9d40,warmup1000_chain3,softmax,10.0,3.0,0.01,corrected,268,faa,0.5480000000000002,0.8010000000000002,0.0,True,15,8.109126444444446,8.109126444444446,0,0,0.1118,19,15,560,560,2269,579,2288,False,False,False,385.5999999999994,396,500,3615.100000000081,3741,5000
17d214ef42fd9d40,warmup1000_chain3,softmax,10.0,3.0,0.01,corrected,269,clean,0.8073800000000001,0.7044290000000002,0.0,False,,,0.0,0,0,0.0,22,,0,0,2270,19,2289,False,False,False,376.7999999999996,388,500,3585.400000000076,3714,5000
17d214ef42fd9d40,warmup1000_chain3,softmax,10.0,3.0,0.01,corrected,269,faa,0.8073800000000001,0.8517213059869703,0.8499192967700001,False,52,10.0,10.0,0,480,0.0,0,14,0,0,,19,,False,False,False,427.3999999999989,434,500,3609.600000000075,3736,5000
17d214ef42fd9d40,warmup1000_chain3,softmax,10.0,3.0,0.01,corrected,270,clean,0.5480000000000002,0.5480000000000002,0.0,False,,,0.0,0,0,0.0,24,,0,0,2577,19,2596,False,False,False,367.99999999999943,380,500,3626.1000000000736,3751,5000
17d214ef42fd9d40,warmup1000_chain3,softmax,10.0,3.0,0.01,corrected,270,faa,0.5480000000000002,0.8010000000000002,0.0,True,8,3.6421264444444454,3.6421264444444454,0,0,0.0472,24,8,237,237,2577,256,2596,False,False,False,363.59999999999945,376,500,3659.1000000000745,3781,5000
17d214ef42fd9d40,warmup1000_chain3,softmax,10.0,3.0,0.01,corrected,271,clean,0.7190000000000001,0.7190000000000001,6.106226635438361e-16,False,,,0.0,0,0,0.0,11,,0,0,3789,19,3808,False,False,False,384.49999999999955,395,500,3625.0000000000778,3750,5000
17d214ef42fd9d40,warmup1000_chain3,softmax,10.0,3.0,0.01,corrected,271,faa,0.7190000000000001,0.8817276500000002,0.7071307000000002,True,17,7.942774444447644,8.314640074447642,0,0,0.2262,0,28,1132,1132,,1151,,False,False,False,369.09999999999974,381,500,3711.9000000000706,3829,5000
17d214ef42fd9d40,warmup1000_chain3,softmax,10.0,3.0,0.01,corrected,272,clean,0.7200653480000002,0.7200653480000002,7.216449660063518e-15,False,,,0.0,0,0,0.0,12,,0,0,3522,19,3541,False,False,False,349.29999999999956,363,500,3645.90000000008,3769,5000
17d214ef42fd9d40,warmup1000_chain3,softmax,10.0,3.0,0.01,corrected,272,faa,0.7200653480000002,0.9638032969369802,7.882583474838611e-15,True,16,7.5947757801444435,7.5947757801444435,0,0,0.559,13,16,2796,2796,3522,2815,3541,False,False,False,342.69999999999953,357,500,3644.80000000008,3768,5000
17d214ef42fd9d40,warmup1000_chain3,softmax,10.0,3.0,0.01,corrected,273,clean,0.4580000000000002,0.4580000000000002,0.0,False,,,0.0,0,0,0.0,35,,0,0,94,19,113,False,False,False,332.7999999999998,348,500,3631.600000000074,3756,5000
17d214ef42fd9d40,warmup1000_chain3,softmax,10.0,3.0,0.01,corrected,273,faa,0.4580000000000002,0.6300000000000001,0.0,True,14,3.840244463756984,4.161544463300882,0,0,0.192,20,18,961,961,2472,980,2491,False,False,False,341.5999999999998,356,500,3671.2000000000753,3792,5000
17d214ef42fd9d40,warmup1000_chain3,softmax,10.0,3.0,0.01,corrected,274,clean,0.8001800000000001,0.8001800000000001,7.194245199571014e-14,True,0,0.0,0.0,0,0,0.1508,12,,755,755,3945,774,3964,False,False,False,373.49999999999943,385,500,3652.5000000000823,3775,5000
17d214ef42fd9d40,warmup1000_chain3,softmax,10.0,3.0,0.01,corrected,274,faa,0.8001800000000001,0.8001800000000001,7.194245199571014e-14,True,0,0.0,0.0,0,0,0.1508,12,,755,755,3945,774,3964,False,False,False,373.49999999999943,385,500,3652.5000000000823,3775,5000
17d214ef42fd9d40,warmup1000_chain3,softmax,10.0,3.0,0.01,corrected,275,clean,0.5570000000000002,0.4580000000000002,0.0,False,,,0.0,0,0,0.0,49,,0,0,620,19,639,False,False,False,374.5999999999995,386,500,3416.000000000083,3560,5000
17d214ef42fd9d40,warmup1000_chain3,softmax,10.0,3.0,0.01,corrected,275,faa,0.5570000000000002,0.8171653509207002,0.6299000000000002,True,12,5.718931034444444,5.818931034444444,0,0,0.2828,0,14,1415,1415,,1434,,False,False,False,375.6999999999997,387,500,3537.0000000000823,3670,5000
17d214ef42fd9d40,warmup1000_chain3,softmax,10.0,3.0,0.01,corrected,276,clean,0.6200000000000001,0.5480000000000002,0.0,False,,,0.0,0,0,0.0,20,,0,0,3083,19,3102,False,False,False,374.5999999999995,386,500,3561.2000000000867,3692,5000
17d214ef42fd9d40,warmup1000_chain3,softmax,10.0,3.0,0.01,corrected,276,faa,0.6200000000000001,0.7288100000000002,0.0,True,21,8.47733333333333,8.651734444444442,0,0,0.0674,19,27,338,338,3274,357,3293,False,False,False,376.79999999999956,388,500,3583.200000000088,3712,5000
17d214ef42fd9d40,warmup1000_chain3,softmax,10.0,3.0,0.01,corrected,277,clean,0.7100000000000001,0.7100000000000001,0.0,False,,,0.0,0,0,0.0,24,,0,686,1887,705,1906,False,False,False,371.29999999999995,383,500,3521.600000000084,3656,5000
17d214ef42fd9d40,warmup1000_chain3,softmax,10.0,3.0,0.01,corrected,277,faa,0.7100000000000001,0.7919,0.0,True,7,2.3733333333333335,2.3733333333333335,0,0,0.137,25,6,686,686,1887,705,1906,False,False,False,369.09999999999997,381,500,3519.4000000000838,3654,5000
17d214ef42fd9d40,warmup1000_chain3,softmax,10.0,3.0,0.01,corrected,278,clean,0.7190000000000001,0.7190000000000001,0.0,False,,,0.0,0,0,0.0,17,,0,0,2958,19,2977,False,False,False,361.39999999999986,374,500,3577.700000000078,3707,5000
17d214ef42fd9d40,warmup1000_chain3,softmax,10.0,3.0,0.01,corrected,278,faa,0.7190000000000001,0.8180838000000001,0.0,True,10,3.5625444444444443,3.871444644444444,0,0,0.011,17,19,56,56,2958,75,2977,False,False,False,370.1999999999996,382,500,3577.700000000078,3707,5000
17d214ef42fd9d40,warmup1000_chain3,softmax,10.0,3.0,0.01,corrected,279,clean,0.7208836923887002,0.007208836923894124,0.0,False,,,0.0,0,0,0.0,30,,0,0,0,19,19,False,False,False,359.19999999999936,372,500,3607.400000000081,3734,5000
17d214ef42fd9d40,warmup1000_chain3,softmax,10.0,3.0,0.01,corrected,279,faa,0.7208836923887002,0.8928836923887001,0.801958206842219,True,7,1.8651674441491477,3.4075481617046175,0,0,0.855,1,378,4276,4276,,4295,,False,False,False,373.49999999999926,385,500,3793.3000000000698,3903,5000
17d214ef42fd9d40,warmup1000_chain3,softmax,10.0,3.0,0.01,corrected,280,clean,0.5570000000000002,0.5570000000000002,0.0,False,,,0.0,0,0,0.0,25,,0,0,3035,19,3054,False,False,False,370.1999999999997,382,500,3407.200000000089,3552,5000
17d214ef42fd9d40,warmup1000_chain3,softmax,10.0,3.0,0.01,corrected,280,faa,0.5570000000000002,0.8180999019000001,0.7184601528110002,True,7,2.6828554444444443,2.8495654444444445,0,0,0.234,0,13,1171,1171,,1190,,False,False,False,395.4999999999995,405,500,3625.000000000078,3750,5000
17d214ef42fd9d40,warmup1000_chain3,softmax,10.0,3.0,0.01,corrected,281,clean,0.7919000000000002,0.7919000000000002,0.6299000000000002,True,0,0.0,0.0,0,0,0.3272,1,,1637,1638,,1657,,False,False,False,387.7999999999993,398,500,3790.0000000000705,3900,5000
17d214ef42fd9d40,warmup1000_chain3,softmax,10.0,3.0,0.01,corrected,281,faa,0.7919000000000002,0.7919000000000002,0.6299000000000002,True,0,0.0,0.0,0,0,0.3272,1,,1637,1638,,1657,,False,False,False,387.7999999999993,398,500,3790.0000000000705,3900,5000
17d214ef42fd9d40,warmup1000_chain3,softmax,10.0,3.0,0.01,corrected,282,clean,0.6389090000000002,0.006389089999999986,0.0,False,,,0.0,0,0,0.0,45,,0,0,0,19,19,False,False,False,321.7999999999999,338,500,3403.9000000000838,3549,5000
17d214ef42fd9d40,warmup1000_chain3,softmax,10.0,3.0,0.01,corrected,282,faa,0.6389090000000002,0.8109090000000001,0.6389090000000002,True,12,3.3286775644444435,4.722102574444444,0,0,0.2816,0,276,1409,1409,,1428,,False,False,False,362.49999999999966,375,500,3630.500000000077,3755,5000
17d214ef42fd9d40,warmup1000_chain3,softmax,10.0,3.0,0.01,corrected,283,clean,0.6469280000000002,0.6469280000000002,0.0,False,,,0.0,0,0,0.0,30,,0,0,1943,19,1962,False,False,False,354.7999999999996,368,500,3537.000000000081,3670,5000
17d214ef42fd9d40,warmup1000_chain3,softmax,10.0,3.0,0.01,corrected,283,faa,0.6469280000000002,0.8779608000000002,0.0,True,8,3.3237973439000528,5.833302589749054,0,0,0.0272,30,388,137,137,1943,156,1962,False,False,False,356.99999999999955,370,500,3589.8000000000843,3718,5000
17d214ef42fd9d40,warmup1000_chain3,softmax,10.0,3.0,0.01,corrected,284,clean,0.5579000000000002,0.10601,0.0,False,,,0.0,0,0,0.0,24,,0,0,331,19,350,False,False,False,348.1999999999989,362,500,3526.0000000000796,3660,5000
17d214ef42fd9d40,warmup1000_chain3,softmax,10.0,3.0,0.01,corrected,284,faa,0.5579000000000002,0.8019900000000001,0.6389090000000002,True,7,2.684126444444445,2.7741364444444447,0,0,0.2226,1,9,1114,1114,,1133,,False,False,False,367.999999999999,380,500,3576.600000000081,3706,5000
17d214ef42fd9d40,warmup1000_chain3,softmax,10.0,3.0,0.01,corrected,285,clean,0.7136009992458803,0.7136009992458803,0.7136009992458803,False,,,0.0,0,0,0.0,0,,0,0,,19,,False,False,False,387.79999999999984,398,500,3582.10000000008,3711,5000
17d214ef42fd9d40,warmup1000_chain3,softmax,10.0,3.0,0.01,corrected,285,faa,0.7136009992458803,0.8856009992458801,0.7953965003205381,True,8,4.358008708717645,4.864528619888113,0,0,0.1888,1,38,945,945,,964,,False,False,False,376.79999999999984,388,500,3685.5000000000723,3805,5000
17d214ef42fd9d40,warmup1000_chain3,softmax,10.0,3.0,0.01,corrected,286,clean,0.7100000000000001,0.6308000000000002,0.0,False,,,0.0,0,0,0.0,38,,0,0,1700,19,1719,False,False,False,371.2999999999992,383,500,3507.300000000081,3643,5000
17d214ef42fd9d40,warmup1000_chain3,softmax,10.0,3.0,0.01,corrected,286,faa,0.7100000000000001,0.8098190000000001,0.0,True,7,2.3733333333333335,2.4576254444444445,0,0,0.0208,39,12,105,105,1700,124,1719,False,False,False,363.59999999999945,376,500,3552.4000000000833,3684,5000
17d214ef42fd9d40,warmup1000_chain3,softmax,10.0,3.0,0.01,corrected,287,clean,0.8090900900000001,0.8090900900000001,0.8090900900000001,False,,,0.0,0,0,0.0,0,,0,0,,19,,False,False,False,361.3999999999995,374,500,3625.0000000000755,3750,5000
17d214ef42fd9d40,warmup1000_chain3,softmax,10.0,3.0,0.01,corrected,287,faa,0.8090900900000001,0.9474947309600001,0.9474947309600001,True,7,2.644371762733334,2.644371762733334,0,0,1.0,0,6,,,,,,False,False,False,363.59999999999957,376,500,3625.0000000000755,3750,5000
17d214ef42fd9d40,warmup1000_chain3,softmax,10.0,3.0,0.01,corrected,288,clean,0.7190000000000001,0.7190000000000001,6.298999999987398e-06,True,0,0.0,0.0,0,0,0.4468,6,,2235,2235,4333,2254,4352,False,False,False,372.3999999999993,384,500,3726.200000000074,3842,5000
17d214ef42fd9d40,warmup1000_chain3,softmax,10.0,3.0,0.01,corrected,288,faa,0.7190000000000001,0.7190000000000001,6.298999999987398e-06,True,0,0.0,0.0,0,0,0.4468,6,,2235,2235,4333,2254,4352,False,False,False,372.3999999999993,384,500,3726.200000000074,3842,5000
17d214ef42fd9d40,warmup1000_chain3,softmax,10.0,3.0,0.01,corrected,289,clean,0.7190000000000001,0.7190000000000001,5.551115123125783e-17,False,,,0.0,0,0,0.0,14,,0,0,3513,19,3532,False,False,False,383.3999999999997,394,500,3638.2000000000753,3762,5000
17d214ef42fd9d40,warmup1000_chain3,softmax,10.0,3.0,0.01,corrected,289,faa,0.7190000000000001,0.8164800000000001,5.551115123125783e-17,True,6,2.0025444444444442,2.168164444444444,0,0,0.583,14,9,2916,2916,3513,2935,3532,False,False,False,392.19999999999953,402,500,3638.2000000000753,3762,5000
17d214ef42fd9d40,warmup1000_chain3,softmax,10.0,3.0,0.01,corrected,290,clean,0.7928000000000002,0.7928000000000002,0.0,True,0,0.0,0.0,0,0,0.0036,26,,19,19,1129,38,1148,False,False,False,355.8999999999994,369,500,3564.5000000000773,3695,5000
17d214ef42fd9d40,warmup1000_chain3,softmax,10.0,3.0,0.01,corrected,290,faa,0.7928000000000002,0.7928000000000002,0.0,True,0,0.0,0.0,0,0,0.0036,26,,19,19,1129,38,1148,False,False,False,355.8999999999994,369,500,3564.5000000000773,3695,5000
17d214ef42fd9d40,warmup1000_chain3,softmax,10.0,3.0,0.01,corrected,291,clean,0.7100000000000001,0.7100000000000001,5.4800053383985414e-12,False,,,0.0,0,0,0.0,9,,0,22,3901,41,3920,False,False,False,376.79999999999944,388,500,3654.700000000078,3777,5000
17d214ef42fd9d40,warmup1000_chain3,softmax,10.0,3.0,0.01,corrected,291,faa,0.7100000000000001,0.8098190000000002,6.198985769145793e-12,True,15,6.174444444444445,7.097354444444442,0,0,0.0042,9,29,22,22,3901,41,3920,False,False,False,386.6999999999994,397,500,3672.3000000000766,3793,5000
17d214ef42fd9d40,warmup1000_chain3,softmax,10.0,3.0,0.01,corrected,292,clean,0.6308900000000002,0.5480000000000002,0.0005479999999999929,False,,,0.0,0,0,0.0,2,,0,0,4982,19,,False,False,False,392.19999999999925,402,500,3584.3000000000784,3713,5000
17d214ef42fd9d40,warmup1000_chain3,softmax,10.0,3.0,0.01,corrected,292,faa,0.6308900000000002,0.49983978517999994,0.0,True,12,4.634297444444445,6.152967801075093,0,0,0.297,21,395,1486,1486,1965,1505,1984,False,False,False,378.9999999999993,390,500,3610.7000000000803,3737,5000
17d214ef42fd9d40,warmup1000_chain3,softmax,10.0,3.0,0.01,corrected,293,clean,0.6200000000000001,0.5480000000000002,0.0,False,,,0.0,0,0,0.0,15,,0,0,2476,19,2495,False,False,False,373.49999999999943,385,500,3692.100000000079,3811,5000
17d214ef42fd9d40,warmup1000_chain3,softmax,10.0,3.0,0.01,corrected,293,faa,0.6200000000000001,0.6200000000000001,0.0,True,8,3.842444444443639,4.75544444444364,0,0,0.4552,15,372,2277,2277,2476,2296,2495,False,False,False,364.6999999999997,377,500,3692.100000000079,3811,5000
17d214ef42fd9d40,warmup1000_chain3,softmax,10.0,3.0,0.01,corrected,294,clean,0.7199000000000001,0.7199000000000001,0.0,True,0,0.0,0.0,0,0,0.3674,15,,1838,1838,2634,1857,2653,False,False,False,394.3999999999995,404,500,3649.200000000077,3772,5000
17d214ef42fd9d40,warmup1000_chain3,softmax,10.0,3.0,0.01,corrected,294,faa,0.7199000000000001,0.7199000000000001,0.0,True,0,0.0,0.0,0,0,0.3674,15,,1838,1838,2634,1857,2653,False,False,False,394.3999999999995,404,500,3649.200000000077,3772,5000
17d214ef42fd9d40,warmup1000_chain3,softmax,10.0,3.0,0.01,corrected,295,clean,0.6200000000000001,0.5480000000000002,0.0,False,,,0.0,0,0,0.0,39,,0,0,1137,19,1156,False,False,False,348.19999999999936,362,500,3572.2000000000835,3702,5000
17d214ef42fd9d40,warmup1000_chain3,softmax,10.0,3.0,0.01,corrected,295,faa,0.6200000000000001,0.7271000000000001,0.0,True,10,3.7793333333333337,3.7793333333333337,0,0,0.035,39,9,176,176,1137,195,1156,False,False,False,370.19999999999914,382,500,3578.8000000000834,3708,5000
17d214ef42fd9d40,warmup1000_chain3,softmax,10.0,3.0,0.01,corrected,296,clean,0.8098028000000002,0.8098028000000002,0.6299000000000002,True,0,0.0,0.0,0,0,0.0192,0,,97,97,,116,,False,False,False,400.9999999999992,410,500,3537.0000000000864,3670,5000
17d214ef42fd9d40,warmup1000_chain3,softmax,10.0,3.0,0.01,corrected,296,faa,0.8098028000000002,0.8098028000000002,0.6299000000000002,True,0,0.0,0.0,0,0,0.0192,0,,97,97,,116,,False,False,False,400.9999999999992,410,500,3537.0000000000864,3670,5000
17d214ef42fd9d40,warmup1000_chain3,softmax,10.0,3.0,0.01,corrected,297,clean,0.5480000000000002,0.4580000000000002,0.0,False,,,0.0,0,0,0.0,45,,0,0,208,19,227,False,False,False,345.99999999999955,360,500,3494.10000000008,3631,5000
17d214ef42fd9d40,warmup1000_chain3,softmax,10.0,3.0,0.01,corrected,297,faa,0.5480000000000002,0.4580000000000002,0.0,False,,,10.0,0,480,0.0,45,19,0,0,208,19,227,False,False,False,345.9999999999995,360,500,3494.10000000008,3631,5000
17d214ef42fd9d40,warmup1000_chain3,softmax,10.0,3.0,0.01,corrected,298,clean,0.6470828000000002,0.6470828000000002,0.0,False,,,0.0,0,0,0.0,23,,0,0,547,19,566,False,False,False,336.0999999999995,351,500,3584.3000000000698,3713,5000
17d214ef42fd9d40,warmup1000_chain3,softmax,10.0,3.0,0.01,corrected,298,faa,0.6470828000000002,0.8838656280000001,0.7275676644800002,True,9,3.7139693444444446,3.7950610644444445,0,0,0.8004,0,11,4003,4003,,4022,,False,False,False,364.6999999999995,377,500,3752.600000000062,3866,5000
17d214ef42fd9d40,warmup1000_chain3,softmax,10.0,3.0,0.01,corrected,299,clean,0.8064800000000001,0.6380900000000002,0.0,False,0,0.0,0.0,0,0,0.0,34,,0,0,1745,19,1764,False,False,False,373.4999999999992,385,500,3463.300000000085,3603,5000
17d214ef42fd9d40,warmup1000_chain3,softmax,10.0,3.0,0.01,corrected,299,faa,0.8064800000000001,0.8100900000000001,0.0,True,0,0.0,1.7025721111111114,0,0,0.2954,26,463,1478,1478,2236,1497,2255,False,False,False,372.3999999999992,384,500,3537.000000000086,3670,5000
32da1760a7e580d0,warmup1000_chain3,softmax,1.0,3.0,0.01,corrected,0,clean,0.7199244800000002,0.7199244800000002,0.0,False,,,0.0,0,0,0.0,39,,0,0,1462,19,1481,False,False,False,372.39999999999964,384,500,3417.1000000000868,3561,5000
32da1760a7e580d0,warmup1000_chain3,softmax,1.0,3.0,0.01,corrected,0,faa,0.7199244800000002,0.7199244800000002,0.0,False,,,1.0,0,498,0.0,39,3,0,0,1462,19,1481,False,False,False,372.39999999999964,384,500,3417.1000000000868,3561,5000
32da1760a7e580d0,warmup1000_chain3,softmax,1.0,3.0,0.01,corrected,1,clean,0.5570000000000002,0.5480000000000002,0.0,False,,,0.0,0,0,0.0,37,,0,0,585,19,604,False,False,False,367.99999999999955,380,500,3502.9000000000856,3639,5000
32da1760a7e580d0,warmup1000_chain3,softmax,1.0,3.0,0.01,corrected,1,faa,0.5570000000000002,0.5480000000000002,0.0,False,,,1.0,0,498,0.0,37,3,0,0,585,19,604,False,False,False,367.99999999999955,380,500,3502.9000000000856,3639,5000
32da1760a7e580d0,warmup1000_chain3,softmax,1.0,3.0,0.01,corrected,2,clean,0.5480000000000002,0.5480000000000002,0.0,False,,,0.0,0,0,0.0,25,,0,0,2531,19,2550,False,False,False,371.29999999999944,383,500,3555.7000000000844,3687,5000
32da1760a7e580d0,warmup1000_chain3,softmax,1.0,3.0,0.01,corrected,2,faa,0.5480000000000002,0.5480000000000002,0.0,False,,,1.0,0,498,0.0,25,3,0,0,2531,19,2550,False,False,False,448.29999999999905,453,500,3555.7000000000844,3687,5000
32da1760a7e580d0,warmup1000_chain3,softmax,1.0,3.0,0.01,corrected,3,clean,0.6381890000000002,0.6381890000000002,0.6381890000000002,False,,,0.0,0,0,0.0,0,,0,0,,19,,False,False,False,366.89999999999907,379,500,3468.800000000086,3608,5000
32da1760a7e580d0,warmup1000_chain3,softmax,1.0,3.0,0.01,corrected,3,faa,0.6381890000000002,0.6476835785376727,0.6381890000000002,False,,,1.0,0,497,0.0,0,1,0,0,,19,,False,False,False,457.09999999999934,461,500,3477.600000000086,3616,5000
32da1760a7e580d0,warmup1000_chain3,softmax,1.0,3.0,0.01,corrected,4,clean,0.5570000000000002,0.5480000000000002,0.0,False,,,0.0,0,0,0.0,27,,0,0,1601,19,1620,False,False,False,361.39999999999924,374,500,3548.0000000000728,3680,5000
32da1760a7e580d0,warmup1000_chain3,softmax,1.0,3.0,0.01,corrected,4,faa,0.5570000000000002,0.5480000000000002,0.0,False,,,1.0,0,497,0.0,27,4,0,0,1601,19,1620,False,False,False,361.3999999999993,374,500,3548.0000000000728,3680,5000
32da1760a7e580d0,warmup1000_chain3,softmax,1.0,3.0,0.01,corrected,5,clean,0.6299000000000002,0.6299000000000002,0.0,False,,,0.0,0,0,0.0,25,,0,0,638,19,657,False,False,False,343.7999999999995,358,500,3517.200000000075,3652,5000
32da1760a7e580d0,warmup1000_chain3,softmax,1.0,3.0,0.01,corrected,5,faa,0.6299000000000002,0.6299000000000002,0.0,False,,,1.0,0,495,0.0,25,5,0,0,638,19,657,False,False,False,345.99999999999943,360,500,3517.200000000075,3652,5000
32da1760a7e580d0,warmup1000_chain3,softmax,1.0,3.0,0.01,corrected,6,clean,0.4580000000000002,4.580000000004025e-05,0.0,False,,,0.0,0,0,0.0,30,,0,0,0,19,19,False,False,False,321.7999999999997,338,500,3604.1000000000768,3731,5000
32da1760a7e580d0,warmup1000_chain3,softmax,1.0,3.0,0.01,corrected,6,faa,0.4580000000000002,0.4580000000000002,0.0,False,,,1.0,0,495,0.0,27,6,0,0,1676,19,1695,False,False,False,332.7999999999995,348,500,3605.2000000000767,3732,5000
32da1760a7e580d0,warmup1000_chain3,softmax,1.0,3.0,0.01,corrected,7,clean,0.5480000000000002,4.5905975274984634e-05,0.0,False,,,0.0,0,0,0.0,43,,0,0,0,19,19,False,False,False,348.1999999999991,362,500,3527.1000000000754,3661,5000
32da1760a7e580d0,warmup1000_chain3,softmax,1.0,3.0,0.01,corrected,7,faa,0.5480000000000002,4.5905975274984634e-05,0.0,False,,,1.0,0,494,0.0,43,2,0,0,0,19,19,False,False,False,354.79999999999905,368,500,3527.1000000000754,3661,5000
32da1760a7e580d0,warmup1000_chain3,softmax,1.0,3.0,0.01,corrected,8,clean,0.8000900000000001,0.8000900000000001,0.0,False,,,0.0,0,0,0.0,38,,0,224,1257,243,1276,False,False,False,400.9999999999996,410,500,3518.3000000000807,3653,5000
32da1760a7e580d0,warmup1000_chain3,softmax,1.0,3.0,0.01,corrected,8,faa,0.8000900000000001,0.8000900000000001,0.0,False,,,1.0,0,498,0.0,38,3,0,224,1257,243,1276,False,False,False,403.1999999999996,412,500,3518.3000000000807,3653,5000
32da1760a7e580d0,warmup1000_chain3,softmax,1.0,3.0,0.01,corrected,9,clean,0.5480000000000002,0.5480000000000002,4.579997492371035e-11,False,,,0.0,0,0,0.0,7,,0,0,4002,19,4021,False,False,False,362.49999999999966,375,500,3666.800000000079,3788,5000
32da1760a7e580d0,warmup1000_chain3,softmax,1.0,3.0,0.01,corrected,9,faa,0.5480000000000002,0.5480000000000002,4.579997492371035e-11,False,,,1.0,0,499,0.0,7,1,0,0,4002,19,4021,False,False,False,395.49999999999926,405,500,3666.800000000079,3788,5000
32da1760a7e580d0,warmup1000_chain3,softmax,1.0,3.0,0.01,corrected,10,clean,0.6299000000000002,0.6299000000000002,0.0,False,,,0.0,0,0,0.0,24,,0,0,2031,19,2050,False,False,False,378.99999999999955,390,500,3605.200000000084,3732,5000
32da1760a7e580d0,warmup1000_chain3,softmax,1.0,3.0,0.01,corrected,10,faa,0.6299000000000002,0.6299000000000002,0.0,False,,,1.0,0,498,0.0,24,3,0,0,2031,19,2050,False,False,False,383.39999999999935,394,500,3605.200000000084,3732,5000
32da1760a7e580d0,warmup1000_chain3,softmax,1.0,3.0,0.01,corrected,11,clean,0.6299000000000002,0.6299000000000002,6.106226635438361e-16,False,,,0.0,0,0,0.0,12,,0,0,4127,19,4146,False,False,False,363.5999999999992,376,500,3641.5000000000837,3765,5000
32da1760a7e580d0,warmup1000_chain3,softmax,1.0,3.0,0.01,corrected,11,faa,0.6299000000000002,0.6299000000000002,0.0,False,,,1.0,0,498,0.0,34,3,0,0,347,19,366,False,False,False,352.5999999999991,366,500,3522.7000000000858,3657,5000
32da1760a7e580d0,warmup1000_chain3,softmax,1.0,3.0,0.01,corrected,12,clean,0.5480000000000002,0.5480000000000002,4.551914400963142e-15,False,,,0.0,0,0,0.0,14,,0,0,2363,19,2382,False,False,False,373.4999999999989,385,500,3656.9000000000715,3779,5000
32da1760a7e580d0,warmup1000_chain3,softmax,1.0,3.0,0.01,corrected,12,faa,0.5480000000000002,0.5480000000000002,4.551914400963142e-15,False,,,1.0,0,498,0.0,14,3,0,0,2363,19,2382,False,False,False,373.4999999999989,385,500,3656.9000000000715,3779,5000
32da1760a7e580d0,warmup1000_chain3,softmax,1.0,3.0,0.01,corrected,13,clean,0.5570000000000002,0.5570000000000002,0.5570000000000002,False,,,0.0,0,0,0.0,0,,0,0,,19,,False,False,False,411.9999999999996,420,500,3651.4000000000733,3774,5000
32da1760a7e580d0,warmup1000_chain3,softmax,1.0,3.0,0.01,corrected,13,faa,0.5570000000000002,0.5570000000000002,0.5570000000000002,False,,,1.0,0,498,0.0,0,3,0,0,,19,,False,False,False,451.59999999999934,456,500,3651.4000000000733,3774,5000
32da1760a7e580d0,warmup1000_chain3,softmax,1.0,3.0,0.01,corrected,14,clean,0.8064800000000001,0.5480000000000002,0.0,False,0,0.0,0.0,0,0,0.0,33,,0,0,958,19,977,False,False,False,425.199999999999,432,500,3530.400000000078,3664,5000
32da1760a7e580d0,warmup1000_chain3,softmax,1.0,3.0,0.01,corrected,14,faa,0.8064800000000001,0.6389090000000002,0.0,False,0,0.0,1.0,0,272,0.0,33,229,0,0,958,19,977,False,False,False,424.099999999999,431,500,3545.8000000000793,3678,5000
32da1760a7e580d0,warmup1000_chain3,softmax,1.0,3.0,0.01,corrected,15,clean,0.5480000000000002,0.4580000000000002,0.0,False,,,0.0,0,0,0.0,36,,0,0,1184,19,1203,False,False,False,378.9999999999999,390,500,3553.5000000000796,3685,5000
32da1760a7e580d0,warmup1000_chain3,softmax,1.0,3.0,0.01,corrected,15,faa,0.5480000000000002,0.6411029349855124,0.6411029349855124,False,11,1.0,1.0,0,222,0.0,0,3,0,0,,19,,False,False,False,395.4999999999998,405,500,3666.8000000000775,3788,5000
32da1760a7e580d0,warmup1000_chain3,softmax,1.0,3.0,0.01,corrected,16,clean,0.7991900000000001,0.6308000000000002,0.0,False,0,0.0,0.0,0,0,0.0,33,,0,0,1076,19,1095,False,False,False,372.3999999999992,384,500,3471.000000000084,3610,5000
32da1760a7e580d0,warmup1000_chain3,softmax,1.0,3.0,0.01,corrected,16,faa,0.7991900000000001,0.7200000000000001,0.0,True,0,0.0,0.7112011111111113,0,0,0.1996,19,402,999,999,3029,1018,3048,False,False,False,372.3999999999992,384,500,3484.2000000000835,3622,5000
32da1760a7e580d0,warmup1000_chain3,softmax,1.0,3.0,0.01,corrected,17,clean,0.5570000000000002,0.5570000000000002,5.570000016774657e-09,False,,,0.0,0,0,0.0,6,,0,0,4474,19,4493,False,False,False,393.29999999999967,403,500,3528.200000000088,3662,5000
32da1760a7e580d0,warmup1000_chain3,softmax,1.0,3.0,0.01,corrected,17,faa,0.5570000000000002,0.8018465107123502,0.6380900000000002,True,13,1.0,1.0,0,11,0.575,0,1,2876,2876,,2895,,False,False,False,433.99999999999926,440,500,3600.800000000082,3728,5000
32da1760a7e580d0,warmup1000_chain3,softmax,1.0,3.0,0.01,corrected,18,clean,0.7829000000000002,0.7829000000000002,0.0,True,0,0.0,0.0,0,0,0.0472,41,,237,237,1238,256,1257,False,False,False,361.39999999999964,374,500,3604.100000000076,3731,5000
32da1760a7e580d0,warmup1000_chain3,softmax,1.0,3.0,0.01,corrected,18,faa,0.7829000000000002,0.7829000000000002,0.0,True,0,0.0,0.0,0,0,0.0472,41,,237,237,1238,256,1257,False,False,False,361.39999999999964,374,500,3604.100000000076,3731,5000
32da1760a7e580d0,warmup1000_chain3,softmax,1.0,3.0,0.01,corrected,19,clean,0.0007241174090000246,7.29723337311583e-09,0.0,False,,,0.0,0,0,0.0,52,,0,0,0,19,19,False,False,False,336.0999999999998,351,500,3450.1000000000845,3591,5000
32da1760a7e580d0,warmup1000_chain3,softmax,1.0,3.0,0.01,corrected,19,faa,0.0007241174090000246,0.23751153749429169,0.0,False,9,1.0,1.0,0,490,0.0,52,5,0,0,9,19,28,False,False,False,345.99999999999983,360,500,3450.1000000000845,3591,5000
32da1760a7e580d0,warmup1000_chain3,softmax,1.0,3.0,0.01,corrected,20,clean,0.6200000000000001,0.4580000000000002,0.0,False,,,0.0,0,0,0.0,31,,0,0,337,19,356,False,False,False,396.59999999999957,406,500,3642.6000000000736,3766,5000
32da1760a7e580d0,warmup1000_chain3,softmax,1.0,3.0,0.01,corrected,20,faa,0.6200000000000001,0.4580000000000002,0.0,False,,,1.0,0,498,0.0,31,3,0,0,337,19,356,False,False,False,400.9999999999996,410,500,3642.6000000000736,3766,5000
32da1760a7e580d0,warmup1000_chain3,softmax,1.0,3.0,0.01,corrected,21,clean,0.7991900000000001,0.5480000000000002,0.0,False,0,0.0,0.0,0,0,0.0,32,,0,0,1351,19,1370,False,False,False,328.39999999999975,344,500,3541.400000000085,3674,5000
32da1760a7e580d0,warmup1000_chain3,softmax,1.0,3.0,0.01,corrected,21,faa,0.7991900000000001,0.6381800000000002,0.0,False,0,0.0,1.0,0,275,0.0,20,226,0,0,2582,19,2601,False,False,False,341.5999999999998,356,500,3576.600000000087,3706,5000
32da1760a7e580d0,warmup1000_chain3,softmax,1.0,3.0,0.01,corrected,22,clean,0.7100000000000001,0.7100000000000001,0.05570000000000003,False,,,0.0,0,0,0.0,1,,0,0,,19,,False,False,False,378.9999999999996,390,500,3751.500000000073,3865,5000
32da1760a7e580d0,warmup1000_chain3,softmax,1.0,3.0,0.01,corrected,22,faa,0.7100000000000001,0.7100000000000001,0.05570000000000003,False,,,1.0,0,497,0.0,1,4,0,0,,19,,False,False,False,394.3999999999995,404,500,3751.500000000073,3865,5000
32da1760a7e580d0,warmup1000_chain3,softmax,1.0,3.0,0.01,corrected,23,clean,0.7991900000000001,0.7044290000000002,0.0,False,0,0.0,0.0,0,0,0.0,26,,0,0,2009,19,2028,False,False,False,382.2999999999993,393,500,3451.2000000000808,3592,5000
32da1760a7e580d0,warmup1000_chain3,softmax,1.0,3.0,0.01,corrected,23,faa,0.7991900000000001,0.7991900000000001,0.0,True,0,0.0,0.8850111111110311,0,0,0.0224,26,139,113,113,2009,132,2028,False,False,False,382.2999999999993,393,500,3475.4000000000833,3614,5000
32da1760a7e580d0,warmup1000_chain3,softmax,1.0,3.0,0.01,corrected,24,clean,0.5480000000000002,0.5480000000000002,0.0,False,,,0.0,0,0,0.0,40,,0,0,160,19,179,False,False,False,380.09999999999945,391,500,3429.200000000091,3572,5000
32da1760a7e580d0,warmup1000_chain3,softmax,1.0,3.0,0.01,corrected,24,faa,0.5480000000000002,0.5480000000000002,0.0,False,,,1.0,0,496,0.0,40,5,0,0,160,19,179,False,False,False,391.09999999999945,401,500,3429.200000000091,3572,5000
32da1760a7e580d0,warmup1000_chain3,softmax,1.0,3.0,0.01,corrected,25,clean,0.5570000000000002,0.005730200000000019,0.0,False,,,0.0,0,0,0.0,47,,0,0,0,19,19,False,False,False,370.19999999999936,382,500,3504.0000000000796,3640,5000
32da1760a7e580d0,warmup1000_chain3,softmax,1.0,3.0,0.01,corrected,25,faa,0.5570000000000002,0.5570000000000002,0.0,False,,,1.0,0,498,0.0,34,3,0,0,1469,19,1488,False,False,False,398.7999999999994,408,500,3541.4000000000833,3674,5000
32da1760a7e580d0,warmup1000_chain3,softmax,1.0,3.0,0.01,corrected,26,clean,0.7829000000000002,0.5480000000000002,0.0,False,0,0.0,0.0,0,0,0.0,41,,0,0,1059,19,1078,False,False,False,360.29999999999944,373,500,3479.800000000077,3618,5000
32da1760a7e580d0,warmup1000_chain3,softmax,1.0,3.0,0.01,corrected,26,faa,0.7829000000000002,0.6308000000000002,0.0,False,0,0.0,1.0,0,301,0.0,41,200,0,0,1059,19,1078,False,False,False,371.29999999999956,383,500,3510.600000000079,3646,5000
32da1760a7e580d0,warmup1000_chain3,softmax,1.0,3.0,0.01,corrected,27,clean,0.7829000000000002,0.6299000000000002,0.0,False,0,0.0,0.0,0,0,0.0,27,,0,0,1402,19,1421,False,False,False,360.29999999999956,373,500,3562.30000000008,3693,5000
32da1760a7e580d0,warmup1000_chain3,softmax,1.0,3.0,0.01,corrected,27,faa,0.7829000000000002,0.7829000000000002,5.551115123125783e-17,True,0,0.0,0.8040111111111112,0,0,0.0842,14,55,422,422,3043,441,3062,False,False,False,360.29999999999956,373,500,3594.2000000000826,3722,5000
32da1760a7e580d0,warmup1000_chain3,softmax,1.0,3.0,0.01,corrected,28,clean,0.6299000000000002,0.6299000000000002,0.6299000000000002,False,,,0.0,0,0,0.0,0,,0,0,,19,,False,False,False,383.39999999999935,394,500,3541.400000000074,3674,5000
32da1760a7e580d0,warmup1000_chain3,softmax,1.0,3.0,0.01,corrected,28,faa,0.6299000000000002,0.6624180000000001,0.6299000000000002,False,,,1.0,0,498,0.0,0,3,0,0,,19,,False,False,False,495.6,496,500,3556.8000000000748,3688,5000
32da1760a7e580d0,warmup1000_chain3,softmax,1.0,3.0,0.01,corrected,29,clean,0.6299000000000002,0.6299000000000002,0.6299000000000002,False,,,0.0,0,0,0.0,0,,0,0,,19,,False,False,False,387.79999999999944,398,500,3655.8000000000766,3778,5000
32da1760a7e580d0,warmup1000_chain3,softmax,1.0,3.0,0.01,corrected,29,faa,0.6299000000000002,0.7199582772504131,0.6461562045728346,False,,,1.0,0,496,0.0,1,3,0,0,,19,,False,False,False,489.0,490,500,3683.3000000000775,3803,5000
32da1760a7e580d0,warmup1000_chain3,softmax,1.0,3.0,0.01,corrected,30,clean,0.5480000000000002,0.5480000000000002,5.551115123125783e-16,False,,,0.0,0,0,0.0,13,,0,0,3584,19,3603,False,False,False,345.9999999999995,360,500,3551.3000000000784,3683,5000
32da1760a7e580d0,warmup1000_chain3,softmax,1.0,3.0,0.01,corrected,30,faa,0.5480000000000002,0.5480000000000002,5.551115123125783e-16,False,,,1.0,0,494,0.0,13,6,0,0,3584,19,3603,False,False,False,361.39999999999947,374,500,3553.5000000000787,3685,5000
32da1760a7e580d0,warmup1000_chain3,softmax,1.0,3.0,0.01,corrected,31,clean,0.6200000000000001,0.4580000000000002,0.0,False,,,0.0,0,0,0.0,20,,0,0,1839,19,1858,False,False,False,372.3999999999996,384,500,3608.500000000082,3735,5000
32da1760a7e580d0,warmup1000_chain3,softmax,1.0,3.0,0.01,corrected,31,faa,0.6200000000000001,0.4580000000000002,0.0,False,,,1.0,0,498,0.0,20,3,0,0,1839,19,1858,False,False,False,376.7999999999995,388,500,3608.500000000082,3735,5000
32da1760a7e580d0,warmup1000_chain3,softmax,1.0,3.0,0.01,corrected,32,clean,0.7044290000000002,0.7044290000000002,0.7044290000000002,False,,,0.0,0,0,0.0,0,,0,0,,19,,False,False,False,359.199999999999,372,500,3594.200000000074,3722,5000
32da1760a7e580d0,warmup1000_chain3,softmax,1.0,3.0,0.01,corrected,32,faa,0.7044290000000002,0.7044290000000002,0.7044290000000002,False,,,1.0,0,496,0.0,0,4,0,0,,19,,False,False,False,427.3999999999986,434,500,3594.200000000074,3722,5000
32da1760a7e580d0,warmup1000_chain3,softmax,1.0,3.0,0.01,corrected,33,clean,0.5480000000000002,0.5480000000000002,5.551115123125783e-17,False,,,0.0,0,0,0.0,15,,0,0,3527,19,3546,False,False,False,372.39999999999924,384,500,3561.2000000000817,3692,5000
32da1760a7e580d0,warmup1000_chain3,softmax,1.0,3.0,0.01,corrected,33,faa,0.5480000000000002,0.5480000000000002,5.551115123125783e-17,False,,,1.0,0,498,0.0,15,3,0,0,3527,19,3546,False,False,False,400.99999999999875,410,500,3561.2000000000817,3692,5000
32da1760a7e580d0,warmup1000_chain3,softmax,1.0,3.0,0.01,corrected,34,clean,0.7100000000000001,0.6299000000000002,6.29900021031915e-11,False,0,0.0,0.0,0,0,0.0,9,,0,0,3601,19,3620,False,False,False,365.79999999999967,378,500,3631.6000000000763,3756,5000
32da1760a7e580d0,warmup1000_chain3,softmax,1.0,3.0,0.01,corrected,34,faa,0.7100000000000001,0.7100000000000001,5.3800019994554305e-11,True,0,0.0,0.8131111111111112,0,0,0.0566,9,198,284,284,3601,303,3620,False,False,False,365.79999999999967,378,500,3660.2000000000776,3782,5000
32da1760a7e580d0,warmup1000_chain3,softmax,1.0,3.0,0.01,corrected,35,clean,0.8097299000000001,0.7125542900000001,0.0007044290000000064,False,0,0.0,0.0,0,0,0.0,2,,0,0,4874,19,4893,False,False,False,344.89999999999964,359,500,3577.7000000000844,3707,5000
32da1760a7e580d0,warmup1000_chain3,softmax,1.0,3.0,0.01,corrected,35,faa,0.8097299000000001,0.8097299000000001,0.0006377298999999947,True,0,0.0,0.8838400111111113,0,0,0.152,2,257,761,761,4874,780,4893,False,False,False,344.89999999999964,359,500,3683.300000000078,3803,5000
32da1760a7e580d0,warmup1000_chain3,softmax,1.0,3.0,0.01,corrected,36,clean,0.6380900000000003,0.6380900000000003,0.0,False,,,0.0,0,0,0.0,40,,0,0,182,19,201,False,False,False,380.0999999999996,391,500,3533.7000000000758,3667,5000
32da1760a7e580d0,warmup1000_chain3,softmax,1.0,3.0,0.01,corrected,36,faa,0.6380900000000003,0.6380900000000003,0.0,False,,,1.0,0,497,0.0,40,4,0,0,182,19,201,False,False,False,386.6999999999996,397,500,3533.7000000000758,3667,5000
32da1760a7e580d0,warmup1000_chain3,softmax,1.0,3.0,0.01,corrected,37,clean,0.5480000000000002,0.5480000000000002,0.0,False,,,0.0,0,0,0.0,18,,0,0,2450,19,2469,False,False,False,365.80000000000007,378,500,3466.600000000083,3606,5000
32da1760a7e580d0,warmup1000_chain3,softmax,1.0,3.0,0.01,corrected,37,faa,0.5480000000000002,0.5480000000000002,0.0,False,,,1.0,0,497,0.0,18,4,0,0,2450,19,2469,False,False,False,385.5999999999999,396,500,3466.600000000083,3606,5000
32da1760a7e580d0,warmup1000_chain3,softmax,1.0,3.0,0.01,corrected,38,clean,0.7044290000000002,0.7044290000000002,0.0,False,,,0.0,0,0,0.0,26,,0,0,1373,19,1392,False,False,False,383.3999999999995,394,500,3526.0000000000846,3660,5000
32da1760a7e580d0,warmup1000_chain3,softmax,1.0,3.0,0.01,corrected,38,faa,0.7044290000000002,0.7044290000000002,0.0,False,,,1.0,0,497,0.0,26,4,0,0,1373,19,1392,False,False,False,411.9999999999991,420,500,3526.0000000000846,3660,5000
32da1760a7e580d0,warmup1000_chain3,softmax,1.0,3.0,0.01,corrected,39,clean,0.7100000000000001,0.6299000000000002,0.0,False,,,0.0,0,0,0.0,21,,0,0,2013,19,2032,False,False,False,388.8999999999998,399,500,3461.100000000082,3601,5000
32da1760a7e580d0,warmup1000_chain3,softmax,1.0,3.0,0.01,corrected,39,faa,0.7100000000000001,0.6299000000000002,0.0,False,,,1.0,0,497,0.0,21,4,0,0,2013,19,2032,False,False,False,413.0999999999995,421,500,3461.100000000082,3601,5000
32da1760a7e580d0,warmup1000_chain3,softmax,1.0,3.0,0.01,corrected,40,clean,0.7190000000000001,0.7190000000000001,0.5480000000000002,True,0,0.0,0.0,0,0,0.4744,0,,2373,2373,,2392,,False,False,False,340.49999999999955,355,500,3675.6000000000763,3796,5000
32da1760a7e580d0,warmup1000_chain3,softmax,1.0,3.0,0.01,corrected,40,faa,0.7190000000000001,0.7190000000000001,0.5480000000000002,True,0,0.0,0.0,0,0,0.4744,0,,2373,2373,,2392,,False,False,False,340.49999999999955,355,500,3675.6000000000763,3796,5000
32da1760a7e580d0,warmup1000_chain3,softmax,1.0,3.0,0.01,corrected,41,clean,0.7199000000000001,0.5480000000000002,0.0,False,,,0.0,0,0,0.0,15,,0,0,3431,19,3450,False,False,False,403.19999999999936,412,500,3618.4000000000788,3744,5000
32da1760a7e580d0,warmup1000_chain3,softmax,1.0,3.0,0.01,corrected,41,faa,0.7199000000000001,0.5480000000000002,0.0,False,,,1.0,0,500,0.0,15,1,0,0,3431,19,3450,False,False,False,403.19999999999936,412,500,3618.4000000000788,3744,5000
32da1760a7e580d0,warmup1000_chain3,softmax,1.0,3.0,0.01,corrected,42,clean,0.7100000000000001,0.6380900000000003,0.0,False,0,0.0,0.0,0,0,0.0,25,,0,0,2076,19,2095,False,False,False,377.8999999999995,389,500,3578.8000000000766,3708,5000
32da1760a7e580d0,warmup1000_chain3,softmax,1.0,3.0,0.01,corrected,42,faa,0.7100000000000001,0.7100000000000001,0.0,True,0,0.0,0.9971111111111113,0,0,0.049,27,496,246,246,1856,265,1875,False,False,False,378.99999999999955,390,500,3597.5000000000773,3725,5000
32da1760a7e580d0,warmup1000_chain3,softmax,1.0,3.0,0.01,corrected,43,clean,0.7100000000000001,0.6299000000000002,0.5480000000000002,False,,,0.0,0,0,0.0,0,,0,0,,19,,False,False,False,358.0999999999997,371,500,3577.700000000086,3707,5000
32da1760a7e580d0,warmup1000_chain3,softmax,1.0,3.0,0.01,corrected,43,faa,0.7100000000000001,0.6299000000000002,0.5480000000000002,False,,,1.0,0,498,0.0,0,3,0,0,,19,,False,False,False,360.2999999999996,373,500,3577.700000000086,3707,5000
32da1760a7e580d0,warmup1000_chain3,softmax,1.0,3.0,0.01,corrected,44,clean,0.8073800000000001,0.8073800000000001,0.0,True,0,0.0,0.0,0,0,0.2526,22,,1264,1264,2546,1283,2565,False,False,False,376.79999999999905,388,500,3616.20000000008,3742,5000
32da1760a7e580d0,warmup1000_chain3,softmax,1.0,3.0,0.01,corrected,44,faa,0.8073800000000001,0.8073800000000001,0.0,True,0,0.0,0.0,0,0,0.2526,22,,1264,1264,2546,1283,2565,False,False,False,376.79999999999905,388,500,3616.20000000008,3742,5000
32da1760a7e580d0,warmup1000_chain3,softmax,1.0,3.0,0.01,corrected,45,clean,0.7190000000000001,0.7190000000000001,0.6453800000000002,False,,,0.0,0,0,0.0,0,,0,0,,19,,False,False,False,361.3999999999993,374,500,3809.8000000000675,3918,5000
32da1760a7e580d0,warmup1000_chain3,softmax,1.0,3.0,0.01,corrected,45,faa,0.7190000000000001,0.7190000000000001,0.6453800000000002,False,,,1.0,0,498,0.0,0,2,0,0,,19,,False,False,False,361.3999999999993,374,500,3809.8000000000675,3918,5000
32da1760a7e580d0,warmup1000_chain3,softmax,1.0,3.0,0.01,corrected,46,clean,0.8073800000000001,0.8073800000000001,0.7191864800000002,True,0,0.0,0.0,0,0,0.0394,1,,198,198,,217,,False,False,False,383.3999999999992,394,500,3731.7000000000717,3847,5000
32da1760a7e580d0,warmup1000_chain3,softmax,1.0,3.0,0.01,corrected,46,faa,0.8073800000000001,0.8073800000000001,0.7191864800000002,True,0,0.0,0.0,0,0,0.0394,1,,198,198,,217,,False,False,False,383.3999999999992,394,500,3731.7000000000717,3847,5000
32da1760a7e580d0,warmup1000_chain3,softmax,1.0,3.0,0.01,corrected,47,clean,0.7100000000000001,0.7100000000000001,0.0006299000000000166,False,,,0.0,0,0,0.0,4,,0,1289,4488,1308,4507,False,False,False,358.0999999999998,371,500,3688.8000000000707,3808,5000
32da1760a7e580d0,warmup1000_chain3,softmax,1.0,3.0,0.01,corrected,47,faa,0.7100000000000001,0.7209000000000001,0.0006299000000000166,False,,,1.0,0,499,0.0,4,1,0,1289,4488,1308,4507,False,False,False,496.7,497,500,3875.80000000008,3978,5000
32da1760a7e580d0,warmup1000_chain3,softmax,1.0,3.0,0.01,corrected,48,clean,0.6200000000000001,0.5570000000000002,0.0,False,,,0.0,0,0,0.0,33,,0,0,2402,19,2421,False,False,False,334.99999999999943,350,500,3535.900000000091,3669,5000
32da1760a7e580d0,warmup1000_chain3,softmax,1.0,3.0,0.01,corrected,48,faa,0.6200000000000001,0.5480000000000002,0.0,False,,,1.0,0,497,0.0,33,4,0,0,2343,19,2362,False,False,False,352.5999999999993,366,500,3535.900000000091,3669,5000
32da1760a7e580d0,warmup1000_chain3,softmax,1.0,3.0,0.01,corrected,49,clean,0.04580000000050222,4.580000000053985e-05,0.0,False,,,0.0,0,0,0.0,45,,0,0,0,19,19,False,False,False,364.6999999999996,377,500,3509.5000000000846,3645,5000
32da1760a7e580d0,warmup1000_chain3,softmax,1.0,3.0,0.01,corrected,49,faa,0.04580000000050222,0.02214972953005484,0.0,False,37,1.0,1.0,0,494,0.0,45,5,0,0,0,19,19,False,False,False,376.7999999999996,388,500,3509.5000000000846,3645,5000
32da1760a7e580d0,warmup1000_chain3,softmax,1.0,3.0,0.01,corrected,50,clean,0.5570000000000002,0.5570000000000002,5.5700000167746566e-11,False,,,0.0,0,0,0.0,10,,0,0,3180,19,3199,False,False,False,376.7999999999998,388,500,3574.4000000000824,3704,5000
32da1760a7e580d0,warmup1000_chain3,softmax,1.0,3.0,0.01,corrected,50,faa,0.5570000000000002,0.5570000000000002,5.5700000167746566e-11,False,,,1.0,0,498,0.0,10,3,0,0,3180,19,3199,False,False,False,376.7999999999998,388,500,3574.4000000000824,3704,5000
32da1760a7e580d0,warmup1000_chain3,softmax,1.0,3.0,0.01,corrected,51,clean,5.486076620003777e-05,5.486244791796935e-11,0.0,False,,,0.0,0,0,0.0,35,,0,0,0,19,19,False,False,False,350.39999999999907,364,500,3449.0000000000805,3590,5000
32da1760a7e580d0,warmup1000_chain3,softmax,1.0,3.0,0.01,corrected,51,faa,5.486076620003777e-05,0.030631490383850546,0.0,False,9,1.0,1.0,0,436,0.0,35,5,0,0,0,19,19,False,False,False,352.5999999999991,366,500,3449.0000000000805,3590,5000
32da1760a7e580d0,warmup1000_chain3,softmax,1.0,3.0,0.01,corrected,52,clean,0.7829000000000002,0.7829000000000002,5.479999787283418e-11,True,0,0.0,0.0,0,0,0.0002,9,,2,2,4627,21,4646,False,False,False,371.2999999999993,383,500,3617.3000000000784,3743,5000
32da1760a7e580d0,warmup1000_chain3,softmax,1.0,3.0,0.01,corrected,52,faa,0.7829000000000002,0.7829000000000002,5.479999787283418e-11,True,0,0.0,0.0,0,0,0.0002,9,,2,2,4627,21,4646,False,False,False,371.2999999999993,383,500,3617.3000000000784,3743,5000
32da1760a7e580d0,warmup1000_chain3,softmax,1.0,3.0,0.01,corrected,53,clean,0.8088380000000002,0.8088380000000002,0.5480000000000002,True,0,0.0,0.0,0,0,0.0496,0,,249,249,,268,,False,False,False,371.29999999999984,383,500,3718.500000000078,3835,5000
32da1760a7e580d0,warmup1000_chain3,softmax,1.0,3.0,0.01,corrected,53,faa,0.8088380000000002,0.8088380000000002,0.5480000000000002,True,0,0.0,0.0,0,0,0.0496,0,,249,249,,268,,False,False,False,371.29999999999984,383,500,3718.500000000078,3835,5000
32da1760a7e580d0,warmup1000_chain3,softmax,1.0,3.0,0.01,corrected,54,clean,0.8001890000000002,0.8001890000000002,0.0,False,,,0.0,0,0,0.0,12,,0,0,3799,19,3818,False,False,False,352.59999999999974,366,500,3432.5000000000864,3575,5000
32da1760a7e580d0,warmup1000_chain3,softmax,1.0,3.0,0.01,corrected,54,faa,0.8001890000000002,0.7129415600000002,0.0,False,,,1.0,0,498,0.0,12,3,0,0,3799,19,3818,False,False,False,359.19999999999976,372,500,3386.3000000000848,3533,5000
32da1760a7e580d0,warmup1000_chain3,softmax,1.0,3.0,0.01,corrected,55,clean,0.7190000000000001,0.7190000000000001,0.0,True,0,0.0,0.0,0,0,0.0612,20,,307,307,2824,326,2843,False,False,False,403.1999999999997,412,500,3506.200000000086,3642,5000
32da1760a7e580d0,warmup1000_chain3,softmax,1.0,3.0,0.01,corrected,55,faa,0.7190000000000001,0.7190000000000001,0.0,True,0,0.0,0.0,0,0,0.0612,20,,307,307,2824,326,2843,False,False,False,403.1999999999997,412,500,3506.200000000086,3642,5000
32da1760a7e580d0,warmup1000_chain3,softmax,1.0,3.0,0.01,corrected,56,clean,0.7199000000000001,0.7199000000000001,0.6476570000000001,False,,,0.0,0,0,0.0,0,,0,0,,19,,False,False,False,359.1999999999996,372,500,3662.4000000000683,3784,5000
32da1760a7e580d0,warmup1000_chain3,softmax,1.0,3.0,0.01,corrected,56,faa,0.7199000000000001,0.7199000000000001,0.6476570000000001,False,,,1.0,0,498,0.0,0,3,0,0,,19,,False,False,False,420.7999999999985,428,500,3662.4000000000683,3784,5000
32da1760a7e580d0,warmup1000_chain3,softmax,1.0,3.0,0.01,corrected,57,clean,0.5480000000000002,0.005479999999999985,0.0,False,,,0.0,0,0,0.0,42,,0,0,0,19,19,False,False,False,338.29999999999933,353,500,3539.2000000000767,3672,5000
32da1760a7e580d0,warmup1000_chain3,softmax,1.0,3.0,0.01,corrected,57,faa,0.5480000000000002,0.005480000000245622,0.0,False,,,1.0,0,496,0.0,42,4,0,0,0,19,19,False,False,False,336.09999999999934,351,500,3539.2000000000767,3672,5000
32da1760a7e580d0,warmup1000_chain3,softmax,1.0,3.0,0.01,corrected,58,clean,0.7100000000000001,0.5570000000000002,0.0,False,0,0.0,0.0,0,0,0.0,32,,0,0,1046,19,1065,False,False,False,338.2999999999997,353,500,3555.7000000000794,3687,5000
32da1760a7e580d0,warmup1000_chain3,softmax,1.0,3.0,0.01,corrected,58,faa,0.7100000000000001,0.6300000000000001,0.0,True,0,0.0,0.6211111111111113,0,0,0.1724,30,227,863,863,1194,882,1213,False,False,False,338.2999999999997,353,500,3561.20000000008,3692,5000
32da1760a7e580d0,warmup1000_chain3,softmax,1.0,3.0,0.01,corrected,59,clean,0.7919000000000002,0.7919000000000002,0.7118819000000002,True,0,0.0,0.0,0,0,0.5264,1,,2633,2634,,2653,,False,False,False,500.0,500,500,3817.500000000096,3925,5000
32da1760a7e580d0,warmup1000_chain3,softmax,1.0,3.0,0.01,corrected,59,faa,0.7919000000000002,0.7919000000000002,0.7118819000000002,True,0,0.0,0.0,0,0,0.5264,1,,2633,2634,,2653,,False,False,False,500.0,500,500,3817.500000000096,3925,5000
32da1760a7e580d0,warmup1000_chain3,softmax,1.0,3.0,0.01,corrected,60,clean,0.8088380000000002,0.8088380000000002,0.7052480000000002,True,0,0.0,0.0,0,0,0.178,1,,891,891,,910,,False,False,False,389.99999999999943,400,500,3823.00000000007,3930,5000
32da1760a7e580d0,warmup1000_chain3,softmax,1.0,3.0,0.01,corrected,60,faa,0.8088380000000002,0.8088380000000002,0.7052480000000002,True,0,0.0,0.0,0,0,0.178,1,,891,891,,910,,False,False,False,389.99999999999943,400,500,3823.00000000007,3930,5000
32da1760a7e580d0,warmup1000_chain3,softmax,1.0,3.0,0.01,corrected,61,clean,0.7203691700000002,0.7203691700000002,0.0,False,,,0.0,0,0,0.0,19,,0,0,3180,19,3199,False,False,False,351.4999999999993,365,500,3567.80000000008,3698,5000
32da1760a7e580d0,warmup1000_chain3,softmax,1.0,3.0,0.01,corrected,61,faa,0.7203691700000002,0.7203691700000002,0.0,False,,,1.0,0,498,0.0,19,3,0,0,3180,19,3199,False,False,False,355.89999999999935,369,500,3567.80000000008,3698,5000
32da1760a7e580d0,warmup1000_chain3,softmax,1.0,3.0,0.01,corrected,62,clean,0.7919000000000002,0.7919000000000002,0.5480000000000002,False,,,0.0,0,0,0.0,0,,0,2297,,2316,,False,False,False,500.0,500,500,3675.6000000000768,3796,5000
32da1760a7e580d0,warmup1000_chain3,softmax,1.0,3.0,0.01,corrected,62,faa,0.7919000000000002,0.7919000000000002,0.5480000000000002,False,,,1.0,0,500,0.0,0,1,0,2297,,2316,,False,False,False,500.0,500,500,3675.6000000000768,3796,5000
32da1760a7e580d0,warmup1000_chain3,softmax,1.0,3.0,0.01,corrected,63,clean,0.7100000000000001,0.5570000000000002,4.579669976578771e-14,False,0,0.0,0.0,0,0,0.0,10,,0,0,2176,19,2195,False,False,False,378.9999999999996,390,500,3590.9000000000833,3719,5000
32da1760a7e580d0,warmup1000_chain3,softmax,1.0,3.0,0.01,corrected,63,faa,0.7100000000000001,0.6300000000000001,5.667688540711424e-14,True,0,0.0,0.6211111111111113,0,0,0.1706,11,169,854,854,2909,873,2928,False,False,False,378.9999999999996,390,500,3598.6000000000836,3726,5000
32da1760a7e580d0,warmup1000_chain3,softmax,1.0,3.0,0.01,corrected,64,clean,0.7991900000000001,0.5579000000000002,0.5480000000000002,False,0,0.0,0.0,0,0,0.0,0,,0,0,,19,,False,False,False,351.4999999999996,365,500,3603.0000000000764,3730,5000
32da1760a7e580d0,warmup1000_chain3,softmax,1.0,3.0,0.01,corrected,64,faa,0.7991900000000001,0.7200000000000001,0.6299000000000002,True,0,0.0,0.7112011111111113,0,0,0.2068,1,327,1035,1035,,1054,,False,False,False,351.4999999999996,365,500,3612.900000000078,3739,5000
32da1760a7e580d0,warmup1000_chain3,softmax,1.0,3.0,0.01,corrected,65,clean,0.5480000000000002,0.5480000000000002,0.0,False,,,0.0,0,0,0.0,29,,0,0,1544,19,1563,False,False,False,376.7999999999994,388,500,3533.700000000086,3667,5000
32da1760a7e580d0,warmup1000_chain3,softmax,1.0,3.0,0.01,corrected,65,faa,0.5480000000000002,0.5480000000000002,0.0,False,,,1.0,0,498,0.0,29,3,0,0,1544,19,1563,False,False,False,374.59999999999934,386,500,3533.700000000086,3667,5000
32da1760a7e580d0,warmup1000_chain3,softmax,1.0,3.0,0.01,corrected,66,clean,0.6200000000000001,0.5570000000000002,0.0,False,,,0.0,0,0,0.0,26,,0,0,583,19,602,False,False,False,363.59999999999957,376,500,3530.400000000077,3664,5000
32da1760a7e580d0,warmup1000_chain3,softmax,1.0,3.0,0.01,corrected,66,faa,0.6200000000000001,0.7181000000000002,5.551115123125783e-17,True,6,1.0,1.0,0,2,0.0656,13,4,329,329,3095,348,3114,False,False,False,372.39999999999935,384,500,3570.0000000000787,3700,5000
32da1760a7e580d0,warmup1000_chain3,softmax,1.0,3.0,0.01,corrected,67,clean,0.7030439000000002,0.7030439000000002,0.0,False,,,0.0,0,0,0.0,21,,0,0,2046,19,2065,False,False,False,383.39999999999964,394,500,3532.6000000000895,3666,5000
32da1760a7e580d0,warmup1000_chain3,softmax,1.0,3.0,0.01,corrected,67,faa,0.7030439000000002,0.7030439000000002,0.0,False,,,1.0,0,498,0.0,21,3,0,0,2046,19,2065,False,False,False,447.199999999999,452,500,3532.6000000000895,3666,5000
32da1760a7e580d0,warmup1000_chain3,softmax,1.0,3.0,0.01,corrected,68,clean,0.7190000000000001,0.4580000000000002,0.0,False,,,0.0,0,0,0.0,34,,0,0,246,19,265,False,False,False,385.5999999999992,396,500,3551.3000000000784,3683,5000
32da1760a7e580d0,warmup1000_chain3,softmax,1.0,3.0,0.01,corrected,68,faa,0.7190000000000001,0.4580000000000002,0.0,False,,,1.0,0,500,0.0,34,1,0,0,246,19,265,False,False,False,385.5999999999992,396,500,3551.3000000000784,3683,5000
32da1760a7e580d0,warmup1000_chain3,softmax,1.0,3.0,0.01,corrected,69,clean,0.4580000000000002,0.4580000000000002,0.0,False,,,0.0,0,0,0.0,28,,0,0,113,19,132,False,False,False,356.99999999999955,370,500,3590.90000000008,3719,5000
32da1760a7e580d0,warmup1000_chain3,softmax,1.0,3.0,0.01,corrected,69,faa,0.4580000000000002,0.4580000000000002,0.0,False,,,1.0,0,495,0.0,28,5,0,0,113,19,132,False,False,False,361.3999999999995,374,500,3590.90000000008,3719,5000
32da1760a7e580d0,warmup1000_chain3,softmax,1.0,3.0,0.01,corrected,70,clean,0.5480000000000002,0.5480000000000002,0.0,False,,,0.0,0,0,0.0,27,,0,0,1252,19,1271,False,False,False,366.8999999999997,379,500,3618.4000000000724,3744,5000
32da1760a7e580d0,warmup1000_chain3,softmax,1.0,3.0,0.01,corrected,70,faa,0.5480000000000002,0.5480000000000002,0.0,False,,,1.0,0,498,0.0,27,3,0,0,1252,19,1271,False,False,False,384.49999999999943,395,500,3618.4000000000724,3744,5000
32da1760a7e580d0,warmup1000_chain3,softmax,1.0,3.0,0.01,corrected,71,clean,0.8098190900000002,0.7286145497000003,0.7280263546190002,False,,,0.0,0,0,0.0,0,,0,0,,19,,False,False,False,372.39999999999947,384,500,3474.3000000000807,3613,5000
32da1760a7e580d0,warmup1000_chain3,softmax,1.0,3.0,0.01,corrected,71,faa,0.8098190900000002,0.6630668641610902,0.6630668641610902,False,,,1.0,0,498,0.0,0,3,0,0,,19,,False,False,False,377.8999999999993,389,500,3476.500000000081,3615,5000
32da1760a7e580d0,warmup1000_chain3,softmax,1.0,3.0,0.01,corrected,72,clean,0.5480000000000002,0.5480000000000002,0.0,False,,,0.0,0,0,0.0,34,,0,0,334,19,353,False,False,False,385.5999999999994,396,500,3576.600000000082,3706,5000
32da1760a7e580d0,warmup1000_chain3,softmax,1.0,3.0,0.01,corrected,72,faa,0.5480000000000002,0.5480000000000002,0.0,False,,,1.0,0,498,0.0,34,3,0,0,334,19,353,False,False,False,385.5999999999994,396,500,3576.600000000082,3706,5000
32da1760a7e580d0,warmup1000_chain3,softmax,1.0,3.0,0.01,corrected,73,clean,0.7100000000000001,0.7100000000000001,0.0,True,0,0.0,0.0,0,0,0.0494,27,,248,248,592,267,611,False,False,False,393.29999999999944,403,500,3634.9000000000747,3759,5000
32da1760a7e580d0,warmup1000_chain3,softmax,1.0,3.0,0.01,corrected,73,faa,0.7100000000000001,0.7100000000000001,0.0,True,0,0.0,0.0,0,0,0.0494,27,,248,248,592,267,611,False,False,False,393.29999999999944,403,500,3634.9000000000747,3759,5000
32da1760a7e580d0,warmup1000_chain3,softmax,1.0,3.0,0.01,corrected,74,clean,0.5480000000000002,0.5480000000000002,0.0,False,,,0.0,0,0,0.0,34,,0,0,942,19,961,False,False,False,389.99999999999943,400,500,3493.0000000000837,3630,5000
32da1760a7e580d0,warmup1000_chain3,softmax,1.0,3.0,0.01,corrected,74,faa,0.5480000000000002,0.5480000000000002,0.0,False,,,1.0,0,498,0.0,34,3,0,0,942,19,961,False,False,False,389.99999999999943,400,500,3493.0000000000837,3630,5000
32da1760a7e580d0,warmup1000_chain3,softmax,1.0,3.0,0.01,corrected,75,clean,0.5480000000000002,0.5480000000000002,0.0,False,,,0.0,0,0,0.0,30,,0,0,1269,19,1288,False,False,False,361.39999999999986,374,500,3632.70000000008,3757,5000
32da1760a7e580d0,warmup1000_chain3,softmax,1.0,3.0,0.01,corrected,75,faa,0.5480000000000002,0.6624179999999923,0.0,False,,,1.0,0,498,0.0,30,3,0,0,1269,19,1288,False,False,False,495.6,496,500,3791.1000000000895,3901,5000
32da1760a7e580d0,warmup1000_chain3,softmax,1.0,3.0,0.01,corrected,76,clean,0.7829000000000002,0.7829000000000002,4.580225088091083e-13,True,0,0.0,0.0,0,0,0.2156,12,,1079,1079,2585,1098,2604,False,False,False,367.9999999999997,380,500,3592.0000000000805,3720,5000
32da1760a7e580d0,warmup1000_chain3,softmax,1.0,3.0,0.01,corrected,76,faa,0.7829000000000002,0.7829000000000002,4.580225088091083e-13,True,0,0.0,0.0,0,0,0.2156,12,,1079,1079,2585,1098,2604,False,False,False,367.9999999999997,380,500,3592.0000000000805,3720,5000
32da1760a7e580d0,warmup1000_chain3,softmax,1.0,3.0,0.01,corrected,77,clean,0.6200000000000001,0.6200000000000001,0.0,False,,,0.0,0,0,0.0,30,,0,756,1737,775,1756,False,False,False,367.99999999999955,380,500,3500.7000000000876,3637,5000
32da1760a7e580d0,warmup1000_chain3,softmax,1.0,3.0,0.01,corrected,77,faa,0.6200000000000001,0.6200000000000001,0.0,False,,,1.0,0,498,0.0,30,3,0,756,1737,775,1756,False,False,False,367.99999999999955,380,500,3500.7000000000876,3637,5000
32da1760a7e580d0,warmup1000_chain3,softmax,1.0,3.0,0.01,corrected,78,clean,0.7190000000000001,0.7190000000000001,6.298850330210826e-13,False,,,0.0,0,0,0.0,10,,0,0,4138,19,4157,False,False,False,378.99999999999955,390,500,3594.200000000086,3722,5000
32da1760a7e580d0,warmup1000_chain3,softmax,1.0,3.0,0.01,corrected,78,faa,0.7190000000000001,0.7360182980000001,6.591394097199554e-13,False,,,1.0,0,498,0.0,10,3,0,0,4138,19,4157,False,False,False,421.89999999999895,429,500,3625.0000000000837,3750,5000
32da1760a7e580d0,warmup1000_chain3,softmax,1.0,3.0,0.01,corrected,79,clean,0.06386650999999999,0.0006386651005756971,0.0,False,,,0.0,0,0,0.0,44,,0,0,0,19,19,False,False,False,352.5999999999998,366,500,3555.7000000000767,3687,5000
32da1760a7e580d0,warmup1000_chain3,softmax,1.0,3.0,0.01,corrected,79,faa,0.06386650999999999,0.000638667662422987,0.0,False,,,1.0,0,496,0.0,44,5,0,0,0,19,19,False,False,False,348.1999999999998,362,500,3555.7000000000767,3687,5000
32da1760a7e580d0,warmup1000_chain3,softmax,1.0,3.0,0.01,corrected,80,clean,0.5480000000000002,0.5480000000000002,0.0,False,,,0.0,0,0,0.0,42,,0,0,593,19,612,False,False,False,374.599999999999,386,500,3379.700000000091,3527,5000
32da1760a7e580d0,warmup1000_chain3,softmax,1.0,3.0,0.01,corrected,80,faa,0.5480000000000002,0.5480000000000002,0.0,False,,,1.0,0,496,0.0,42,5,0,0,593,19,612,False,False,False,383.399999999999,394,500,3379.700000000091,3527,5000
32da1760a7e580d0,warmup1000_chain3,softmax,1.0,3.0,0.01,corrected,81,clean,0.89,0.89,0.7191872090000002,False,,,0.0,0,0,0.164,2,,0,0,,19,,False,True,True,500.0,500,500,3854.900000000082,3959,5000
32da1760a7e580d0,warmup1000_chain3,softmax,1.0,3.0,0.01,corrected,81,faa,0.89,0.8180000000000001,0.6609788189000002,False,,,1.0,0,500,0.0,1,1,0,0,,19,,False,False,False,494.5,495,500,3768.0000000000887,3880,5000
32da1760a7e580d0,warmup1000_chain3,softmax,1.0,3.0,0.01,corrected,82,clean,0.7199000000000001,0.7199000000000001,0.6469379000000002,False,,,0.0,0,0,0.0,1,,0,0,,19,,False,False,False,359.1999999999993,372,500,3676.700000000073,3797,5000
32da1760a7e580d0,warmup1000_chain3,softmax,1.0,3.0,0.01,corrected,82,faa,0.7199000000000001,0.7199000000000001,0.6469379000000002,False,,,1.0,0,498,0.0,1,3,0,0,,19,,False,False,False,359.1999999999993,372,500,3676.700000000073,3797,5000
32da1760a7e580d0,warmup1000_chain3,softmax,1.0,3.0,0.01,corrected,83,clean,0.5570000000000002,0.5480000000000002,0.0,False,,,0.0,0,0,0.0,25,,0,0,1518,19,1537,False,False,False,364.6999999999996,377,500,3520.500000000076,3655,5000
32da1760a7e580d0,warmup1000_chain3,softmax,1.0,3.0,0.01,corrected,83,faa,0.5570000000000002,0.7281900000000001,0.0,False,,,1.0,0,500,0.0,25,1,0,0,1518,19,1537,False,False,False,496.7,497,500,3652.500000000085,3775,5000
32da1760a7e580d0,warmup1000_chain3,softmax,1.0,3.0,0.01,corrected,84,clean,0.4580000000000002,0.4580000000000002,0.0,False,,,0.0,0,0,0.0,40,,0,0,83,19,102,False,False,False,363.59999999999934,376,500,3537.0000000000787,3670,5000
32da1760a7e580d0,warmup1000_chain3,softmax,1.0,3.0,0.01,corrected,84,faa,0.4580000000000002,0.4580000000000002,0.0,False,,,1.0,0,495,0.0,40,5,0,0,83,19,102,False,False,False,365.7999999999993,378,500,3537.0000000000787,3670,5000
32da1760a7e580d0,warmup1000_chain3,softmax,1.0,3.0,0.01,corrected,85,clean,0.7100000000000001,0.7100000000000001,0.0,False,,,0.0,0,0,0.0,14,,0,0,3646,19,3665,False,False,False,374.59999999999985,386,500,3528.200000000082,3662,5000
32da1760a7e580d0,warmup1000_chain3,softmax,1.0,3.0,0.01,corrected,85,faa,0.7100000000000001,0.7100000000000001,0.0,False,,,1.0,0,500,0.0,14,1,0,0,3646,19,3665,False,False,False,374.59999999999985,386,500,3528.200000000082,3662,5000
32da1760a7e580d0,warmup1000_chain3,softmax,1.0,3.0,0.01,corrected,86,clean,0.6200000000000001,0.5480000000000002,0.0,False,,,0.0,0,0,0.0,22,,0,0,992,19,1011,False,False,False,343.79999999999967,358,500,3578.8000000000816,3708,5000
32da1760a7e580d0,warmup1000_chain3,softmax,1.0,3.0,0.01,corrected,86,faa,0.6200000000000001,0.5480000000000002,0.0,False,,,1.0,0,499,0.0,22,2,0,0,992,19,1011,False,False,False,356.9999999999997,370,500,3578.8000000000816,3708,5000
32da1760a7e580d0,warmup1000_chain3,softmax,1.0,3.0,0.01,corrected,87,clean,0.7100000000000001,0.7100000000000001,0.0,False,,,0.0,0,0,0.0,31,,0,131,1871,150,1890,False,False,False,373.4999999999997,385,500,3517.2000000000867,3652,5000
32da1760a7e580d0,warmup1000_chain3,softmax,1.0,3.0,0.01,corrected,87,faa,0.7100000000000001,0.7100000000000001,0.0,False,,,1.0,0,498,0.0,31,3,0,131,1871,150,1890,False,False,False,426.29999999999916,433,500,3517.2000000000867,3652,5000
32da1760a7e580d0,warmup1000_chain3,softmax,1.0,3.0,0.01,corrected,88,clean,0.5480000000000002,0.5480000000000002,4.440892098500626e-16,False,,,0.0,0,0,0.0,11,,0,0,3124,19,3143,False,False,False,367.9999999999997,380,500,3645.9000000000738,3769,5000
32da1760a7e580d0,warmup1000_chain3,softmax,1.0,3.0,0.01,corrected,88,faa,0.5480000000000002,0.7192813196688291,6.106226635438361e-16,True,14,1.0,1.0,0,9,0.2038,12,3,1020,1020,3498,1039,3517,False,False,False,394.39999999999964,404,500,3648.100000000074,3771,5000
32da1760a7e580d0,warmup1000_chain3,softmax,1.0,3.0,0.01,corrected,89,clean,0.000557006389436121,5.570044425695642e-12,0.0,False,,,0.0,0,0,0.0,52,,0,0,0,19,19,False,False,False,345.9999999999994,360,500,3493.000000000081,3630,5000
32da1760a7e580d0,warmup1000_chain3,softmax,1.0,3.0,0.01,corrected,89,faa,0.000557006389436121,3.5956834176786856e-09,0.0,False,,,1.0,0,496,0.0,52,4,0,0,0,19,19,False,False,False,338.2999999999995,353,500,3493.000000000081,3630,5000
32da1760a7e580d0,warmup1000_chain3,softmax,1.0,3.0,0.01,corrected,90,clean,0.7829000000000002,0.5570000000000002,0.0,False,0,0.0,0.0,0,0,0.0,40,,0,0,819,19,838,False,False,False,370.1999999999992,382,500,3374.2000000000917,3522,5000
32da1760a7e580d0,warmup1000_chain3,softmax,1.0,3.0,0.01,corrected,90,faa,0.7829000000000002,0.6300000000000001,0.0,True,0,0.0,0.6130111111111113,0,0,0.1382,33,317,692,692,1686,711,1705,False,False,False,370.1999999999992,382,500,3388.5000000000923,3535,5000
32da1760a7e580d0,warmup1000_chain3,softmax,1.0,3.0,0.01,corrected,91,clean,0.5570000000000002,0.0005570000150659782,0.0,False,,,0.0,0,0,0.0,25,,0,0,0,19,19,False,False,False,364.6999999999991,377,500,3584.30000000008,3713,5000
32da1760a7e580d0,warmup1000_chain3,softmax,1.0,3.0,0.01,corrected,91,faa,0.5570000000000002,0.0005570001506600697,0.0,False,,,1.0,0,496,0.0,25,5,0,0,0,19,19,False,False,False,382.29999999999905,393,500,3584.30000000008,3713,5000
32da1760a7e580d0,warmup1000_chain3,softmax,1.0,3.0,0.01,corrected,92,clean,0.5480000000000002,0.5480000000000002,0.0,False,,,0.0,0,0,0.0,25,,0,0,2003,19,2022,False,False,False,365.7999999999995,378,500,3464.4000000000847,3604,5000
32da1760a7e580d0,warmup1000_chain3,softmax,1.0,3.0,0.01,corrected,92,faa,0.5480000000000002,0.5480000000000002,0.0,False,,,1.0,0,497,0.0,25,4,0,0,2003,19,2022,False,False,False,374.5999999999995,386,500,3464.4000000000847,3604,5000
32da1760a7e580d0,warmup1000_chain3,softmax,1.0,3.0,0.01,corrected,93,clean,0.5480000000000002,0.5480000000000002,0.0,False,,,0.0,0,0,0.0,38,,0,0,937,19,956,False,False,False,378.9999999999992,390,500,3494.1000000000804,3631,5000
32da1760a7e580d0,warmup1000_chain3,softmax,1.0,3.0,0.01,corrected,93,faa,0.5480000000000002,0.5480000000000002,0.0,False,,,1.0,0,498,0.0,38,3,0,0,937,19,956,False,False,False,378.9999999999992,390,500,3494.1000000000804,3631,5000
32da1760a7e580d0,warmup1000_chain3,softmax,1.0,3.0,0.01,corrected,94,clean,0.8999,0.8088380000000002,0.7044290000000002,True,0,0.0,0.0,0,0,0.3796,1,,1899,1899,,1918,,False,False,False,448.2999999999991,453,500,3740.500000000075,3855,5000
32da1760a7e580d0,warmup1000_chain3,softmax,1.0,3.0,0.01,corrected,94,faa,0.8999,0.8088380000000002,0.7044290000000002,True,0,0.0,0.0,0,0,0.3796,1,,1899,1899,,1918,,False,False,False,448.2999999999991,453,500,3740.500000000075,3855,5000
32da1760a7e580d0,warmup1000_chain3,softmax,1.0,3.0,0.01,corrected,95,clean,0.5480000000000002,0.5480000000000002,0.0,False,,,0.0,0,0,0.0,16,,0,0,3793,19,3812,False,False,False,393.2999999999994,403,500,3516.100000000084,3651,5000
32da1760a7e580d0,warmup1000_chain3,softmax,1.0,3.0,0.01,corrected,95,faa,0.5480000000000002,0.16007553800000007,0.0,False,,,1.0,0,498,0.0,39,3,0,0,147,19,166,False,False,False,396.59999999999934,406,500,3499.6000000000845,3636,5000
32da1760a7e580d0,warmup1000_chain3,softmax,1.0,3.0,0.01,corrected,96,clean,0.8008190000000002,0.7191062900000003,0.0,False,0,0.0,0.0,0,0,0.0,28,,0,0,791,19,810,False,False,False,373.49999999999943,385,500,3581.0000000000778,3710,5000
32da1760a7e580d0,warmup1000_chain3,softmax,1.0,3.0,0.01,corrected,96,faa,0.8008190000000002,0.8008190000000002,0.0,True,0,0.0,0.9678563111111115,0,0,0.0662,27,464,332,332,1380,351,1399,False,False,False,373.49999999999943,385,500,3592.000000000078,3720,5000
32da1760a7e580d0,warmup1000_chain3,softmax,1.0,3.0,0.01,corrected,97,clean,0.5570000000000002,0.5570000000000002,0.0,False,,,0.0,0,0,0.0,46,,0,0,41,19,60,False,False,False,356.99999999999915,370,500,3595.3000000000748,3723,5000
32da1760a7e580d0,warmup1000_chain3,softmax,1.0,3.0,0.01,corrected,97,faa,0.5570000000000002,0.5570000000000002,0.0,False,,,1.0,0,496,0.0,46,5,0,0,41,19,60,False,False,False,374.599999999999,386,500,3595.3000000000748,3723,5000
32da1760a7e580d0,warmup1000_chain3,softmax,1.0,3.0,0.01,corrected,98,clean,0.8081090000000001,0.8081090000000001,0.8081090000000001,True,0,0.0,0.0,0,0,1.0,0,,,,,,,False,False,False,376.7999999999995,388,500,3697.6000000000713,3816,5000
32da1760a7e580d0,warmup1000_chain3,softmax,1.0,3.0,0.01,corrected,98,faa,0.8081090000000001,0.8081090000000001,0.8081090000000001,True,0,0.0,0.0,0,0,1.0,0,,,,,,,False,False,False,376.7999999999995,388,500,3697.6000000000713,3816,5000
32da1760a7e580d0,warmup1000_chain3,softmax,1.0,3.0,0.01,corrected,99,clean,0.4580000000000002,0.4580000000000002,0.0,False,,,0.0,0,0,0.0,21,,0,0,2033,19,2052,False,False,False,373.49999999999915,385,500,3618.40000000008,3744,5000
32da1760a7e580d0,warmup1000_chain3,softmax,1.0,3.0,0.01,corrected,99,faa,0.4580000000000002,0.027245309458456823,0.0,False,,,1.0,0,498,0.0,35,3,0,0,0,19,19,False,False,False,384.4999999999991,395,500,3606.30000000008,3733,5000
32da1760a7e580d0,warmup1000_chain3,softmax,1.0,3.0,0.01,corrected,100,clean,0.5480000000000002,0.5480000000000002,5.551115123125783e-17,False,,,0.0,0,0,0.0,15,,0,0,2774,19,2793,False,False,False,352.59999999999917,366,500,3603.0000000000746,3730,5000
32da1760a7e580d0,warmup1000_chain3,softmax,1.0,3.0,0.01,corrected,100,faa,0.5480000000000002,0.5480000000000002,5.551115123125783e-17,False,,,1.0,0,495,0.0,15,5,0,0,2774,19,2793,False,False,False,352.5999999999991,366,500,3603.0000000000746,3730,5000
32da1760a7e580d0,warmup1000_chain3,softmax,1.0,3.0,0.01,corrected,101,clean,0.8064800000000001,0.8064800000000001,0.6299000000000002,True,0,0.0,0.0,0,0,0.0086,1,,44,44,,63,,False,False,False,350.3999999999997,364,500,3616.2000000000803,3742,5000
32da1760a7e580d0,warmup1000_chain3,softmax,1.0,3.0,0.01,corrected,101,faa,0.8064800000000001,0.8064800000000001,0.6299000000000002,True,0,0.0,0.0,0,0,0.0086,1,,44,44,,63,,False,False,False,350.3999999999997,364,500,3616.2000000000803,3742,5000
32da1760a7e580d0,warmup1000_chain3,softmax,1.0,3.0,0.01,corrected,102,clean,0.7111619000000002,0.7111619000000002,0.6299000000000002,False,,,0.0,0,0,0.0,0,,0,0,,19,,False,False,False,359.1999999999996,372,500,3706.4000000000697,3824,5000
32da1760a7e580d0,warmup1000_chain3,softmax,1.0,3.0,0.01,corrected,102,faa,0.7111619000000002,0.7111619000000002,0.6299000000000002,False,,,1.0,0,498,0.0,0,3,0,0,,19,,False,False,False,365.7999999999995,378,500,3706.4000000000697,3824,5000
32da1760a7e580d0,warmup1000_chain3,softmax,1.0,3.0,0.01,corrected,103,clean,0.7991900000000001,0.6461090000000002,0.0,False,0,0.0,0.0,0,0,0.0,14,,0,0,3090,19,3109,False,False,False,387.79999999999944,398,500,3615.1000000000804,3741,5000
32da1760a7e580d0,warmup1000_chain3,softmax,1.0,3.0,0.01,corrected,103,faa,0.7991900000000001,0.7290000000000001,0.6560819900000001,True,0,0.0,0.7212011111103102,0,0,0.2768,1,82,1385,1385,,1404,,False,False,False,387.79999999999944,398,500,3640.4000000000783,3764,5000
32da1760a7e580d0,warmup1000_chain3,softmax,1.0,3.0,0.01,corrected,104,clean,0.8008190000000002,0.7192709778680002,0.0,False,,,0.0,0,0,0.0,28,,0,0,2063,19,2082,False,False,False,378.9999999999992,390,500,3475.4000000000897,3614,5000
32da1760a7e580d0,warmup1000_chain3,softmax,1.0,3.0,0.01,corrected,104,faa,0.8008190000000002,0.8008190000000002,0.7192709778680002,False,,,1.0,0,497,0.0,0,4,0,0,,19,,False,False,False,394.39999999999907,404,500,3631.600000000078,3756,5000
32da1760a7e580d0,warmup1000_chain3,softmax,1.0,3.0,0.01,corrected,105,clean,0.6200000000000001,0.6200000000000001,1.5524248553333564e-12,False,,,0.0,0,0,0.0,13,,0,1414,1626,1433,1645,False,False,False,392.19999999999936,402,500,3720.7000000000794,3837,5000
32da1760a7e580d0,warmup1000_chain3,softmax,1.0,3.0,0.01,corrected,105,faa,0.6200000000000001,0.6200000000000001,1.5524248553333564e-12,False,,,1.0,0,497,0.0,13,4,0,1414,1626,1433,1645,False,False,False,398.7999999999994,408,500,3720.7000000000794,3837,5000
32da1760a7e580d0,warmup1000_chain3,softmax,1.0,3.0,0.01,corrected,106,clean,0.6453800000000002,0.6453800000000002,0.0,False,,,0.0,0,0,0.0,39,,0,0,591,19,610,False,False,False,372.39999999999947,384,500,3538.1000000000804,3671,5000
32da1760a7e580d0,warmup1000_chain3,softmax,1.0,3.0,0.01,corrected,106,faa,0.6453800000000002,0.6453800000000002,0.0,False,,,1.0,0,497,0.0,39,4,0,0,591,19,610,False,False,False,372.39999999999947,384,500,3538.1000000000804,3671,5000
32da1760a7e580d0,warmup1000_chain3,softmax,1.0,3.0,0.01,corrected,107,clean,0.5480000000000002,0.5480000000000002,0.0,False,,,0.0,0,0,0.0,34,,0,0,634,19,653,False,False,False,387.7999999999993,398,500,3561.200000000083,3692,5000
32da1760a7e580d0,warmup1000_chain3,softmax,1.0,3.0,0.01,corrected,107,faa,0.5480000000000002,0.5480000000000002,0.0,False,,,1.0,0,496,0.0,34,2,0,0,634,19,653,False,False,False,407.59999999999934,416,500,3561.200000000083,3692,5000
32da1760a7e580d0,warmup1000_chain3,softmax,1.0,3.0,0.01,corrected,108,clean,0.5480000000000002,0.5480000000000002,0.0,False,,,0.0,0,0,0.0,39,,0,0,873,19,892,False,False,False,381.19999999999965,392,500,3537.000000000083,3670,5000
32da1760a7e580d0,warmup1000_chain3,softmax,1.0,3.0,0.01,corrected,108,faa,0.5480000000000002,0.7342996781582001,0.0,True,10,1.0,1.0,0,6,0.0342,20,3,172,172,2603,191,2622,False,False,False,421.89999999999895,429,500,3562.3000000000834,3693,5000
32da1760a7e580d0,warmup1000_chain3,softmax,1.0,3.0,0.01,corrected,109,clean,0.6200000000000001,0.5480000000000002,0.0,False,,,0.0,0,0,0.0,23,,0,0,1612,19,1631,False,False,False,392.1999999999995,402,500,3476.500000000087,3615,5000
32da1760a7e580d0,warmup1000_chain3,softmax,1.0,3.0,0.01,corrected,109,faa,0.6200000000000001,0.5480000000000002,0.0,False,,,1.0,0,497,0.0,23,4,0,0,1612,19,1631,False,False,False,409.7999999999993,418,500,3476.500000000087,3615,5000
32da1760a7e580d0,warmup1000_chain3,softmax,1.0,3.0,0.01,corrected,110,clean,0.7991900000000001,0.7044290000000002,5.551115123125783e-17,False,0,0.0,0.0,0,0,0.0,15,,0,0,2952,19,2971,False,False,False,370.19999999999936,382,500,3517.2000000000858,3652,5000
32da1760a7e580d0,warmup1000_chain3,softmax,1.0,3.0,0.01,corrected,110,faa,0.7991900000000001,0.8019000000000002,0.7118819000000002,True,0,0.0,0.8022011111111114,0,0,0.2626,1,62,1314,1314,,1333,,False,False,False,370.19999999999936,382,500,3681.100000000072,3801,5000
32da1760a7e580d0,warmup1000_chain3,softmax,1.0,3.0,0.01,corrected,111,clean,0.5570000000000002,0.5570000000000002,0.0,False,,,0.0,0,0,0.0,44,,0,0,397,19,416,False,False,False,344.9,359,500,3510.600000000083,3646,5000
32da1760a7e580d0,warmup1000_chain3,softmax,1.0,3.0,0.01,corrected,111,faa,0.5570000000000002,0.4930189995538522,0.0,False,,,1.0,0,499,0.0,46,2,0,0,108,19,127,False,False,False,356.99999999999983,370,500,3510.600000000083,3646,5000
32da1760a7e580d0,warmup1000_chain3,softmax,1.0,3.0,0.01,corrected,112,clean,0.5480000000000002,0.5480000000000002,0.0,False,,,0.0,0,0,0.0,26,,0,0,1595,19,1614,False,False,False,354.7999999999996,368,500,3505.100000000082,3641,5000
32da1760a7e580d0,warmup1000_chain3,softmax,1.0,3.0,0.01,corrected,112,faa,0.5480000000000002,0.5450805867726801,0.0,False,,,1.0,0,496,0.0,26,3,0,0,1595,19,1614,False,False,False,369.0999999999996,381,500,3549.100000000084,3681,5000
32da1760a7e580d0,warmup1000_chain3,softmax,1.0,3.0,0.01,corrected,113,clean,0.5480000000000002,0.5480000000000002,0.0,False,,,0.0,0,0,0.0,38,,0,0,347,19,366,False,False,False,381.1999999999995,392,500,3519.400000000077,3654,5000
32da1760a7e580d0,warmup1000_chain3,softmax,1.0,3.0,0.01,corrected,113,faa,0.5480000000000002,0.5480000000000002,0.0,False,,,1.0,0,497,0.0,38,4,0,0,347,19,366,False,False,False,383.3999999999994,394,500,3519.400000000077,3654,5000
32da1760a7e580d0,warmup1000_chain3,softmax,1.0,3.0,0.01,corrected,114,clean,0.8081090000000001,0.7263469700000001,0.7263469700000001,False,,,0.0,0,0,0.0,0,,0,0,,19,,False,False,False,359.19999999999925,372,500,3807.6000000000654,3916,5000
32da1760a7e580d0,warmup1000_chain3,softmax,1.0,3.0,0.01,corrected,114,faa,0.8081090000000001,0.7263469700000001,0.7263469700000001,False,,,1.0,0,500,0.0,0,1,0,0,,19,,False,False,False,374.59999999999894,386,500,3807.6000000000654,3916,5000
32da1760a7e580d0,warmup1000_chain3,softmax,1.0,3.0,0.01,corrected,115,clean,0.8000900000000002,0.8000900000000002,0.7185158000000003,True,0,0.0,0.0,0,0,0.0464,1,,233,233,,252,,False,False,False,385.5999999999998,396,500,3692.1000000000695,3811,5000
32da1760a7e580d0,warmup1000_chain3,softmax,1.0,3.0,0.01,corrected,115,faa,0.8000900000000002,0.8000900000000002,0.7185158000000003,True,0,0.0,0.0,0,0,0.0464,1,,233,233,,252,,False,False,False,385.5999999999998,396,500,3692.1000000000695,3811,5000
32da1760a7e580d0,warmup1000_chain3,softmax,1.0,3.0,0.01,corrected,116,clean,0.5579000000000002,0.4580000000000002,0.0,False,,,0.0,0,0,0.0,52,,0,0,11,19,30,False,False,False,367.9999999999997,380,500,3458.9000000000824,3599,5000
32da1760a7e580d0,warmup1000_chain3,softmax,1.0,3.0,0.01,corrected,116,faa,0.5579000000000002,0.4580000000000002,0.0,False,,,1.0,0,499,0.0,52,2,0,0,11,19,30,False,False,False,381.1999999999997,392,500,3458.9000000000824,3599,5000
32da1760a7e580d0,warmup1000_chain3,softmax,1.0,3.0,0.01,corrected,117,clean,0.6299000000000002,0.6299000000000002,0.6299000000000002,False,,,0.0,0,0,0.0,0,,0,0,,19,,False,False,False,355.8999999999993,369,500,3523.8000000000766,3658,5000
32da1760a7e580d0,warmup1000_chain3,softmax,1.0,3.0,0.01,corrected,117,faa,0.6299000000000002,0.7166712311076864,0.7166712311076864,False,,,1.0,0,497,0.0,0,1,0,0,,19,,False,False,False,392.1999999999991,402,500,3532.6000000000768,3666,5000
32da1760a7e580d0,warmup1000_chain3,softmax,1.0,3.0,0.01,corrected,118,clean,0.8099818280000002,0.8099818280000002,7.265299473147024e-12,False,,,0.0,0,0,0.0,12,,0,0,3332,19,3351,False,False,False,387.79999999999933,398,500,3655.800000000077,3778,5000
32da1760a7e580d0,warmup1000_chain3,softmax,1.0,3.0,0.01,corrected,118,faa,0.8099818280000002,0.8099818280000002,7.265299473147024e-12,False,,,1.0,0,498,0.0,12,3,0,0,3332,19,3351,False,False,False,495.6,496,500,3717.400000000078,3834,5000
32da1760a7e580d0,warmup1000_chain3,softmax,1.0,3.0,0.01,corrected,119,clean,0.6200000000000001,0.0006032425022000076,0.0,False,,,0.0,0,0,0.0,47,,0,0,0,19,19,False,False,False,333.8999999999995,349,500,3572.200000000084,3702,5000
32da1760a7e580d0,warmup1000_chain3,softmax,1.0,3.0,0.01,corrected,119,faa,0.6200000000000001,0.5570000000000002,0.0,False,,,1.0,0,498,0.0,43,3,0,0,564,19,583,False,False,False,344.8999999999995,359,500,3575.5000000000837,3705,5000
32da1760a7e580d0,warmup1000_chain3,softmax,1.0,3.0,0.01,corrected,120,clean,0.5480000000000002,1.2063842000364922e-06,0.0,False,,,0.0,0,0,0.0,35,,0,0,0,19,19,False,False,False,343.79999999999995,358,500,3598.600000000076,3726,5000
32da1760a7e580d0,warmup1000_chain3,softmax,1.0,3.0,0.01,corrected,120,faa,0.5480000000000002,0.7289822374136034,0.7289822374136034,False,11,1.0,1.0,0,489,0.0,0,1,0,0,,19,,False,False,False,391.09999999999945,401,500,3649.2000000000753,3772,5000
32da1760a7e580d0,warmup1000_chain3,softmax,1.0,3.0,0.01,corrected,121,clean,0.4580000000000002,0.4580000000000002,0.0,False,,,0.0,0,0,0.0,36,,0,0,297,19,316,False,False,False,352.59999999999997,366,500,3548.0000000000823,3680,5000
32da1760a7e580d0,warmup1000_chain3,softmax,1.0,3.0,0.01,corrected,121,faa,0.4580000000000002,0.5022000000000709,0.0,False,1,0.6999999999999933,1.0,0,482,0.0,12,19,0,0,3960,19,3979,False,False,False,363.5999999999999,376,500,3584.3000000000816,3713,5000
32da1760a7e580d0,warmup1000_chain3,softmax,1.0,3.0,0.01,corrected,122,clean,0.5480000000000002,0.4580000000000002,0.0,False,,,0.0,0,0,0.0,34,,0,0,275,19,294,False,False,False,354.79999999999933,368,500,3563.4000000000788,3694,5000
32da1760a7e580d0,warmup1000_chain3,softmax,1.0,3.0,0.01,corrected,122,faa,0.5480000000000002,0.5480000000000002,0.0,False,,,1.0,0,498,0.0,30,3,0,0,891,19,910,False,False,False,416.39999999999907,424,500,3578.800000000079,3708,5000
32da1760a7e580d0,warmup1000_chain3,softmax,1.0,3.0,0.01,corrected,123,clean,0.7190000000000001,0.6200000000000001,0.0,False,,,0.0,0,0,0.0,25,,0,133,1415,152,1434,False,False,False,389.99999999999915,400,500,3548.0000000000864,3680,5000
32da1760a7e580d0,warmup1000_chain3,softmax,1.0,3.0,0.01,corrected,123,faa,0.7190000000000001,0.5861554060679,0.0,False,,,1.0,0,498,0.0,25,1,0,0,1415,19,1434,False,False,False,382.2999999999993,393,500,3548.0000000000864,3680,5000
32da1760a7e580d0,warmup1000_chain3,softmax,1.0,3.0,0.01,corrected,124,clean,0.4580000000000002,0.4580000000000002,0.0,False,,,0.0,0,0,0.0,36,,0,0,312,19,331,False,False,False,370.1999999999995,382,500,3516.1000000000795,3651,5000
32da1760a7e580d0,warmup1000_chain3,softmax,1.0,3.0,0.01,corrected,124,faa,0.4580000000000002,0.2777271545762362,0.0,False,,,1.0,0,495,0.0,40,5,0,0,182,19,201,False,False,False,377.8999999999994,389,500,3510.600000000079,3646,5000
32da1760a7e580d0,warmup1000_chain3,softmax,1.0,3.0,0.01,corrected,125,clean,0.6461090000000003,0.6461090000000003,0.0,False,,,0.0,0,0,0.0,43,,0,0,579,19,598,False,False,False,352.5999999999992,366,500,3519.400000000079,3654,5000
32da1760a7e580d0,warmup1000_chain3,softmax,1.0,3.0,0.01,corrected,125,faa,0.6461090000000003,0.6461090000000003,0.0,False,,,1.0,0,496,0.0,43,5,0,0,579,19,598,False,False,False,372.3999999999992,384,500,3521.6000000000795,3656,5000
32da1760a7e580d0,warmup1000_chain3,softmax,1.0,3.0,0.01,corrected,126,clean,0.6299000000000002,0.6299000000000002,0.0,False,,,0.0,0,0,0.0,38,,0,0,627,19,646,False,False,False,384.4999999999997,395,500,3597.5000000000764,3725,5000
32da1760a7e580d0,warmup1000_chain3,softmax,1.0,3.0,0.01,corrected,126,faa,0.6299000000000002,0.6299000000000002,0.0,False,,,1.0,0,497,0.0,38,4,0,0,627,19,646,False,False,False,386.6999999999997,397,500,3597.5000000000764,3725,5000
32da1760a7e580d0,warmup1000_chain3,softmax,1.0,3.0,0.01,corrected,127,clean,0.5480000000000002,0.5480000000000002,4.579669976578771e-14,False,,,0.0,0,0,0.0,12,,0,0,2581,19,2600,False,False,False,380.09999999999945,391,500,3677.8000000000743,3798,5000
32da1760a7e580d0,warmup1000_chain3,softmax,1.0,3.0,0.01,corrected,127,faa,0.5480000000000002,0.5480000000000002,4.579669976578771e-14,False,,,1.0,0,497,0.0,12,4,0,0,2581,19,2600,False,False,False,388.89999999999947,399,500,3677.8000000000743,3798,5000
32da1760a7e580d0,warmup1000_chain3,softmax,1.0,3.0,0.01,corrected,128,clean,0.1199339000000007,0.007603829641438964,0.0,False,,,0.0,0,0,0.0,37,,0,0,0,19,19,False,False,False,333.8999999999995,349,500,3517.200000000088,3652,5000
32da1760a7e580d0,warmup1000_chain3,softmax,1.0,3.0,0.01,corrected,128,faa,0.1199339000000007,0.3782516157461606,0.0,False,5,1.0,1.0,0,495,0.0,33,3,0,0,853,19,872,False,False,False,347.09999999999945,361,500,3521.6000000000877,3656,5000
32da1760a7e580d0,warmup1000_chain3,softmax,1.0,3.0,0.01,corrected,129,clean,0.5480000000000002,0.4580000000000002,0.0,False,,,0.0,0,0,0.0,40,,0,0,605,19,624,False,False,False,345.99999999999966,360,500,3450.100000000086,3591,5000
32da1760a7e580d0,warmup1000_chain3,softmax,1.0,3.0,0.01,corrected,129,faa,0.5480000000000002,0.4580000000000002,0.0,False,,,1.0,0,498,0.0,40,3,0,0,605,19,624,False,False,False,345.99999999999966,360,500,3450.100000000086,3591,5000
32da1760a7e580d0,warmup1000_chain3,softmax,1.0,3.0,0.01,corrected,130,clean,0.8064800000000001,0.6299000000000002,0.0,False,0,0.0,0.0,0,0,0.0,28,,0,0,1914,19,1933,False,False,False,381.19999999999914,392,500,3516.100000000081,3651,5000
32da1760a7e580d0,warmup1000_chain3,softmax,1.0,3.0,0.01,corrected,130,faa,0.8064800000000001,0.7111529000000002,0.0,False,0,0.0,1.0,0,118,0.0,29,383,0,0,1778,19,1797,False,False,False,380.0999999999991,391,500,3556.800000000083,3688,5000
32da1760a7e580d0,warmup1000_chain3,softmax,1.0,3.0,0.01,corrected,131,clean,0.8999,0.8999,0.7044290000000002,True,0,0.0,0.0,0,0,0.3322,2,,1662,1662,,1681,,False,False,False,500.0,500,500,3748.2000000000726,3862,5000
32da1760a7e580d0,warmup1000_chain3,softmax,1.0,3.0,0.01,corrected,131,faa,0.8999,0.8999,0.7044290000000002,True,0,0.0,0.0,0,0,0.3322,2,,1662,1662,,1681,,False,False,False,500.0,500,500,3748.2000000000726,3862,5000
32da1760a7e580d0,warmup1000_chain3,softmax,1.0,3.0,0.01,corrected,132,clean,0.8008190000000002,0.07207216034633901,0.0,False,,,0.0,0,0,0.0,34,,0,0,238,19,257,False,False,False,360.2999999999991,373,500,3574.4000000000738,3704,5000
32da1760a7e580d0,warmup1000_chain3,softmax,1.0,3.0,0.01,corrected,132,faa,0.8008190000000002,0.7191225800000003,0.7191225800000003,False,,,1.0,0,498,0.0,0,3,0,0,,19,,False,False,False,376.7999999999993,388,500,3644.8000000000757,3768,5000
32da1760a7e580d0,warmup1000_chain3,softmax,1.0,3.0,0.01,corrected,133,clean,0.4580000000000002,0.4580000000000002,0.0,False,,,0.0,0,0,0.0,34,,0,0,700,19,719,False,False,False,345.99999999999943,360,500,3484.2000000000844,3622,5000
32da1760a7e580d0,warmup1000_chain3,softmax,1.0,3.0,0.01,corrected,133,faa,0.4580000000000002,0.2965082774,0.0,False,,,1.0,0,495,0.0,34,4,0,0,700,19,719,False,False,False,371.2999999999994,383,500,3484.2000000000844,3622,5000
32da1760a7e580d0,warmup1000_chain3,softmax,1.0,3.0,0.01,corrected,134,clean,0.7100000000000001,0.5570000000000002,0.5480000000000002,False,0,0.0,0.0,0,0,0.0,0,,0,0,,19,,False,False,False,382.29999999999967,393,500,3540.3000000000798,3673,5000
32da1760a7e580d0,warmup1000_chain3,softmax,1.0,3.0,0.01,corrected,134,faa,0.7100000000000001,0.7100000000000001,0.6208000000000002,True,0,0.0,0.7211111111111111,0,0,0.0926,1,403,464,464,,483,,False,False,False,382.29999999999967,393,500,3543.60000000008,3676,5000
32da1760a7e580d0,warmup1000_chain3,softmax,1.0,3.0,0.01,corrected,135,clean,0.5480000000000002,0.000653461999999938,0.0,False,,,0.0,0,0,0.0,26,,0,0,0,19,19,False,False,False,400.9999999999993,410,500,3477.6000000000827,3616,5000
32da1760a7e580d0,warmup1000_chain3,softmax,1.0,3.0,0.01,corrected,135,faa,0.5480000000000002,0.000653461999999938,0.0,False,,,1.0,0,498,0.0,26,3,0,0,0,19,19,False,False,False,407.5999999999993,416,500,3477.6000000000827,3616,5000
32da1760a7e580d0,warmup1000_chain3,softmax,1.0,3.0,0.01,corrected,136,clean,0.7928000000000002,0.7928000000000002,7.05990821359137e-13,False,,,0.0,0,0,0.0,11,,0,0,3651,19,3670,False,False,False,356.99999999999926,370,500,3566.7000000000767,3697,5000
32da1760a7e580d0,warmup1000_chain3,softmax,1.0,3.0,0.01,corrected,136,faa,0.7928000000000002,0.7928000000000002,7.05990821359137e-13,False,,,1.0,0,498,0.0,11,2,0,0,3651,19,3670,False,False,False,372.39999999999907,384,500,3566.7000000000767,3697,5000
32da1760a7e580d0,warmup1000_chain3,softmax,1.0,3.0,0.01,corrected,137,clean,0.5480000000000002,0.5480000000000002,0.0,False,,,0.0,0,0,0.0,48,,0,0,670,19,689,False,False,False,369.0999999999996,381,500,3440.2000000000844,3582,5000
32da1760a7e580d0,warmup1000_chain3,softmax,1.0,3.0,0.01,corrected,137,faa,0.5480000000000002,0.5480000000000002,0.0,False,,,1.0,0,498,0.0,48,3,0,0,670,19,689,False,False,False,388.8999999999996,399,500,3440.2000000000844,3582,5000
32da1760a7e580d0,warmup1000_chain3,softmax,1.0,3.0,0.01,corrected,138,clean,0.6200000000000001,0.5570000000000002,0.0,False,,,0.0,0,0,0.0,29,,0,0,1976,19,1995,False,False,False,378.99999999999955,390,500,3522.700000000083,3657,5000
32da1760a7e580d0,warmup1000_chain3,softmax,1.0,3.0,0.01,corrected,138,faa,0.6200000000000001,0.5570000000000002,0.0,False,,,1.0,0,497,0.0,29,4,0,0,1976,19,1995,False,False,False,387.7999999999995,398,500,3522.700000000083,3657,5000
32da1760a7e580d0,warmup1000_chain3,softmax,1.0,3.0,0.01,corrected,139,clean,0.7190000000000001,0.6200000000000001,0.04580000000000001,False,,,0.0,0,0,0.0,1,,0,847,4879,866,4898,False,False,False,352.59999999999974,366,500,3583.2000000000844,3712,5000
32da1760a7e580d0,warmup1000_chain3,softmax,1.0,3.0,0.01,corrected,139,faa,0.7190000000000001,0.6200000000000001,0.04580000000000001,False,,,1.0,0,500,0.0,1,1,0,847,4879,866,4898,False,False,False,352.59999999999974,366,500,3583.2000000000844,3712,5000
32da1760a7e580d0,warmup1000_chain3,softmax,1.0,3.0,0.01,corrected,140,clean,0.6470982800000002,0.6470982800000002,0.0,False,,,0.0,0,0,0.0,42,,0,0,1124,19,1143,False,False,False,373.49999999999966,385,500,3431.4000000000883,3574,5000
32da1760a7e580d0,warmup1000_chain3,softmax,1.0,3.0,0.01,corrected,140,faa,0.6470982800000002,0.6470982800000002,0.0,False,,,1.0,0,495,0.0,42,6,0,0,1124,19,1143,False,False,False,408.6999999999994,417,500,3457.8000000000893,3598,5000
32da1760a7e580d0,warmup1000_chain3,softmax,1.0,3.0,0.01,corrected,141,clean,0.8999900000000001,0.8098028000000002,0.6380900000000002,True,0,0.0,0.0,0,0,0.2272,0,,1137,1137,,1156,,False,False,False,464.7999999999993,468,500,3697.6000000000786,3816,5000
32da1760a7e580d0,warmup1000_chain3,softmax,1.0,3.0,0.01,corrected,141,faa,0.8999900000000001,0.8098028000000002,0.6380900000000002,True,0,0.0,0.0,0,0,0.2272,0,,1137,1137,,1156,,False,False,False,464.7999999999993,468,500,3697.6000000000786,3816,5000
32da1760a7e580d0,warmup1000_chain3,softmax,1.0,3.0,0.01,corrected,142,clean,0.6299000000000002,0.6299000000000002,0.0,False,,,0.0,0,0,0.0,18,,0,0,2923,19,2942,False,False,False,352.59999999999957,366,500,3625.000000000079,3750,5000
32da1760a7e580d0,warmup1000_chain3,softmax,1.0,3.0,0.01,corrected,142,faa,0.6299000000000002,0.36399725000000005,0.0,False,,,1.0,0,498,0.0,30,2,0,0,693,19,712,False,False,False,391.09999999999934,401,500,3594.200000000079,3722,5000
32da1760a7e580d0,warmup1000_chain3,softmax,1.0,3.0,0.01,corrected,143,clean,0.8099818280000002,0.7289584069400002,7.285004266499584e-10,False,,,0.0,0,0,0.0,8,,0,0,4323,19,4342,False,False,False,365.7999999999994,378,500,3698.70000000007,3817,5000
32da1760a7e580d0,warmup1000_chain3,softmax,1.0,3.0,0.01,corrected,143,faa,0.8099818280000002,0.7289584069400002,7.285004266499584e-10,False,,,1.0,0,498,0.0,8,3,0,0,4323,19,4342,False,False,False,372.3999999999994,384,500,3698.70000000007,3817,5000
32da1760a7e580d0,warmup1000_chain3,softmax,1.0,3.0,0.01,corrected,144,clean,0.5480000000000002,0.5480000000000002,0.0,False,,,0.0,0,0,0.0,27,,0,0,1631,19,1650,False,False,False,374.59999999999945,386,500,3513.900000000089,3649,5000
32da1760a7e580d0,warmup1000_chain3,softmax,1.0,3.0,0.01,corrected,144,faa,0.5480000000000002,0.5480000000000002,0.0,False,,,1.0,0,498,0.0,27,3,0,0,1631,19,1650,False,False,False,427.3999999999987,434,500,3513.900000000089,3649,5000
32da1760a7e580d0,warmup1000_chain3,softmax,1.0,3.0,0.01,corrected,145,clean,0.5570000000000002,0.5570000000000002,0.0,False,,,0.0,0,0,0.0,30,,0,0,1708,19,1727,False,False,False,363.5999999999995,376,500,3548.0000000000864,3680,5000
32da1760a7e580d0,warmup1000_chain3,softmax,1.0,3.0,0.01,corrected,145,faa,0.5570000000000002,0.5570000000000002,0.0,False,,,1.0,0,497,0.0,30,4,0,0,1708,19,1727,False,False,False,387.7999999999993,398,500,3548.0000000000864,3680,5000
32da1760a7e580d0,warmup1000_chain3,softmax,1.0,3.0,0.01,corrected,146,clean,0.6389090000000002,0.6389090000000002,5.551115123125783e-17,False,,,0.0,0,0,0.0,14,,0,0,3016,19,3035,False,False,False,359.1999999999994,372,500,3545.800000000077,3678,5000
32da1760a7e580d0,warmup1000_chain3,softmax,1.0,3.0,0.01,corrected,146,faa,0.6389090000000002,0.6389090000000002,5.551115123125783e-17,False,,,1.0,0,494,0.0,14,6,0,0,3016,19,3035,False,False,False,363.59999999999934,376,500,3545.800000000077,3678,5000
32da1760a7e580d0,warmup1000_chain3,softmax,1.0,3.0,0.01,corrected,147,clean,0.7928000000000002,0.7829000000000002,5.48000000000215e-06,True,0,0.0,0.0,0,0,0.1682,6,,842,842,4449,861,4468,False,False,False,484.5999999999997,486,500,3561.2000000000835,3692,5000
32da1760a7e580d0,warmup1000_chain3,softmax,1.0,3.0,0.01,corrected,147,faa,0.7928000000000002,0.7829000000000002,5.48000000000215e-06,True,0,0.0,0.0,0,0,0.1682,6,,842,842,4449,861,4468,False,False,False,484.5999999999997,486,500,3561.2000000000835,3692,5000
32da1760a7e580d0,warmup1000_chain3,softmax,1.0,3.0,0.01,corrected,148,clean,0.7190000000000001,0.7190000000000001,0.5480000000000002,True,0,0.0,0.0,0,0,0.1222,0,,612,612,,631,,False,False,False,376.7999999999996,388,500,3697.6000000000677,3816,5000
32da1760a7e580d0,warmup1000_chain3,softmax,1.0,3.0,0.01,corrected,148,faa,0.7190000000000001,0.7190000000000001,0.5480000000000002,True,0,0.0,0.0,0,0,0.1222,0,,612,612,,631,,False,False,False,376.7999999999996,388,500,3697.6000000000677,3816,5000
32da1760a7e580d0,warmup1000_chain3,softmax,1.0,3.0,0.01,corrected,149,clean,0.8001800000000001,0.8001800000000001,7.216449660063518e-16,False,,,0.0,0,0,0.0,15,,0,0,3657,19,3676,False,False,False,361.39999999999924,374,500,3592.000000000083,3720,5000
32da1760a7e580d0,warmup1000_chain3,softmax,1.0,3.0,0.01,corrected,149,faa,0.8001800000000001,0.8001800000000001,7.216449660063518e-16,False,,,1.0,0,498,0.0,15,2,0,0,3657,19,3676,False,False,False,374.5999999999992,386,500,3592.000000000083,3720,5000
32da1760a7e580d0,warmup1000_chain3,softmax,1.0,3.0,0.01,corrected,150,clean,0.059827248799999955,0.005982724885027213,0.0,False,,,0.0,0,0,0.0,51,,0,0,0,19,19,False,False,False,372.39999999999964,384,500,3512.800000000085,3648,5000
32da1760a7e580d0,warmup1000_chain3,softmax,1.0,3.0,0.01,corrected,150,faa,0.059827248799999955,0.2589533087196466,0.0,False,6,0.821486045173333,1.0,0,485,0.0,47,16,0,0,567,19,586,False,False,False,372.3999999999995,384,500,3517.2000000000853,3652,5000
32da1760a7e580d0,warmup1000_chain3,softmax,1.0,3.0,0.01,corrected,151,clean,0.4580000000000002,0.00045800000557438825,0.0,False,,,0.0,0,0,0.0,32,,0,0,0,19,19,False,False,False,358.0999999999992,371,500,3609.6000000000804,3736,5000
32da1760a7e580d0,warmup1000_chain3,softmax,1.0,3.0,0.01,corrected,151,faa,0.4580000000000002,0.4580000000000002,0.0,False,,,1.0,0,495,0.0,22,6,0,0,1528,19,1547,False,False,False,367.99999999999915,380,500,3636.0000000000805,3760,5000
32da1760a7e580d0,warmup1000_chain3,softmax,1.0,3.0,0.01,corrected,152,clean,0.8073800000000001,0.8000900000000002,5.551115123125783e-17,False,,,0.0,0,0,0.0,15,,0,0,3314,19,3333,False,False,False,394.3999999999997,404,500,3649.2000000000753,3772,5000
32da1760a7e580d0,warmup1000_chain3,softmax,1.0,3.0,0.01,corrected,152,faa,0.8073800000000001,0.8000900000000002,5.551115123125783e-17,False,,,1.0,0,500,0.0,15,1,0,0,3314,19,3333,False,False,False,394.3999999999997,404,500,3649.2000000000753,3772,5000
32da1760a7e580d0,warmup1000_chain3,softmax,1.0,3.0,0.01,corrected,153,clean,0.5480000000000002,0.5480000000000002,0.0,False,,,0.0,0,0,0.0,27,,0,0,1254,19,1273,False,False,False,374.5999999999995,386,500,3436.90000000009,3579,5000
32da1760a7e580d0,warmup1000_chain3,softmax,1.0,3.0,0.01,corrected,153,faa,0.5480000000000002,0.718816785711686,0.5926747944289207,True,19,1.0,1.0,0,14,0.17,1,3,851,851,,870,,False,False,False,383.39999999999947,394,500,3472.1000000000904,3611,5000
32da1760a7e580d0,warmup1000_chain3,softmax,1.0,3.0,0.01,corrected,154,clean,0.5480000000000002,0.4580000000000002,0.0,False,,,0.0,0,0,0.0,32,,0,0,461,19,480,False,False,False,328.39999999999947,344,500,3622.800000000072,3748,5000
32da1760a7e580d0,warmup1000_chain3,softmax,1.0,3.0,0.01,corrected,154,faa,0.5480000000000002,0.4580000000000002,0.0,False,,,1.0,0,498,0.0,32,3,0,0,461,19,480,False,False,False,328.39999999999947,344,500,3622.800000000072,3748,5000
32da1760a7e580d0,warmup1000_chain3,softmax,1.0,3.0,0.01,corrected,155,clean,0.4580000000000002,0.4580000000000002,0.0,False,,,0.0,0,0,0.0,33,,0,0,452,19,471,False,False,False,372.3999999999992,384,500,3485.3000000000816,3623,5000
32da1760a7e580d0,warmup1000_chain3,softmax,1.0,3.0,0.01,corrected,155,faa,0.4580000000000002,0.4580000000000002,0.0,False,,,1.0,0,496,0.0,33,5,0,0,452,19,471,False,False,False,381.1999999999992,392,500,3485.3000000000816,3623,5000
32da1760a7e580d0,warmup1000_chain3,softmax,1.0,3.0,0.01,corrected,156,clean,0.7928000000000002,0.7928000000000002,0.7126109000000003,True,0,0.0,0.0,0,0,0.0344,1,,173,173,,192,,False,False,False,389.9999999999993,400,500,3669.000000000076,3790,5000
32da1760a7e580d0,warmup1000_chain3,softmax,1.0,3.0,0.01,corrected,156,faa,0.7928000000000002,0.7928000000000002,0.7126109000000003,True,0,0.0,0.0,0,0,0.0344,1,,173,173,,192,,False,False,False,389.9999999999993,400,500,3669.000000000076,3790,5000
32da1760a7e580d0,warmup1000_chain3,softmax,1.0,3.0,0.01,corrected,157,clean,0.7829000000000002,0.6299000000000002,0.006298999999999999,False,0,0.0,0.0,0,0,0.0,2,,0,0,4846,19,4865,False,False,False,383.3999999999994,394,500,3620.600000000075,3746,5000
32da1760a7e580d0,warmup1000_chain3,softmax,1.0,3.0,0.01,corrected,157,faa,0.7829000000000002,0.7829000000000002,0.0061089999999999756,True,0,0.0,0.8040111111111112,0,0,0.0596,2,449,299,299,4846,318,4865,False,False,False,383.3999999999994,394,500,3750.4000000000697,3864,5000
32da1760a7e580d0,warmup1000_chain3,softmax,1.0,3.0,0.01,corrected,158,clean,0.6308000000000002,0.5480000000000002,0.0,False,,,0.0,0,0,0.0,23,,0,0,791,19,810,False,False,False,376.79999999999967,388,500,3571.1000000000754,3701,5000
32da1760a7e580d0,warmup1000_chain3,softmax,1.0,3.0,0.01,corrected,158,faa,0.6308000000000002,0.5480000000000002,0.0,False,,,1.0,0,499,0.0,23,2,0,0,791,19,810,False,False,False,387.79999999999967,398,500,3571.1000000000754,3701,5000
32da1760a7e580d0,warmup1000_chain3,softmax,1.0,3.0,0.01,corrected,159,clean,0.5570000000000002,0.001665709999999987,0.0,False,,,0.0,0,0,0.0,41,,0,0,0,19,19,False,False,False,362.49999999999943,375,500,3524.900000000086,3659,5000
32da1760a7e580d0,warmup1000_chain3,softmax,1.0,3.0,0.01,corrected,159,faa,0.5570000000000002,0.6302555507406412,0.6299000000000002,False,16,1.0,1.0,0,220,0.0,0,3,0,0,,19,,False,False,False,420.799999999999,428,500,3640.400000000082,3764,5000
32da1760a7e580d0,warmup1000_chain3,softmax,1.0,3.0,0.01,corrected,160,clean,0.7069507280000003,0.7069507280000003,0.7069507280000003,False,,,0.0,0,0,0.0,0,,0,0,,19,,False,False,False,341.5999999999996,356,500,3561.200000000083,3692,5000
32da1760a7e580d0,warmup1000_chain3,softmax,1.0,3.0,0.01,corrected,160,faa,0.7069507280000003,0.7069507280000003,0.7069507280000003,False,,,1.0,0,496,0.0,0,3,0,0,,19,,False,False,False,350.3999999999996,364,500,3541.4000000000847,3674,5000
32da1760a7e580d0,warmup1000_chain3,softmax,1.0,3.0,0.01,corrected,161,clean,0.5480000000000002,0.5480000000000002,0.0,False,,,0.0,0,0,0.0,33,,0,0,1118,19,1137,False,False,False,356.9999999999993,370,500,3529.3000000000784,3663,5000
32da1760a7e580d0,warmup1000_chain3,softmax,1.0,3.0,0.01,corrected,161,faa,0.5480000000000002,0.5480000000000002,0.0,False,,,1.0,0,498,0.0,33,3,0,0,1118,19,1137,False,False,False,354.7999999999993,368,500,3529.3000000000784,3663,5000
32da1760a7e580d0,warmup1000_chain3,softmax,1.0,3.0,0.01,corrected,162,clean,0.6299000000000002,0.6299000000000002,0.0,False,,,0.0,0,0,0.0,19,,0,0,2776,19,2795,False,False,False,367.99999999999955,380,500,3597.500000000078,3725,5000
32da1760a7e580d0,warmup1000_chain3,softmax,1.0,3.0,0.01,corrected,162,faa,0.6299000000000002,0.6299000000000002,0.0,False,,,1.0,0,498,0.0,19,3,0,0,2776,19,2795,False,False,False,451.5999999999991,456,500,3597.500000000078,3725,5000
32da1760a7e580d0,warmup1000_chain3,softmax,1.0,3.0,0.01,corrected,163,clean,0.7100000000000001,0.6299000000000002,0.0,False,,,0.0,0,0,0.0,45,,0,0,1258,19,1277,False,False,False,359.1999999999997,372,500,3308.2000000000935,3462,5000
32da1760a7e580d0,warmup1000_chain3,softmax,1.0,3.0,0.01,corrected,163,faa,0.7100000000000001,0.6299000000000002,0.0,False,,,1.0,0,498,0.0,45,2,0,0,1258,19,1277,False,False,False,359.1999999999997,372,500,3308.2000000000935,3462,5000
32da1760a7e580d0,warmup1000_chain3,softmax,1.0,3.0,0.01,corrected,164,clean,0.7919000000000002,0.7100000000000001,6.328271240363392e-15,True,0,0.0,0.0,0,0,0.366,9,,1831,1832,4171,1851,4190,False,False,False,398.79999999999967,408,500,3739.400000000075,3854,5000
32da1760a7e580d0,warmup1000_chain3,softmax,1.0,3.0,0.01,corrected,164,faa,0.7919000000000002,0.7100000000000001,6.328271240363392e-15,True,0,0.0,0.0,0,0,0.366,9,,1831,1832,4171,1851,4190,False,False,False,398.79999999999967,408,500,3739.400000000075,3854,5000
32da1760a7e580d0,warmup1000_chain3,softmax,1.0,3.0,0.01,corrected,165,clean,0.7100000000000001,0.6299000000000002,0.0,False,0,0.0,0.0,0,0,0.0,31,,0,0,1314,19,1333,False,False,False,363.5999999999997,376,500,3526.0000000000837,3660,5000
32da1760a7e580d0,warmup1000_chain3,softmax,1.0,3.0,0.01,corrected,165,faa,0.7100000000000001,0.6227000000000003,0.0,False,0,0.0,1.0,0,106,0.0,31,395,0,0,1314,19,1333,False,False,False,360.2999999999996,373,500,3565.6000000000863,3696,5000
32da1760a7e580d0,warmup1000_chain3,softmax,1.0,3.0,0.01,corrected,166,clean,0.5480000000000002,0.5480000000000002,0.054800000000000015,False,,,0.0,0,0,0.0,1,,0,0,,19,,False,False,False,364.6999999999995,377,500,3561.200000000083,3692,5000
32da1760a7e580d0,warmup1000_chain3,softmax,1.0,3.0,0.01,corrected,166,faa,0.5480000000000002,0.30945815018,0.0,False,,,1.0,0,497,0.0,25,4,0,0,656,19,675,False,False,False,370.1999999999995,382,500,3535.900000000085,3669,5000
32da1760a7e580d0,warmup1000_chain3,softmax,1.0,3.0,0.01,corrected,167,clean,0.4580000000000002,0.4580000000000002,0.0,False,,,0.0,0,0,0.0,40,,0,0,45,19,64,False,False,False,358.0999999999992,371,500,3477.600000000082,3616,5000
32da1760a7e580d0,warmup1000_chain3,softmax,1.0,3.0,0.01,corrected,167,faa,0.4580000000000002,0.4580000000000002,0.0,False,,,1.0,0,497,0.0,40,4,0,0,45,19,64,False,False,False,364.69999999999914,377,500,3477.600000000082,3616,5000
32da1760a7e580d0,warmup1000_chain3,softmax,1.0,3.0,0.01,corrected,168,clean,0.6476570000000001,0.6476570000000001,6.308842337432452e-13,False,,,0.0,0,0,0.0,8,,0,0,4132,19,4151,False,False,False,366.8999999999997,379,500,3663.5000000000737,3785,5000
32da1760a7e580d0,warmup1000_chain3,softmax,1.0,3.0,0.01,corrected,168,faa,0.6476570000000001,0.734432450399216,6.464273560879974e-13,False,,,1.0,0,496,0.0,8,3,0,0,4132,19,4151,False,False,False,374.5999999999996,386,500,3670.100000000073,3791,5000
32da1760a7e580d0,warmup1000_chain3,softmax,1.0,3.0,0.01,corrected,169,clean,0.6200000000000001,0.6200000000000001,5.4789506265251475e-14,False,,,0.0,0,0,0.0,11,,0,219,4287,238,4306,False,False,False,381.1999999999997,392,500,3574.4000000000806,3704,5000
32da1760a7e580d0,warmup1000_chain3,softmax,1.0,3.0,0.01,corrected,169,faa,0.6200000000000001,0.6200000000000001,5.4789506265251475e-14,False,,,1.0,0,498,0.0,11,3,0,219,4287,238,4306,False,False,False,383.39999999999975,394,500,3574.4000000000806,3704,5000
32da1760a7e580d0,warmup1000_chain3,softmax,1.0,3.0,0.01,corrected,170,clean,0.6299000000000002,0.6299000000000002,5.551115123125783e-17,False,,,0.0,0,0,0.0,15,,0,0,2188,19,2207,False,False,False,365.7999999999994,378,500,3598.600000000082,3726,5000
32da1760a7e580d0,warmup1000_chain3,softmax,1.0,3.0,0.01,corrected,170,faa,0.6299000000000002,0.6299000000000002,5.551115123125783e-17,False,,,1.0,0,498,0.0,15,3,0,0,2188,19,2207,False,False,False,363.59999999999945,376,500,3598.600000000082,3726,5000
32da1760a7e580d0,warmup1000_chain3,softmax,1.0,3.0,0.01,corrected,171,clean,0.8008190000000002,0.7205093090000002,0.0,False,,,0.0,0,0,0.0,21,,0,0,2192,19,2211,False,False,False,353.6999999999996,367,500,3509.5000000000787,3645,5000
32da1760a7e580d0,warmup1000_chain3,softmax,1.0,3.0,0.01,corrected,171,faa,0.8008190000000002,0.6639763067000002,0.6639763067000002,False,,,1.0,0,498,0.0,0,3,0,0,,19,,False,False,False,369.0999999999997,381,500,3717.4000000000688,3834,5000
32da1760a7e580d0,warmup1000_chain3,softmax,1.0,3.0,0.01,corrected,172,clean,0.8008190000000002,0.8008190000000002,0.7196967800000003,False,,,0.0,0,0,0.0,0,,0,0,,19,,False,False,False,367.9999999999995,380,500,3710.800000000068,3828,5000
32da1760a7e580d0,warmup1000_chain3,softmax,1.0,3.0,0.01,corrected,172,faa,0.8008190000000002,0.8008190000000002,0.7196967800000003,False,,,1.0,0,498,0.0,0,3,0,0,,19,,False,False,False,396.59999999999934,406,500,3710.800000000068,3828,5000
32da1760a7e580d0,warmup1000_chain3,softmax,1.0,3.0,0.01,corrected,173,clean,0.8008190000000002,0.8008190000000002,0.7044290000000002,False,,,0.0,0,0,0.0,0,,0,0,,19,,False,False,False,385.59999999999934,396,500,3691.000000000076,3810,5000
32da1760a7e580d0,warmup1000_chain3,softmax,1.0,3.0,0.01,corrected,173,faa,0.8008190000000002,0.8008190000000002,0.7044290000000002,False,,,1.0,0,498,0.0,0,3,0,0,,19,,False,False,False,385.59999999999934,396,500,3691.000000000076,3810,5000
32da1760a7e580d0,warmup1000_chain3,softmax,1.0,3.0,0.01,corrected,174,clean,0.7829000000000002,0.7829000000000002,0.0005479999999999929,True,0,0.0,0.0,0,0,0.2848,3,,1425,1425,4943,1444,4962,False,False,False,352.59999999999957,366,500,3640.400000000084,3764,5000
32da1760a7e580d0,warmup1000_chain3,softmax,1.0,3.0,0.01,corrected,174,faa,0.7829000000000002,0.7829000000000002,0.0005479999999999929,True,0,0.0,0.0,0,0,0.2848,3,,1425,1425,4943,1444,4962,False,False,False,352.59999999999957,366,500,3640.400000000084,3764,5000
32da1760a7e580d0,warmup1000_chain3,softmax,1.0,3.0,0.01,corrected,175,clean,0.054800000001223925,5.479999999891128e-07,0.0,False,,,0.0,0,0,0.0,44,,0,0,0,19,19,False,False,False,327.3,343,500,3574.4000000000765,3704,5000
32da1760a7e580d0,warmup1000_chain3,softmax,1.0,3.0,0.01,corrected,175,faa,0.054800000001223925,1.395881650351205e-05,0.0,False,,,1.0,0,498,0.0,44,3,0,0,0,19,19,False,False,False,326.20000000000005,342,500,3574.4000000000765,3704,5000
32da1760a7e580d0,warmup1000_chain3,softmax,1.0,3.0,0.01,corrected,176,clean,0.8008190000000002,0.8008190000000002,0.7207354691900003,True,0,0.0,0.0,0,0,0.0966,1,,484,484,,503,,False,False,False,363.5999999999997,376,500,3692.100000000075,3811,5000
32da1760a7e580d0,warmup1000_chain3,softmax,1.0,3.0,0.01,corrected,176,faa,0.8008190000000002,0.8008190000000002,0.7207354691900003,True,0,0.0,0.0,0,0,0.0966,1,,484,484,,503,,False,False,False,363.5999999999997,376,500,3692.100000000075,3811,5000
32da1760a7e580d0,warmup1000_chain3,softmax,1.0,3.0,0.01,corrected,177,clean,0.6469280000000002,0.6453800000000002,0.0,False,,,0.0,0,0,0.0,31,,0,0,1609,19,1628,False,False,False,326.19999999999925,342,500,3575.5000000000855,3705,5000
32da1760a7e580d0,warmup1000_chain3,softmax,1.0,3.0,0.01,corrected,177,faa,0.6469280000000002,0.6453800000000002,0.0,False,,,1.0,0,498,0.0,31,3,0,0,1609,19,1628,False,False,False,326.19999999999925,342,500,3575.5000000000855,3705,5000
32da1760a7e580d0,warmup1000_chain3,softmax,1.0,3.0,0.01,corrected,178,clean,0.7177301900000002,0.7177301900000002,0.7177301900000002,False,,,0.0,0,0,0.0,0,,0,0,,19,,False,False,False,378.99999999999966,390,500,3618.400000000081,3744,5000
32da1760a7e580d0,warmup1000_chain3,softmax,1.0,3.0,0.01,corrected,178,faa,0.7177301900000002,0.7177301900000002,0.7177301900000002,False,,,1.0,0,497,0.0,0,4,0,0,,19,,False,False,False,403.1999999999995,412,500,3618.400000000081,3744,5000
32da1760a7e580d0,warmup1000_chain3,softmax,1.0,3.0,0.01,corrected,179,clean,0.7829000000000002,0.7829000000000002,0.5480000000000002,True,0,0.0,0.0,0,0,0.009,1,,46,46,,65,,False,False,False,396.5999999999997,406,500,3672.300000000074,3793,5000
32da1760a7e580d0,warmup1000_chain3,softmax,1.0,3.0,0.01,corrected,179,faa,0.7829000000000002,0.7829000000000002,0.5480000000000002,True,0,0.0,0.0,0,0,0.009,1,,46,46,,65,,False,False,False,396.5999999999997,406,500,3672.300000000074,3793,5000
32da1760a7e580d0,warmup1000_chain3,softmax,1.0,3.0,0.01,corrected,180,clean,0.8009909000000002,0.8009909000000002,0.7208762480900002,False,,,0.0,0,0,0.0,1,,0,0,,19,,False,False,False,392.19999999999976,402,500,3801.000000000066,3910,5000
32da1760a7e580d0,warmup1000_chain3,softmax,1.0,3.0,0.01,corrected,180,faa,0.8009909000000002,0.7425170900000001,0.7207361909000003,False,,,1.0,0,498,0.0,0,3,0,0,,19,,False,False,False,414.1999999999996,422,500,3802.1000000000663,3911,5000
32da1760a7e580d0,warmup1000_chain3,softmax,1.0,3.0,0.01,corrected,181,clean,0.7135092800000002,0.7135092800000002,7.135092799925857e-07,False,,,0.0,0,0,0.0,6,,0,0,4741,19,4760,False,False,False,381.19999999999914,392,500,3442.400000000081,3584,5000
32da1760a7e580d0,warmup1000_chain3,softmax,1.0,3.0,0.01,corrected,181,faa,0.7135092800000002,0.7135092800000002,7.135092799925857e-07,False,,,1.0,0,495,0.0,6,6,0,0,4741,19,4760,False,False,False,378.99999999999915,390,500,3442.400000000081,3584,5000
32da1760a7e580d0,warmup1000_chain3,softmax,1.0,3.0,0.01,corrected,182,clean,0.8073800000000001,0.8073800000000001,0.0,True,0,0.0,0.0,0,0,0.2302,17,,1152,1152,2802,1171,2821,False,False,False,500.0,500,500,3801.00000000009,3910,5000
32da1760a7e580d0,warmup1000_chain3,softmax,1.0,3.0,0.01,corrected,182,faa,0.8073800000000001,0.8073800000000001,0.0,True,0,0.0,0.0,0,0,0.2302,17,,1152,1152,2802,1171,2821,False,False,False,500.0,500,500,3801.00000000009,3910,5000
32da1760a7e580d0,warmup1000_chain3,softmax,1.0,3.0,0.01,corrected,183,clean,0.7928000000000002,0.7829000000000002,0.0,True,0,0.0,0.0,0,0,0.0158,41,,80,80,371,99,390,False,False,False,433.99999999999875,440,500,3490.8000000000848,3628,5000
32da1760a7e580d0,warmup1000_chain3,softmax,1.0,3.0,0.01,corrected,183,faa,0.7928000000000002,0.7829000000000002,0.0,True,0,0.0,0.0,0,0,0.0158,41,,80,80,371,99,390,False,False,False,433.99999999999875,440,500,3490.8000000000848,3628,5000
32da1760a7e580d0,warmup1000_chain3,softmax,1.0,3.0,0.01,corrected,184,clean,0.7045280000000002,0.7045280000000002,0.0,False,,,0.0,0,0,0.0,15,,0,0,1997,19,2016,False,False,False,363.59999999999997,376,500,3550.2000000000803,3682,5000
32da1760a7e580d0,warmup1000_chain3,softmax,1.0,3.0,0.01,corrected,184,faa,0.7045280000000002,0.479436684872229,0.0,False,26,1.0,1.0,0,236,0.0,22,3,0,0,109,19,128,False,False,False,405.3999999999993,414,500,3524.9000000000788,3659,5000
32da1760a7e580d0,warmup1000_chain3,softmax,1.0,3.0,0.01,corrected,185,clean,0.8009090000000001,0.8009090000000001,0.7191791900000002,True,0,0.0,0.0,0,0,0.134,1,,671,671,,690,,False,False,False,376.79999999999933,388,500,3673.4000000000797,3794,5000
32da1760a7e580d0,warmup1000_chain3,softmax,1.0,3.0,0.01,corrected,185,faa,0.8009090000000001,0.8009090000000001,0.7191791900000002,True,0,0.0,0.0,0,0,0.134,1,,671,671,,690,,False,False,False,376.79999999999933,388,500,3673.4000000000797,3794,5000
32da1760a7e580d0,warmup1000_chain3,softmax,1.0,3.0,0.01,corrected,186,clean,0.8081090000000001,0.8081090000000001,0.0,False,,,0.0,0,0,0.0,19,,0,0,2609,19,2628,False,False,False,416.3999999999991,424,500,3616.2000000000767,3742,5000
32da1760a7e580d0,warmup1000_chain3,softmax,1.0,3.0,0.01,corrected,186,faa,0.8081090000000001,0.8081090000000001,0.0,False,,,1.0,0,500,0.0,19,1,0,0,2609,19,2628,False,False,False,416.3999999999991,424,500,3616.2000000000767,3742,5000
32da1760a7e580d0,warmup1000_chain3,softmax,1.0,3.0,0.01,corrected,187,clean,0.4580000000000002,0.4580000000000002,0.0,False,,,0.0,0,0,0.0,33,,0,0,448,19,467,False,False,False,321.80000000000035,338,500,3513.90000000008,3649,5000
32da1760a7e580d0,warmup1000_chain3,softmax,1.0,3.0,0.01,corrected,187,faa,0.4580000000000002,0.4580000000000002,0.0,False,,,1.0,0,495,0.0,25,6,0,0,1770,19,1789,False,False,False,335.00000000000017,350,500,3542.5000000000805,3675,5000
32da1760a7e580d0,warmup1000_chain3,softmax,1.0,3.0,0.01,corrected,188,clean,0.6200000000000001,0.050822000000000034,0.0,False,,,0.0,0,0,0.0,43,,0,0,184,19,203,False,False,False,353.69999999999936,367,500,3489.7000000000844,3627,5000
32da1760a7e580d0,warmup1000_chain3,softmax,1.0,3.0,0.01,corrected,188,faa,0.6200000000000001,0.050822658593180026,0.0,False,,,1.0,0,498,0.0,43,2,0,0,184,19,203,False,False,False,353.69999999999936,367,500,3489.7000000000844,3627,5000
32da1760a7e580d0,warmup1000_chain3,softmax,1.0,3.0,0.01,corrected,189,clean,0.5480000000000002,0.4580000000000002,0.0,False,,,0.0,0,0,0.0,27,,0,0,1447,19,1466,False,False,False,354.79999999999933,368,500,3522.7000000000726,3657,5000
32da1760a7e580d0,warmup1000_chain3,softmax,1.0,3.0,0.01,corrected,189,faa,0.5480000000000002,0.4580000000000002,0.0,False,,,1.0,0,499,0.0,27,2,0,0,1447,19,1466,False,False,False,352.59999999999934,366,500,3522.7000000000726,3657,5000
32da1760a7e580d0,warmup1000_chain3,softmax,1.0,3.0,0.01,corrected,190,clean,0.5480000000000002,0.5480000000000002,5.4800053383985414e-12,False,,,0.0,0,0,0.0,11,,0,0,4030,19,4049,False,False,False,342.69999999999925,357,500,3551.3000000000834,3683,5000
32da1760a7e580d0,warmup1000_chain3,softmax,1.0,3.0,0.01,corrected,190,faa,0.5480000000000002,0.5480000000000002,5.4800053383985414e-12,False,,,1.0,0,499,0.0,11,1,0,0,4030,19,4049,False,False,False,479.0999999999996,481,500,3555.700000000084,3687,5000
32da1760a7e580d0,warmup1000_chain3,softmax,1.0,3.0,0.01,corrected,191,clean,0.6200000000000001,0.6200000000000001,0.0,False,,,0.0,0,0,0.0,40,,0,145,956,164,975,False,False,False,381.1999999999991,392,500,3527.100000000089,3661,5000
32da1760a7e580d0,warmup1000_chain3,softmax,1.0,3.0,0.01,corrected,191,faa,0.6200000000000001,0.7181000000000002,0.0,True,7,1.0,1.0,0,4,0.0288,40,4,145,145,957,164,976,False,False,False,435.09999999999883,441,500,3527.100000000089,3661,5000
32da1760a7e580d0,warmup1000_chain3,softmax,1.0,3.0,0.01,corrected,192,clean,0.8081990000000001,0.8081990000000001,0.0,False,,,0.0,0,0,0.0,20,,0,0,2214,19,2233,False,False,False,394.3999999999998,404,500,3573.300000000078,3703,5000
32da1760a7e580d0,warmup1000_chain3,softmax,1.0,3.0,0.01,corrected,192,faa,0.8081990000000001,0.8081990000000001,0.0,False,,,1.0,0,499,0.0,20,2,0,0,2214,19,2233,False,False,False,398.7999999999997,408,500,3573.300000000078,3703,5000
32da1760a7e580d0,warmup1000_chain3,softmax,1.0,3.0,0.01,corrected,193,clean,0.7100000000000001,0.7100000000000001,0.0,True,0,0.0,0.0,0,0,0.006,28,,31,32,1764,51,1783,False,False,False,421.89999999999895,429,500,3623.900000000083,3749,5000
32da1760a7e580d0,warmup1000_chain3,softmax,1.0,3.0,0.01,corrected,193,faa,0.7100000000000001,0.7100000000000001,0.0,True,0,0.0,0.0,0,0,0.006,28,,31,32,1764,51,1783,False,False,False,421.89999999999895,429,500,3623.900000000083,3749,5000
32da1760a7e580d0,warmup1000_chain3,softmax,1.0,3.0,0.01,corrected,194,clean,0.7100000000000001,0.7100000000000001,5.4800005750976766e-06,True,0,0.0,0.0,0,0,0.503,6,,2516,2517,4040,2536,4059,False,False,False,376.7999999999996,388,500,3669.0000000000787,3790,5000
32da1760a7e580d0,warmup1000_chain3,softmax,1.0,3.0,0.01,corrected,194,faa,0.7100000000000001,0.7100000000000001,5.4800005750976766e-06,True,0,0.0,0.0,0,0,0.503,6,,2516,2517,4040,2536,4059,False,False,False,376.7999999999996,388,500,3669.0000000000787,3790,5000
32da1760a7e580d0,warmup1000_chain3,softmax,1.0,3.0,0.01,corrected,195,clean,0.4580000000000002,0.4580000000000002,0.0,False,,,0.0,0,0,0.0,45,,0,0,119,19,138,False,False,False,359.1999999999995,372,500,3479.8000000000784,3618,5000
32da1760a7e580d0,warmup1000_chain3,softmax,1.0,3.0,0.01,corrected,195,faa,0.4580000000000002,0.4580000000000002,0.0,False,,,1.0,0,495,0.0,29,6,0,0,2044,19,2063,False,False,False,387.7999999999994,398,500,3529.3000000000807,3663,5000
32da1760a7e580d0,warmup1000_chain3,softmax,1.0,3.0,0.01,corrected,196,clean,0.6299000000000002,0.6299000000000002,0.0,False,,,0.0,0,0,0.0,12,,0,0,3363,19,3382,False,False,False,413.0999999999992,421,500,3419.300000000082,3563,5000
32da1760a7e580d0,warmup1000_chain3,softmax,1.0,3.0,0.01,corrected,196,faa,0.6299000000000002,0.6299000000000002,0.0,False,,,1.0,0,500,0.0,12,1,0,0,3363,19,3382,False,False,False,483.4999999999997,485,500,3419.300000000082,3563,5000
32da1760a7e580d0,warmup1000_chain3,softmax,1.0,3.0,0.01,corrected,197,clean,0.8009819000000001,0.7111619000000002,0.6299000000000002,False,0,0.0,0.0,0,0,0.0,0,,0,0,,19,,False,False,False,363.59999999999934,376,500,3581.00000000008,3710,5000
32da1760a7e580d0,warmup1000_chain3,softmax,1.0,3.0,0.01,corrected,197,faa,0.8009819000000001,0.8019000000000002,0.7199819000000003,True,0,0.0,0.8020020111111114,0,0,0.1932,1,470,967,967,,986,,False,False,False,363.59999999999934,376,500,3596.4000000000806,3724,5000
32da1760a7e580d0,warmup1000_chain3,softmax,1.0,3.0,0.01,corrected,198,clean,0.8008190000000002,0.7192561580000002,0.7192561580000002,False,,,0.0,0,0,0.0,0,,0,0,,19,,False,False,False,385.5999999999995,396,500,3671.2000000000726,3792,5000
32da1760a7e580d0,warmup1000_chain3,softmax,1.0,3.0,0.01,corrected,198,faa,0.8008190000000002,0.7192561580000002,0.7192561580000002,False,,,1.0,0,498,0.0,0,3,0,0,,19,,False,False,False,427.39999999999884,434,500,3671.2000000000726,3792,5000
32da1760a7e580d0,warmup1000_chain3,softmax,1.0,3.0,0.01,corrected,199,clean,0.6299000000000002,0.5579900000000002,0.0,False,,,0.0,0,0,0.0,35,,0,0,84,19,103,False,False,False,369.09999999999957,381,500,3551.3000000000798,3683,5000
32da1760a7e580d0,warmup1000_chain3,softmax,1.0,3.0,0.01,corrected,199,faa,0.6299000000000002,0.5579900000000002,0.0,False,,,1.0,0,497,0.0,35,4,0,0,84,19,103,False,False,False,371.29999999999956,383,500,3551.3000000000798,3683,5000
32da1760a7e580d0,warmup1000_chain3,softmax,1.0,3.0,0.01,corrected,200,clean,0.8009189000000001,0.8009189000000001,0.7193583899000002,False,,,0.0,0,0,0.0,0,,0,0,,19,,False,False,False,366.89999999999924,379,500,3746.000000000072,3860,5000
32da1760a7e580d0,warmup1000_chain3,softmax,1.0,3.0,0.01,corrected,200,faa,0.8009189000000001,0.8009189000000001,0.7193583899000002,False,,,1.0,0,500,0.0,0,1,0,0,,19,,False,False,False,494.49999999999994,495,500,3746.000000000072,3860,5000
32da1760a7e580d0,warmup1000_chain3,softmax,1.0,3.0,0.01,corrected,201,clean,0.6299000000000002,0.6299000000000002,0.0,False,,,0.0,0,0,0.0,26,,0,0,1860,19,1879,False,False,False,387.7999999999994,398,500,3557.9000000000756,3689,5000
32da1760a7e580d0,warmup1000_chain3,softmax,1.0,3.0,0.01,corrected,201,faa,0.6299000000000002,0.6299000000000002,0.0,False,,,1.0,0,498,0.0,26,3,0,0,1860,19,1879,False,False,False,387.7999999999994,398,500,3557.9000000000756,3689,5000
32da1760a7e580d0,warmup1000_chain3,softmax,1.0,3.0,0.01,corrected,202,clean,0.7100000000000001,0.5570000000000002,0.0,False,0,0.0,0.0,0,0,0.0,29,,0,0,1549,19,1568,False,False,False,354.7999999999996,368,500,3614.000000000079,3740,5000
32da1760a7e580d0,warmup1000_chain3,softmax,1.0,3.0,0.01,corrected,202,faa,0.7100000000000001,0.7100000000000001,0.6227000000000003,True,0,0.0,0.7211111111111111,0,0,0.0628,0,191,315,315,,334,,False,False,False,354.7999999999996,368,500,3799.9000000000688,3909,5000
32da1760a7e580d0,warmup1000_chain3,softmax,1.0,3.0,0.01,corrected,203,clean,0.8009090000000001,0.8009090000000001,0.0,False,,,0.0,0,0,0.0,16,,0,1190,2717,1209,2736,False,False,False,376.7999999999993,388,500,3693.2000000000744,3812,5000
32da1760a7e580d0,warmup1000_chain3,softmax,1.0,3.0,0.01,corrected,203,faa,0.8009090000000001,0.8009090000000001,0.0,False,,,1.0,0,497,0.0,16,4,0,1190,2717,1209,2736,False,False,False,376.7999999999993,388,500,3693.2000000000744,3812,5000
32da1760a7e580d0,warmup1000_chain3,softmax,1.0,3.0,0.01,corrected,204,clean,0.8089280000000001,0.8089280000000001,0.7256745800000002,False,,,0.0,0,0,0.0,0,,0,0,,19,,False,False,False,500.0,500,500,4249.800000000033,4318,5000
32da1760a7e580d0,warmup1000_chain3,softmax,1.0,3.0,0.01,corrected,204,faa,0.8089280000000001,0.8089280000000001,0.7256745800000002,False,,,1.0,0,500,0.0,0,1,0,0,,19,,False,False,False,500.0,500,500,4249.800000000033,4318,5000
32da1760a7e580d0,warmup1000_chain3,softmax,1.0,3.0,0.01,corrected,205,clean,0.6200000000000001,0.5480000000000002,0.0,False,,,0.0,0,0,0.0,27,,0,0,1396,19,1415,False,False,False,392.1999999999995,402,500,3622.8000000000766,3748,5000
32da1760a7e580d0,warmup1000_chain3,softmax,1.0,3.0,0.01,corrected,205,faa,0.6200000000000001,0.6200000000000001,0.0,False,,,1.0,0,497,0.0,28,4,0,490,1401,509,1420,False,False,False,420.79999999999905,428,500,3623.900000000077,3749,5000
32da1760a7e580d0,warmup1000_chain3,softmax,1.0,3.0,0.01,corrected,206,clean,0.6971390000000002,0.6971390000000002,0.0,False,,,0.0,0,0,0.0,33,,0,0,1612,19,1631,False,False,False,358.0999999999997,371,500,3531.500000000082,3665,5000
32da1760a7e580d0,warmup1000_chain3,softmax,1.0,3.0,0.01,corrected,206,faa,0.6971390000000002,0.6971390000000002,0.0,False,,,1.0,0,498,0.0,33,3,0,0,1612,19,1631,False,False,False,362.4999999999997,375,500,3531.500000000082,3665,5000
32da1760a7e580d0,warmup1000_chain3,softmax,1.0,3.0,0.01,corrected,207,clean,0.7044290000000002,0.7044290000000002,0.7044290000000002,False,,,0.0,0,0,0.0,0,,0,0,,19,,False,False,False,376.79999999999956,388,500,3600.8000000000784,3728,5000
32da1760a7e580d0,warmup1000_chain3,softmax,1.0,3.0,0.01,corrected,207,faa,0.7044290000000002,0.7044290000000002,0.7044290000000002,False,,,1.0,0,498,0.0,0,3,0,0,,19,,False,False,False,495.6,496,500,3627.200000000079,3752,5000
32da1760a7e580d0,warmup1000_chain3,softmax,1.0,3.0,0.01,corrected,208,clean,0.5570000000000002,5.5700055794472014e-05,0.0,False,,,0.0,0,0,0.0,32,,0,0,0,19,19,False,False,False,339.39999999999907,354,500,3515.000000000081,3650,5000
32da1760a7e580d0,warmup1000_chain3,softmax,1.0,3.0,0.01,corrected,208,faa,0.5570000000000002,5.570006865518451e-05,0.0,False,,,1.0,0,498,0.0,32,3,0,0,0,19,19,False,False,False,337.19999999999914,352,500,3515.000000000081,3650,5000
32da1760a7e580d0,warmup1000_chain3,softmax,1.0,3.0,0.01,corrected,209,clean,0.7100000000000001,0.5480000000000002,0.0,False,0,0.0,0.0,0,0,0.0,32,,0,0,717,19,736,False,False,False,327.29999999999995,343,500,3522.7000000000844,3657,5000
32da1760a7e580d0,warmup1000_chain3,softmax,1.0,3.0,0.01,corrected,209,faa,0.7100000000000001,0.6227000000000003,0.0,False,0,0.0,1.0,0,260,0.0,32,241,0,0,717,19,736,False,False,False,339.39999999999986,354,500,3522.7000000000844,3657,5000
32da1760a7e580d0,warmup1000_chain3,softmax,1.0,3.0,0.01,corrected,210,clean,0.6299000000000002,0.6299000000000002,6.298999999931887e-07,False,,,0.0,0,0,0.0,6,,0,0,3882,19,3901,False,False,False,350.39999999999964,364,500,3658.000000000076,3780,5000
32da1760a7e580d0,warmup1000_chain3,softmax,1.0,3.0,0.01,corrected,210,faa,0.6299000000000002,0.02922466039999999,0.0,False,,,1.0,0,495,0.0,26,6,0,0,0,19,19,False,False,False,372.3999999999995,384,500,3634.9000000000774,3759,5000
32da1760a7e580d0,warmup1000_chain3,softmax,1.0,3.0,0.01,corrected,211,clean,0.7928900000000001,0.7928900000000001,0.0,True,0,0.0,0.0,0,0,0.4568,35,,2285,2285,2461,2304,2480,False,False,False,394.39999999999964,404,500,3628.300000000082,3753,5000
32da1760a7e580d0,warmup1000_chain3,softmax,1.0,3.0,0.01,corrected,211,faa,0.7928900000000001,0.7928900000000001,0.0,True,0,0.0,0.0,0,0,0.4568,35,,2285,2285,2461,2304,2480,False,False,False,394.39999999999964,404,500,3628.300000000082,3753,5000
32da1760a7e580d0,warmup1000_chain3,softmax,1.0,3.0,0.01,corrected,212,clean,0.7280131418000002,0.7280131418000002,0.7280131418000002,False,,,0.0,0,0,0.0,0,,0,0,,19,,False,False,False,376.79999999999905,388,500,3741.600000000074,3856,5000
32da1760a7e580d0,warmup1000_chain3,softmax,1.0,3.0,0.01,corrected,212,faa,0.7280131418000002,0.7280131418000002,0.7280131418000002,False,,,1.0,0,497,0.0,0,4,0,0,,19,,False,False,False,400.999999999999,410,500,3741.600000000074,3856,5000
32da1760a7e580d0,warmup1000_chain3,softmax,1.0,3.0,0.01,corrected,213,clean,0.6299000000000002,0.6299000000000002,0.0,False,,,0.0,0,0,0.0,11,,0,0,3657,19,3676,False,False,False,381.1999999999995,392,500,3687.700000000075,3807,5000
32da1760a7e580d0,warmup1000_chain3,softmax,1.0,3.0,0.01,corrected,213,faa,0.6299000000000002,0.6299000000000002,0.0,False,,,1.0,0,497,0.0,11,3,0,0,3657,19,3676,False,False,False,383.3999999999995,394,500,3643.700000000073,3767,5000
32da1760a7e580d0,warmup1000_chain3,softmax,1.0,3.0,0.01,corrected,214,clean,0.7038629000000002,0.7038629000000002,0.7038629000000002,False,,,0.0,0,0,0.0,0,,0,0,,19,,False,False,False,337.19999999999965,352,500,3618.400000000078,3744,5000
32da1760a7e580d0,warmup1000_chain3,softmax,1.0,3.0,0.01,corrected,214,faa,0.7038629000000002,0.7038629000000002,0.7038629000000002,False,,,1.0,0,495,0.0,0,5,0,0,,19,,False,False,False,341.59999999999957,356,500,3618.400000000078,3744,5000
32da1760a7e580d0,warmup1000_chain3,softmax,1.0,3.0,0.01,corrected,215,clean,0.7100000000000001,0.11321000000000009,0.0,False,0,0.0,0.0,0,0,0.0,37,,0,0,623,19,642,False,False,False,364.6999999999996,377,500,3421.5000000000864,3565,5000
32da1760a7e580d0,warmup1000_chain3,softmax,1.0,3.0,0.01,corrected,215,faa,0.7100000000000001,0.5579000000000002,4.580003043486158e-12,False,0,0.0,1.0,0,116,0.0,10,385,0,0,3817,19,3836,False,False,False,364.6999999999996,377,500,3469.9000000000865,3609,5000
32da1760a7e580d0,warmup1000_chain3,softmax,1.0,3.0,0.01,corrected,216,clean,0.5480000000000002,0.4580000000000002,0.0,False,,,0.0,0,0,0.0,41,,0,0,166,19,185,False,False,False,350.3999999999997,364,500,3496.3000000000807,3633,5000
32da1760a7e580d0,warmup1000_chain3,softmax,1.0,3.0,0.01,corrected,216,faa,0.5480000000000002,0.4580000000000002,0.0,False,,,1.0,0,497,0.0,41,4,0,0,166,19,185,False,False,False,356.9999999999996,370,500,3496.3000000000807,3633,5000
32da1760a7e580d0,warmup1000_chain3,softmax,1.0,3.0,0.01,corrected,217,clean,0.8090997380000001,0.8090997380000001,0.7280332184600002,False,,,0.0,0,0,0.0,0,,0,0,,19,,False,False,False,382.2999999999996,393,500,3737.200000000065,3852,5000
32da1760a7e580d0,warmup1000_chain3,softmax,1.0,3.0,0.01,corrected,217,faa,0.8090997380000001,0.8090997380000001,0.7280332184600002,False,,,1.0,0,500,0.0,0,1,0,0,,19,,False,False,False,435.0999999999991,441,500,3737.200000000065,3852,5000
32da1760a7e580d0,warmup1000_chain3,softmax,1.0,3.0,0.01,corrected,218,clean,0.6200000000000001,0.6200000000000001,0.4580000000000002,False,,,0.0,0,0,0.0,0,,0,2137,,2156,,False,False,False,352.5999999999997,366,500,3713.000000000072,3830,5000
32da1760a7e580d0,warmup1000_chain3,softmax,1.0,3.0,0.01,corrected,218,faa,0.6200000000000001,0.7181000000000002,0.4580000000000002,True,15,1.0,1.0,0,11,0.4272,0,4,2137,2137,,2156,,False,False,False,381.1999999999995,392,500,3713.000000000072,3830,5000
32da1760a7e580d0,warmup1000_chain3,softmax,1.0,3.0,0.01,corrected,219,clean,0.7199000000000001,0.6299000000000002,6.298999999987398e-06,False,,,0.0,0,0,0.0,4,,0,0,4661,19,4680,False,False,False,380.0999999999999,391,500,3566.7000000000776,3697,5000
32da1760a7e580d0,warmup1000_chain3,softmax,1.0,3.0,0.01,corrected,219,faa,0.7199000000000001,0.6299000000000002,6.298999999987398e-06,False,,,1.0,0,500,0.0,4,1,0,0,4661,19,4680,False,False,False,391.09999999999985,401,500,3566.7000000000776,3697,5000
32da1760a7e580d0,warmup1000_chain3,softmax,1.0,3.0,0.01,corrected,220,clean,5.088276620046628e-06,5.088276620046628e-06,0.0,False,,,0.0,0,0,0.0,34,,0,0,0,19,19,False,False,False,372.39999999999935,384,500,3542.5000000000828,3675,5000
32da1760a7e580d0,warmup1000_chain3,softmax,1.0,3.0,0.01,corrected,220,faa,5.088276620046628e-06,5.088276620046628e-06,0.0,False,,,1.0,0,495,0.0,34,6,0,0,0,19,19,False,False,False,376.7999999999994,388,500,3542.5000000000828,3675,5000
32da1760a7e580d0,warmup1000_chain3,softmax,1.0,3.0,0.01,corrected,221,clean,0.8999,0.8090828000000001,7.044290000002285e-05,True,0,0.0,0.0,0,0,0.0264,4,,133,133,4926,152,4945,False,False,False,440.5999999999988,446,500,3630.5000000000796,3755,5000
32da1760a7e580d0,warmup1000_chain3,softmax,1.0,3.0,0.01,corrected,221,faa,0.8999,0.8090828000000001,7.044290000002285e-05,True,0,0.0,0.0,0,0,0.0264,4,,133,133,4926,152,4945,False,False,False,440.5999999999988,446,500,3630.5000000000796,3755,5000
32da1760a7e580d0,warmup1000_chain3,softmax,1.0,3.0,0.01,corrected,222,clean,0.6200000000000001,0.010104200000000008,0.0,False,,,0.0,0,0,0.0,41,,0,0,0,19,19,False,False,False,348.19999999999953,362,500,3553.500000000081,3685,5000
32da1760a7e580d0,warmup1000_chain3,softmax,1.0,3.0,0.01,corrected,222,faa,0.6200000000000001,0.010104200000000008,0.0,False,,,1.0,0,499,0.0,41,2,0,0,0,19,19,False,False,False,352.59999999999945,366,500,3553.500000000081,3685,5000
32da1760a7e580d0,warmup1000_chain3,softmax,1.0,3.0,0.01,corrected,223,clean,0.5570000000000002,0.5570000000000002,5.570000000121311e-07,False,,,0.0,0,0,0.0,4,,0,0,4621,19,4640,False,False,False,373.4999999999996,385,500,3586.500000000072,3715,5000
32da1760a7e580d0,warmup1000_chain3,softmax,1.0,3.0,0.01,corrected,223,faa,0.5570000000000002,0.7342996781582001,6.460357523940807e-07,False,,,1.0,0,496,0.0,4,3,0,0,4621,19,4640,False,False,False,369.0999999999998,381,500,3597.5000000000723,3725,5000
32da1760a7e580d0,warmup1000_chain3,softmax,1.0,3.0,0.01,corrected,224,clean,0.6478847000000002,0.6478847000000002,0.0,False,,,0.0,0,0,0.0,26,,0,0,1452,19,1471,False,False,False,356.999999999999,370,500,3634.900000000075,3759,5000
32da1760a7e580d0,warmup1000_chain3,softmax,1.0,3.0,0.01,corrected,224,faa,0.6478847000000002,0.6478847000000002,0.0,False,,,1.0,0,498,0.0,26,3,0,0,1452,19,1471,False,False,False,416.3999999999984,424,500,3634.900000000075,3759,5000
32da1760a7e580d0,warmup1000_chain3,softmax,1.0,3.0,0.01,corrected,225,clean,0.6476570000000001,0.6476570000000001,0.6381890000000002,False,,,0.0,0,0,0.0,0,,0,0,,19,,False,False,False,365.7999999999997,378,500,3650.3000000000807,3773,5000
32da1760a7e580d0,warmup1000_chain3,softmax,1.0,3.0,0.01,corrected,225,faa,0.6476570000000001,0.72014450399216,0.6381890000000002,False,,,1.0,0,496,0.0,0,3,0,0,,19,,False,False,False,442.79999999999905,448,500,3672.3000000000793,3793,5000
32da1760a7e580d0,warmup1000_chain3,softmax,1.0,3.0,0.01,corrected,226,clean,0.6200000000000001,0.6200000000000001,0.5480000000000002,False,,,0.0,0,0,0.0,1,,0,1276,,1295,,False,False,False,334.9999999999998,350,500,3626.1000000000777,3751,5000
32da1760a7e580d0,warmup1000_chain3,softmax,1.0,3.0,0.01,corrected,226,faa,0.6200000000000001,0.6200000000000001,0.5480000000000002,False,,,1.0,0,497,0.0,1,4,0,1276,,1295,,False,False,False,352.59999999999957,366,500,3626.1000000000777,3751,5000
32da1760a7e580d0,warmup1000_chain3,softmax,1.0,3.0,0.01,corrected,227,clean,0.6200000000000001,0.5480000000000002,0.5480000000000002,False,,,0.0,0,0,0.0,0,,0,0,,19,,False,False,False,355.89999999999986,369,500,3572.200000000074,3702,5000
32da1760a7e580d0,warmup1000_chain3,softmax,1.0,3.0,0.01,corrected,227,faa,0.6200000000000001,0.6461261000000003,0.6461261000000003,False,11,1.0,1.0,0,22,0.0,0,4,0,0,,19,,False,False,False,403.19999999999914,412,500,3598.600000000075,3726,5000
32da1760a7e580d0,warmup1000_chain3,softmax,1.0,3.0,0.01,corrected,228,clean,0.8008190000000002,4.7810856509011845e-05,0.0,False,0,0.0,0.0,0,0,0.0,51,,0,0,0,19,19,False,False,False,334.9999999999997,350,500,3438.0000000000837,3580,5000
32da1760a7e580d0,warmup1000_chain3,softmax,1.0,3.0,0.01,corrected,228,faa,0.8008190000000002,0.5669002547100002,0.0,False,0,0.0,1.0,0,385,0.0,31,116,0,0,1749,19,1768,False,False,False,340.4999999999997,355,500,3460.0000000000837,3600,5000
32da1760a7e580d0,warmup1000_chain3,softmax,1.0,3.0,0.01,corrected,229,clean,0.7991900000000001,0.5579000000000002,0.4580000000000002,False,0,0.0,0.0,0,0,0.0,0,,0,0,,19,,False,False,False,363.5999999999997,376,500,3592.0000000000737,3720,5000
32da1760a7e580d0,warmup1000_chain3,softmax,1.0,3.0,0.01,corrected,229,faa,0.7991900000000001,0.6300000000000001,0.4580000000000002,True,0,0.0,0.6112011111111113,0,0,0.0696,0,252,349,349,,368,,False,False,False,363.5999999999997,376,500,3653.600000000074,3776,5000
32da1760a7e580d0,warmup1000_chain3,softmax,1.0,3.0,0.01,corrected,230,clean,0.5480000000000002,0.5480000000000002,0.0,False,,,0.0,0,0,0.0,32,,0,0,1686,19,1705,False,False,False,356.9999999999993,370,500,3562.3000000000825,3693,5000
32da1760a7e580d0,warmup1000_chain3,softmax,1.0,3.0,0.01,corrected,230,faa,0.5480000000000002,0.5480000000000002,0.0,False,,,1.0,0,495,0.0,32,6,0,0,1686,19,1705,False,False,False,352.59999999999934,366,500,3562.3000000000825,3693,5000
32da1760a7e580d0,warmup1000_chain3,softmax,1.0,3.0,0.01,corrected,231,clean,0.6477299000000002,0.6477299000000002,0.006389089999999986,False,,,0.0,0,0,0.0,2,,0,0,4983,19,,False,False,False,369.09999999999934,381,500,3667.900000000068,3789,5000
32da1760a7e580d0,warmup1000_chain3,softmax,1.0,3.0,0.01,corrected,231,faa,0.6477299000000002,0.6477299000000002,0.006389089999999986,False,,,1.0,0,498,0.0,2,2,0,0,4983,19,,False,False,False,369.09999999999934,381,500,3667.900000000068,3789,5000
32da1760a7e580d0,warmup1000_chain3,softmax,1.0,3.0,0.01,corrected,232,clean,0.4580000000000002,0.4580000000000002,0.0,False,,,0.0,0,0,0.0,30,,0,0,109,19,128,False,False,False,355.89999999999947,369,500,3535.9000000000797,3669,5000
32da1760a7e580d0,warmup1000_chain3,softmax,1.0,3.0,0.01,corrected,232,faa,0.4580000000000002,0.4580000000000002,0.0,False,,,1.0,0,498,0.0,30,3,0,0,109,19,128,False,False,False,353.6999999999995,367,500,3535.9000000000797,3669,5000
32da1760a7e580d0,warmup1000_chain3,softmax,1.0,3.0,0.01,corrected,233,clean,0.8090738000000002,0.8090738000000002,0.7281612981800002,False,,,0.0,0,0,0.0,1,,0,0,,19,,False,False,False,383.39999999999964,394,500,3670.1000000000668,3791,5000
32da1760a7e580d0,warmup1000_chain3,softmax,1.0,3.0,0.01,corrected,233,faa,0.8090738000000002,0.8090738000000002,0.7281612981800002,False,,,1.0,0,500,0.0,1,1,0,0,,19,,False,False,False,383.39999999999964,394,500,3670.1000000000668,3791,5000
32da1760a7e580d0,warmup1000_chain3,softmax,1.0,3.0,0.01,corrected,234,clean,0.7919000000000002,0.7044290000000002,0.0,False,,,0.0,0,0,0.0,26,,0,0,2578,19,2597,False,False,False,418.5999999999985,426,500,3450.1000000000895,3591,5000
32da1760a7e580d0,warmup1000_chain3,softmax,1.0,3.0,0.01,corrected,234,faa,0.7919000000000002,0.7044290000000002,0.0,False,,,1.0,0,500,0.0,26,1,0,0,2578,19,2597,False,False,False,418.5999999999985,426,500,3450.1000000000895,3591,5000
32da1760a7e580d0,warmup1000_chain3,softmax,1.0,3.0,0.01,corrected,235,clean,0.8000900000000002,0.7045190000000001,0.6299000000000002,False,0,0.0,0.0,0,0,0.0,0,,0,0,,19,,False,False,False,444.99999999999886,450,500,3637.100000000078,3761,5000
32da1760a7e580d0,warmup1000_chain3,softmax,1.0,3.0,0.01,corrected,235,faa,0.8000900000000002,0.8019000000000002,0.7118909000000002,True,0,0.0,0.8021011111111113,0,0,0.469,0,489,2346,2346,,2365,,False,False,False,444.99999999999886,450,500,3729.5000000000705,3845,5000
32da1760a7e580d0,warmup1000_chain3,softmax,1.0,3.0,0.01,corrected,236,clean,0.7100000000000001,0.7100000000000001,0.0,True,0,0.0,0.0,0,0,0.0064,32,,33,33,871,52,890,False,False,False,385.5999999999993,396,500,3508.4000000000847,3644,5000
32da1760a7e580d0,warmup1000_chain3,softmax,1.0,3.0,0.01,corrected,236,faa,0.7100000000000001,0.7100000000000001,0.0,True,0,0.0,0.0,0,0,0.0064,32,,33,33,871,52,890,False,False,False,385.5999999999993,396,500,3508.4000000000847,3644,5000
32da1760a7e580d0,warmup1000_chain3,softmax,1.0,3.0,0.01,corrected,237,clean,0.4580000000000002,0.4580000000000002,0.0,False,,,0.0,0,0,0.0,29,,0,0,116,19,135,False,False,False,361.3999999999993,374,500,3556.800000000076,3688,5000
32da1760a7e580d0,warmup1000_chain3,softmax,1.0,3.0,0.01,corrected,237,faa,0.4580000000000002,0.4580000000000002,0.0,False,,,1.0,0,498,0.0,29,3,0,0,116,19,135,False,False,False,361.3999999999993,374,500,3556.800000000076,3688,5000
32da1760a7e580d0,warmup1000_chain3,softmax,1.0,3.0,0.01,corrected,238,clean,0.6299000000000002,6.299000000042909e-06,0.0,False,,,0.0,0,0,0.0,40,,0,0,0,19,19,False,False,False,344.8999999999993,359,500,3479.8000000000866,3618,5000
32da1760a7e580d0,warmup1000_chain3,softmax,1.0,3.0,0.01,corrected,238,faa,0.6299000000000002,6.299000011700251e-06,0.0,False,,,1.0,0,498,0.0,40,3,0,0,0,19,19,False,False,False,344.8999999999993,359,500,3479.8000000000866,3618,5000
32da1760a7e580d0,warmup1000_chain3,softmax,1.0,3.0,0.01,corrected,239,clean,0.8082809000000001,0.7044290000000002,0.0,False,0,0.0,0.0,0,0,0.0,24,,0,0,2138,19,2157,False,False,False,370.1999999999998,382,500,3621.7000000000808,3747,5000
32da1760a7e580d0,warmup1000_chain3,softmax,1.0,3.0,0.01,corrected,239,faa,0.8082809000000001,0.8082809000000001,0.0,True,0,0.0,0.8840010111111113,0,0,0.0932,25,204,467,467,2138,486,2157,False,False,False,370.1999999999998,382,500,3633.800000000081,3758,5000
32da1760a7e580d0,warmup1000_chain3,softmax,1.0,3.0,0.01,corrected,240,clean,0.5480000000000002,0.5480000000000002,0.0,False,,,0.0,0,0,0.0,17,,0,0,3848,19,3867,False,False,False,392.1999999999995,402,500,3566.700000000081,3697,5000
32da1760a7e580d0,warmup1000_chain3,softmax,1.0,3.0,0.01,corrected,240,faa,0.5480000000000002,0.4481219580200001,0.0,False,9,1.0,1.0,0,360,0.0,38,3,0,0,1330,19,1349,False,False,False,421.8999999999993,429,500,3545.8000000000825,3678,5000
32da1760a7e580d0,warmup1000_chain3,softmax,1.0,3.0,0.01,corrected,241,clean,0.7919000000000002,0.7919000000000002,0.0,True,0,0.0,0.0,0,0,0.017,24,,86,86,1965,105,1984,False,False,False,365.7999999999993,378,500,3572.200000000081,3702,5000
32da1760a7e580d0,warmup1000_chain3,softmax,1.0,3.0,0.01,corrected,241,faa,0.7919000000000002,0.7919000000000002,0.0,True,0,0.0,0.0,0,0,0.017,24,,86,86,1965,105,1984,False,False,False,365.7999999999993,378,500,3572.200000000081,3702,5000
32da1760a7e580d0,warmup1000_chain3,softmax,1.0,3.0,0.01,corrected,242,clean,0.5480000000000002,0.5480000000000002,0.0,False,,,0.0,0,0,0.0,41,,0,0,756,19,775,False,False,False,376.7999999999991,388,500,3456.700000000083,3597,5000
32da1760a7e580d0,warmup1000_chain3,softmax,1.0,3.0,0.01,corrected,242,faa,0.5480000000000002,0.3120624415703382,0.0,True,19,1.0,1.0,0,14,0.011,42,5,56,56,755,75,774,False,False,False,380.0999999999991,391,500,3468.800000000083,3608,5000
32da1760a7e580d0,warmup1000_chain3,softmax,1.0,3.0,0.01,corrected,243,clean,0.6299000000000002,0.6299000000000002,0.0,False,,,0.0,0,0,0.0,34,,0,0,931,19,950,False,False,False,387.7999999999996,398,500,3478.700000000077,3617,5000
32da1760a7e580d0,warmup1000_chain3,softmax,1.0,3.0,0.01,corrected,243,faa,0.6299000000000002,0.6299000000000002,0.0,False,,,1.0,0,497,0.0,34,4,0,0,931,19,950,False,False,False,398.7999999999995,408,500,3478.700000000077,3617,5000
32da1760a7e580d0,warmup1000_chain3,softmax,1.0,3.0,0.01,corrected,244,clean,0.5570000000000002,0.5570000000000002,5.551115123125783e-16,False,,,0.0,0,0,0.0,14,,0,0,1818,19,1837,False,False,False,356.9999999999992,370,500,3619.5000000000773,3745,5000
32da1760a7e580d0,warmup1000_chain3,softmax,1.0,3.0,0.01,corrected,244,faa,0.5570000000000002,0.736002796781995,0.6380900000000002,False,12,1.0,1.0,0,494,0.0,0,3,0,0,,19,,False,False,False,472.49999999999983,475,500,3638.200000000077,3762,5000
32da1760a7e580d0,warmup1000_chain3,softmax,1.0,3.0,0.01,corrected,245,clean,0.05982200000000054,5.982802697701572e-08,0.0,False,,,0.0,0,0,0.0,40,,0,0,0,19,19,False,False,False,348.19999999999914,362,500,3482.0000000000787,3620,5000
32da1760a7e580d0,warmup1000_chain3,softmax,1.0,3.0,0.01,corrected,245,faa,0.05982200000000054,2.6076080175185812e-05,0.0,False,10,1.0,1.0,0,386,0.0,40,5,0,0,0,19,19,False,False,False,360.29999999999916,373,500,3482.0000000000787,3620,5000
32da1760a7e580d0,warmup1000_chain3,softmax,1.0,3.0,0.01,corrected,246,clean,0.4580000000000002,0.4580000000000002,0.0,False,,,0.0,0,0,0.0,43,,0,0,339,19,358,False,False,False,374.5999999999997,386,500,3441.3000000000857,3583,5000
32da1760a7e580d0,warmup1000_chain3,softmax,1.0,3.0,0.01,corrected,246,faa,0.4580000000000002,0.4580000000000002,0.0,False,,,1.0,0,498,0.0,43,3,0,0,339,19,358,False,False,False,374.5999999999997,386,500,3441.3000000000857,3583,5000
32da1760a7e580d0,warmup1000_chain3,softmax,1.0,3.0,0.01,corrected,247,clean,0.6476570000000001,0.6476570000000001,0.0,False,,,0.0,0,0,0.0,19,,0,0,2610,19,2629,False,False,False,344.89999999999935,359,500,3608.50000000008,3735,5000
32da1760a7e580d0,warmup1000_chain3,softmax,1.0,3.0,0.01,corrected,247,faa,0.6476570000000001,0.6476570000000001,0.0,False,,,1.0,0,500,0.0,19,1,0,0,2610,19,2629,False,False,False,358.09999999999934,371,500,3608.50000000008,3735,5000
32da1760a7e580d0,warmup1000_chain3,softmax,1.0,3.0,0.01,corrected,248,clean,0.8009180000000001,0.7208239625000001,0.0,False,,,0.0,0,0,0.0,29,,0,0,2462,19,2481,False,False,False,359.1999999999992,372,500,3460.0000000000846,3600,5000
32da1760a7e580d0,warmup1000_chain3,softmax,1.0,3.0,0.01,corrected,248,faa,0.8009180000000001,0.7281730915515631,0.0,False,,,1.0,0,500,0.0,28,1,0,0,2827,19,2846,False,False,False,436.1999999999988,442,500,3461.1000000000845,3601,5000
32da1760a7e580d0,warmup1000_chain3,softmax,1.0,3.0,0.01,corrected,249,clean,0.8008190000000002,0.7189677800000003,0.7170578000000003,False,,,0.0,0,0,0.0,0,,0,0,,19,,False,False,False,356.9999999999993,370,500,3592.0000000000778,3720,5000
32da1760a7e580d0,warmup1000_chain3,softmax,1.0,3.0,0.01,corrected,249,faa,0.8008190000000002,0.7424999000000001,0.7203691700000002,False,,,1.0,0,498,0.0,0,3,0,0,,19,,False,False,False,490.09999999999997,491,500,3655.800000000073,3778,5000
32da1760a7e580d0,warmup1000_chain3,softmax,1.0,3.0,0.01,corrected,250,clean,0.6470828000000002,0.6470828000000002,0.6299000000000002,False,,,0.0,0,0,0.0,0,,0,0,,19,,False,False,False,361.39999999999975,374,500,3596.4000000000783,3724,5000
32da1760a7e580d0,warmup1000_chain3,softmax,1.0,3.0,0.01,corrected,250,faa,0.6470828000000002,0.6470828000000002,0.6299000000000002,False,,,1.0,0,498,0.0,0,3,0,0,,19,,False,False,False,361.39999999999975,374,500,3596.4000000000783,3724,5000
32da1760a7e580d0,warmup1000_chain3,softmax,1.0,3.0,0.01,corrected,251,clean,0.8096570000000001,0.8096570000000001,0.7044290000000002,True,0,0.0,0.0,0,0,0.0694,1,,348,348,,367,,False,False,False,370.19999999999925,382,500,3660.200000000083,3782,5000
32da1760a7e580d0,warmup1000_chain3,softmax,1.0,3.0,0.01,corrected,251,faa,0.8096570000000001,0.8096570000000001,0.7044290000000002,True,0,0.0,0.0,0,0,0.0694,1,,348,348,,367,,False,False,False,370.19999999999925,382,500,3660.200000000083,3782,5000
32da1760a7e580d0,warmup1000_chain3,softmax,1.0,3.0,0.01,corrected,252,clean,0.5480000000000002,0.5480000000000002,0.0,False,,,0.0,0,0,0.0,29,,0,0,970,19,989,False,False,False,381.1999999999995,392,500,3609.6000000000795,3736,5000
32da1760a7e580d0,warmup1000_chain3,softmax,1.0,3.0,0.01,corrected,252,faa,0.5480000000000002,0.5480000000000002,0.0,False,,,1.0,0,497,0.0,29,4,0,0,970,19,989,False,False,False,378.99999999999955,390,500,3609.6000000000795,3736,5000
32da1760a7e580d0,warmup1000_chain3,softmax,1.0,3.0,0.01,corrected,253,clean,0.6200000000000001,0.5579900000000002,0.0,False,,,0.0,0,0,0.0,34,,0,0,1426,19,1445,False,False,False,372.3999999999996,384,500,3493.000000000084,3630,5000
32da1760a7e580d0,warmup1000_chain3,softmax,1.0,3.0,0.01,corrected,253,faa,0.6200000000000001,0.5579900000000002,1.1102230246251565e-16,False,,,1.0,0,499,0.0,34,2,0,0,1426,19,1445,False,False,False,361.39999999999964,374,500,3484.2000000000835,3622,5000
32da1760a7e580d0,warmup1000_chain3,softmax,1.0,3.0,0.01,corrected,254,clean,0.5480000000000002,0.5480000000000002,0.0,False,,,0.0,0,0,0.0,17,,0,0,744,19,763,False,False,False,341.5999999999995,356,500,3601.9000000000783,3729,5000
32da1760a7e580d0,warmup1000_chain3,softmax,1.0,3.0,0.01,corrected,254,faa,0.5480000000000002,0.7358479678158201,0.6614297838401972,False,12,1.0,1.0,0,494,0.0,1,3,0,0,,19,,False,False,False,413.0999999999987,421,500,3762.5000000000714,3875,5000
32da1760a7e580d0,warmup1000_chain3,softmax,1.0,3.0,0.01,corrected,255,clean,0.7100000000000001,0.7100000000000001,0.0,False,,,0.0,0,0,0.0,24,,0,1215,1881,1234,1900,False,False,False,365.79999999999956,378,500,3623.900000000084,3749,5000
32da1760a7e580d0,warmup1000_chain3,softmax,1.0,3.0,0.01,corrected,255,faa,0.7100000000000001,0.7357598000000001,0.0,False,,,1.0,0,498,0.0,24,3,0,0,1881,19,1900,False,False,False,487.9,489,500,3639.3000000000843,3763,5000
32da1760a7e580d0,warmup1000_chain3,softmax,1.0,3.0,0.01,corrected,256,clean,0.6299000000000002,0.6299000000000002,0.6299000000000002,False,,,0.0,0,0,0.0,0,,0,0,,19,,False,False,False,385.5999999999993,396,500,3583.200000000082,3712,5000
32da1760a7e580d0,warmup1000_chain3,softmax,1.0,3.0,0.01,corrected,256,faa,0.6299000000000002,0.6299000000000002,0.6299000000000002,False,,,1.0,0,495,0.0,0,5,0,0,,19,,False,False,False,385.5999999999993,396,500,3583.200000000082,3712,5000
32da1760a7e580d0,warmup1000_chain3,softmax,1.0,3.0,0.01,corrected,257,clean,0.8000900000000002,0.7100000000000001,5.713380768490595e-09,False,,,0.0,0,0,0.0,7,,0,0,4433,19,4452,False,False,False,436.1999999999991,442,500,3732.80000000007,3848,5000
32da1760a7e580d0,warmup1000_chain3,softmax,1.0,3.0,0.01,corrected,257,faa,0.8000900000000002,0.7262714943463977,0.6524459156308733,False,,,1.0,0,498,0.0,1,1,0,0,,19,,False,False,False,457.09999999999945,461,500,3764.700000000068,3877,5000
32da1760a7e580d0,warmup1000_chain3,softmax,1.0,3.0,0.01,corrected,258,clean,0.899,0.8073800000000001,0.0,True,0,0.0,0.0,0,0,0.292,16,,1461,1461,2748,1480,2767,False,False,False,497.8,498,500,3642.6000000000813,3766,5000
32da1760a7e580d0,warmup1000_chain3,softmax,1.0,3.0,0.01,corrected,258,faa,0.899,0.8073800000000001,0.0,True,0,0.0,0.0,0,0,0.292,16,,1461,1461,2748,1480,2767,False,False,False,497.8,498,500,3642.6000000000813,3766,5000
32da1760a7e580d0,warmup1000_chain3,softmax,1.0,3.0,0.01,corrected,259,clean,0.05570063414900006,5.570063410509363e-09,0.0,False,,,0.0,0,0,0.0,36,,0,0,0,19,19,False,False,False,326.1999999999992,342,500,3578.800000000079,3708,5000
32da1760a7e580d0,warmup1000_chain3,softmax,1.0,3.0,0.01,corrected,259,faa,0.05570063414900006,1.292590275370209e-06,0.0,False,2,0.6531118158048281,1.0,0,495,0.0,36,6,0,0,0,19,19,False,False,False,328.39999999999924,344,500,3578.800000000079,3708,5000
32da1760a7e580d0,warmup1000_chain3,softmax,1.0,3.0,0.01,corrected,260,clean,0.7100000000000001,0.7100000000000001,0.0,True,0,0.0,0.0,0,0,0.0396,36,,199,199,686,218,705,False,False,False,359.19999999999936,372,500,3512.8000000000807,3648,5000
32da1760a7e580d0,warmup1000_chain3,softmax,1.0,3.0,0.01,corrected,260,faa,0.7100000000000001,0.7100000000000001,0.0,True,0,0.0,0.0,0,0,0.0396,36,,199,199,686,218,705,False,False,False,359.19999999999936,372,500,3512.8000000000807,3648,5000
32da1760a7e580d0,warmup1000_chain3,softmax,1.0,3.0,0.01,corrected,261,clean,0.8081090000000001,0.8081090000000001,7.04428999998008e-06,False,0,0.0,0.0,0,0,0.0,5,,0,0,4661,19,4680,False,False,False,426.29999999999876,433,500,3636.0000000000796,3760,5000
32da1760a7e580d0,warmup1000_chain3,softmax,1.0,3.0,0.01,corrected,261,faa,0.8081090000000001,0.8081090000000001,6.361090000295277e-07,True,0,0.0,0.07591111111111114,0,0,0.0,6,500,1,1,4218,20,4237,False,False,False,426.29999999999876,433,500,3634.9000000000797,3759,5000
32da1760a7e580d0,warmup1000_chain3,softmax,1.0,3.0,0.01,corrected,262,clean,0.5480000000000002,0.5480000000000002,0.5480000000000002,False,,,0.0,0,0,0.0,0,,0,0,,19,,False,False,False,392.1999999999993,402,500,3532.600000000085,3666,5000
32da1760a7e580d0,warmup1000_chain3,softmax,1.0,3.0,0.01,corrected,262,faa,0.5480000000000002,0.5480000000000002,0.5480000000000002,False,,,1.0,0,498,0.0,0,3,0,0,,19,,False,False,False,392.1999999999993,402,500,3532.600000000085,3666,5000
32da1760a7e580d0,warmup1000_chain3,softmax,1.0,3.0,0.01,corrected,263,clean,0.8009819000000001,0.8009819000000001,1.3532243103853148e-09,True,0,0.0,0.0,0,0,0.2306,10,,1154,1154,3843,1173,3862,False,False,False,348.19999999999925,362,500,3673.4000000000774,3794,5000
32da1760a7e580d0,warmup1000_chain3,softmax,1.0,3.0,0.01,corrected,263,faa,0.8009819000000001,0.8009819000000001,1.3532243103853148e-09,True,0,0.0,0.0,0,0,0.2306,10,,1154,1154,3843,1173,3862,False,False,False,348.19999999999925,362,500,3673.4000000000774,3794,5000
32da1760a7e580d0,warmup1000_chain3,softmax,1.0,3.0,0.01,corrected,264,clean,0.7919000000000002,0.7919000000000002,5.495603971894525e-15,True,0,0.0,0.0,0,0,0.2058,11,,1030,1030,3771,1049,3790,False,False,False,381.1999999999996,392,500,3629.4000000000797,3754,5000
32da1760a7e580d0,warmup1000_chain3,softmax,1.0,3.0,0.01,corrected,264,faa,0.7919000000000002,0.7919000000000002,5.495603971894525e-15,True,0,0.0,0.0,0,0,0.2058,11,,1030,1030,3771,1049,3790,False,False,False,381.1999999999996,392,500,3629.4000000000797,3754,5000
32da1760a7e580d0,warmup1000_chain3,softmax,1.0,3.0,0.01,corrected,265,clean,0.89,0.89,0.0,False,,,0.0,0,0,0.1176,20,,0,861,2434,880,2453,False,False,True,500.0,500,500,3675.6000000000836,3796,5000
32da1760a7e580d0,warmup1000_chain3,softmax,1.0,3.0,0.01,corrected,265,faa,0.89,0.89,0.0,False,,,1.0,0,500,0.1176,20,1,0,861,2434,880,2453,False,False,True,500.0,500,500,3675.6000000000836,3796,5000
32da1760a7e580d0,warmup1000_chain3,softmax,1.0,3.0,0.01,corrected,266,clean,0.8999900000000001,0.7829000000000002,0.0,True,0,0.0,0.0,0,0,0.0136,24,,69,69,873,88,892,False,False,False,446.09999999999894,451,500,3626.100000000075,3751,5000
32da1760a7e580d0,warmup1000_chain3,softmax,1.0,3.0,0.01,corrected,266,faa,0.8999900000000001,0.7829000000000002,0.0,True,0,0.0,0.0,0,0,0.0136,24,,69,69,873,88,892,False,False,False,446.09999999999894,451,500,3626.100000000075,3751,5000
32da1760a7e580d0,warmup1000_chain3,softmax,1.0,3.0,0.01,corrected,267,clean,0.7272958130900002,0.7272958130900002,0.0,False,,,0.0,0,0,0.0,17,,0,0,2588,19,2607,False,False,False,315.1999999999996,332,500,3523.8000000000798,3658,5000
32da1760a7e580d0,warmup1000_chain3,softmax,1.0,3.0,0.01,corrected,267,faa,0.7272958130900002,0.7272958130900002,0.7272958130900002,False,1,0.9992175611209303,1.0,0,480,0.0,0,21,0,0,,19,,False,False,False,337.19999999999936,352,500,3682.200000000073,3802,5000
32da1760a7e580d0,warmup1000_chain3,softmax,1.0,3.0,0.01,corrected,268,clean,0.5480000000000002,0.5480000000000002,0.0,False,,,0.0,0,0,0.0,27,,0,0,875,19,894,False,False,False,374.5999999999996,386,500,3568.9000000000797,3699,5000
32da1760a7e580d0,warmup1000_chain3,softmax,1.0,3.0,0.01,corrected,268,faa,0.5480000000000002,0.5480000000000002,0.0,False,,,1.0,0,498,0.0,27,3,0,0,875,19,894,False,False,False,447.199999999999,452,500,3568.9000000000797,3699,5000
32da1760a7e580d0,warmup1000_chain3,softmax,1.0,3.0,0.01,corrected,269,clean,0.8073800000000001,0.7044290000000002,0.0,False,,,0.0,0,0,0.0,22,,0,0,2270,19,2289,False,False,False,376.7999999999996,388,500,3585.400000000076,3714,5000
32da1760a7e580d0,warmup1000_chain3,softmax,1.0,3.0,0.01,corrected,269,faa,0.8073800000000001,0.7044290000000002,0.0,False,,,1.0,0,500,0.0,22,1,0,0,2270,19,2289,False,False,False,376.7999999999996,388,500,3585.400000000076,3714,5000
32da1760a7e580d0,warmup1000_chain3,softmax,1.0,3.0,0.01,corrected,270,clean,0.5480000000000002,0.5480000000000002,0.0,False,,,0.0,0,0,0.0,24,,0,0,2577,19,2596,False,False,False,367.99999999999943,380,500,3626.1000000000736,3751,5000
32da1760a7e580d0,warmup1000_chain3,softmax,1.0,3.0,0.01,corrected,270,faa,0.5480000000000002,0.5480000000000002,0.0,False,,,1.0,0,498,0.0,24,3,0,0,2577,19,2596,False,False,False,440.5999999999989,446,500,3626.1000000000736,3751,5000
32da1760a7e580d0,warmup1000_chain3,softmax,1.0,3.0,0.01,corrected,271,clean,0.7190000000000001,0.7190000000000001,6.106226635438361e-16,False,,,0.0,0,0,0.0,11,,0,0,3789,19,3808,False,False,False,384.49999999999955,395,500,3625.0000000000778,3750,5000
32da1760a7e580d0,warmup1000_chain3,softmax,1.0,3.0,0.01,corrected,271,faa,0.7190000000000001,0.7190000000000001,6.106226635438361e-16,False,,,1.0,0,498,0.0,11,3,0,0,3789,19,3808,False,False,False,384.49999999999955,395,500,3625.0000000000778,3750,5000
32da1760a7e580d0,warmup1000_chain3,softmax,1.0,3.0,0.01,corrected,272,clean,0.7200653480000002,0.7200653480000002,7.216449660063518e-15,False,,,0.0,0,0,0.0,12,,0,0,3522,19,3541,False,False,False,349.29999999999956,363,500,3645.90000000008,3769,5000
32da1760a7e580d0,warmup1000_chain3,softmax,1.0,3.0,0.01,corrected,272,faa,0.7200653480000002,0.7200653480000002,7.216449660063518e-15,False,,,1.0,0,498,0.0,12,3,0,0,3522,19,3541,False,False,False,349.29999999999956,363,500,3645.90000000008,3769,5000
32da1760a7e580d0,warmup1000_chain3,softmax,1.0,3.0,0.01,corrected,273,clean,0.4580000000000002,0.4580000000000002,0.0,False,,,0.0,0,0,0.0,35,,0,0,94,19,113,False,False,False,332.7999999999998,348,500,3631.600000000074,3756,5000
32da1760a7e580d0,warmup1000_chain3,softmax,1.0,3.0,0.01,corrected,273,faa,0.4580000000000002,0.4580000000000002,0.0,False,,,1.0,0,495,0.0,28,5,0,0,976,19,995,False,False,False,339.39999999999975,354,500,3637.100000000074,3761,5000
32da1760a7e580d0,warmup1000_chain3,softmax,1.0,3.0,0.01,corrected,274,clean,0.8001800000000001,0.8001800000000001,7.194245199571014e-14,True,0,0.0,0.0,0,0,0.1508,12,,755,755,3945,774,3964,False,False,False,373.49999999999943,385,500,3652.5000000000823,3775,5000
32da1760a7e580d0,warmup1000_chain3,softmax,1.0,3.0,0.01,corrected,274,faa,0.8001800000000001,0.8001800000000001,7.194245199571014e-14,True,0,0.0,0.0,0,0,0.1508,12,,755,755,3945,774,3964,False,False,False,373.49999999999943,385,500,3652.5000000000823,3775,5000
32da1760a7e580d0,warmup1000_chain3,softmax,1.0,3.0,0.01,corrected,275,clean,0.5570000000000002,0.4580000000000002,0.0,False,,,0.0,0,0,0.0,49,,0,0,620,19,639,False,False,False,374.5999999999995,386,500,3416.000000000083,3560,5000
32da1760a7e580d0,warmup1000_chain3,softmax,1.0,3.0,0.01,corrected,275,faa,0.5570000000000002,0.4580000000000002,0.0,False,,,1.0,0,498,0.0,49,3,0,0,620,19,639,False,False,False,372.39999999999975,384,500,3416.000000000083,3560,5000
32da1760a7e580d0,warmup1000_chain3,softmax,1.0,3.0,0.01,corrected,276,clean,0.6200000000000001,0.5480000000000002,0.0,False,,,0.0,0,0,0.0,20,,0,0,3083,19,3102,False,False,False,374.5999999999995,386,500,3561.2000000000867,3692,5000
32da1760a7e580d0,warmup1000_chain3,softmax,1.0,3.0,0.01,corrected,276,faa,0.6200000000000001,0.5480000000000002,0.0,False,,,1.0,0,498,0.0,20,3,0,0,3083,19,3102,False,False,False,374.5999999999995,386,500,3561.2000000000867,3692,5000
32da1760a7e580d0,warmup1000_chain3,softmax,1.0,3.0,0.01,corrected,277,clean,0.7100000000000001,0.7100000000000001,0.0,False,,,0.0,0,0,0.0,24,,0,686,1887,705,1906,False,False,False,371.29999999999995,383,500,3521.600000000084,3656,5000
32da1760a7e580d0,warmup1000_chain3,softmax,1.0,3.0,0.01,corrected,277,faa,0.7100000000000001,0.733418,0.0,True,11,1.0,1.0,0,8,0.137,24,3,686,686,1887,705,1906,False,False,False,388.89999999999975,399,500,3521.600000000084,3656,5000
32da1760a7e580d0,warmup1000_chain3,softmax,1.0,3.0,0.01,corrected,278,clean,0.7190000000000001,0.7190000000000001,0.0,False,,,0.0,0,0,0.0,17,,0,0,2958,19,2977,False,False,False,361.39999999999986,374,500,3577.700000000078,3707,5000
32da1760a7e580d0,warmup1000_chain3,softmax,1.0,3.0,0.01,corrected,278,faa,0.7190000000000001,0.7190000000000001,0.0,False,,,1.0,0,498,0.0,17,3,0,0,2958,19,2977,False,False,False,361.39999999999986,374,500,3577.700000000078,3707,5000
32da1760a7e580d0,warmup1000_chain3,softmax,1.0,3.0,0.01,corrected,279,clean,0.7208836923887002,0.007208836923894124,0.0,False,,,0.0,0,0,0.0,30,,0,0,0,19,19,False,False,False,359.19999999999936,372,500,3607.400000000081,3734,5000
32da1760a7e580d0,warmup1000_chain3,softmax,1.0,3.0,0.01,corrected,279,faa,0.7208836923887002,0.007208865427193567,0.0,False,,,1.0,0,495,0.0,30,5,0,0,0,19,19,False,False,False,356.9999999999994,370,500,3607.400000000081,3734,5000
32da1760a7e580d0,warmup1000_chain3,softmax,1.0,3.0,0.01,corrected,280,clean,0.5570000000000002,0.5570000000000002,0.0,False,,,0.0,0,0,0.0,25,,0,0,3035,19,3054,False,False,False,370.1999999999997,382,500,3407.200000000089,3552,5000
32da1760a7e580d0,warmup1000_chain3,softmax,1.0,3.0,0.01,corrected,280,faa,0.5570000000000002,0.6624180000000001,0.0,False,,,1.0,0,498,0.0,25,3,0,0,3035,19,3054,False,False,False,495.6,496,500,3475.400000000092,3614,5000
32da1760a7e580d0,warmup1000_chain3,softmax,1.0,3.0,0.01,corrected,281,clean,0.7919000000000002,0.7919000000000002,0.6299000000000002,True,0,0.0,0.0,0,0,0.3272,1,,1637,1638,,1657,,False,False,False,387.7999999999993,398,500,3790.0000000000705,3900,5000
32da1760a7e580d0,warmup1000_chain3,softmax,1.0,3.0,0.01,corrected,281,faa,0.7919000000000002,0.7919000000000002,0.6299000000000002,True,0,0.0,0.0,0,0,0.3272,1,,1637,1638,,1657,,False,False,False,387.7999999999993,398,500,3790.0000000000705,3900,5000
32da1760a7e580d0,warmup1000_chain3,softmax,1.0,3.0,0.01,corrected,282,clean,0.6389090000000002,0.006389089999999986,0.0,False,,,0.0,0,0,0.0,45,,0,0,0,19,19,False,False,False,321.7999999999999,338,500,3403.9000000000838,3549,5000
32da1760a7e580d0,warmup1000_chain3,softmax,1.0,3.0,0.01,corrected,282,faa,0.6389090000000002,0.006389090000000597,0.0,False,,,1.0,0,496,0.0,45,5,0,0,0,19,19,False,False,False,352.5999999999997,366,500,3403.9000000000838,3549,5000
32da1760a7e580d0,warmup1000_chain3,softmax,1.0,3.0,0.01,corrected,283,clean,0.6469280000000002,0.6469280000000002,0.0,False,,,0.0,0,0,0.0,30,,0,0,1943,19,1962,False,False,False,354.7999999999996,368,500,3537.000000000081,3670,5000
32da1760a7e580d0,warmup1000_chain3,softmax,1.0,3.0,0.01,corrected,283,faa,0.6469280000000002,0.6469280000000002,0.0,False,,,1.0,0,498,0.0,30,3,0,0,1943,19,1962,False,False,False,354.7999999999996,368,500,3537.000000000081,3670,5000
32da1760a7e580d0,warmup1000_chain3,softmax,1.0,3.0,0.01,corrected,284,clean,0.5579000000000002,0.10601,0.0,False,,,0.0,0,0,0.0,24,,0,0,331,19,350,False,False,False,348.1999999999989,362,500,3526.0000000000796,3660,5000
32da1760a7e580d0,warmup1000_chain3,softmax,1.0,3.0,0.01,corrected,284,faa,0.5579000000000002,0.5579000000000002,0.0,False,,,1.0,0,497,0.0,24,4,0,0,642,19,661,False,False,False,366.8999999999986,379,500,3526.0000000000796,3660,5000
32da1760a7e580d0,warmup1000_chain3,softmax,1.0,3.0,0.01,corrected,285,clean,0.7136009992458803,0.7136009992458803,0.7136009992458803,False,,,0.0,0,0,0.0,0,,0,0,,19,,False,False,False,387.79999999999984,398,500,3582.10000000008,3711,5000
32da1760a7e580d0,warmup1000_chain3,softmax,1.0,3.0,0.01,corrected,285,faa,0.7136009992458803,0.7136009992458803,0.7136009992458803,False,,,1.0,0,498,0.0,0,3,0,0,,19,,False,False,False,385.59999999999985,396,500,3582.10000000008,3711,5000
32da1760a7e580d0,warmup1000_chain3,softmax,1.0,3.0,0.01,corrected,286,clean,0.7100000000000001,0.6308000000000002,0.0,False,,,0.0,0,0,0.0,38,,0,0,1700,19,1719,False,False,False,371.2999999999992,383,500,3507.300000000081,3643,5000
32da1760a7e580d0,warmup1000_chain3,softmax,1.0,3.0,0.01,corrected,286,faa,0.7100000000000001,0.6308000000000002,0.0,False,,,1.0,0,498,0.0,38,3,0,0,1700,19,1719,False,False,False,382.2999999999991,393,500,3507.300000000081,3643,5000
32da1760a7e580d0,warmup1000_chain3,softmax,1.0,3.0,0.01,corrected,287,clean,0.8090900900000001,0.8090900900000001,0.8090900900000001,False,,,0.0,0,0,0.0,0,,0,0,,19,,False,False,False,361.3999999999995,374,500,3625.0000000000755,3750,5000
32da1760a7e580d0,warmup1000_chain3,softmax,1.0,3.0,0.01,corrected,287,faa,0.8090900900000001,0.8090900900000001,0.8090900900000001,False,,,1.0,0,497,0.0,0,4,0,0,,19,,False,False,False,367.99999999999955,380,500,3625.0000000000755,3750,5000
32da1760a7e580d0,warmup1000_chain3,softmax,1.0,3.0,0.01,corrected,288,clean,0.7190000000000001,0.7190000000000001,6.298999999987398e-06,True,0,0.0,0.0,0,0,0.4468,6,,2235,2235,4333,2254,4352,False,False,False,372.3999999999993,384,500,3726.200000000074,3842,5000
32da1760a7e580d0,warmup1000_chain3,softmax,1.0,3.0,0.01,corrected,288,faa,0.7190000000000001,0.7190000000000001,6.298999999987398e-06,True,0,0.0,0.0,0,0,0.4468,6,,2235,2235,4333,2254,4352,False,False,False,372.3999999999993,384,500,3726.200000000074,3842,5000
32da1760a7e580d0,warmup1000_chain3,softmax,1.0,3.0,0.01,corrected,289,clean,0.7190000000000001,0.7190000000000001,5.551115123125783e-17,False,,,0.0,0,0,0.0,14,,0,0,3513,19,3532,False,False,False,383.3999999999997,394,500,3638.2000000000753,3762,5000
32da1760a7e580d0,warmup1000_chain3,softmax,1.0,3.0,0.01,corrected,289,faa,0.7190000000000001,0.734318,5.551115123125783e-17,False,,,1.0,0,498,0.0,14,3,0,0,3513,19,3532,False,False,False,409.7999999999993,418,500,3638.2000000000753,3762,5000
32da1760a7e580d0,warmup1000_chain3,softmax,1.0,3.0,0.01,corrected,290,clean,0.7928000000000002,0.7928000000000002,0.0,True,0,0.0,0.0,0,0,0.0036,26,,19,19,1129,38,1148,False,False,False,355.8999999999994,369,500,3564.5000000000773,3695,5000
32da1760a7e580d0,warmup1000_chain3,softmax,1.0,3.0,0.01,corrected,290,faa,0.7928000000000002,0.7928000000000002,0.0,True,0,0.0,0.0,0,0,0.0036,26,,19,19,1129,38,1148,False,False,False,355.8999999999994,369,500,3564.5000000000773,3695,5000
32da1760a7e580d0,warmup1000_chain3,softmax,1.0,3.0,0.01,corrected,291,clean,0.7100000000000001,0.7100000000000001,5.4800053383985414e-12,False,,,0.0,0,0,0.0,9,,0,22,3901,41,3920,False,False,False,376.79999999999944,388,500,3654.700000000078,3777,5000
32da1760a7e580d0,warmup1000_chain3,softmax,1.0,3.0,0.01,corrected,291,faa,0.7100000000000001,0.7100000000000001,5.4800053383985414e-12,False,,,1.0,0,498,0.0,9,3,0,22,3901,41,3920,False,False,False,422.999999999999,430,500,3654.700000000078,3777,5000
32da1760a7e580d0,warmup1000_chain3,softmax,1.0,3.0,0.01,corrected,292,clean,0.6308900000000002,0.5480000000000002,0.0005479999999999929,False,,,0.0,0,0,0.0,2,,0,0,4982,19,,False,False,False,392.19999999999925,402,500,3584.3000000000784,3713,5000
32da1760a7e580d0,warmup1000_chain3,softmax,1.0,3.0,0.01,corrected,292,faa,0.6308900000000002,0.5480000000000002,0.0005479999999999929,False,,,1.0,0,497,0.0,2,4,0,0,4982,19,,False,False,False,396.5999999999991,406,500,3584.3000000000784,3713,5000
32da1760a7e580d0,warmup1000_chain3,softmax,1.0,3.0,0.01,corrected,293,clean,0.6200000000000001,0.5480000000000002,0.0,False,,,0.0,0,0,0.0,15,,0,0,2476,19,2495,False,False,False,373.49999999999943,385,500,3692.100000000079,3811,5000
32da1760a7e580d0,warmup1000_chain3,softmax,1.0,3.0,0.01,corrected,293,faa,0.6200000000000001,0.7181000000000002,0.6364610000000002,False,,,1.0,0,499,0.0,0,2,0,0,,19,,False,False,False,485.69999999999993,487,500,3801.00000000007,3910,5000
32da1760a7e580d0,warmup1000_chain3,softmax,1.0,3.0,0.01,corrected,294,clean,0.7199000000000001,0.7199000000000001,0.0,True,0,0.0,0.0,0,0,0.3674,15,,1838,1838,2634,1857,2653,False,False,False,394.3999999999995,404,500,3649.200000000077,3772,5000
32da1760a7e580d0,warmup1000_chain3,softmax,1.0,3.0,0.01,corrected,294,faa,0.7199000000000001,0.7199000000000001,0.0,True,0,0.0,0.0,0,0,0.3674,15,,1838,1838,2634,1857,2653,False,False,False,394.3999999999995,404,500,3649.200000000077,3772,5000
32da1760a7e580d0,warmup1000_chain3,softmax,1.0,3.0,0.01,corrected,295,clean,0.6200000000000001,0.5480000000000002,0.0,False,,,0.0,0,0,0.0,39,,0,0,1137,19,1156,False,False,False,348.19999999999936,362,500,3572.2000000000835,3702,5000
32da1760a7e580d0,warmup1000_chain3,softmax,1.0,3.0,0.01,corrected,295,faa,0.6200000000000001,0.5480000000000002,0.0,False,,,1.0,0,498,0.0,39,3,0,0,1137,19,1156,False,False,False,348.19999999999936,362,500,3572.2000000000835,3702,5000
32da1760a7e580d0,warmup1000_chain3,softmax,1.0,3.0,0.01,corrected,296,clean,0.8098028000000002,0.8098028000000002,0.6299000000000002,True,0,0.0,0.0,0,0,0.0192,0,,97,97,,116,,False,False,False,400.9999999999992,410,500,3537.0000000000864,3670,5000
32da1760a7e580d0,warmup1000_chain3,softmax,1.0,3.0,0.01,corrected,296,faa,0.8098028000000002,0.8098028000000002,0.6299000000000002,True,0,0.0,0.0,0,0,0.0192,0,,97,97,,116,,False,False,False,400.9999999999992,410,500,3537.0000000000864,3670,5000
32da1760a7e580d0,warmup1000_chain3,softmax,1.0,3.0,0.01,corrected,297,clean,0.5480000000000002,0.4580000000000002,0.0,False,,,0.0,0,0,0.0,45,,0,0,208,19,227,False,False,False,345.99999999999955,360,500,3494.10000000008,3631,5000
32da1760a7e580d0,warmup1000_chain3,softmax,1.0,3.0,0.01,corrected,297,faa,0.5480000000000002,0.4580000000000002,0.0,False,,,1.0,0,498,0.0,45,3,0,0,208,19,227,False,False,False,345.99999999999955,360,500,3494.10000000008,3631,5000
32da1760a7e580d0,warmup1000_chain3,softmax,1.0,3.0,0.01,corrected,298,clean,0.6470828000000002,0.6470828000000002,0.0,False,,,0.0,0,0,0.0,23,,0,0,547,19,566,False,False,False,336.0999999999995,351,500,3584.3000000000698,3713,5000
32da1760a7e580d0,warmup1000_chain3,softmax,1.0,3.0,0.01,corrected,298,faa,0.6470828000000002,0.7200218749679,0.0,True,14,1.0,1.0,0,9,0.041,21,3,206,206,1252,225,1271,False,False,False,369.09999999999945,381,500,3609.600000000071,3736,5000
32da1760a7e580d0,warmup1000_chain3,softmax,1.0,3.0,0.01,corrected,299,clean,0.8064800000000001,0.6380900000000002,0.0,False,0,0.0,0.0,0,0,0.0,34,,0,0,1745,19,1764,False,False,False,373.4999999999992,385,500,3463.300000000085,3603,5000
32da1760a7e580d0,warmup1000_chain3,softmax,1.0,3.0,0.01,corrected,299,faa,0.8064800000000001,0.7192520900000002,0.0,False,0,0.0,1.0,0,38,0.0,34,463,0,0,1745,19,1764,False,False,False,372.3999999999992,384,500,3522.7000000000867,3657,5000
550464d24f7ba783,warmup1000_chain3,epsilon_greedy,3.0,3.0,0.01,corrected,0,clean,0.5570000000000002,0.5570000000000002,5.569999999999187e-05,False,,,0.0,0,0,0.0,4,,0,0,2920,19,2939,False,False,False,453.7999999999997,458,500,4346.60000000002,4406,5000
550464d24f7ba783,warmup1000_chain3,epsilon_greedy,3.0,3.0,0.01,corrected,0,faa,0.5570000000000002,0.5570000000000002,5.570000000049147e-05,False,6,1.5179735444444447,3.0,0,477,0.0,4,24,0,0,2920,19,2939,False,False,False,431.7999999999999,438,500,4346.60000000002,4406,5000
550464d24f7ba783,warmup1000_chain3,epsilon_greedy,3.0,3.0,0.01,corrected,1,clean,0.6299000000000002,0.6299000000000002,0.6299000000000002,False,,,0.0,0,0,0.0,0,,0,0,,19,,False,False,False,455.99999999999966,460,500,4463.200000000016,4512,5000
550464d24f7ba783,warmup1000_chain3,epsilon_greedy,3.0,3.0,0.01,corrected,1,faa,0.6299000000000002,0.6868210979999985,0.6868210979999985,False,6,1.4070456644444442,3.0,0,474,0.0,0,27,0,0,,19,,False,False,False,422.99999999999983,430,500,4463.200000000016,4512,5000
550464d24f7ba783,warmup1000_chain3,epsilon_greedy,3.0,3.0,0.01,corrected,2,clean,0.6299000000000002,0.6299000000000002,0.6299000000000002,False,,,0.0,0,0,0.0,0,,0,0,,19,,False,False,False,436.1999999999997,442,500,4465.400000000014,4514,5000
550464d24f7ba783,warmup1000_chain3,epsilon_greedy,3.0,3.0,0.01,corrected,2,faa,0.6299000000000002,0.6788627039999997,0.6788627039999997,False,6,1.6032723044444448,3.0,0,477,0.0,0,24,0,0,,19,,False,False,False,413.0999999999997,421,500,4465.400000000014,4514,5000
550464d24f7ba783,warmup1000_chain3,epsilon_greedy,3.0,3.0,0.01,corrected,3,clean,0.7044290000000002,0.7044290000000002,0.7044290000000002,False,,,0.0,0,0,0.0,0,,0,0,,19,,False,False,False,454.8999999999995,459,500,4450.000000000015,4500,5000
550464d24f7ba783,warmup1000_chain3,epsilon_greedy,3.0,3.0,0.01,corrected,3,faa,0.7044290000000002,0.7795862688473053,0.7795862688473053,False,5,1.8032435170296743,3.0,0,479,0.0,0,22,0,0,,19,,False,False,False,433.9999999999996,440,500,4450.000000000015,4500,5000
550464d24f7ba783,warmup1000_chain3,epsilon_greedy,3.0,3.0,0.01,corrected,4,clean,0.7044290000000002,0.7044290000000002,0.07044290000064135,False,,,0.0,0,0,0.0,1,,0,0,,19,,False,False,False,440.59999999999934,446,500,4448.900000000009,4499,5000
550464d24f7ba783,warmup1000_chain3,epsilon_greedy,3.0,3.0,0.01,corrected,4,faa,0.7044290000000002,0.7729953018952113,0.07729953280369378,False,6,1.4937675383335889,3.0,0,474,0.0,1,27,0,0,,19,,False,False,False,408.6999999999994,417,500,4448.900000000009,4499,5000
550464d24f7ba783,warmup1000_chain3,epsilon_greedy,3.0,3.0,0.01,corrected,5,clean,0.7044290000000002,0.7044290000000002,0.7044290000000002,False,,,0.0,0,0,0.0,0,,0,0,,19,,False,False,False,440.5999999999997,446,500,4395.000000000021,4450,5000
550464d24f7ba783,warmup1000_chain3,epsilon_greedy,3.0,3.0,0.01,corrected,5,faa,0.7044290000000002,0.716139028713002,0.716139028713002,False,4,1.8072975430144445,3.0,0,480,0.0,0,21,0,0,,19,,False,False,False,418.5999999999998,426,500,4395.000000000021,4450,5000
550464d24f7ba783,warmup1000_chain3,epsilon_greedy,3.0,3.0,0.01,corrected,6,clean,0.7044290000000002,0.7044290000000002,0.7044290000000002,False,,,0.0,0,0,0.0,0,,0,0,,19,,False,False,False,433.99999999999943,440,500,4485.200000000017,4532,5000
550464d24f7ba783,warmup1000_chain3,epsilon_greedy,3.0,3.0,0.01,corrected,6,faa,0.7044290000000002,0.7139343411804491,0.7044290000000002,False,6,1.4942861677944448,3.0,0,479,0.0,0,22,0,0,,19,,False,False,False,407.5999999999995,416,500,4485.200000000017,4532,5000
550464d24f7ba783,warmup1000_chain3,epsilon_greedy,3.0,3.0,0.01,corrected,7,clean,0.5480000000000002,0.5480000000000002,0.054800000050220565,False,,,0.0,0,0,0.0,1,,0,0,,19,,False,False,False,442.79999999999967,448,500,4466.500000000016,4515,5000
550464d24f7ba783,warmup1000_chain3,epsilon_greedy,3.0,3.0,0.01,corrected,7,faa,0.5480000000000002,0.6326305461751789,0.06190784590754361,False,5,2.052747122746601,3.0,0,238,0.0,1,263,0,0,,19,,False,False,False,426.2999999999997,433,500,4466.500000000016,4515,5000
550464d24f7ba783,warmup1000_chain3,epsilon_greedy,3.0,3.0,0.01,corrected,8,clean,0.7044290000000002,0.7044290000000002,0.7044290000000002,False,,,0.0,0,0,0.0,0,,0,0,,19,,False,False,False,449.3999999999996,454,500,4450.000000000014,4500,5000
550464d24f7ba783,warmup1000_chain3,epsilon_greedy,3.0,3.0,0.01,corrected,8,faa,0.7044290000000002,0.7502784933000499,0.7502784933000499,False,6,1.7081578014445506,3.0,0,480,0.0,0,21,0,0,,19,,False,False,False,425.1999999999997,432,500,4450.000000000014,4500,5000
550464d24f7ba783,warmup1000_chain3,epsilon_greedy,3.0,3.0,0.01,corrected,9,clean,0.7044290000000002,0.07685728999999997,0.07685728999999997,False,,,0.0,0,0,0.0,0,,0,0,,19,,False,False,False,457.0999999999997,461,500,4461.000000000015,4510,5000
550464d24f7ba783,warmup1000_chain3,epsilon_greedy,3.0,3.0,0.01,corrected,9,faa,0.7044290000000002,0.46649595261000043,0.46649595261000043,False,6,1.708157801444445,3.0,0,476,0.0,0,25,0,0,,19,,False,False,False,426.2999999999997,433,500,4461.000000000015,4510,5000
550464d24f7ba783,warmup1000_chain3,epsilon_greedy,3.0,3.0,0.01,corrected,10,clean,0.6299000000000002,0.6299000000000002,0.6299000000000002,False,,,0.0,0,0,0.0,0,,0,0,,19,,False,False,False,433.99999999999955,440,500,4502.800000000016,4548,5000
550464d24f7ba783,warmup1000_chain3,epsilon_greedy,3.0,3.0,0.01,corrected,10,faa,0.6299000000000002,0.7099519628999988,0.7099519628999988,False,6,1.5989735444444446,3.0,0,477,0.0,0,24,0,0,,19,,False,False,False,405.39999999999964,414,500,4502.800000000016,4548,5000
550464d24f7ba783,warmup1000_chain3,epsilon_greedy,3.0,3.0,0.01,corrected,11,clean,0.7044290000000002,0.7044290000000002,0.7044290000000002,False,,,0.0,0,0,0.0,0,,0,0,,19,,False,False,False,460.39999999999964,464,500,4445.600000000013,4496,5000
550464d24f7ba783,warmup1000_chain3,epsilon_greedy,3.0,3.0,0.01,corrected,11,faa,0.7044290000000002,0.8764290000000001,0.7722503900000003,True,6,1.708157801444445,2.222015781444445,0,0,0.0746,1,9,374,374,,393,,False,False,False,452.69999999999965,457,500,4444.500000000014,4495,5000
550464d24f7ba783,warmup1000_chain3,epsilon_greedy,3.0,3.0,0.01,corrected,12,clean,0.6299000000000002,0.6299000000000002,0.06299000575099994,False,,,0.0,0,0,0.0,1,,0,0,,19,,False,False,False,459.29999999999944,463,500,4467.600000000011,4516,5000
550464d24f7ba783,warmup1000_chain3,epsilon_greedy,3.0,3.0,0.01,corrected,12,faa,0.6299000000000002,0.8755290000000002,0.07214351509178485,True,6,2.5239044444444447,3.0,0,1,0.0974,2,13,488,488,,507,,False,False,False,441.6999999999994,447,500,4466.500000000012,4515,5000
550464d24f7ba783,warmup1000_chain3,epsilon_greedy,3.0,3.0,0.01,corrected,13,clean,0.7044290000000002,0.7044290000000002,0.7044290000000002,False,,,0.0,0,0,0.0,0,,0,0,,19,,False,False,False,453.79999999999967,458,500,4494.000000000024,4540,5000
550464d24f7ba783,warmup1000_chain3,epsilon_greedy,3.0,3.0,0.01,corrected,13,faa,0.7044290000000002,0.7186497960016818,0.7186497960016818,False,4,1.8100872844463107,3.0,0,480,0.0,0,21,0,0,,19,,False,False,False,431.79999999999984,438,500,4494.000000000024,4540,5000
550464d24f7ba783,warmup1000_chain3,epsilon_greedy,3.0,3.0,0.01,corrected,14,clean,0.7919000000000002,0.7919000000000002,0.07050704389999995,False,,,0.0,0,0,0.0,2,,0,405,,424,,False,False,False,453.79999999999995,458,500,4436.800000000014,4488,5000
550464d24f7ba783,warmup1000_chain3,epsilon_greedy,3.0,3.0,0.01,corrected,14,faa,0.7919000000000002,0.8819819000000002,0.0777941312339,True,6,2.2337744444444443,3.0,0,4,0.0808,2,16,405,405,,424,,False,False,False,433.99999999999994,440,500,4436.800000000014,4488,5000
550464d24f7ba783,warmup1000_chain3,epsilon_greedy,3.0,3.0,0.01,corrected,15,clean,0.7919000000000002,0.7919000000000002,0.7044290000000002,False,,,0.0,0,0,0.0,1,,0,126,,145,,False,False,False,453.79999999999984,458,500,4453.300000000008,4503,5000
550464d24f7ba783,warmup1000_chain3,epsilon_greedy,3.0,3.0,0.01,corrected,15,faa,0.7919000000000002,0.8819819000000002,0.7541941700000012,False,6,2.2337744444444443,3.0,0,483,0.0,0,16,0,0,,19,,False,False,False,431.79999999999995,438,500,4454.400000000008,4504,5000
550464d24f7ba783,warmup1000_chain3,epsilon_greedy,3.0,3.0,0.01,corrected,16,clean,0.7919000000000002,0.7044290000000002,0.7044290000000002,False,,,0.0,0,0,0.0,0,,0,0,,19,,False,False,False,446.09999999999957,451,500,4359.800000000025,4418,5000
550464d24f7ba783,warmup1000_chain3,epsilon_greedy,3.0,3.0,0.01,corrected,16,faa,0.7919000000000002,0.7840382390000002,0.7533083900000014,False,6,2.2337744444444443,3.0,0,482,0.0,0,19,0,0,,19,,False,False,False,425.1999999999997,432,500,4359.800000000025,4418,5000
550464d24f7ba783,warmup1000_chain3,epsilon_greedy,3.0,3.0,0.01,corrected,17,clean,0.7044290000000002,0.7044290000000002,0.7044290000000002,False,,,0.0,0,0,0.0,0,,0,0,,19,,False,False,False,458.1999999999998,462,500,4397.200000000023,4452,5000
550464d24f7ba783,warmup1000_chain3,epsilon_greedy,3.0,3.0,0.01,corrected,17,faa,0.7044290000000002,0.9374454900000001,0.7966758229410011,True,6,2.728395083444445,3.0,0,1,0.0292,1,11,147,147,,166,,False,False,False,447.1999999999999,452,500,4396.100000000022,4451,5000
550464d24f7ba783,warmup1000_chain3,epsilon_greedy,3.0,3.0,0.01,corrected,18,clean,0.7044290000000002,0.7044290000000002,0.07044290064143888,False,,,0.0,0,0,0.0,1,,0,0,,19,,False,False,False,442.79999999999967,448,500,4479.700000000017,4527,5000
550464d24f7ba783,warmup1000_chain3,epsilon_greedy,3.0,3.0,0.01,corrected,18,faa,0.7044290000000002,0.7625560413000027,0.07625566622103219,False,6,1.708157801444445,3.0,0,476,0.0,1,25,0,0,,19,,False,False,False,414.1999999999997,422,500,4479.700000000017,4527,5000
550464d24f7ba783,warmup1000_chain3,epsilon_greedy,3.0,3.0,0.01,corrected,19,clean,0.7044290000000002,0.7044290000000002,0.07044290000064812,False,,,0.0,0,0,0.0,1,,0,0,,19,,False,False,False,444.9999999999996,450,500,4426.900000000005,4479,5000
550464d24f7ba783,warmup1000_chain3,epsilon_greedy,3.0,3.0,0.01,corrected,19,faa,0.7044290000000002,0.7591741298400005,0.07591742008309771,False,4,1.8076134220444442,3.0,0,396,0.0,1,105,0,0,,19,,False,False,False,432.89999999999964,439,500,4426.900000000005,4479,5000
550464d24f7ba783,warmup1000_chain3,epsilon_greedy,3.0,3.0,0.01,corrected,20,clean,0.7044290000000002,0.7044290000000002,0.00704493785928767,False,,,0.0,0,0,0.0,2,,0,0,2318,19,2337,False,False,False,458.1999999999997,462,500,4491.800000000011,4538,5000
550464d24f7ba783,warmup1000_chain3,epsilon_greedy,3.0,3.0,0.01,corrected,20,faa,0.7044290000000002,0.7044290000000002,0.0075739556837218225,False,7,1.8837677543465814,3.0,0,481,0.0,2,20,0,0,2318,19,2337,False,False,False,435.0999999999997,441,500,4491.800000000011,4538,5000
550464d24f7ba783,warmup1000_chain3,epsilon_greedy,3.0,3.0,0.01,corrected,21,clean,0.7044290000000002,0.7044290000000002,0.7044290000000002,False,,,0.0,0,0,0.0,0,,0,0,,19,,False,False,False,427.39999999999964,434,500,4454.400000000013,4504,5000
550464d24f7ba783,warmup1000_chain3,epsilon_greedy,3.0,3.0,0.01,corrected,21,faa,0.7044290000000002,0.8086473756179077,0.8086473756179077,False,6,2.7430123638802284,3.0,0,369,0.0,0,11,0,0,,19,,False,False,False,413.0999999999997,421,500,4454.400000000013,4504,5000
550464d24f7ba783,warmup1000_chain3,epsilon_greedy,3.0,3.0,0.01,corrected,22,clean,0.7044290000000002,0.7044290000000002,0.7044290000000002,False,,,0.0,0,0,0.0,0,,0,0,,19,,False,False,False,453.7999999999998,458,500,4513.800000000015,4558,5000
550464d24f7ba783,warmup1000_chain3,epsilon_greedy,3.0,3.0,0.01,corrected,22,faa,0.7044290000000002,0.7626515518992022,0.7626515518992022,False,6,1.7082639243324445,3.0,0,476,0.0,0,25,0,0,,19,,False,False,False,425.19999999999993,432,500,4513.800000000015,4558,5000
550464d24f7ba783,warmup1000_chain3,epsilon_greedy,3.0,3.0,0.01,corrected,23,clean,0.7044290000000002,0.7044290000000002,0.7044290000000002,False,,,0.0,0,0,0.0,0,,0,0,,19,,False,False,False,452.69999999999976,457,500,4415.900000000014,4469,5000
550464d24f7ba783,warmup1000_chain3,epsilon_greedy,3.0,3.0,0.01,corrected,23,faa,0.7044290000000002,0.7044290000000002,0.7044290000000002,False,5,2.0512309542444447,3.0,0,484,0.0,0,17,0,0,,19,,False,False,False,435.0999999999998,441,500,4415.900000000014,4469,5000
550464d24f7ba783,warmup1000_chain3,epsilon_greedy,3.0,3.0,0.01,corrected,24,clean,0.7044290000000002,0.7044290000000002,0.07108433900000011,False,,,0.0,0,0,0.0,1,,0,0,,19,,False,False,False,462.59999999999957,466,500,4387.300000000016,4443,5000
550464d24f7ba783,warmup1000_chain3,epsilon_greedy,3.0,3.0,0.01,corrected,24,faa,0.7044290000000002,0.7152554042599986,0.6497997774505989,False,7,1.8837675360444446,3.0,0,482,0.0,1,19,0,0,,19,,False,False,False,442.7999999999997,448,500,4387.300000000016,4443,5000
550464d24f7ba783,warmup1000_chain3,epsilon_greedy,3.0,3.0,0.01,corrected,25,clean,0.7044290000000002,0.07050704390000584,0.007050704390000551,False,,,0.0,0,0,0.0,1,,0,0,2915,19,2934,False,False,False,443.89999999999964,449,500,4413.700000000021,4467,5000
550464d24f7ba783,warmup1000_chain3,epsilon_greedy,3.0,3.0,0.01,corrected,25,faa,0.7044290000000002,0.17118186236722804,0.016578708629626904,False,6,1.4937675360466276,3.0,0,434,0.0,1,67,0,0,2915,19,2934,False,False,False,418.5999999999997,426,500,4413.700000000021,4467,5000
550464d24f7ba783,warmup1000_chain3,epsilon_greedy,3.0,3.0,0.01,corrected,26,clean,0.7044290000000002,0.7044290000000002,0.7044290000000002,False,,,0.0,0,0,0.0,0,,0,0,,19,,False,False,False,442.7999999999997,448,500,4452.200000000014,4502,5000
550464d24f7ba783,warmup1000_chain3,epsilon_greedy,3.0,3.0,0.01,corrected,26,faa,0.7044290000000002,0.42480083632400006,0.3560028089485163,True,6,1.3286226644444445,3.0,0,1,0.0142,1,25,72,72,,91,,False,False,False,418.5999999999997,426,500,4451.100000000015,4501,5000
550464d24f7ba783,warmup1000_chain3,epsilon_greedy,3.0,3.0,0.01,corrected,27,clean,0.7919000000000002,0.6453800000000002,0.6380900000000002,False,0,0.0,0.0,0,0,0.0,0,,0,0,,19,,False,False,False,427.3999999999997,434,500,4433.500000000018,4485,5000
550464d24f7ba783,warmup1000_chain3,epsilon_greedy,3.0,3.0,0.01,corrected,27,faa,0.7919000000000002,0.7919000000000002,0.6953290000000002,True,0,0.0,1.566401111111111,0,0,0.0748,1,132,375,375,,394,,False,False,False,417.4999999999998,425,500,4432.400000000018,4484,5000
550464d24f7ba783,warmup1000_chain3,epsilon_greedy,3.0,3.0,0.01,corrected,28,clean,0.7044290000000002,0.6299000000000002,0.6299000000000002,False,,,0.0,0,0,0.0,0,,0,0,,19,,False,False,False,440.5999999999995,446,500,4401.600000000017,4456,5000
550464d24f7ba783,warmup1000_chain3,epsilon_greedy,3.0,3.0,0.01,corrected,28,faa,0.7044290000000002,0.8275899794141998,0.8275899794141998,False,6,2.6602024244444444,3.0,0,59,0.0,0,12,0,0,,19,,False,False,False,419.6999999999995,427,500,4401.600000000017,4456,5000
550464d24f7ba783,warmup1000_chain3,epsilon_greedy,3.0,3.0,0.01,corrected,29,clean,0.7919000000000002,0.7044290000000002,0.07685728999999997,False,,,0.0,0,0,0.0,1,,0,0,,19,,False,False,False,452.6999999999998,457,500,4490.700000000018,4537,5000
550464d24f7ba783,warmup1000_chain3,epsilon_greedy,3.0,3.0,0.01,corrected,29,faa,0.7919000000000002,0.7892778860000004,0.08256347039023398,False,6,2.2337744444444443,3.0,0,483,0.0,1,16,0,0,,19,,False,False,False,431.7999999999999,438,500,4490.700000000018,4537,5000
550464d24f7ba783,warmup1000_chain3,epsilon_greedy,3.0,3.0,0.01,corrected,30,clean,0.014100126065540897,0.014100126065540897,0.014100126065540897,False,,,0.0,0,0,0.0,0,,0,0,0,19,19,False,False,False,425.1999999999995,432,500,4483.000000000018,4530,5000
550464d24f7ba783,warmup1000_chain3,epsilon_greedy,3.0,3.0,0.01,corrected,30,faa,0.014100126065540897,0.2676499689973696,0.22533061220230552,False,6,0.7902445618125572,3.0,0,476,0.0,0,25,0,0,,19,,False,False,False,400.9999999999995,410,500,4483.000000000018,4530,5000
550464d24f7ba783,warmup1000_chain3,epsilon_greedy,3.0,3.0,0.01,corrected,31,clean,0.7044290000000002,0.7044290000000002,0.7044290000000002,False,,,0.0,0,0,0.0,0,,0,0,,19,,False,False,False,447.19999999999953,452,500,4503.900000000014,4549,5000
550464d24f7ba783,warmup1000_chain3,epsilon_greedy,3.0,3.0,0.01,corrected,31,faa,0.7044290000000002,0.7625561368192942,0.7625561368192942,False,6,1.708157907576991,3.0,0,476,0.0,0,25,0,0,,19,,False,False,False,416.3999999999996,424,500,4503.900000000014,4549,5000
550464d24f7ba783,warmup1000_chain3,epsilon_greedy,3.0,3.0,0.01,corrected,32,clean,0.7044290000000002,0.7044290000000002,0.7044290000000002,False,,,0.0,0,0,0.0,0,,0,0,,19,,False,False,False,458.1999999999994,462,500,4443.400000000018,4494,5000
550464d24f7ba783,warmup1000_chain3,epsilon_greedy,3.0,3.0,0.01,corrected,32,faa,0.7044290000000002,0.7719886301624528,0.7685181024820755,False,6,1.4568760305557586,3.0,0,143,0.0,0,358,0,0,,19,,False,False,False,433.9999999999993,440,500,4443.400000000018,4494,5000
550464d24f7ba783,warmup1000_chain3,epsilon_greedy,3.0,3.0,0.01,corrected,33,clean,0.7919000000000002,0.7044290000000002,0.07044290641438988,False,,,0.0,0,0,0.0,1,,0,0,,19,,False,False,False,437.2999999999994,443,500,4429.100000000017,4481,5000
550464d24f7ba783,warmup1000_chain3,epsilon_greedy,3.0,3.0,0.01,corrected,33,faa,0.7919000000000002,0.11356269999999996,0.011356270515726963,False,4,1.7010644444444443,3.0,0,488,0.0,1,13,0,0,3526,19,3545,False,False,False,420.7999999999994,428,500,4429.100000000017,4481,5000
550464d24f7ba783,warmup1000_chain3,epsilon_greedy,3.0,3.0,0.01,corrected,34,clean,0.7044290000000002,0.7044290000000002,0.7044290000000002,False,,,0.0,0,0,0.0,0,,0,0,,19,,False,False,False,449.3999999999997,454,500,4463.200000000014,4512,5000
550464d24f7ba783,warmup1000_chain3,epsilon_greedy,3.0,3.0,0.01,corrected,34,faa,0.7044290000000002,0.8339678549000002,0.8339678549000002,False,14,3.0,3.0,0,355,0.0,0,6,0,0,,19,,False,False,False,433.99999999999966,440,500,4463.200000000014,4512,5000
550464d24f7ba783,warmup1000_chain3,epsilon_greedy,3.0,3.0,0.01,corrected,35,clean,0.019873070000116844,0.019873070000116844,0.019873070000116844,False,,,0.0,0,0,0.0,0,,0,0,0,19,19,False,False,False,440.5999999999996,446,500,4417.000000000027,4470,5000
550464d24f7ba783,warmup1000_chain3,epsilon_greedy,3.0,3.0,0.01,corrected,35,faa,0.019873070000116844,0.3130901325904419,0.22681775320950426,True,6,0.790902114983338,1.651839537845927,0,0,0.013,1,14,66,66,,85,,False,False,False,424.0999999999996,431,500,4415.900000000027,4469,5000
550464d24f7ba783,warmup1000_chain3,epsilon_greedy,3.0,3.0,0.01,corrected,36,clean,0.6299000000000002,0.6299000000000002,0.6299000000000002,False,,,0.0,0,0,0.0,0,,0,0,,19,,False,False,False,444.9999999999998,450,500,4406.000000000018,4460,5000
550464d24f7ba783,warmup1000_chain3,epsilon_greedy,3.0,3.0,0.01,corrected,36,faa,0.6299000000000002,0.8019000000000002,0.7044290000000002,True,6,1.598973544455057,1.9756235444498018,0,0,0.0532,1,8,267,267,,286,,False,False,False,436.1999999999999,442,500,4404.900000000019,4459,5000
550464d24f7ba783,warmup1000_chain3,epsilon_greedy,3.0,3.0,0.01,corrected,37,clean,0.7044290000000002,0.7044290000000002,0.00768572900007003,False,,,0.0,0,0,0.0,2,,0,0,4419,19,4438,False,False,False,460.39999999999986,464,500,4437.900000000018,4489,5000
550464d24f7ba783,warmup1000_chain3,epsilon_greedy,3.0,3.0,0.01,corrected,37,faa,0.7044290000000002,0.7044290000000002,0.04685356709664168,False,6,1.7081578014455057,3.0,0,476,0.0,2,25,0,0,4419,19,4438,False,False,False,432.89999999999986,439,500,4437.900000000018,4489,5000
550464d24f7ba783,warmup1000_chain3,epsilon_greedy,3.0,3.0,0.01,corrected,38,clean,0.7044290000000002,0.7044290000000002,0.7044290000000002,False,,,0.0,0,0,0.0,0,,0,0,,19,,False,False,False,440.59999999999957,446,500,4403.800000000019,4458,5000
550464d24f7ba783,warmup1000_chain3,epsilon_greedy,3.0,3.0,0.01,corrected,38,faa,0.7044290000000002,0.7625560508606241,0.7625560508606241,False,6,1.7081578120673577,3.0,0,476,0.0,0,25,0,0,,19,,False,False,False,414.19999999999965,422,500,4403.800000000019,4458,5000
550464d24f7ba783,warmup1000_chain3,epsilon_greedy,3.0,3.0,0.01,corrected,39,clean,0.7044290000000002,0.7044290000000002,0.07044290064143888,False,,,0.0,0,0,0.0,1,,0,0,,19,,False,False,False,449.39999999999964,454,500,4398.30000000002,4453,5000
550464d24f7ba783,warmup1000_chain3,epsilon_greedy,3.0,3.0,0.01,corrected,39,faa,0.7044290000000002,0.735181410000002,0.07351814809907514,False,4,1.8284557444444443,3.0,0,480,0.0,1,21,0,0,,19,,False,False,False,425.1999999999996,432,500,4398.30000000002,4453,5000
550464d24f7ba783,warmup1000_chain3,epsilon_greedy,3.0,3.0,0.01,corrected,40,clean,0.6389090000000002,0.6389090000000002,0.06389095751000001,False,,,0.0,0,0,0.0,1,,0,0,,19,,False,False,False,438.3999999999995,444,500,4508.300000000007,4553,5000
550464d24f7ba783,warmup1000_chain3,epsilon_greedy,3.0,3.0,0.01,corrected,40,faa,0.6389090000000002,0.8109090000000001,0.0712692873629,True,6,1.6089835444444445,2.649915344444444,0,0,0.0558,2,16,280,280,,299,,False,False,False,418.5999999999997,426,500,4507.200000000006,4552,5000
550464d24f7ba783,warmup1000_chain3,epsilon_greedy,3.0,3.0,0.01,corrected,41,clean,0.7044290000000002,0.7044290000000002,0.007044290647853446,False,,,0.0,0,0,0.0,2,,0,0,4417,19,4436,False,False,False,465.89999999999986,469,500,4476.400000000016,4524,5000
550464d24f7ba783,warmup1000_chain3,epsilon_greedy,3.0,3.0,0.01,corrected,41,faa,0.7044290000000002,0.8764290000000002,0.007045007006564963,True,5,2.050157801445506,2.9869810202455014,0,0,0.2314,2,35,1158,1158,4417,1177,4436,False,False,False,453.7999999999999,458,500,4476.400000000016,4524,5000
550464d24f7ba783,warmup1000_chain3,epsilon_greedy,3.0,3.0,0.01,corrected,42,clean,0.7044290000000002,0.7044290000000002,0.0070442907055827675,False,,,0.0,0,0,0.0,2,,0,0,1857,19,1876,False,False,False,451.5999999999998,456,500,4410.400000000019,4464,5000
550464d24f7ba783,warmup1000_chain3,epsilon_greedy,3.0,3.0,0.01,corrected,42,faa,0.7044290000000002,0.9433503900000001,0.008086482657452043,True,6,2.7430124244444443,3.0,0,1,0.049,3,11,246,246,1857,265,1876,False,False,False,436.1999999999998,442,500,4409.300000000018,4463,5000
550464d24f7ba783,warmup1000_chain3,epsilon_greedy,3.0,3.0,0.01,corrected,43,clean,0.7044290000000002,0.7044290000000002,0.7044290000000002,False,,,0.0,0,0,0.0,0,,0,0,,19,,False,False,False,424.0999999999994,431,500,4420.300000000016,4473,5000
550464d24f7ba783,warmup1000_chain3,epsilon_greedy,3.0,3.0,0.01,corrected,43,faa,0.7044290000000002,0.7720148789451324,0.7182717539763845,False,6,1.4942067918309174,3.0,0,477,0.0,0,24,0,0,,19,,False,False,False,400.9999999999995,410,500,4420.300000000016,4473,5000
550464d24f7ba783,warmup1000_chain3,epsilon_greedy,3.0,3.0,0.01,corrected,44,clean,0.7044290000000002,0.7044290000000002,0.07691568290000006,False,,,0.0,0,0,0.0,1,,0,0,,19,,False,False,False,447.1999999999995,452,500,4440.100000000011,4491,5000
550464d24f7ba783,warmup1000_chain3,epsilon_greedy,3.0,3.0,0.01,corrected,44,faa,0.7044290000000002,0.7635111472920024,0.4669745790261004,False,6,1.7092190303244448,3.0,0,476,0.0,1,25,0,0,,19,,False,False,False,418.59999999999945,426,500,4440.100000000011,4491,5000
550464d24f7ba783,warmup1000_chain3,epsilon_greedy,3.0,3.0,0.01,corrected,45,clean,0.7044290000000002,0.7044290000000002,0.7044290000000002,False,,,0.0,0,0,0.0,0,,0,0,,19,,False,False,False,453.7999999999997,458,500,4454.400000000011,4504,5000
550464d24f7ba783,warmup1000_chain3,epsilon_greedy,3.0,3.0,0.01,corrected,45,faa,0.7044290000000002,0.9465147422497626,0.8339678549000002,True,11,3.0,3.0,0,4,0.082,1,5,411,411,,430,,False,False,False,439.4999999999997,445,500,4453.300000000011,4503,5000
550464d24f7ba783,warmup1000_chain3,epsilon_greedy,3.0,3.0,0.01,corrected,46,clean,0.6453800000000002,0.6453800000000002,0.0076637780000000655,False,,,0.0,0,0,0.0,2,,0,0,432,19,451,False,False,False,458.19999999999965,462,500,4423.6000000000195,4476,5000
550464d24f7ba783,warmup1000_chain3,epsilon_greedy,3.0,3.0,0.01,corrected,46,faa,0.6453800000000002,0.8888868000000001,0.021910338695099896,True,6,2.5558627344444447,3.0,0,1,0.0396,3,13,199,199,432,218,451,False,False,False,440.5999999999997,446,500,4422.500000000019,4475,5000
550464d24f7ba783,warmup1000_chain3,epsilon_greedy,3.0,3.0,0.01,corrected,47,clean,0.7044290000000002,0.7044290000000002,0.7044290000000002,False,,,0.0,0,0,0.0,0,,0,0,,19,,False,False,False,437.29999999999944,443,500,4470.900000000012,4519,5000
550464d24f7ba783,warmup1000_chain3,epsilon_greedy,3.0,3.0,0.01,corrected,47,faa,0.7044290000000002,0.7721940266054949,0.7721940266054949,False,6,1.7188666740061032,3.0,0,476,0.0,0,25,0,0,,19,,False,False,False,410.8999999999995,419,500,4470.900000000012,4519,5000
550464d24f7ba783,warmup1000_chain3,epsilon_greedy,3.0,3.0,0.01,corrected,48,clean,0.7044290000000002,0.7044290000000002,0.0704429642022929,False,,,0.0,0,0,0.0,1,,0,0,,19,,False,False,False,429.5999999999995,436,500,4477.500000000015,4525,5000
550464d24f7ba783,warmup1000_chain3,epsilon_greedy,3.0,3.0,0.01,corrected,48,faa,0.7044290000000002,0.7626515518992022,0.0762690579765209,False,6,1.7082639243324445,3.0,0,476,0.0,1,25,0,0,,19,,False,False,False,400.99999999999955,410,500,4477.500000000015,4525,5000
550464d24f7ba783,warmup1000_chain3,epsilon_greedy,3.0,3.0,0.01,corrected,49,clean,0.7044290000000002,0.7044290000000002,0.07044931439000002,False,,,0.0,0,0,0.0,1,,0,0,,19,,False,False,False,444.99999999999966,450,500,4396.100000000017,4451,5000
550464d24f7ba783,warmup1000_chain3,epsilon_greedy,3.0,3.0,0.01,corrected,49,faa,0.7044290000000002,0.7625560413000027,0.07664815117838952,False,6,1.708157801444445,3.0,0,476,0.0,1,25,0,0,,19,,False,False,False,414.1999999999998,422,500,4396.100000000017,4451,5000
550464d24f7ba783,warmup1000_chain3,epsilon_greedy,3.0,3.0,0.01,corrected,50,clean,0.7044290000000002,0.07056543680000005,0.00705654368012254,False,,,0.0,0,0,0.0,1,,0,0,3180,19,3199,False,False,False,443.89999999999986,449,500,4435.700000000019,4487,5000
550464d24f7ba783,warmup1000_chain3,epsilon_greedy,3.0,3.0,0.01,corrected,50,faa,0.7044290000000002,0.10713428586580409,0.010713428618846832,False,8,2.295597749744444,3.0,0,482,0.0,1,19,0,0,3180,19,3199,False,False,False,421.9,429,500,4435.700000000019,4487,5000
550464d24f7ba783,warmup1000_chain3,epsilon_greedy,3.0,3.0,0.01,corrected,51,clean,0.7044290000000002,0.7044290000000002,0.0070443605582899416,False,,,0.0,0,0,0.0,2,,0,0,852,19,871,False,False,False,458.1999999999997,462,500,4377.4000000000215,4434,5000
550464d24f7ba783,warmup1000_chain3,epsilon_greedy,3.0,3.0,0.01,corrected,51,faa,0.7044290000000002,0.7044290000000002,0.007402029045798342,False,7,1.8837675360444441,3.0,0,428,0.0,2,73,0,0,852,19,871,False,False,False,443.8999999999997,449,500,4377.4000000000215,4434,5000
550464d24f7ba783,warmup1000_chain3,epsilon_greedy,3.0,3.0,0.01,corrected,52,clean,0.7177868000000003,0.7177868000000003,0.7177868000000003,False,,,0.0,0,0,0.0,0,,0,0,,19,,False,False,False,450.4999999999998,455,500,4470.900000000012,4519,5000
550464d24f7ba783,warmup1000_chain3,epsilon_greedy,3.0,3.0,0.01,corrected,52,faa,0.7177868000000003,0.7781489027399993,0.7781489027399993,False,6,1.7346852430444444,3.0,0,476,0.0,0,25,0,0,,19,,False,False,False,424.09999999999974,431,500,4470.900000000012,4519,5000
550464d24f7ba783,warmup1000_chain3,epsilon_greedy,3.0,3.0,0.01,corrected,53,clean,0.7044290000000002,0.7044290000000002,0.7044290000000002,False,,,0.0,0,0,0.0,0,,0,0,,19,,False,False,False,444.9999999999997,450,500,4480.800000000005,4528,5000
550464d24f7ba783,warmup1000_chain3,epsilon_greedy,3.0,3.0,0.01,corrected,53,faa,0.7044290000000002,0.8764290000000001,0.7044290000000002,True,6,1.708157801444445,2.1466586814444453,0,0,0.0496,0,8,249,249,,268,,False,False,False,433.99999999999983,440,500,4480.800000000005,4528,5000
550464d24f7ba783,warmup1000_chain3,epsilon_greedy,3.0,3.0,0.01,corrected,54,clean,0.7044290000000002,0.7044290000000002,0.07044296414389994,False,,,0.0,0,0,0.0,1,,0,0,,19,,False,False,False,425.19999999999965,432,500,4389.50000000002,4445,5000
550464d24f7ba783,warmup1000_chain3,epsilon_greedy,3.0,3.0,0.01,corrected,54,faa,0.7044290000000002,0.7502784933004836,0.07503495071144078,False,6,1.7081578014455057,3.0,0,379,0.0,1,122,0,0,,19,,False,False,False,407.5999999999997,416,500,4389.50000000002,4445,5000
550464d24f7ba783,warmup1000_chain3,epsilon_greedy,3.0,3.0,0.01,corrected,55,clean,0.7044290000000002,0.7044290000000002,0.07044290641438988,False,,,0.0,0,0,0.0,1,,0,0,,19,,False,False,False,451.59999999999974,456,500,4417.000000000024,4470,5000
550464d24f7ba783,warmup1000_chain3,epsilon_greedy,3.0,3.0,0.01,corrected,55,faa,0.7044290000000002,0.7830323991300004,0.07830363245984095,False,5,2.0501578014444446,3.0,0,482,0.0,1,19,0,0,,19,,False,False,False,433.9999999999998,440,500,4417.000000000024,4470,5000
550464d24f7ba783,warmup1000_chain3,epsilon_greedy,3.0,3.0,0.01,corrected,56,clean,0.7919000000000002,0.7919000000000002,0.7044290000000002,False,,,0.0,0,0,0.0,1,,0,364,,383,,False,False,False,451.5999999999996,456,500,4429.100000000011,4481,5000
550464d24f7ba783,warmup1000_chain3,epsilon_greedy,3.0,3.0,0.01,corrected,56,faa,0.7919000000000002,0.8745290000000001,0.7722503900000002,True,9,3.0,3.0,0,4,0.0726,1,6,364,364,,383,,False,False,False,443.89999999999964,449,500,4429.100000000011,4481,5000
550464d24f7ba783,warmup1000_chain3,epsilon_greedy,3.0,3.0,0.01,corrected,57,clean,0.6380900000000003,0.6380900000000003,0.0638090006414389,False,,,0.0,0,0,0.0,1,,0,0,,19,,False,False,False,435.0999999999993,441,500,4442.300000000016,4493,5000
550464d24f7ba783,warmup1000_chain3,epsilon_greedy,3.0,3.0,0.01,corrected,57,faa,0.6380900000000003,0.704612182441964,0.07046152784740756,False,5,1.7620575360466273,3.0,0,479,0.0,1,22,0,0,,19,,False,False,False,408.69999999999936,417,500,4442.300000000016,4493,5000
550464d24f7ba783,warmup1000_chain3,epsilon_greedy,3.0,3.0,0.01,corrected,58,clean,0.7044290000000002,0.7044290000000002,0.7044290000000002,False,,,0.0,0,0,0.0,0,,0,0,,19,,False,False,False,424.0999999999997,431,500,4458.800000000023,4508,5000
550464d24f7ba783,warmup1000_chain3,epsilon_greedy,3.0,3.0,0.01,corrected,58,faa,0.7044290000000002,0.7635218788200023,0.7635218788200023,False,6,1.7092309542444446,3.0,0,476,0.0,0,25,0,0,,19,,False,False,False,397.69999999999965,407,500,4458.800000000023,4508,5000
550464d24f7ba783,warmup1000_chain3,epsilon_greedy,3.0,3.0,0.01,corrected,59,clean,0.7044290000000002,0.7044290000000002,0.7044290000000002,False,,,0.0,0,0,0.0,0,,0,0,,19,,False,False,False,422.99999999999966,430,500,4432.400000000018,4484,5000
550464d24f7ba783,warmup1000_chain3,epsilon_greedy,3.0,3.0,0.01,corrected,59,faa,0.7044290000000002,0.8086474252200004,0.8086474252200004,False,6,2.7430124244444443,3.0,0,257,0.0,0,11,0,0,,19,,False,False,False,406.49999999999966,415,500,4432.400000000018,4484,5000
550464d24f7ba783,warmup1000_chain3,epsilon_greedy,3.0,3.0,0.01,corrected,60,clean,0.7044290000000002,0.7044290000000002,0.007044291282877868,False,,,0.0,0,0,0.0,2,,0,0,3059,19,3078,False,False,False,449.3999999999995,454,500,4489.600000000019,4536,5000
550464d24f7ba783,warmup1000_chain3,epsilon_greedy,3.0,3.0,0.01,corrected,60,faa,0.7044290000000002,0.7768171704000111,0.007768313685498129,False,4,1.827718644444457,3.0,0,184,0.0,2,317,0,0,3059,19,3078,False,False,False,437.29999999999944,443,500,4489.600000000019,4536,5000
550464d24f7ba783,warmup1000_chain3,epsilon_greedy,3.0,3.0,0.01,corrected,61,clean,0.7044290000000002,0.7044290000000002,0.7044290000000002,False,,,0.0,0,0,0.0,0,,0,0,,19,,False,False,False,444.9999999999999,450,500,4445.6000000000195,4496,5000
550464d24f7ba783,warmup1000_chain3,epsilon_greedy,3.0,3.0,0.01,corrected,61,faa,0.7044290000000002,0.7729953000384436,0.7729953000384436,False,6,1.4937675360664735,3.0,0,474,0.0,0,27,0,0,,19,,False,False,False,413.0999999999999,421,500,4445.6000000000195,4496,5000
550464d24f7ba783,warmup1000_chain3,epsilon_greedy,3.0,3.0,0.01,corrected,62,clean,0.7919000000000002,0.7044290000000002,0.7044290000000002,False,,,0.0,0,0,0.0,0,,0,0,,19,,False,False,False,441.6999999999995,447,500,4423.600000000012,4476,5000
550464d24f7ba783,warmup1000_chain3,epsilon_greedy,3.0,3.0,0.01,corrected,62,faa,0.7919000000000002,0.7871601410000002,0.7304022200000003,False,7,2.623774444444444,3.0,0,487,0.0,0,12,0,0,,19,,False,False,False,426.2999999999996,433,500,4423.600000000012,4476,5000
550464d24f7ba783,warmup1000_chain3,epsilon_greedy,3.0,3.0,0.01,corrected,63,clean,0.7044290000000002,0.7044290000000002,0.07044931439000002,False,,,0.0,0,0,0.0,1,,0,0,,19,,False,False,False,436.1999999999995,442,500,4448.900000000011,4499,5000
550464d24f7ba783,warmup1000_chain3,epsilon_greedy,3.0,3.0,0.01,corrected,63,faa,0.7044290000000002,0.7747039866000023,0.07747793245363815,False,4,1.9479964444444446,3.0,0,482,0.0,1,19,0,0,,19,,False,False,False,417.49999999999955,425,500,4448.900000000011,4499,5000
550464d24f7ba783,warmup1000_chain3,epsilon_greedy,3.0,3.0,0.01,corrected,64,clean,0.7044290000000002,0.7044290000000002,0.7044290000000002,False,,,0.0,0,0,0.0,0,,0,0,,19,,False,False,False,427.39999999999947,434,500,4452.2000000000135,4502,5000
550464d24f7ba783,warmup1000_chain3,epsilon_greedy,3.0,3.0,0.01,corrected,64,faa,0.7044290000000002,0.7502784933000023,0.7502784933000023,False,6,1.708157801444445,3.0,0,422,0.0,0,79,0,0,,19,,False,False,False,405.39999999999964,414,500,4452.2000000000135,4502,5000
550464d24f7ba783,warmup1000_chain3,epsilon_greedy,3.0,3.0,0.01,corrected,65,clean,0.7919000000000002,0.7919000000000002,0.07685728999999997,False,,,0.0,0,0,0.0,2,,0,378,,397,,False,False,False,458.19999999999953,462,500,4421.40000000002,4474,5000
550464d24f7ba783,warmup1000_chain3,epsilon_greedy,3.0,3.0,0.01,corrected,65,faa,0.7919000000000002,0.8819819000000002,0.08256347039000006,False,6,2.2337744444444443,3.0,0,483,0.0,1,16,0,0,,19,,False,False,False,436.1999999999996,442,500,4422.50000000002,4475,5000
550464d24f7ba783,warmup1000_chain3,epsilon_greedy,3.0,3.0,0.01,corrected,66,clean,0.7044290000000002,0.7044290000000002,0.7044290000000002,False,,,0.0,0,0,0.0,0,,0,0,,19,,False,False,False,440.5999999999997,446,500,4452.200000000012,4502,5000
550464d24f7ba783,warmup1000_chain3,epsilon_greedy,3.0,3.0,0.01,corrected,66,faa,0.7044290000000002,0.8086474252200004,0.8086474252200004,False,6,2.7430124244444443,3.0,0,3,0.0,0,11,0,0,,19,,False,False,False,425.1999999999996,432,500,4451.100000000011,4501,5000
550464d24f7ba783,warmup1000_chain3,epsilon_greedy,3.0,3.0,0.01,corrected,67,clean,0.7044290000000002,0.7044290000000002,0.007044290641438966,False,,,0.0,0,0,0.0,2,,0,0,4732,19,4751,False,False,False,442.7999999999995,448,500,4476.40000000002,4524,5000
550464d24f7ba783,warmup1000_chain3,epsilon_greedy,3.0,3.0,0.01,corrected,67,faa,0.7044290000000002,0.7625560413000027,0.007625599437038777,False,6,1.708157801444445,3.0,0,476,0.0,2,25,0,0,4732,19,4751,False,False,False,411.9999999999998,420,500,4476.40000000002,4524,5000
550464d24f7ba783,warmup1000_chain3,epsilon_greedy,3.0,3.0,0.01,corrected,68,clean,0.7044290000000002,0.7044290000000002,0.7044290000000002,False,,,0.0,0,0,0.0,0,,0,0,,19,,False,False,False,453.7999999999996,458,500,4456.600000000004,4506,5000
550464d24f7ba783,warmup1000_chain3,epsilon_greedy,3.0,3.0,0.01,corrected,68,faa,0.7044290000000002,0.7720145282117873,0.7180677844942543,False,6,1.4937697190658143,3.0,0,191,0.0,0,310,0,0,,19,,False,False,False,432.8999999999997,439,500,4456.600000000004,4506,5000
550464d24f7ba783,warmup1000_chain3,epsilon_greedy,3.0,3.0,0.01,corrected,69,clean,0.6299000000000002,0.6299000000000002,0.6299000000000002,False,,,0.0,0,0,0.0,0,,0,0,,19,,False,False,False,431.7999999999996,438,500,4462.100000000017,4511,5000
550464d24f7ba783,warmup1000_chain3,epsilon_greedy,3.0,3.0,0.01,corrected,69,faa,0.6299000000000002,0.6299000000000002,0.6299000000000002,False,6,1.3779123683944972,3.0,0,268,0.0,0,233,0,0,,19,,False,False,False,413.0999999999998,421,500,4462.100000000017,4511,5000
550464d24f7ba783,warmup1000_chain3,epsilon_greedy,3.0,3.0,0.01,corrected,70,clean,0.07108433900000011,0.07108433900000011,0.007108440314389897,False,,,0.0,0,0,0.0,1,,0,0,1235,19,1254,False,False,False,443.8999999999998,449,500,4487.400000000012,4534,5000
550464d24f7ba783,warmup1000_chain3,epsilon_greedy,3.0,3.0,0.01,corrected,70,faa,0.07108433900000011,0.31497856465850005,0.01600382736489736,False,6,0.7955311447333335,3.0,0,477,0.0,1,24,0,0,1235,19,1254,False,False,False,416.39999999999975,424,500,4487.400000000012,4534,5000
550464d24f7ba783,warmup1000_chain3,epsilon_greedy,3.0,3.0,0.01,corrected,71,clean,0.6453800000000002,0.6453800000000002,0.6453800000000002,False,,,0.0,0,0,0.0,0,,0,0,,19,,False,False,False,431.7999999999996,438,500,4423.600000000021,4476,5000
550464d24f7ba783,warmup1000_chain3,epsilon_greedy,3.0,3.0,0.01,corrected,71,faa,0.6453800000000002,0.2800772591739484,0.23907564221373773,False,6,1.0578609763114253,3.0,0,478,0.0,0,18,0,0,,19,,False,False,False,405.39999999999964,414,500,4423.600000000021,4476,5000
550464d24f7ba783,warmup1000_chain3,epsilon_greedy,3.0,3.0,0.01,corrected,72,clean,0.6380900000000002,0.6380900000000002,0.0064456853390000846,False,,,0.0,0,0,0.0,2,,0,0,1999,19,2018,False,False,False,460.3999999999997,464,500,4500.60000000002,4546,5000
550464d24f7ba783,warmup1000_chain3,epsilon_greedy,3.0,3.0,0.01,corrected,72,faa,0.6380900000000002,0.8100900000000002,0.013746165290000056,True,6,1.6231038324445508,2.0825711224444983,0,0,0.065,3,9,326,326,1999,345,2018,False,False,False,452.6999999999997,457,500,4499.50000000002,4545,5000
550464d24f7ba783,warmup1000_chain3,epsilon_greedy,3.0,3.0,0.01,corrected,73,clean,0.7919000000000002,0.7044290000000002,0.07044290000064135,False,,,0.0,0,0,0.0,1,,0,0,,19,,False,False,False,450.49999999999943,455,500,4484.100000000016,4531,5000
550464d24f7ba783,warmup1000_chain3,epsilon_greedy,3.0,3.0,0.01,corrected,73,faa,0.7919000000000002,0.77984209685,0.07798420968573777,False,6,2.2337744444444443,3.0,0,382,0.0,1,119,0,0,,19,,False,False,False,426.2999999999995,433,500,4484.100000000016,4531,5000
550464d24f7ba783,warmup1000_chain3,epsilon_greedy,3.0,3.0,0.01,corrected,74,clean,0.7919000000000002,0.7044290000000002,0.0007050768598044765,False,,,0.0,0,0,0.0,3,,0,0,2971,19,2990,False,False,False,450.4999999999996,455,500,4453.300000000002,4503,5000
550464d24f7ba783,warmup1000_chain3,epsilon_greedy,3.0,3.0,0.01,corrected,74,faa,0.7919000000000002,0.7892778860000004,0.0007549157265364093,False,6,2.2337744444444443,3.0,0,483,0.0,3,16,0,0,2971,19,2990,False,False,False,429.5999999999997,436,500,4453.300000000002,4503,5000
550464d24f7ba783,warmup1000_chain3,epsilon_greedy,3.0,3.0,0.01,corrected,75,clean,0.5480000000000002,0.5480000000000002,0.05480005751577427,False,,,0.0,0,0,0.0,1,,0,0,,19,,False,False,False,440.5999999999999,446,500,4495.10000000001,4541,5000
550464d24f7ba783,warmup1000_chain3,epsilon_greedy,3.0,3.0,0.01,corrected,75,faa,0.5480000000000002,0.5751035056362119,0.0587747257747655,False,6,1.2830014565315708,3.0,0,475,0.0,1,26,0,0,,19,,False,False,False,410.9,419,500,4495.10000000001,4541,5000
550464d24f7ba783,warmup1000_chain3,epsilon_greedy,3.0,3.0,0.01,corrected,76,clean,0.6299000000000002,0.6299000000000002,0.6299000000000002,False,,,0.0,0,0,0.0,0,,0,0,,19,,False,False,False,438.39999999999964,444,500,4496.200000000013,4542,5000
550464d24f7ba783,warmup1000_chain3,epsilon_greedy,3.0,3.0,0.01,corrected,76,faa,0.6299000000000002,0.7055829454577303,0.6533497446688179,False,6,1.3735187857548474,3.0,0,86,0.0,0,415,0,0,,19,,False,False,False,418.59999999999957,426,500,4496.200000000013,4542,5000
550464d24f7ba783,warmup1000_chain3,epsilon_greedy,3.0,3.0,0.01,corrected,77,clean,0.6299000000000002,0.6299000000000002,0.6299000000000002,False,,,0.0,0,0,0.0,0,,0,0,,19,,False,False,False,444.99999999999966,450,500,4417.000000000015,4470,5000
550464d24f7ba783,warmup1000_chain3,epsilon_greedy,3.0,3.0,0.01,corrected,77,faa,0.6299000000000002,0.8019000000000001,0.7044290000000002,True,6,1.5989735444444446,2.389673544444445,0,0,0.173,1,13,866,866,,885,,False,False,False,428.49999999999966,435,500,4415.900000000014,4469,5000
550464d24f7ba783,warmup1000_chain3,epsilon_greedy,3.0,3.0,0.01,corrected,78,clean,0.7044290000000002,0.7044290000000002,0.7044290000000002,False,,,0.0,0,0,0.0,0,,0,0,,19,,False,False,False,438.3999999999995,444,500,4428.000000000021,4480,5000
550464d24f7ba783,warmup1000_chain3,epsilon_greedy,3.0,3.0,0.01,corrected,78,faa,0.7044290000000002,0.8057314680200005,0.7444257420000004,False,6,2.7430124244444443,3.0,0,173,0.0,0,11,0,0,,19,,False,False,False,425.1999999999996,432,500,4428.000000000021,4480,5000
550464d24f7ba783,warmup1000_chain3,epsilon_greedy,3.0,3.0,0.01,corrected,79,clean,0.07685729000006425,0.07685729000006425,0.0007749872900070787,False,,,0.0,0,0,0.0,2,,0,0,153,19,172,False,False,False,436.19999999999965,442,500,4441.200000000012,4492,5000
550464d24f7ba783,warmup1000_chain3,epsilon_greedy,3.0,3.0,0.01,corrected,79,faa,0.07685729000006425,0.31497856465851093,0.02270364518814849,True,6,0.79553114473336,1.1725918393975339,0,0,0.0304,2,10,153,153,3327,172,3346,False,False,False,421.8999999999997,429,500,4441.200000000012,4492,5000
550464d24f7ba783,warmup1000_chain3,epsilon_greedy,3.0,3.0,0.01,corrected,80,clean,0.7044290000000002,0.7044290000000002,0.7044290000000002,False,,,0.0,0,0,0.0,0,,0,0,,19,,False,False,False,451.5999999999997,456,500,4389.500000000015,4445,5000
550464d24f7ba783,warmup1000_chain3,epsilon_greedy,3.0,3.0,0.01,corrected,80,faa,0.7044290000000002,0.8081458360410008,0.8081458360410008,False,6,2.742399983444445,3.0,0,486,0.0,0,11,0,0,,19,,False,False,False,437.29999999999967,443,500,4389.500000000015,4445,5000
550464d24f7ba783,warmup1000_chain3,epsilon_greedy,3.0,3.0,0.01,corrected,81,clean,0.7044290000000002,0.7044290000000002,0.7044290000000002,False,,,0.0,0,0,0.0,0,,0,0,,19,,False,False,False,457.0999999999995,461,500,4441.200000000022,4492,5000
550464d24f7ba783,warmup1000_chain3,epsilon_greedy,3.0,3.0,0.01,corrected,81,faa,0.7044290000000002,0.8339678549000002,0.8339678549000002,False,7,3.0,3.0,0,489,0.0,0,5,0,0,,19,,False,False,False,443.8999999999995,449,500,4441.200000000022,4492,5000
550464d24f7ba783,warmup1000_chain3,epsilon_greedy,3.0,3.0,0.01,corrected,82,clean,0.7919000000000002,0.7919000000000002,0.07050704389999995,False,,,0.0,0,0,0.0,2,,0,582,,601,,False,False,False,436.1999999999995,442,500,4392.800000000021,4448,5000
550464d24f7ba783,warmup1000_chain3,epsilon_greedy,3.0,3.0,0.01,corrected,82,faa,0.7919000000000002,0.8819819000000002,0.07808214896390009,True,6,2.2337744444444443,3.0,0,2,0.1162,2,19,582,582,,601,,False,False,False,411.9999999999995,420,500,4392.800000000021,4448,5000
550464d24f7ba783,warmup1000_chain3,epsilon_greedy,3.0,3.0,0.01,corrected,83,clean,0.7044290000000002,0.7044290000000002,0.7044290000000002,False,,,0.0,0,0,0.0,0,,0,0,,19,,False,False,False,450.49999999999955,455,500,4452.200000000012,4502,5000
550464d24f7ba783,warmup1000_chain3,epsilon_greedy,3.0,3.0,0.01,corrected,83,faa,0.7044290000000002,0.7312490913955126,0.7312490913955126,False,5,2.0501578015505673,3.0,0,482,0.0,0,19,0,0,,19,,False,False,False,427.39999999999964,434,500,4452.200000000012,4502,5000
550464d24f7ba783,warmup1000_chain3,epsilon_greedy,3.0,3.0,0.01,corrected,84,clean,0.7044290000000002,0.7044290000000002,0.07044290641438988,False,,,0.0,0,0,0.0,1,,0,0,,19,,False,False,False,444.9999999999994,450,500,4435.700000000016,4487,5000
550464d24f7ba783,warmup1000_chain3,epsilon_greedy,3.0,3.0,0.01,corrected,84,faa,0.7044290000000002,0.7625560413000027,0.07625830130298422,False,6,1.708157801444445,3.0,0,476,0.0,1,25,0,0,,19,,False,False,False,414.19999999999936,422,500,4435.700000000016,4487,5000
550464d24f7ba783,warmup1000_chain3,epsilon_greedy,3.0,3.0,0.01,corrected,85,clean,0.6380900000000002,0.6380900000000002,0.6380900000000002,False,,,0.0,0,0,0.0,0,,0,0,,19,,False,False,False,438.39999999999975,444,500,4452.200000000018,4502,5000
550464d24f7ba783,warmup1000_chain3,epsilon_greedy,3.0,3.0,0.01,corrected,85,faa,0.6380900000000002,0.6533457491999994,0.6533457491999994,False,6,1.6231038324444447,3.0,0,477,0.0,0,24,0,0,,19,,False,False,False,410.8999999999998,419,500,4452.200000000018,4502,5000
550464d24f7ba783,warmup1000_chain3,epsilon_greedy,3.0,3.0,0.01,corrected,86,clean,0.7044290000000002,0.7044290000000002,0.7044290000000002,False,,,0.0,0,0,0.0,0,,0,0,,19,,False,False,False,427.39999999999975,434,500,4469.8000000000075,4518,5000
550464d24f7ba783,warmup1000_chain3,epsilon_greedy,3.0,3.0,0.01,corrected,86,faa,0.7044290000000002,0.8086474252200002,0.8086474252200002,False,6,2.743012424444444,3.0,0,221,0.0,0,11,0,0,,19,,False,False,False,413.0999999999998,421,500,4469.8000000000075,4518,5000
550464d24f7ba783,warmup1000_chain3,epsilon_greedy,3.0,3.0,0.01,corrected,87,clean,0.7044290000000002,0.7044290000000002,0.7044290000000002,False,,,0.0,0,0,0.0,0,,0,0,,19,,False,False,False,468.0999999999999,471,500,4448.900000000023,4499,5000
550464d24f7ba783,warmup1000_chain3,epsilon_greedy,3.0,3.0,0.01,corrected,87,faa,0.7044290000000002,0.7720145264600002,0.7044290000000002,False,6,1.4937675360444445,3.0,0,478,0.0,0,23,0,0,,19,,False,False,False,444.99999999999994,450,500,4448.900000000023,4499,5000
550464d24f7ba783,warmup1000_chain3,epsilon_greedy,3.0,3.0,0.01,corrected,88,clean,0.6380900000000003,0.6380900000000003,0.6380900000000003,False,,,0.0,0,0,0.0,0,,0,0,,19,,False,False,False,447.1999999999998,452,500,4450.000000000017,4500,5000
550464d24f7ba783,warmup1000_chain3,epsilon_greedy,3.0,3.0,0.01,corrected,88,faa,0.6380900000000003,0.7187121974699143,0.7187121974699143,False,7,2.0244478015505676,3.0,0,481,0.0,0,20,0,0,,19,,False,False,False,424.0999999999999,431,500,4450.000000000017,4500,5000
550464d24f7ba783,warmup1000_chain3,epsilon_greedy,3.0,3.0,0.01,corrected,89,clean,0.7118819000000002,0.7118819000000002,0.7118819000000002,False,,,0.0,0,0,0.0,0,,0,0,,19,,False,False,False,427.39999999999924,434,500,4443.400000000018,4494,5000
550464d24f7ba783,warmup1000_chain3,epsilon_greedy,3.0,3.0,0.01,corrected,89,faa,0.7118819000000002,0.7867040940012738,0.7867040940012738,False,4,1.8155780302335462,3.0,0,480,0.0,0,21,0,0,,19,,False,False,False,402.0999999999992,411,500,4443.400000000018,4494,5000
550464d24f7ba783,warmup1000_chain3,epsilon_greedy,3.0,3.0,0.01,corrected,90,clean,0.7044290000000002,0.7044290000000002,0.07044290000000641,False,,,0.0,0,0,0.0,1,,0,0,,19,,False,False,False,447.1999999999996,452,500,4354.300000000023,4413,5000
550464d24f7ba783,warmup1000_chain3,epsilon_greedy,3.0,3.0,0.01,corrected,90,faa,0.7044290000000002,0.9433503900000001,0.08339678549007645,True,6,2.743012424444444,2.818369524444444,0,0,0.0646,2,8,324,324,,343,,False,False,False,435.09999999999957,441,500,4352.100000000024,4411,5000
550464d24f7ba783,warmup1000_chain3,epsilon_greedy,3.0,3.0,0.01,corrected,91,clean,0.7044290000000002,0.7044290000000002,0.7044290000000002,False,,,0.0,0,0,0.0,0,,0,0,,19,,False,False,False,444.99999999999943,450,500,4434.600000000015,4486,5000
550464d24f7ba783,warmup1000_chain3,epsilon_greedy,3.0,3.0,0.01,corrected,91,faa,0.7044290000000002,0.7621715433000011,0.7621715433000011,False,7,2.0981578014444446,3.0,0,198,0.0,0,303,0,0,,19,,False,False,False,428.4999999999994,435,500,4434.600000000015,4486,5000
550464d24f7ba783,warmup1000_chain3,epsilon_greedy,3.0,3.0,0.01,corrected,92,clean,0.7044290000000002,0.7044290000000002,0.07044290648072904,False,,,0.0,0,0,0.0,1,,0,0,,19,,False,False,False,453.7999999999997,458,500,4455.500000000007,4505,5000
550464d24f7ba783,warmup1000_chain3,epsilon_greedy,3.0,3.0,0.01,corrected,92,faa,0.7044290000000002,0.773315682483394,0.07733471937452757,False,6,1.4941587234229454,3.0,0,474,0.0,1,27,0,0,,19,,False,False,False,419.6999999999997,427,500,4455.500000000007,4505,5000
550464d24f7ba783,warmup1000_chain3,epsilon_greedy,3.0,3.0,0.01,corrected,93,clean,0.6299000000000002,0.6299000000000002,0.6299000000000002,False,,,0.0,0,0,0.0,0,,0,0,,19,,False,False,False,461.49999999999943,465,500,4457.700000000021,4507,5000
550464d24f7ba783,warmup1000_chain3,epsilon_greedy,3.0,3.0,0.01,corrected,93,faa,0.6299000000000002,0.8019000000000001,0.7044290000000002,True,6,1.4076155894444446,2.4560941494444446,0,0,0.0,1,500,1,1,,20,,False,False,False,446.09999999999945,451,500,4455.50000000002,4505,5000
550464d24f7ba783,warmup1000_chain3,epsilon_greedy,3.0,3.0,0.01,corrected,94,clean,0.7118819000000002,0.7118819000000002,0.07118819000641446,False,,,0.0,0,0,0.0,1,,0,0,,19,,False,False,False,452.69999999999976,457,500,4524.8000000000175,4568,5000
550464d24f7ba783,warmup1000_chain3,epsilon_greedy,3.0,3.0,0.01,corrected,94,faa,0.7118819000000002,0.7118819000000002,0.07118823231815724,False,8,1.7923136465944447,3.0,0,477,0.0,1,24,0,0,,19,,False,False,False,426.29999999999984,433,500,4524.8000000000175,4568,5000
550464d24f7ba783,warmup1000_chain3,epsilon_greedy,3.0,3.0,0.01,corrected,95,clean,0.7044290000000002,0.7044290000000002,0.7044290000000002,False,,,0.0,0,0,0.0,0,,0,0,,19,,False,False,False,459.29999999999967,463,500,4402.700000000022,4457,5000
550464d24f7ba783,warmup1000_chain3,epsilon_greedy,3.0,3.0,0.01,corrected,95,faa,0.7044290000000002,0.3293644413545,0.26759312304210603,True,6,1.0999736198444445,3.0,0,2,0.0016,1,18,9,9,,28,,False,False,False,438.39999999999975,444,500,4401.600000000022,4456,5000
550464d24f7ba783,warmup1000_chain3,epsilon_greedy,3.0,3.0,0.01,corrected,96,clean,0.7118819000000002,0.7118819000000002,0.07118883143900001,False,,,0.0,0,0,0.0,1,,0,0,,19,,False,False,False,436.1999999999996,442,500,4492.900000000011,4539,5000
550464d24f7ba783,warmup1000_chain3,epsilon_greedy,3.0,3.0,0.01,corrected,96,faa,0.7118819000000002,0.7309602827399994,0.0734116086291498,False,6,1.5020485360444442,3.0,0,479,0.0,1,22,0,0,,19,,False,False,False,413.0999999999997,421,500,4492.900000000011,4539,5000
550464d24f7ba783,warmup1000_chain3,epsilon_greedy,3.0,3.0,0.01,corrected,97,clean,0.7118819000000002,0.7118819000000002,0.7118819000000002,False,,,0.0,0,0,0.0,0,,0,0,,19,,False,False,False,431.79999999999944,438,500,4518.200000000017,4562,5000
550464d24f7ba783,warmup1000_chain3,epsilon_greedy,3.0,3.0,0.01,corrected,97,faa,0.7118819000000002,0.7118819000000002,0.7118819000000002,False,6,1.4695190291944447,3.0,0,478,0.0,0,23,0,0,,19,,False,False,False,404.29999999999956,413,500,4518.200000000017,4562,5000
550464d24f7ba783,warmup1000_chain3,epsilon_greedy,3.0,3.0,0.01,corrected,98,clean,0.7044290000000002,0.7044290000000002,0.0007121262680000462,False,,,0.0,0,0,0.0,3,,0,0,1680,19,1699,False,False,False,431.7999999999994,438,500,4411.500000000017,4465,5000
550464d24f7ba783,warmup1000_chain3,epsilon_greedy,3.0,3.0,0.01,corrected,98,faa,0.7044290000000002,0.7502784933000018,0.0008354673921000533,False,6,1.708157801444445,3.0,0,121,0.0,3,380,0,0,1680,19,1699,False,False,False,407.5999999999995,416,500,4411.500000000017,4465,5000
550464d24f7ba783,warmup1000_chain3,epsilon_greedy,3.0,3.0,0.01,corrected,99,clean,0.7044290000000002,0.7044290000000002,0.7044290000000002,False,,,0.0,0,0,0.0,0,,0,0,,19,,False,False,False,455.9999999999995,460,500,4472.000000000018,4520,5000
550464d24f7ba783,warmup1000_chain3,epsilon_greedy,3.0,3.0,0.01,corrected,99,faa,0.7044290000000002,0.7881554316000001,0.7881554316000001,False,6,2.7430124244444443,3.0,0,146,0.0,0,355,0,0,,19,,False,False,False,439.4999999999994,445,500,4472.000000000018,4520,5000
550464d24f7ba783,warmup1000_chain3,epsilon_greedy,3.0,3.0,0.01,corrected,100,clean,0.7044290000000002,0.7044290000000002,0.7044290000000002,False,,,0.0,0,0,0.0,0,,0,0,,19,,False,False,False,431.7999999999995,438,500,4465.400000000016,4514,5000
550464d24f7ba783,warmup1000_chain3,epsilon_greedy,3.0,3.0,0.01,corrected,100,faa,0.7044290000000002,0.772186970867864,0.7044290000000002,False,6,1.708158862672719,3.0,0,122,0.0,0,379,0,0,,19,,False,False,False,409.79999999999933,418,500,4465.400000000016,4514,5000
550464d24f7ba783,warmup1000_chain3,epsilon_greedy,3.0,3.0,0.01,corrected,101,clean,0.7044290000000002,0.07044354143900067,0.07044354143900067,False,,,0.0,0,0,0.0,0,,0,0,,19,,False,False,False,415.2999999999995,423,500,4399.400000000021,4454,5000
550464d24f7ba783,warmup1000_chain3,epsilon_greedy,3.0,3.0,0.01,corrected,101,faa,0.7044290000000002,0.07073479788084891,0.07073479788084891,False,6,1.4937675360662759,3.0,0,476,0.0,0,25,0,0,,19,,False,False,False,385.59999999999957,396,500,4399.400000000021,4454,5000
550464d24f7ba783,warmup1000_chain3,epsilon_greedy,3.0,3.0,0.01,corrected,102,clean,0.7919000000000002,0.7919000000000002,0.7044290000000002,False,,,0.0,0,0,0.0,1,,0,528,,547,,False,False,False,440.59999999999985,446,500,4455.500000000013,4505,5000
550464d24f7ba783,warmup1000_chain3,epsilon_greedy,3.0,3.0,0.01,corrected,102,faa,0.7919000000000002,0.8819819000000002,0.7541941700000012,False,6,2.2337744444444443,3.0,0,483,0.0,0,16,0,0,,19,,False,False,False,418.5999999999998,426,500,4456.600000000012,4506,5000
550464d24f7ba783,warmup1000_chain3,epsilon_greedy,3.0,3.0,0.01,corrected,103,clean,0.6380900000000003,0.6380900000000003,0.6380900000000003,False,,,0.0,0,0,0.0,0,,0,0,,19,,False,False,False,458.19999999999993,462,500,4465.400000000009,4514,5000
550464d24f7ba783,warmup1000_chain3,epsilon_greedy,3.0,3.0,0.01,corrected,103,faa,0.6380900000000003,0.35489202599378084,0.35489202599378084,False,6,1.2930944444444443,3.0,0,422,0.0,0,22,0,0,,19,,False,False,False,428.4999999999999,435,500,4465.400000000009,4514,5000
550464d24f7ba783,warmup1000_chain3,epsilon_greedy,3.0,3.0,0.01,corrected,104,clean,0.7044290000000002,0.7044290000000002,0.07044989885097253,False,,,0.0,0,0,0.0,1,,0,0,,19,,False,False,False,469.19999999999976,472,500,4391.700000000026,4447,5000
550464d24f7ba783,warmup1000_chain3,epsilon_greedy,3.0,3.0,0.01,corrected,104,faa,0.7044290000000002,0.803682746744087,0.0804447115674165,False,6,2.7369505459634755,3.0,0,300,0.0,1,11,0,0,,19,,False,False,False,452.69999999999976,457,500,4391.700000000026,4447,5000
550464d24f7ba783,warmup1000_chain3,epsilon_greedy,3.0,3.0,0.01,corrected,105,clean,0.7919000000000002,0.7919000000000002,0.07182962900000006,False,,,0.0,0,0,0.0,2,,0,1168,,1187,,False,False,False,460.39999999999986,464,500,4523.700000000017,4567,5000
550464d24f7ba783,warmup1000_chain3,epsilon_greedy,3.0,3.0,0.01,corrected,105,faa,0.7919000000000002,0.8819819000000002,0.08001704933299997,True,6,2.2337744444444443,3.0,0,2,0.2334,2,19,1168,1168,,1187,,False,False,False,440.5999999999998,446,500,4523.700000000017,4567,5000
550464d24f7ba783,warmup1000_chain3,epsilon_greedy,3.0,3.0,0.01,corrected,106,clean,0.7044290000000002,0.7044290000000002,0.7044290000000002,False,,,0.0,0,0,0.0,0,,0,0,,19,,False,False,False,440.5999999999996,446,500,4480.800000000019,4528,5000
550464d24f7ba783,warmup1000_chain3,epsilon_greedy,3.0,3.0,0.01,corrected,106,faa,0.7044290000000002,0.7861630941300005,0.7861630941300005,False,6,1.708157801444445,3.0,0,476,0.0,0,25,0,0,,19,,False,False,False,413.0999999999997,421,500,4480.800000000019,4528,5000
550464d24f7ba783,warmup1000_chain3,epsilon_greedy,3.0,3.0,0.01,corrected,107,clean,0.7044290000000002,0.7044290000000002,0.7044290000000002,False,,,0.0,0,0,0.0,0,,0,0,,19,,False,False,False,453.7999999999997,458,500,4518.200000000008,4562,5000
550464d24f7ba783,warmup1000_chain3,epsilon_greedy,3.0,3.0,0.01,corrected,107,faa,0.7044290000000002,0.7740720118787644,0.7044290000000002,False,5,2.4491578120567343,3.0,0,491,0.0,0,10,0,0,,19,,False,False,False,441.6999999999998,447,500,4518.200000000008,4562,5000
550464d24f7ba783,warmup1000_chain3,epsilon_greedy,3.0,3.0,0.01,corrected,108,clean,0.7044290000000002,0.7044290000000002,0.07044290000006415,False,,,0.0,0,0,0.0,1,,0,0,,19,,False,False,False,444.99999999999943,450,500,4418.100000000018,4471,5000
550464d24f7ba783,warmup1000_chain3,epsilon_greedy,3.0,3.0,0.01,corrected,108,faa,0.7044290000000002,0.7625560413000027,0.07625560413390264,False,6,1.708157801444445,3.0,0,476,0.0,1,25,0,0,,19,,False,False,False,414.19999999999965,422,500,4418.100000000018,4471,5000
550464d24f7ba783,warmup1000_chain3,epsilon_greedy,3.0,3.0,0.01,corrected,109,clean,0.7044290000000002,0.7044290000000002,0.7044290000000002,False,,,0.0,0,0,0.0,0,,0,0,,19,,False,False,False,453.7999999999997,458,500,4401.6000000000195,4456,5000
550464d24f7ba783,warmup1000_chain3,epsilon_greedy,3.0,3.0,0.01,corrected,109,faa,0.7044290000000002,0.7737870058990894,0.7737870058990894,False,6,1.4947342098889957,3.0,0,474,0.0,0,27,0,0,,19,,False,False,False,421.8999999999997,429,500,4401.6000000000195,4456,5000
550464d24f7ba783,warmup1000_chain3,epsilon_greedy,3.0,3.0,0.01,corrected,110,clean,0.7044290000000002,0.7044290000000002,0.07044290000000075,False,,,0.0,0,0,0.0,1,,0,0,,19,,False,False,False,436.19999999999936,442,500,4422.500000000011,4475,5000
550464d24f7ba783,warmup1000_chain3,epsilon_greedy,3.0,3.0,0.01,corrected,110,faa,0.7044290000000002,0.7416593463175991,0.07044290000006714,False,6,1.7120696730444447,3.0,0,481,0.0,1,20,0,0,,19,,False,False,False,416.3999999999994,424,500,4422.500000000011,4475,5000
550464d24f7ba783,warmup1000_chain3,epsilon_greedy,3.0,3.0,0.01,corrected,111,clean,0.6299000000000002,0.6299000000000002,0.06298999999999999,False,,,0.0,0,0,0.0,1,,0,0,,19,,False,False,False,438.3999999999997,444,500,4413.700000000018,4467,5000
550464d24f7ba783,warmup1000_chain3,epsilon_greedy,3.0,3.0,0.01,corrected,111,faa,0.6299000000000002,0.6481067457000003,0.0648106745700065,False,6,1.3779093974444447,3.0,0,214,0.0,1,287,0,0,,19,,False,False,False,411.9999999999998,420,500,4413.700000000018,4467,5000
550464d24f7ba783,warmup1000_chain3,epsilon_greedy,3.0,3.0,0.01,corrected,112,clean,0.7044290000000002,0.7044290000000002,0.7044290000000002,False,,,0.0,0,0,0.0,0,,0,0,,19,,False,False,False,444.99999999999983,450,500,4467.600000000008,4516,5000
550464d24f7ba783,warmup1000_chain3,epsilon_greedy,3.0,3.0,0.01,corrected,112,faa,0.7044290000000002,0.80561795154914,0.80561795154914,False,6,2.7423388073879327,3.0,0,430,0.0,0,71,0,0,,19,,False,False,False,428.49999999999983,435,500,4467.600000000008,4516,5000
550464d24f7ba783,warmup1000_chain3,epsilon_greedy,3.0,3.0,0.01,corrected,113,clean,0.7044290000000002,0.7044290000000002,0.7044290000000002,False,,,0.0,0,0,0.0,0,,0,0,,19,,False,False,False,444.9999999999997,450,500,4423.60000000002,4476,5000
550464d24f7ba783,warmup1000_chain3,epsilon_greedy,3.0,3.0,0.01,corrected,113,faa,0.7044290000000002,0.7180769533307446,0.7180769533307446,False,6,1.4937893663642674,3.0,0,273,0.0,0,228,0,0,,19,,False,False,False,419.6999999999998,427,500,4423.60000000002,4476,5000
550464d24f7ba783,warmup1000_chain3,epsilon_greedy,3.0,3.0,0.01,corrected,114,clean,0.7044290000000002,0.7044290000000002,0.007044290648721641,False,,,0.0,0,0,0.0,2,,0,0,2118,19,2137,False,False,False,433.9999999999995,440,500,4474.200000000015,4522,5000
550464d24f7ba783,warmup1000_chain3,epsilon_greedy,3.0,3.0,0.01,corrected,114,faa,0.7044290000000002,0.7482159056709358,0.007484773466715944,False,11,2.5965095174121497,3.0,0,483,0.0,2,18,0,0,2118,19,2137,False,False,False,411.99999999999943,420,500,4474.200000000015,4522,5000
550464d24f7ba783,warmup1000_chain3,epsilon_greedy,3.0,3.0,0.01,corrected,115,clean,0.7044290000000002,0.7044290000000002,0.7044290000000002,False,,,0.0,0,0,0.0,0,,0,0,,19,,False,False,False,444.9999999999998,450,500,4403.80000000002,4458,5000
550464d24f7ba783,warmup1000_chain3,epsilon_greedy,3.0,3.0,0.01,corrected,115,faa,0.7044290000000002,0.7044290000000002,0.7044290000000002,False,6,1.4562631320854225,3.0,0,474,0.0,0,27,0,0,,19,,False,False,False,417.49999999999994,425,500,4403.80000000002,4458,5000
550464d24f7ba783,warmup1000_chain3,epsilon_greedy,3.0,3.0,0.01,corrected,116,clean,0.7044290000000002,0.7044290000000002,0.7044290000000002,False,,,0.0,0,0,0.0,0,,0,0,,19,,False,False,False,453.7999999999998,458,500,4364.200000000021,4422,5000
550464d24f7ba783,warmup1000_chain3,epsilon_greedy,3.0,3.0,0.01,corrected,116,faa,0.7044290000000002,0.7658580221400422,0.7658580221400422,False,9,2.2393263690444893,3.0,0,480,0.0,0,21,0,0,,19,,False,False,False,435.0999999999998,441,500,4364.200000000021,4422,5000
550464d24f7ba783,warmup1000_chain3,epsilon_greedy,3.0,3.0,0.01,corrected,117,clean,0.07108433900000011,0.07108433900000011,0.07108433900000011,False,,,0.0,0,0,0.0,0,,0,0,,19,,False,False,False,442.7999999999997,448,500,4423.600000000011,4476,5000
550464d24f7ba783,warmup1000_chain3,epsilon_greedy,3.0,3.0,0.01,corrected,117,faa,0.07108433900000011,0.2673632669230769,0.2673632669230769,False,6,0.7955311447333333,3.0,0,250,0.0,0,251,0,0,,19,,False,False,False,411.9999999999998,420,500,4423.600000000011,4476,5000
550464d24f7ba783,warmup1000_chain3,epsilon_greedy,3.0,3.0,0.01,corrected,118,clean,0.6299000000000002,0.6299000000000002,0.006299001170619323,False,,,0.0,0,0,0.0,2,,0,0,1799,19,1818,False,False,False,466.9999999999996,470,500,4456.600000000014,4506,5000
550464d24f7ba783,warmup1000_chain3,epsilon_greedy,3.0,3.0,0.01,corrected,118,faa,0.6299000000000002,0.8019000000000001,0.007044946034389932,True,6,1.4288758781444444,1.9702542561444445,0,0,0.0054,3,9,28,28,1799,47,1818,False,False,False,454.89999999999964,459,500,4455.500000000014,4505,5000
550464d24f7ba783,warmup1000_chain3,epsilon_greedy,3.0,3.0,0.01,corrected,119,clean,0.7044290000000002,0.7044290000000002,7.044290641439188e-05,False,,,0.0,0,0,0.0,4,,0,0,3103,19,3122,False,False,False,426.2999999999995,433,500,4433.500000000011,4485,5000
550464d24f7ba783,warmup1000_chain3,epsilon_greedy,3.0,3.0,0.01,corrected,119,faa,0.7044290000000002,0.7437924165724352,7.443258634742822e-05,False,6,1.4612380295249259,3.0,0,473,0.0,4,28,0,0,3103,19,3122,False,False,False,394.3999999999996,404,500,4433.500000000011,4485,5000
550464d24f7ba783,warmup1000_chain3,epsilon_greedy,3.0,3.0,0.01,corrected,120,clean,0.6299000000000002,0.12050000000000005,0.12050000000000005,False,,,0.0,0,0,0.0,0,,0,0,,19,,False,False,False,430.69999999999953,437,500,4487.400000000006,4534,5000
550464d24f7ba783,warmup1000_chain3,epsilon_greedy,3.0,3.0,0.01,corrected,120,faa,0.6299000000000002,0.7219251799999998,0.7214350799999998,False,6,2.5239044444444447,3.0,0,474,0.0,0,13,0,0,,19,,False,False,False,417.49999999999994,425,500,4487.400000000006,4534,5000
550464d24f7ba783,warmup1000_chain3,epsilon_greedy,3.0,3.0,0.01,corrected,121,clean,0.7044290000000002,0.7044290000000002,0.07044290000069986,False,,,0.0,0,0,0.0,1,,0,0,,19,,False,False,False,436.1999999999996,442,500,4470.9000000000215,4519,5000
550464d24f7ba783,warmup1000_chain3,epsilon_greedy,3.0,3.0,0.01,corrected,121,faa,0.7044290000000002,0.8764290000000001,0.0772250397099074,True,6,1.495950557425057,2.2125000739045313,0,0,0.0164,2,12,83,83,,102,,False,False,False,422.99999999999966,430,500,4469.800000000021,4518,5000
550464d24f7ba783,warmup1000_chain3,epsilon_greedy,3.0,3.0,0.01,corrected,122,clean,0.7044290000000002,0.7044290000000002,0.7044290000000002,False,,,0.0,0,0,0.0,0,,0,0,,19,,False,False,False,433.9999999999996,440,500,4465.400000000016,4514,5000
550464d24f7ba783,warmup1000_chain3,epsilon_greedy,3.0,3.0,0.01,corrected,122,faa,0.7044290000000002,0.7044290000000002,0.7044290000000002,False,6,1.4937675360444445,3.0,0,479,0.0,0,22,0,0,,19,,False,False,False,407.5999999999998,416,500,4465.400000000016,4514,5000
550464d24f7ba783,warmup1000_chain3,epsilon_greedy,3.0,3.0,0.01,corrected,123,clean,0.7044290000000002,0.7044290000000002,0.7044290000000002,False,,,0.0,0,0,0.0,0,,0,0,,19,,False,False,False,451.5999999999997,456,500,4434.600000000017,4486,5000
550464d24f7ba783,warmup1000_chain3,epsilon_greedy,3.0,3.0,0.01,corrected,123,faa,0.7044290000000002,0.7052475824598479,0.7052475824598479,False,6,1.4937675360664953,3.0,0,474,0.0,0,27,0,0,,19,,False,False,False,418.59999999999985,426,500,4434.600000000017,4486,5000
550464d24f7ba783,warmup1000_chain3,epsilon_greedy,3.0,3.0,0.01,corrected,124,clean,0.6389090000000002,0.6389090000000002,0.6389090000000002,False,,,0.0,0,0,0.0,0,,0,0,,19,,False,False,False,440.5999999999995,446,500,4366.400000000014,4424,5000
550464d24f7ba783,warmup1000_chain3,epsilon_greedy,3.0,3.0,0.01,corrected,124,faa,0.6389090000000002,0.6639403468051559,0.6639403468051559,False,6,1.6353579075612856,3.0,0,477,0.0,0,24,0,0,,19,,False,False,False,417.49999999999955,425,500,4366.400000000014,4424,5000
550464d24f7ba783,warmup1000_chain3,epsilon_greedy,3.0,3.0,0.01,corrected,125,clean,0.7044290000000002,0.7044290000000002,0.07044290000006415,False,,,0.0,0,0,0.0,1,,0,0,,19,,False,False,False,451.5999999999997,456,500,4431.300000000013,4483,5000
550464d24f7ba783,warmup1000_chain3,epsilon_greedy,3.0,3.0,0.01,corrected,125,faa,0.7044290000000002,0.7626515518992022,0.07626515521688793,False,6,1.7082639243324445,3.0,0,476,0.0,1,25,0,0,,19,,False,False,False,422.9999999999997,430,500,4431.300000000013,4483,5000
550464d24f7ba783,warmup1000_chain3,epsilon_greedy,3.0,3.0,0.01,corrected,126,clean,0.7919000000000002,0.7044290000000002,0.07050704389999995,False,,,0.0,0,0,0.0,1,,0,0,,19,,False,False,False,438.39999999999964,444,500,4522.600000000013,4566,5000
550464d24f7ba783,warmup1000_chain3,epsilon_greedy,3.0,3.0,0.01,corrected,126,faa,0.7919000000000002,0.7722503900000002,0.07729587585171688,False,9,3.0,3.0,0,344,0.0,1,6,0,0,,19,,False,False,False,428.49999999999966,435,500,4522.600000000013,4566,5000
550464d24f7ba783,warmup1000_chain3,epsilon_greedy,3.0,3.0,0.01,corrected,127,clean,0.7044290000000002,0.7044290000000002,0.7044290000000002,False,,,0.0,0,0,0.0,0,,0,0,,19,,False,False,False,431.7999999999995,438,500,4441.200000000016,4492,5000
550464d24f7ba783,warmup1000_chain3,epsilon_greedy,3.0,3.0,0.01,corrected,127,faa,0.7044290000000002,0.7164193395226383,0.7164193395226383,False,4,1.8076089994695956,3.0,0,478,0.0,0,23,0,0,,19,,False,False,False,414.19999999999953,422,500,4441.200000000016,4492,5000
550464d24f7ba783,warmup1000_chain3,epsilon_greedy,3.0,3.0,0.01,corrected,128,clean,0.06305414390000114,0.06305414390000114,0.006305414390064268,False,,,0.0,0,0,0.0,1,,0,0,2440,19,2459,False,False,False,447.1999999999997,452,500,4473.100000000018,4521,5000
550464d24f7ba783,warmup1000_chain3,epsilon_greedy,3.0,3.0,0.01,corrected,128,faa,0.06305414390000114,0.2698598193988484,0.026649550611542394,False,6,0.7909006488833414,3.0,0,229,0.0,1,24,0,0,2440,19,2459,False,False,False,418.59999999999974,426,500,4473.100000000018,4521,5000
550464d24f7ba783,warmup1000_chain3,epsilon_greedy,3.0,3.0,0.01,corrected,129,clean,0.7044290000000002,0.7044290000000002,0.7044290000000002,False,,,0.0,0,0,0.0,0,,0,0,,19,,False,False,False,444.9999999999998,450,500,4419.20000000002,4472,5000
550464d24f7ba783,warmup1000_chain3,epsilon_greedy,3.0,3.0,0.01,corrected,129,faa,0.7044290000000002,0.7881548865275102,0.7881548865275102,False,6,2.7430118188083443,3.0,0,24,0.0,0,477,0,0,,19,,False,False,False,428.49999999999966,435,500,4419.20000000002,4472,5000
550464d24f7ba783,warmup1000_chain3,epsilon_greedy,3.0,3.0,0.01,corrected,130,clean,0.6299000000000002,0.6299000000000002,0.006299006326099921,False,,,0.0,0,0,0.0,2,,0,0,2086,19,2105,False,False,False,444.99999999999943,450,500,4390.600000000017,4446,5000
550464d24f7ba783,warmup1000_chain3,epsilon_greedy,3.0,3.0,0.01,corrected,130,faa,0.6299000000000002,0.7854588505858191,0.007862454170915911,False,6,2.3031544444444445,3.0,0,127,0.0,2,16,0,0,2086,19,2105,False,False,False,417.49999999999955,425,500,4390.600000000017,4446,5000
550464d24f7ba783,warmup1000_chain3,epsilon_greedy,3.0,3.0,0.01,corrected,131,clean,0.6299000000000002,0.6299000000000002,0.6299000000000002,False,,,0.0,0,0,0.0,0,,0,0,,19,,False,False,False,453.7999999999996,458,500,4476.400000000015,4524,5000
550464d24f7ba783,warmup1000_chain3,epsilon_greedy,3.0,3.0,0.01,corrected,131,faa,0.6299000000000002,0.7099519628999988,0.7099519628999988,False,6,1.5989735444444446,3.0,0,477,0.0,0,24,0,0,,19,,False,False,False,425.1999999999996,432,500,4476.400000000015,4524,5000
550464d24f7ba783,warmup1000_chain3,epsilon_greedy,3.0,3.0,0.01,corrected,132,clean,0.7044290000000002,0.7044290000000002,0.7044290000000002,False,,,0.0,0,0,0.0,0,,0,0,,19,,False,False,False,431.79999999999956,438,500,4480.8000000000175,4528,5000
550464d24f7ba783,warmup1000_chain3,epsilon_greedy,3.0,3.0,0.01,corrected,132,faa,0.7044290000000002,0.7352923275768021,0.7352923275768021,False,4,1.8285789861964443,3.0,0,480,0.0,0,21,0,0,,19,,False,False,False,409.7999999999995,418,500,4480.8000000000175,4528,5000
550464d24f7ba783,warmup1000_chain3,epsilon_greedy,3.0,3.0,0.01,corrected,133,clean,0.6299000000000002,0.6299000000000002,0.00629900000064143,False,,,0.0,0,0,0.0,2,,0,0,4371,19,4390,False,False,False,449.39999999999975,454,500,4418.100000000017,4471,5000
550464d24f7ba783,warmup1000_chain3,epsilon_greedy,3.0,3.0,0.01,corrected,133,faa,0.6299000000000002,0.8019000000000002,0.007044290649538987,True,6,1.4109575360444444,2.7890817730444444,0,0,0.2282,3,19,1142,1142,4371,1161,4390,False,False,False,430.6999999999998,437,500,4417.000000000017,4470,5000
550464d24f7ba783,warmup1000_chain3,epsilon_greedy,3.0,3.0,0.01,corrected,134,clean,0.6380900000000002,0.6380900000000002,0.6380900000000002,False,,,0.0,0,0,0.0,0,,0,0,,19,,False,False,False,451.5999999999996,456,500,4432.400000000018,4484,5000
550464d24f7ba783,warmup1000_chain3,epsilon_greedy,3.0,3.0,0.01,corrected,134,faa,0.6380900000000002,0.6979068102048209,0.6979068102048209,False,6,1.6231038324550568,3.0,0,448,0.0,0,53,0,0,,19,,False,False,False,428.49999999999966,435,500,4432.400000000018,4484,5000
550464d24f7ba783,warmup1000_chain3,epsilon_greedy,3.0,3.0,0.01,corrected,135,clean,0.1345868000000584,0.014100119000006406,0.014100119000006406,False,,,0.0,0,0,0.0,0,,0,0,0,19,19,False,False,False,446.09999999999934,451,500,4408.2000000000135,4462,5000
550464d24f7ba783,warmup1000_chain3,epsilon_greedy,3.0,3.0,0.01,corrected,135,faa,0.1345868000000584,0.2672047521300608,0.2672047521300608,False,6,1.0749998014446152,3.0,0,126,0.0,0,375,0,0,,19,,False,False,False,429.5999999999992,436,500,4408.2000000000135,4462,5000
550464d24f7ba783,warmup1000_chain3,epsilon_greedy,3.0,3.0,0.01,corrected,136,clean,0.7044290000000002,0.7044290000000002,0.07044290064143888,False,,,0.0,0,0,0.0,1,,0,0,,19,,False,False,False,442.7999999999993,448,500,4385.100000000022,4441,5000
550464d24f7ba783,warmup1000_chain3,epsilon_greedy,3.0,3.0,0.01,corrected,136,faa,0.7044290000000002,0.7625560413000027,0.07625564315403505,False,6,1.708157801444445,3.0,0,476,0.0,1,25,0,0,,19,,False,False,False,411.9999999999993,420,500,4385.100000000022,4441,5000
550464d24f7ba783,warmup1000_chain3,epsilon_greedy,3.0,3.0,0.01,corrected,137,clean,0.7044290000000002,0.7044290000000002,0.7044290000000002,False,,,0.0,0,0,0.0,0,,0,0,,19,,False,False,False,447.1999999999997,452,500,4381.800000000022,4438,5000
550464d24f7ba783,warmup1000_chain3,epsilon_greedy,3.0,3.0,0.01,corrected,137,faa,0.7044290000000002,0.7790066411520717,0.7044290000000002,False,6,1.4612413340083044,3.0,0,351,0.0,0,150,0,0,,19,,False,False,False,432.89999999999964,439,500,4381.800000000022,4438,5000
550464d24f7ba783,warmup1000_chain3,epsilon_greedy,3.0,3.0,0.01,corrected,138,clean,0.7919000000000002,0.7919000000000002,0.007109075339000015,False,,,0.0,0,0,0.0,3,,0,830,3043,849,3062,False,False,False,458.19999999999965,462,500,4440.100000000017,4491,5000
550464d24f7ba783,warmup1000_chain3,epsilon_greedy,3.0,3.0,0.01,corrected,138,faa,0.7919000000000002,0.8819819000000002,0.00761409663923901,False,6,2.2337744444444443,3.0,0,483,0.0,2,16,0,0,3043,19,3062,False,False,False,436.1999999999996,442,500,4441.200000000017,4492,5000
550464d24f7ba783,warmup1000_chain3,epsilon_greedy,3.0,3.0,0.01,corrected,139,clean,0.7044290000000002,0.7044290000000002,0.7044290000000002,False,,,0.0,0,0,0.0,0,,0,0,,19,,False,False,False,438.3999999999993,444,500,4489.600000000013,4536,5000
550464d24f7ba783,warmup1000_chain3,epsilon_greedy,3.0,3.0,0.01,corrected,139,faa,0.7044290000000002,0.7721869697000002,0.7044290000000002,False,6,1.708157801444445,3.0,0,169,0.0,0,332,0,0,,19,,False,False,False,424.0999999999992,431,500,4489.600000000013,4536,5000
550464d24f7ba783,warmup1000_chain3,epsilon_greedy,3.0,3.0,0.01,corrected,140,clean,0.7044290000000002,0.7044290000000002,0.7044290000000002,False,,,0.0,0,0,0.0,0,,0,0,,19,,False,False,False,462.5999999999999,466,500,4421.400000000009,4474,5000
550464d24f7ba783,warmup1000_chain3,epsilon_greedy,3.0,3.0,0.01,corrected,140,faa,0.7044290000000002,0.7721869697070073,0.7044290000000002,False,6,1.7081578019000374,3.0,0,304,0.0,0,197,0,0,,19,,False,False,False,443.89999999999986,449,500,4421.400000000009,4474,5000
550464d24f7ba783,warmup1000_chain3,epsilon_greedy,3.0,3.0,0.01,corrected,141,clean,0.7044290000000002,0.7044290000000002,0.7044290000000002,False,,,0.0,0,0,0.0,0,,0,0,,19,,False,False,False,442.7999999999998,448,500,4483.000000000008,4530,5000
550464d24f7ba783,warmup1000_chain3,epsilon_greedy,3.0,3.0,0.01,corrected,141,faa,0.7044290000000002,0.8764290000000001,0.7722503900000002,True,6,1.4568837656877445,2.0915718930217446,0,0,0.2272,1,9,1137,1137,,1156,,False,False,False,430.6999999999998,437,500,4481.900000000009,4529,5000
550464d24f7ba783,warmup1000_chain3,epsilon_greedy,3.0,3.0,0.01,corrected,142,clean,0.5480000000000002,0.5480000000000002,0.05480641439000056,False,,,0.0,0,0,0.0,1,,0,0,,19,,False,False,False,440.5999999999997,446,500,4459.900000000008,4509,5000
550464d24f7ba783,warmup1000_chain3,epsilon_greedy,3.0,3.0,0.01,corrected,142,faa,0.5480000000000002,0.6097430082095531,0.061347517918649175,False,6,1.521603342455057,3.0,0,477,0.0,1,24,0,0,,19,,False,False,False,417.49999999999983,425,500,4459.900000000008,4509,5000
550464d24f7ba783,warmup1000_chain3,epsilon_greedy,3.0,3.0,0.01,corrected,143,clean,0.7044290000000002,0.7044290000000002,0.7044290000000002,False,,,0.0,0,0,0.0,0,,0,0,,19,,False,False,False,442.7999999999996,448,500,4469.800000000019,4518,5000
550464d24f7ba783,warmup1000_chain3,epsilon_greedy,3.0,3.0,0.01,corrected,143,faa,0.7044290000000002,0.8086474252200004,0.8086474252200004,False,6,2.7430124244444443,3.0,0,189,0.0,0,11,0,0,,19,,False,False,False,428.49999999999955,435,500,4469.800000000019,4518,5000
550464d24f7ba783,warmup1000_chain3,epsilon_greedy,3.0,3.0,0.01,corrected,144,clean,0.07108433905839295,0.07108433905839295,0.07108433905839295,False,,,0.0,0,0,0.0,0,,0,0,,19,,False,False,False,460.3999999999997,464,500,4410.4000000000215,4464,5000
550464d24f7ba783,warmup1000_chain3,epsilon_greedy,3.0,3.0,0.01,corrected,144,faa,0.07108433905839295,0.3130901326096029,0.22681775321172165,True,6,0.790902115030307,1.162440811470385,0,0,0.006,1,10,31,31,,50,,False,False,False,446.0999999999997,451,500,4409.300000000022,4463,5000
550464d24f7ba783,warmup1000_chain3,epsilon_greedy,3.0,3.0,0.01,corrected,145,clean,0.7044290000000002,0.7044290000000002,0.7044290000000002,False,,,0.0,0,0,0.0,0,,0,0,,19,,False,False,False,440.59999999999957,446,500,4425.8000000000175,4478,5000
550464d24f7ba783,warmup1000_chain3,epsilon_greedy,3.0,3.0,0.01,corrected,145,faa,0.7044290000000002,0.772014878785712,0.7044290000000002,False,6,1.4942065931620567,3.0,0,37,0.0,0,464,0,0,,19,,False,False,False,420.7999999999995,428,500,4425.8000000000175,4478,5000
550464d24f7ba783,warmup1000_chain3,epsilon_greedy,3.0,3.0,0.01,corrected,146,clean,0.6380900000000003,0.6380900000000003,0.6380900000000003,False,,,0.0,0,0,0.0,0,,0,0,,19,,False,False,False,440.59999999999957,446,500,4441.200000000018,4492,5000
550464d24f7ba783,warmup1000_chain3,epsilon_greedy,3.0,3.0,0.01,corrected,146,faa,0.6380900000000003,0.6631754493000004,0.6631754493000004,False,8,2.2079627214444453,3.0,0,482,0.0,0,19,0,0,,19,,False,False,False,420.7999999999996,428,500,4441.200000000018,4492,5000
550464d24f7ba783,warmup1000_chain3,epsilon_greedy,3.0,3.0,0.01,corrected,147,clean,0.7044290000000002,0.7044290000000002,0.07044354143906428,False,,,0.0,0,0,0.0,1,,0,0,,19,,False,False,False,440.5999999999994,446,500,4404.900000000019,4459,5000
550464d24f7ba783,warmup1000_chain3,epsilon_greedy,3.0,3.0,0.01,corrected,147,faa,0.7044290000000002,0.7437924165012172,0.07741816617818115,False,6,1.4612380294457947,3.0,0,473,0.0,1,28,0,0,,19,,False,False,False,408.6999999999995,417,500,4404.900000000019,4459,5000
550464d24f7ba783,warmup1000_chain3,epsilon_greedy,3.0,3.0,0.01,corrected,148,clean,0.6380900000000002,0.06445043905840353,0.06445043905840353,False,,,0.0,0,0,0.0,0,,0,0,,19,,False,False,False,457.0999999999999,461,500,4454.400000000012,4504,5000
550464d24f7ba783,warmup1000_chain3,epsilon_greedy,3.0,3.0,0.01,corrected,148,faa,0.6380900000000002,0.7129058869717524,0.6793224364489396,False,5,2.159923141327863,3.0,0,240,0.0,0,261,0,0,,19,,False,False,False,443.9,449,500,4454.400000000012,4504,5000
550464d24f7ba783,warmup1000_chain3,epsilon_greedy,3.0,3.0,0.01,corrected,149,clean,0.1357021700000054,0.1357021700000054,0.1357021700000054,False,,,0.0,0,0,0.0,0,,0,0,,19,,False,False,False,427.3999999999993,434,500,4421.400000000022,4474,5000
550464d24f7ba783,warmup1000_chain3,epsilon_greedy,3.0,3.0,0.01,corrected,149,faa,0.1357021700000054,0.23761704039098594,0.23761704039098594,False,6,0.8293824965506115,3.0,0,362,0.0,0,139,0,0,,19,,False,False,False,399.8999999999994,409,500,4421.400000000022,4474,5000
550464d24f7ba783,warmup1000_chain3,epsilon_greedy,3.0,3.0,0.01,corrected,150,clean,0.5480000000000002,0.5480000000000002,0.5480000000000002,False,,,0.0,0,0,0.0,0,,0,0,,19,,False,False,False,440.5999999999997,446,500,4474.200000000014,4522,5000
550464d24f7ba783,warmup1000_chain3,epsilon_greedy,3.0,3.0,0.01,corrected,150,faa,0.5480000000000002,0.6780738000000011,0.6780738000000011,False,6,2.283126444444445,3.0,0,400,0.0,0,101,0,0,,19,,False,False,False,420.7999999999997,428,500,4474.200000000014,4522,5000
550464d24f7ba783,warmup1000_chain3,epsilon_greedy,3.0,3.0,0.01,corrected,151,clean,0.6380900000000002,0.6380900000000002,0.6380900000000002,False,,,0.0,0,0,0.0,0,,0,0,,19,,False,False,False,431.79999999999944,438,500,4458.800000000016,4508,5000
550464d24f7ba783,warmup1000_chain3,epsilon_greedy,3.0,3.0,0.01,corrected,151,faa,0.6380900000000002,0.6380900000000002,0.6380900000000002,False,6,1.6231038324550568,3.0,0,478,0.0,0,23,0,0,,19,,False,False,False,408.6999999999995,417,500,4458.800000000016,4508,5000
550464d24f7ba783,warmup1000_chain3,epsilon_greedy,3.0,3.0,0.01,corrected,152,clean,0.7044290000000002,0.7044290000000002,0.07044290000000641,False,,,0.0,0,0,0.0,1,,0,0,,19,,False,False,False,444.9999999999998,450,500,4418.100000000013,4471,5000
550464d24f7ba783,warmup1000_chain3,epsilon_greedy,3.0,3.0,0.01,corrected,152,faa,0.7044290000000002,0.8764290000000001,0.0772250397099074,True,6,1.4568760309251343,2.7697817140630066,0,0,0.218,2,18,1091,1091,,1110,,False,False,False,425.1999999999998,432,500,4417.000000000013,4470,5000
550464d24f7ba783,warmup1000_chain3,epsilon_greedy,3.0,3.0,0.01,corrected,153,clean,0.7044290000000002,0.7044290000000002,0.07044290006414389,False,,,0.0,0,0,0.0,1,,0,0,,19,,False,False,False,436.1999999999996,442,500,4402.700000000019,4457,5000
550464d24f7ba783,warmup1000_chain3,epsilon_greedy,3.0,3.0,0.01,corrected,153,faa,0.7044290000000002,0.7336413183000019,0.07336413572762068,False,8,2.2788871314444448,3.0,0,482,0.0,1,19,0,0,,19,,False,False,False,414.19999999999965,422,500,4402.700000000019,4457,5000
550464d24f7ba783,warmup1000_chain3,epsilon_greedy,3.0,3.0,0.01,corrected,154,clean,0.7044290000000002,0.7044290000000002,0.7044290000000002,False,,,0.0,0,0,0.0,0,,0,0,,19,,False,False,False,433.9999999999996,440,500,4507.20000000001,4552,5000
550464d24f7ba783,warmup1000_chain3,epsilon_greedy,3.0,3.0,0.01,corrected,154,faa,0.7044290000000002,0.7843256839200003,0.7843256839200003,False,6,1.6954133424444446,3.0,0,404,0.0,0,97,0,0,,19,,False,False,False,410.8999999999996,419,500,4507.20000000001,4552,5000
550464d24f7ba783,warmup1000_chain3,epsilon_greedy,3.0,3.0,0.01,corrected,155,clean,0.7044290000000002,0.7044290000000002,0.7044290000000002,False,,,0.0,0,0,0.0,0,,0,0,,19,,False,False,False,464.7999999999997,468,500,4447.800000000011,4498,5000
550464d24f7ba783,warmup1000_chain3,epsilon_greedy,3.0,3.0,0.01,corrected,155,faa,0.7044290000000002,0.7044290000000002,0.7044290000000002,False,6,1.4568768036204653,3.0,0,478,0.0,0,23,0,0,,19,,False,False,False,437.2999999999997,443,500,4447.800000000011,4498,5000
550464d24f7ba783,warmup1000_chain3,epsilon_greedy,3.0,3.0,0.01,corrected,156,clean,0.7044290000000002,0.7044290000000002,0.07044289999999997,False,,,0.0,0,0,0.0,1,,0,0,,19,,False,False,False,455.9999999999995,460,500,4440.1000000000195,4491,5000
550464d24f7ba783,warmup1000_chain3,epsilon_greedy,3.0,3.0,0.01,corrected,156,faa,0.7044290000000002,0.7719886576612611,0.07685356087568262,False,6,1.4569133273216544,3.0,0,424,0.0,1,77,0,0,,19,,False,False,False,429.59999999999957,436,500,4440.1000000000195,4491,5000
550464d24f7ba783,warmup1000_chain3,epsilon_greedy,3.0,3.0,0.01,corrected,157,clean,0.6299000000000002,0.6299000000000002,0.06299000000000626,False,,,0.0,0,0,0.0,1,,0,0,,19,,False,False,False,447.1999999999998,452,500,4473.100000000017,4521,5000
550464d24f7ba783,warmup1000_chain3,epsilon_greedy,3.0,3.0,0.01,corrected,157,faa,0.6299000000000002,0.6442574517299992,0.06442574543367352,False,8,2.1878527241444448,3.0,0,482,0.0,1,19,0,0,,19,,False,False,False,431.7999999999998,438,500,4473.100000000017,4521,5000
550464d24f7ba783,warmup1000_chain3,epsilon_greedy,3.0,3.0,0.01,corrected,158,clean,0.7044290000000002,0.7044290000000002,0.0704429641439589,False,,,0.0,0,0,0.0,1,,0,0,,19,,False,False,False,436.1999999999998,442,500,4453.300000000014,4503,5000
550464d24f7ba783,warmup1000_chain3,epsilon_greedy,3.0,3.0,0.01,corrected,158,faa,0.7044290000000002,0.772186969817849,0.07503495327001697,False,6,1.7081579085331797,3.0,0,323,0.0,1,178,0,0,,19,,False,False,False,411.99999999999994,420,500,4453.300000000014,4503,5000
550464d24f7ba783,warmup1000_chain3,epsilon_greedy,3.0,3.0,0.01,corrected,159,clean,0.7044290000000002,0.07044296539180295,0.0007044296539180372,False,,,0.0,0,0,0.0,2,,0,0,4787,19,4806,False,False,False,443.9,449,500,4419.200000000019,4472,5000
550464d24f7ba783,warmup1000_chain3,epsilon_greedy,3.0,3.0,0.01,corrected,159,faa,0.7044290000000002,0.10420345004936271,0.0010420345004996667,False,6,1.4568881955989488,3.0,0,473,0.0,2,28,0,0,4787,19,4806,False,False,False,418.6,426,500,4419.200000000019,4472,5000
550464d24f7ba783,warmup1000_chain3,epsilon_greedy,3.0,3.0,0.01,corrected,160,clean,0.7044290000000002,0.7044290000000002,0.07044290007529763,False,,,0.0,0,0,0.0,1,,0,0,,19,,False,False,False,429.59999999999957,436,500,4411.500000000015,4465,5000
550464d24f7ba783,warmup1000_chain3,epsilon_greedy,3.0,3.0,0.01,corrected,160,faa,0.7044290000000002,0.7594876273671108,0.0759487667353666,False,6,1.7284285504598116,3.0,0,480,0.0,1,21,0,0,,19,,False,False,False,405.3999999999996,414,500,4411.500000000015,4465,5000
550464d24f7ba783,warmup1000_chain3,epsilon_greedy,3.0,3.0,0.01,corrected,161,clean,0.7118819000000002,0.7118819000000002,0.7118819000000002,False,,,0.0,0,0,0.0,0,,0,0,,19,,False,False,False,455.9999999999996,460,500,4496.200000000016,4542,5000
550464d24f7ba783,warmup1000_chain3,epsilon_greedy,3.0,3.0,0.01,corrected,161,faa,0.7118819000000002,0.7786291643543646,0.7118819000000002,False,6,1.4651574731390795,3.0,0,103,0.0,0,398,0,0,,19,,False,False,False,432.89999999999947,439,500,4496.200000000016,4542,5000
550464d24f7ba783,warmup1000_chain3,epsilon_greedy,3.0,3.0,0.01,corrected,162,clean,0.7044290000000002,0.7044290000000002,0.00070442901924328,False,,,0.0,0,0,0.0,3,,0,0,2776,19,2795,False,False,False,438.39999999999935,444,500,4470.900000000012,4519,5000
550464d24f7ba783,warmup1000_chain3,epsilon_greedy,3.0,3.0,0.01,corrected,162,faa,0.7044290000000002,0.7834256310000004,0.0007834258439721742,False,4,1.8284557444444445,3.0,0,480,0.0,3,21,0,0,2776,19,2795,False,False,False,417.49999999999943,425,500,4470.900000000012,4519,5000
550464d24f7ba783,warmup1000_chain3,epsilon_greedy,3.0,3.0,0.01,corrected,163,clean,0.7044290000000002,0.7044290000000002,0.07044289999999997,False,,,0.0,0,0,0.0,1,,0,0,,19,,False,False,False,416.3999999999995,424,500,4332.300000000025,4393,5000
550464d24f7ba783,warmup1000_chain3,epsilon_greedy,3.0,3.0,0.01,corrected,163,faa,0.7044290000000002,0.7743042349890379,0.07743042349890378,False,5,2.2346277053465817,3.0,0,490,0.0,1,11,0,0,,19,,False,False,False,405.3999999999995,414,500,4332.300000000025,4393,5000
550464d24f7ba783,warmup1000_chain3,epsilon_greedy,3.0,3.0,0.01,corrected,164,clean,0.7044290000000002,0.7044290000000002,0.070443541439,False,,,0.0,0,0,0.0,1,,0,0,,19,,False,False,False,444.9999999999998,450,500,4440.100000000009,4491,5000
550464d24f7ba783,warmup1000_chain3,epsilon_greedy,3.0,3.0,0.01,corrected,164,faa,0.7044290000000002,0.7170145883400021,0.07201638767453716,False,7,1.8836274870444445,3.0,0,478,0.0,1,23,0,0,,19,,False,False,False,417.4999999999997,425,500,4440.100000000009,4491,5000
550464d24f7ba783,warmup1000_chain3,epsilon_greedy,3.0,3.0,0.01,corrected,165,clean,0.7919000000000002,0.7919000000000002,0.007044360558289886,False,,,0.0,0,0,0.0,3,,0,320,2326,339,2345,False,False,False,455.9999999999998,460,500,4444.500000000022,4495,5000
550464d24f7ba783,warmup1000_chain3,epsilon_greedy,3.0,3.0,0.01,corrected,165,faa,0.7919000000000002,0.8819819000000002,0.0074331751845873595,False,5,2.974774444444444,3.0,0,493,0.0,2,6,0,0,2326,19,2345,False,False,False,443.89999999999975,449,500,4445.600000000022,4496,5000
550464d24f7ba783,warmup1000_chain3,epsilon_greedy,3.0,3.0,0.01,corrected,166,clean,0.7044290000000002,0.07685787398214461,0.07685787398214461,False,,,0.0,0,0,0.0,0,,0,0,,19,,False,False,False,441.6999999999998,447,500,4458.800000000019,4508,5000
550464d24f7ba783,warmup1000_chain3,epsilon_greedy,3.0,3.0,0.01,corrected,166,faa,0.7044290000000002,0.387684880549822,0.3815541985348019,False,6,2.7430063675322423,3.0,0,475,0.0,0,11,0,0,,19,,False,False,False,426.29999999999984,433,500,4458.800000000019,4508,5000
550464d24f7ba783,warmup1000_chain3,epsilon_greedy,3.0,3.0,0.01,corrected,167,clean,0.6380900000000003,0.6380900000000003,0.6380900000000003,False,,,0.0,0,0,0.0,0,,0,0,,19,,False,False,False,460.3999999999995,464,500,4436.800000000015,4488,5000
550464d24f7ba783,warmup1000_chain3,epsilon_greedy,3.0,3.0,0.01,corrected,167,faa,0.6380900000000003,0.6380900000000003,0.6380900000000003,False,4,1.7335870612177475,3.0,0,482,0.0,0,19,0,0,,19,,False,False,False,441.69999999999965,447,500,4436.800000000015,4488,5000
550464d24f7ba783,warmup1000_chain3,epsilon_greedy,3.0,3.0,0.01,corrected,168,clean,0.7044290000000002,0.7044290000000002,0.007044290000007114,False,,,0.0,0,0,0.0,2,,0,0,3863,19,3882,False,False,False,441.69999999999965,447,500,4521.500000000017,4565,5000
550464d24f7ba783,warmup1000_chain3,epsilon_greedy,3.0,3.0,0.01,corrected,168,faa,0.7044290000000002,0.7861630941300005,0.007861630944266396,False,6,1.708157801444445,3.0,0,476,0.0,2,25,0,0,3863,19,3882,False,False,False,416.39999999999964,424,500,4521.500000000017,4565,5000
550464d24f7ba783,warmup1000_chain3,epsilon_greedy,3.0,3.0,0.01,corrected,169,clean,0.7185158000000003,0.1366594539290002,0.1352507739290002,False,,,0.0,0,0,0.0,0,,0,0,,19,,False,False,False,448.29999999999967,453,500,4377.4000000000215,4434,5000
550464d24f7ba783,warmup1000_chain3,epsilon_greedy,3.0,3.0,0.01,corrected,169,faa,0.7185158000000003,0.9615374362668252,0.8302474456870351,True,6,2.7693860758083453,3.0,0,1,0.0998,1,11,500,500,,519,,False,False,False,436.19999999999965,442,500,4376.300000000021,4433,5000
550464d24f7ba783,warmup1000_chain3,epsilon_greedy,3.0,3.0,0.01,corrected,170,clean,0.6380900000000003,0.6380900000000003,0.6380900000000003,False,,,0.0,0,0,0.0,0,,0,0,,19,,False,False,False,440.5999999999997,446,500,4450.000000000017,4500,5000
550464d24f7ba783,warmup1000_chain3,epsilon_greedy,3.0,3.0,0.01,corrected,170,faa,0.6380900000000003,0.6635553213000945,0.6635553213000945,False,6,1.6344478014445505,3.0,0,477,0.0,0,24,0,0,,19,,False,False,False,410.89999999999986,419,500,4450.000000000017,4500,5000
550464d24f7ba783,warmup1000_chain3,epsilon_greedy,3.0,3.0,0.01,corrected,171,clean,0.12122900000000064,0.012181139000000007,0.012181139000000007,False,,,0.0,0,0,0.0,0,,0,0,0,19,19,False,False,False,437.2999999999995,443,500,4452.200000000014,4502,5000
550464d24f7ba783,warmup1000_chain3,epsilon_greedy,3.0,3.0,0.01,corrected,171,faa,0.12122900000000064,0.23499045849000066,0.23499045849000066,False,8,1.135136239844445,3.0,0,314,0.0,0,187,0,0,,19,,False,False,False,413.0999999999997,421,500,4452.200000000014,4502,5000
550464d24f7ba783,warmup1000_chain3,epsilon_greedy,3.0,3.0,0.01,corrected,172,clean,0.7044290000000002,0.7044290000000002,0.7044290000000002,False,,,0.0,0,0,0.0,0,,0,0,,19,,False,False,False,449.3999999999997,454,500,4469.800000000007,4518,5000
550464d24f7ba783,warmup1000_chain3,epsilon_greedy,3.0,3.0,0.01,corrected,172,faa,0.7044290000000002,0.9374454900000001,0.797167937657731,True,6,2.728995956114445,3.0,0,1,0.2856,1,11,1429,1429,,1448,,False,False,False,436.1999999999997,442,500,4468.700000000006,4517,5000
550464d24f7ba783,warmup1000_chain3,epsilon_greedy,3.0,3.0,0.01,corrected,173,clean,0.7044290000000002,0.7044290000000002,0.007044290000712661,False,,,0.0,0,0,0.0,2,,0,0,4316,19,4335,False,False,False,444.9999999999997,450,500,4527.000000000012,4570,5000
550464d24f7ba783,warmup1000_chain3,epsilon_greedy,3.0,3.0,0.01,corrected,173,faa,0.7044290000000002,0.7044290000000002,0.007047904804365235,False,6,1.4562631870667118,3.0,0,473,0.0,2,28,0,0,4316,19,4335,False,False,False,411.9999999999999,420,500,4527.000000000012,4570,5000
550464d24f7ba783,warmup1000_chain3,epsilon_greedy,3.0,3.0,0.01,corrected,174,clean,0.7919000000000002,0.6380900000000002,0.06380900000064138,False,0,0.0,0.0,0,0,0.0,1,,0,0,,19,,False,False,False,446.0999999999995,451,500,4486.30000000001,4533,5000
550464d24f7ba783,warmup1000_chain3,epsilon_greedy,3.0,3.0,0.01,corrected,174,faa,0.7919000000000002,0.7101773000000005,0.07101773000641448,False,0,0.0,3.0,0,73,0.0,1,428,0,0,,19,,False,False,False,419.69999999999897,427,500,4486.30000000001,4533,5000
550464d24f7ba783,warmup1000_chain3,epsilon_greedy,3.0,3.0,0.01,corrected,175,clean,0.6299000000000002,0.6299000000000002,0.0062990063416702435,False,,,0.0,0,0,0.0,2,,0,0,4111,19,4130,False,False,False,431.7999999999996,438,500,4443.400000000016,4494,5000
550464d24f7ba783,warmup1000_chain3,epsilon_greedy,3.0,3.0,0.01,corrected,175,faa,0.6299000000000002,0.8019000000000001,0.0076938354953899335,True,6,1.378243646982797,2.9113945084059925,0,0,0.0302,3,307,152,152,4111,171,4130,False,False,False,421.89999999999975,429,500,4442.300000000016,4493,5000
550464d24f7ba783,warmup1000_chain3,epsilon_greedy,3.0,3.0,0.01,corrected,176,clean,0.7919000000000002,0.7044290000000002,0.07760258000000009,False,,,0.0,0,0,0.0,1,,0,0,,19,,False,False,False,443.89999999999975,449,500,4458.800000000008,4508,5000
550464d24f7ba783,warmup1000_chain3,epsilon_greedy,3.0,3.0,0.01,corrected,176,faa,0.7919000000000002,0.7836634443800006,0.08644695062312902,False,6,2.2337744444444443,3.0,0,426,0.0,1,75,0,0,,19,,False,False,False,419.6999999999997,427,500,4458.800000000008,4508,5000
550464d24f7ba783,warmup1000_chain3,epsilon_greedy,3.0,3.0,0.01,corrected,177,clean,0.7044290000000002,0.7044290000000002,0.7044290000000002,False,,,0.0,0,0,0.0,0,,0,0,,19,,False,False,False,444.99999999999966,450,500,4474.20000000001,4522,5000
550464d24f7ba783,warmup1000_chain3,epsilon_greedy,3.0,3.0,0.01,corrected,177,faa,0.7044290000000002,0.8764290000000001,0.7722503900000002,True,6,1.4937677543465817,2.4876534862393616,0,0,0.1964,1,14,983,983,,1002,,False,False,False,429.5999999999997,436,500,4473.1000000000095,4521,5000
550464d24f7ba783,warmup1000_chain3,epsilon_greedy,3.0,3.0,0.01,corrected,178,clean,0.014100119007644851,0.014100119007644851,0.014100119007644851,False,,,0.0,0,0,0.0,0,,0,0,0,19,19,False,False,False,442.79999999999967,448,500,4491.800000000013,4538,5000
550464d24f7ba783,warmup1000_chain3,epsilon_greedy,3.0,3.0,0.01,corrected,178,faa,0.014100119007644851,0.22943402574963964,0.22943402574963964,False,6,0.7955311447397393,3.0,0,477,0.0,0,24,0,0,,19,,False,False,False,411.9999999999998,420,500,4491.800000000013,4538,5000
550464d24f7ba783,warmup1000_chain3,epsilon_greedy,3.0,3.0,0.01,corrected,179,clean,0.6299000000000002,0.6299000000000002,0.6299000000000002,False,,,0.0,0,0,0.0,0,,0,0,,19,,False,False,False,452.6999999999999,457,500,4410.400000000016,4464,5000
550464d24f7ba783,warmup1000_chain3,epsilon_greedy,3.0,3.0,0.01,corrected,179,faa,0.6299000000000002,0.7057639160000002,0.6885467039999992,False,5,1.9452723044444444,3.0,0,233,0.0,0,268,0,0,,19,,False,False,False,438.4,444,500,4410.400000000016,4464,5000
550464d24f7ba783,warmup1000_chain3,epsilon_greedy,3.0,3.0,0.01,corrected,180,clean,0.7100000000000001,0.6299000000000002,0.6299000000000002,False,,,0.0,0,0,0.0,0,,0,0,,19,,False,False,False,446.0999999999997,451,500,4478.600000000015,4526,5000
550464d24f7ba783,warmup1000_chain3,epsilon_greedy,3.0,3.0,0.01,corrected,180,faa,0.7100000000000001,0.7168139000000002,0.6863870000000012,False,6,2.0854444444444447,3.0,0,481,0.0,0,20,0,0,,19,,False,False,False,424.09999999999974,431,500,4478.600000000015,4526,5000
550464d24f7ba783,warmup1000_chain3,epsilon_greedy,3.0,3.0,0.01,corrected,181,clean,0.7044290000000002,0.7044290000000002,0.7044290000000002,False,,,0.0,0,0,0.0,0,,0,0,,19,,False,False,False,455.99999999999966,460,500,4441.200000000012,4492,5000
550464d24f7ba783,warmup1000_chain3,epsilon_greedy,3.0,3.0,0.01,corrected,181,faa,0.7044290000000002,0.7625560413000027,0.7625560413000027,False,6,1.708157801444445,3.0,0,476,0.0,0,25,0,0,,19,,False,False,False,425.1999999999996,432,500,4441.200000000012,4492,5000
550464d24f7ba783,warmup1000_chain3,epsilon_greedy,3.0,3.0,0.01,corrected,182,clean,0.7044290000000002,0.7044290000000002,0.07044290064143899,False,,,0.0,0,0,0.0,1,,0,0,,19,,False,False,False,438.3999999999996,444,500,4446.700000000017,4497,5000
550464d24f7ba783,warmup1000_chain3,epsilon_greedy,3.0,3.0,0.01,corrected,182,faa,0.7044290000000002,0.7044290000000002,0.07044337333526624,False,6,1.7081578026129887,3.0,0,263,0.0,1,238,0,0,,19,,False,False,False,422.99999999999966,430,500,4446.700000000017,4497,5000
550464d24f7ba783,warmup1000_chain3,epsilon_greedy,3.0,3.0,0.01,corrected,183,clean,0.13458680583982208,0.13458680583982208,0.013458680648126109,False,,,0.0,0,0,0.0,1,,0,0,2243,19,2262,False,False,False,447.1999999999997,452,500,4434.600000000019,4486,5000
550464d24f7ba783,warmup1000_chain3,epsilon_greedy,3.0,3.0,0.01,corrected,183,faa,0.13458680583982208,0.3318758682300333,0.023395785196906937,False,6,0.8606095447163556,3.0,0,477,0.0,1,24,0,0,2243,19,2262,False,False,False,421.89999999999975,429,500,4434.600000000019,4486,5000
550464d24f7ba783,warmup1000_chain3,epsilon_greedy,3.0,3.0,0.01,corrected,184,clean,0.6453800000000002,0.6453800000000002,0.6453800000000002,False,,,0.0,0,0,0.0,0,,0,0,,19,,False,False,False,425.1999999999997,432,500,4399.4000000000215,4454,5000
550464d24f7ba783,warmup1000_chain3,epsilon_greedy,3.0,3.0,0.01,corrected,184,faa,0.6453800000000002,0.6875777371061464,0.6875777371061464,False,6,1.4250358783761943,3.0,0,478,0.0,0,23,0,0,,19,,False,False,False,398.79999999999984,408,500,4399.4000000000215,4454,5000
550464d24f7ba783,warmup1000_chain3,epsilon_greedy,3.0,3.0,0.01,corrected,185,clean,0.7044290000000002,0.7044290000000002,0.07108433900000055,False,,,0.0,0,0,0.0,1,,0,0,,19,,False,False,False,455.9999999999998,460,500,4448.9000000000215,4499,5000
550464d24f7ba783,warmup1000_chain3,epsilon_greedy,3.0,3.0,0.01,corrected,185,faa,0.7044290000000002,0.7971774121199512,0.08731339310321112,False,6,2.729007524444384,3.0,0,378,0.0,1,11,0,0,,19,,False,False,False,439.4999999999998,445,500,4448.9000000000215,4499,5000
550464d24f7ba783,warmup1000_chain3,epsilon_greedy,3.0,3.0,0.01,corrected,186,clean,0.7044290000000002,0.7044290000000002,0.07044290006414389,False,,,0.0,0,0,0.0,1,,0,0,,19,,False,False,False,436.19999999999965,442,500,4464.300000000014,4513,5000
550464d24f7ba783,warmup1000_chain3,epsilon_greedy,3.0,3.0,0.01,corrected,186,faa,0.7044290000000002,0.8086474247189688,0.08086474560595436,False,6,2.743012423832684,3.0,0,474,0.0,1,11,0,0,,19,,False,False,False,421.89999999999964,429,500,4464.300000000014,4513,5000
550464d24f7ba783,warmup1000_chain3,epsilon_greedy,3.0,3.0,0.01,corrected,187,clean,0.7044290000000002,0.7044290000000002,0.7044290000000002,False,,,0.0,0,0,0.0,0,,0,0,,19,,False,False,False,436.19999999999965,442,500,4408.200000000019,4462,5000
550464d24f7ba783,warmup1000_chain3,epsilon_greedy,3.0,3.0,0.01,corrected,187,faa,0.7044290000000002,0.7720145264600002,0.7180667657400016,False,6,1.4937675360444445,3.0,0,355,0.0,0,146,0,0,,19,,False,False,False,413.0999999999999,421,500,4408.200000000019,4462,5000
550464d24f7ba783,warmup1000_chain3,epsilon_greedy,3.0,3.0,0.01,corrected,188,clean,0.6971390000000002,0.6380900000000003,0.6380900000000003,False,,,0.0,0,0,0.0,0,,0,0,,19,,False,False,False,449.39999999999964,454,500,4384.00000000003,4440,5000
550464d24f7ba783,warmup1000_chain3,epsilon_greedy,3.0,3.0,0.01,corrected,188,faa,0.6971390000000002,0.8276645829432002,0.8276645829432002,False,6,2.655297524444445,3.0,0,434,0.0,0,12,0,0,,19,,False,False,False,428.49999999999966,435,500,4384.00000000003,4440,5000
550464d24f7ba783,warmup1000_chain3,epsilon_greedy,3.0,3.0,0.01,corrected,189,clean,0.7044290000000002,0.7044290000000002,0.7044290000000002,False,,,0.0,0,0,0.0,0,,0,0,,19,,False,False,False,444.99999999999943,450,500,4472.000000000019,4520,5000
550464d24f7ba783,warmup1000_chain3,epsilon_greedy,3.0,3.0,0.01,corrected,189,faa,0.7044290000000002,0.8339678549000002,0.8339678549000002,False,11,3.0,3.0,0,450,0.0,0,7,0,0,,19,,False,False,False,431.7999999999995,438,500,4472.000000000019,4520,5000
550464d24f7ba783,warmup1000_chain3,epsilon_greedy,3.0,3.0,0.01,corrected,190,clean,0.7044290000000002,0.7044290000000002,0.7044290000000002,False,,,0.0,0,0,0.0,0,,0,0,,19,,False,False,False,440.5999999999996,446,500,4425.800000000017,4478,5000
550464d24f7ba783,warmup1000_chain3,epsilon_greedy,3.0,3.0,0.01,corrected,190,faa,0.7044290000000002,0.7044290000000002,0.7044290000000002,False,4,1.9485715444444445,3.0,0,482,0.0,0,19,0,0,,19,,False,False,False,426.2999999999996,433,500,4425.800000000017,4478,5000
550464d24f7ba783,warmup1000_chain3,epsilon_greedy,3.0,3.0,0.01,corrected,191,clean,0.7044290000000002,0.7044290000000002,0.007044290134790354,False,,,0.0,0,0,0.0,2,,0,0,2762,19,2781,False,False,False,429.59999999999934,436,500,4450.000000000024,4500,5000
550464d24f7ba783,warmup1000_chain3,epsilon_greedy,3.0,3.0,0.01,corrected,191,faa,0.7044290000000002,0.7044290000000002,0.007044351098946744,False,6,1.8142806894444448,3.0,0,461,0.0,2,40,0,0,2762,19,2781,False,False,False,414.19999999999936,422,500,4450.000000000024,4500,5000
550464d24f7ba783,warmup1000_chain3,epsilon_greedy,3.0,3.0,0.01,corrected,192,clean,0.7044290000000002,0.7044290000000002,0.007044302786399448,False,,,0.0,0,0,0.0,2,,0,0,2662,19,2681,False,False,False,455.99999999999966,460,500,4406.000000000016,4460,5000
550464d24f7ba783,warmup1000_chain3,epsilon_greedy,3.0,3.0,0.01,corrected,192,faa,0.7044290000000002,0.7289873703844845,0.007592223635117024,False,5,2.198358978204981,3.0,0,484,0.0,2,17,0,0,2662,19,2681,False,False,False,435.0999999999998,441,500,4406.000000000016,4460,5000
550464d24f7ba783,warmup1000_chain3,epsilon_greedy,3.0,3.0,0.01,corrected,193,clean,0.7044290000000002,0.7044290000000002,0.7044290000000002,False,,,0.0,0,0,0.0,0,,0,0,,19,,False,False,False,451.5999999999997,456,500,4478.6000000000095,4526,5000
550464d24f7ba783,warmup1000_chain3,epsilon_greedy,3.0,3.0,0.01,corrected,193,faa,0.7044290000000002,0.7044290000000002,0.7044290000000002,False,8,1.775297365628445,3.0,0,478,0.0,0,23,0,0,,19,,False,False,False,426.2999999999999,433,500,4478.6000000000095,4526,5000
550464d24f7ba783,warmup1000_chain3,epsilon_greedy,3.0,3.0,0.01,corrected,194,clean,0.7044290000000002,0.7044290000000002,0.7044290000000002,False,,,0.0,0,0,0.0,0,,0,0,,19,,False,False,False,453.7999999999996,458,500,4463.2000000000135,4512,5000
550464d24f7ba783,warmup1000_chain3,epsilon_greedy,3.0,3.0,0.01,corrected,194,faa,0.7044290000000002,0.8764290000000001,0.7722503900000002,True,6,1.7081578024996174,2.900229681974082,0,0,0.1974,1,18,988,988,,1007,,False,False,False,431.79999999999967,438,500,4462.100000000014,4511,5000
550464d24f7ba783,warmup1000_chain3,epsilon_greedy,3.0,3.0,0.01,corrected,195,clean,0.7044290000000002,0.7044290000000002,0.0070443605582899416,False,,,0.0,0,0,0.0,2,,0,0,2304,19,2323,False,False,False,453.7999999999996,458,500,4432.4000000000215,4484,5000
550464d24f7ba783,warmup1000_chain3,epsilon_greedy,3.0,3.0,0.01,corrected,195,faa,0.7044290000000002,0.9433503900000001,0.007723344425197509,True,6,2.7430124244444443,2.969083724444445,0,0,0.0346,3,10,174,174,2304,193,2323,False,False,False,441.69999999999965,447,500,4431.300000000022,4483,5000
550464d24f7ba783,warmup1000_chain3,epsilon_greedy,3.0,3.0,0.01,corrected,196,clean,0.6461090000000003,0.6389090000000002,0.6389090000000002,False,,,0.0,0,0,0.0,0,,0,0,,19,,False,False,False,459.2999999999996,463,500,4377.40000000002,4434,5000
550464d24f7ba783,warmup1000_chain3,epsilon_greedy,3.0,3.0,0.01,corrected,196,faa,0.6461090000000003,0.7650361666200005,0.7650361666200005,False,5,2.900173224444445,3.0,0,260,0.0,0,8,0,0,,19,,False,False,False,447.1999999999997,452,500,4377.40000000002,4434,5000
550464d24f7ba783,warmup1000_chain3,epsilon_greedy,3.0,3.0,0.01,corrected,197,clean,0.1353224339000001,0.1353224339000001,0.01353289218533893,False,,,0.0,0,0,0.0,1,,0,0,735,19,754,False,False,False,440.59999999999945,446,500,4402.700000000022,4457,5000
550464d24f7ba783,warmup1000_chain3,epsilon_greedy,3.0,3.0,0.01,corrected,197,faa,0.1353224339000001,0.3180120505519499,0.0521680726949354,True,6,0.8289690296658843,2.5825660042319716,0,0,0.0548,2,139,275,275,,294,,False,False,False,417.49999999999966,425,500,4401.600000000022,4456,5000
550464d24f7ba783,warmup1000_chain3,epsilon_greedy,3.0,3.0,0.01,corrected,198,clean,0.7044290000000002,0.7044290000000002,0.007044931439064206,False,,,0.0,0,0,0.0,2,,0,0,3872,19,3891,False,False,False,458.1999999999996,462,500,4430.200000000018,4482,5000
550464d24f7ba783,warmup1000_chain3,epsilon_greedy,3.0,3.0,0.01,corrected,198,faa,0.7044290000000002,0.76255604130965,0.007664607516773947,False,6,1.7081578014551644,3.0,0,476,0.0,2,25,0,0,3872,19,3891,False,False,False,429.5999999999997,436,500,4430.200000000018,4482,5000
550464d24f7ba783,warmup1000_chain3,epsilon_greedy,3.0,3.0,0.01,corrected,199,clean,0.7044290000000002,0.7044290000000002,0.7044290000000002,False,,,0.0,0,0,0.0,0,,0,0,,19,,False,False,False,444.9999999999996,450,500,4414.800000000019,4468,5000
550464d24f7ba783,warmup1000_chain3,epsilon_greedy,3.0,3.0,0.01,corrected,199,faa,0.7044290000000002,0.7044290000000002,0.7044290000000002,False,6,1.4612380297432281,3.0,0,211,0.0,0,290,0,0,,19,,False,False,False,425.19999999999976,432,500,4414.800000000019,4468,5000
550464d24f7ba783,warmup1000_chain3,epsilon_greedy,3.0,3.0,0.01,corrected,200,clean,0.13517126044100014,0.13517126044100014,0.013517126050572814,False,,,0.0,0,0,0.0,1,,0,0,1602,19,1621,False,False,False,457.0999999999998,461,500,4468.700000000018,4517,5000
550464d24f7ba783,warmup1000_chain3,epsilon_greedy,3.0,3.0,0.01,corrected,200,faa,0.13517126044100014,0.1787753621202378,0.017877538923972314,False,6,1.5933373883509185,3.0,0,483,0.0,1,18,0,0,1602,19,1621,False,False,False,438.39999999999975,444,500,4468.700000000018,4517,5000
550464d24f7ba783,warmup1000_chain3,epsilon_greedy,3.0,3.0,0.01,corrected,201,clean,0.7919000000000002,0.7044290000000002,0.7044290000000002,False,,,0.0,0,0,0.0,0,,0,0,,19,,False,False,False,441.6999999999997,447,500,4467.60000000002,4516,5000
550464d24f7ba783,warmup1000_chain3,epsilon_greedy,3.0,3.0,0.01,corrected,201,faa,0.7919000000000002,0.7327604600000002,0.6675320000000007,False,7,2.5500644444444442,3.0,0,488,0.0,0,13,0,0,,19,,False,False,False,426.29999999999967,433,500,4467.60000000002,4516,5000
550464d24f7ba783,warmup1000_chain3,epsilon_greedy,3.0,3.0,0.01,corrected,202,clean,0.007930737167916369,0.007930737167916369,0.007930737167916369,False,,,0.0,0,0,0.0,0,,0,0,0,19,19,False,False,False,420.7999999999996,428,500,4463.200000000019,4512,5000
550464d24f7ba783,warmup1000_chain3,epsilon_greedy,3.0,3.0,0.01,corrected,202,faa,0.007930737167916369,0.21982868225964375,0.21982868225964375,False,6,0.7903804947503106,3.0,0,476,0.0,0,25,0,0,,19,,False,False,False,389.99999999999966,400,500,4463.200000000019,4512,5000
550464d24f7ba783,warmup1000_chain3,epsilon_greedy,3.0,3.0,0.01,corrected,203,clean,0.7044290000000002,0.7044290000000002,0.7044290000000002,False,,,0.0,0,0,0.0,0,,0,0,,19,,False,False,False,449.3999999999998,454,500,4494.000000000012,4540,5000
550464d24f7ba783,warmup1000_chain3,epsilon_greedy,3.0,3.0,0.01,corrected,203,faa,0.7044290000000002,0.8764290000000001,0.7722503900000002,True,8,2.281672743151386,2.8708878178960253,0,0,0.3252,1,12,1627,1627,,1646,,False,False,False,433.9999999999998,440,500,4492.900000000012,4539,5000
550464d24f7ba783,warmup1000_chain3,epsilon_greedy,3.0,3.0,0.01,corrected,204,clean,0.13458680000000012,0.13458680000000012,0.13458680000000012,False,,,0.0,0,0,0.0,0,,0,0,,19,,False,False,False,444.99999999999966,450,500,4469.800000000021,4518,5000
550464d24f7ba783,warmup1000_chain3,epsilon_greedy,3.0,3.0,0.01,corrected,204,faa,0.13458680000000012,0.20468102227500118,0.20468102227500118,False,6,0.8280800291944446,3.0,0,477,0.0,0,24,0,0,,19,,False,False,False,417.4999999999996,425,500,4469.800000000021,4518,5000
550464d24f7ba783,warmup1000_chain3,epsilon_greedy,3.0,3.0,0.01,corrected,205,clean,0.6299000000000002,0.6299000000000002,0.06299575099999999,False,,,0.0,0,0,0.0,1,,0,0,,19,,False,False,False,460.3999999999995,464,500,4501.700000000012,4547,5000
550464d24f7ba783,warmup1000_chain3,epsilon_greedy,3.0,3.0,0.01,corrected,205,faa,0.6299000000000002,0.8755290000000002,0.07221442584899995,True,6,2.5239044444444447,3.0,0,1,0.0458,2,13,230,230,,249,,False,False,False,444.9999999999996,450,500,4500.600000000011,4546,5000
550464d24f7ba783,warmup1000_chain3,epsilon_greedy,3.0,3.0,0.01,corrected,206,clean,0.7044290000000002,0.7044290000000002,0.7044290000000002,False,,,0.0,0,0,0.0,0,,0,0,,19,,False,False,False,462.59999999999997,466,500,4472.000000000016,4520,5000
550464d24f7ba783,warmup1000_chain3,epsilon_greedy,3.0,3.0,0.01,corrected,206,faa,0.7044290000000002,0.7922172524610009,0.7922172524610009,False,6,2.7229511634444448,3.0,0,293,0.0,0,11,0,0,,19,,False,False,False,446.1,451,500,4472.000000000016,4520,5000
550464d24f7ba783,warmup1000_chain3,epsilon_greedy,3.0,3.0,0.01,corrected,207,clean,0.7044290000000002,0.7044290000000002,0.7044290000000002,False,,,0.0,0,0,0.0,0,,0,0,,19,,False,False,False,455.99999999999983,460,500,4450.000000000008,4500,5000
550464d24f7ba783,warmup1000_chain3,epsilon_greedy,3.0,3.0,0.01,corrected,207,faa,0.7044290000000002,0.7721881506800002,0.7507660339200019,False,6,1.7092309542444446,3.0,0,445,0.0,0,56,0,0,,19,,False,False,False,438.39999999999975,444,500,4450.000000000008,4500,5000
550464d24f7ba783,warmup1000_chain3,epsilon_greedy,3.0,3.0,0.01,corrected,208,clean,0.5480000000000002,0.5480000000000002,0.5480000000000002,False,,,0.0,0,0,0.0,0,,0,0,,19,,False,False,False,416.39999999999935,424,500,4447.800000000018,4498,5000
550464d24f7ba783,warmup1000_chain3,epsilon_greedy,3.0,3.0,0.01,corrected,208,faa,0.5480000000000002,0.6294701050246075,0.6294701050246075,False,7,1.9075223389162286,3.0,0,480,0.0,0,21,0,0,,19,,False,False,False,393.29999999999956,403,500,4447.800000000018,4498,5000
550464d24f7ba783,warmup1000_chain3,epsilon_greedy,3.0,3.0,0.01,corrected,209,clean,0.7044290000000002,0.7044290000000002,0.007044354143964149,False,,,0.0,0,0,0.0,2,,0,0,4003,19,4022,False,False,False,444.99999999999966,450,500,4434.60000000002,4486,5000
550464d24f7ba783,warmup1000_chain3,epsilon_greedy,3.0,3.0,0.01,corrected,209,faa,0.7044290000000002,0.7437924162750021,0.007741587135663308,False,6,1.461238029194445,3.0,0,473,0.0,2,28,0,0,4003,19,4022,False,False,False,410.89999999999975,419,500,4434.60000000002,4486,5000
550464d24f7ba783,warmup1000_chain3,epsilon_greedy,3.0,3.0,0.01,corrected,210,clean,0.007824402548284426,0.007824402548284426,0.007824402548284426,False,,,0.0,0,0,0.0,0,,0,0,0,19,19,False,False,False,451.5999999999998,456,500,4509.400000000009,4554,5000
550464d24f7ba783,warmup1000_chain3,epsilon_greedy,3.0,3.0,0.01,corrected,210,faa,0.007824402548284426,0.19062054721408817,0.19062054721408817,False,6,0.7902454891165962,3.0,0,366,0.0,0,135,0,0,,19,,False,False,False,422.99999999999994,430,500,4509.400000000009,4554,5000
550464d24f7ba783,warmup1000_chain3,epsilon_greedy,3.0,3.0,0.01,corrected,211,clean,0.7919000000000002,0.7919000000000002,0.7044290000000002,False,,,0.0,0,0,0.0,1,,0,550,,569,,False,False,False,471.3999999999998,474,500,4431.300000000022,4483,5000
550464d24f7ba783,warmup1000_chain3,epsilon_greedy,3.0,3.0,0.01,corrected,211,faa,0.7919000000000002,0.8819819000000002,0.7541941700000012,False,6,2.2337744444444443,3.0,0,483,0.0,0,16,0,0,,19,,False,False,False,447.19999999999993,452,500,4432.4000000000215,4484,5000
550464d24f7ba783,warmup1000_chain3,epsilon_greedy,3.0,3.0,0.01,corrected,212,clean,0.7044290000000002,0.7044290000000002,0.007044290000006392,False,,,0.0,0,0,0.0,2,,0,0,4774,19,4793,False,False,False,438.3999999999994,444,500,4445.600000000023,4496,5000
550464d24f7ba783,warmup1000_chain3,epsilon_greedy,3.0,3.0,0.01,corrected,212,faa,0.7044290000000002,0.7044290000000002,0.007044290004284193,False,6,1.4937675360444445,3.0,0,475,0.0,2,26,0,0,4774,19,4793,False,False,False,409.79999999999944,418,500,4445.600000000023,4496,5000
550464d24f7ba783,warmup1000_chain3,epsilon_greedy,3.0,3.0,0.01,corrected,213,clean,0.7044290000000002,0.7044290000000002,0.7044290000000002,False,,,0.0,0,0,0.0,0,,0,0,,19,,False,False,False,462.59999999999957,466,500,4511.600000000006,4556,5000
550464d24f7ba783,warmup1000_chain3,epsilon_greedy,3.0,3.0,0.01,corrected,213,faa,0.7044290000000002,0.8764290000000001,0.7722503900000002,True,6,1.4612380292274927,2.2445724578117265,0,0,0.025,1,11,126,126,,145,,False,False,False,448.2999999999996,453,500,4510.5000000000055,4555,5000
550464d24f7ba783,warmup1000_chain3,epsilon_greedy,3.0,3.0,0.01,corrected,214,clean,0.7044290000000002,0.7044290000000002,0.7044290000000002,False,,,0.0,0,0,0.0,0,,0,0,,19,,False,False,False,449.39999999999964,454,500,4500.600000000005,4546,5000
550464d24f7ba783,warmup1000_chain3,epsilon_greedy,3.0,3.0,0.01,corrected,214,faa,0.7044290000000002,0.7044290000000002,0.7044290000000002,False,8,1.7742032466597446,3.0,0,475,0.0,0,26,0,0,,19,,False,False,False,422.9999999999998,430,500,4500.600000000005,4546,5000
550464d24f7ba783,warmup1000_chain3,epsilon_greedy,3.0,3.0,0.01,corrected,215,clean,0.7919000000000002,0.7044290000000002,0.7044290000000002,False,,,0.0,0,0,0.0,0,,0,0,,19,,False,False,False,443.89999999999964,449,500,4423.600000000013,4476,5000
550464d24f7ba783,warmup1000_chain3,epsilon_greedy,3.0,3.0,0.01,corrected,215,faa,0.7919000000000002,0.7742353457000002,0.7742353457000002,False,9,3.0,3.0,0,116,0.0,0,8,0,0,,19,,False,False,False,432.89999999999964,439,500,4423.600000000013,4476,5000
550464d24f7ba783,warmup1000_chain3,epsilon_greedy,3.0,3.0,0.01,corrected,216,clean,0.7919000000000002,0.6299000000000002,0.6299000000000002,False,,,0.0,0,0,0.0,0,,0,0,,19,,False,False,False,420.79999999999984,428,500,4425.800000000014,4478,5000
550464d24f7ba783,warmup1000_chain3,epsilon_greedy,3.0,3.0,0.01,corrected,216,faa,0.7919000000000002,0.7541941700000012,0.7541941700000012,False,6,2.2337744444444443,3.0,0,483,0.0,0,16,0,0,,19,,False,False,False,396.5999999999998,406,500,4425.800000000014,4478,5000
550464d24f7ba783,warmup1000_chain3,epsilon_greedy,3.0,3.0,0.01,corrected,217,clean,0.7044290000000002,0.7044290000000002,0.007686376927159233,False,,,0.0,0,0,0.0,2,,0,0,3625,19,3644,False,False,False,444.9999999999998,450,500,4495.100000000012,4541,5000
550464d24f7ba783,warmup1000_chain3,epsilon_greedy,3.0,3.0,0.01,corrected,217,faa,0.7044290000000002,0.7312491326765292,0.04637555407950528,False,5,2.0501578474183635,3.0,0,482,0.0,2,19,0,0,3625,19,3644,False,False,False,421.89999999999975,429,500,4495.100000000012,4541,5000
550464d24f7ba783,warmup1000_chain3,epsilon_greedy,3.0,3.0,0.01,corrected,218,clean,0.7044290000000002,0.7044290000000002,0.7044290000000002,False,,,0.0,0,0,0.0,0,,0,0,,19,,False,False,False,433.9999999999996,440,500,4456.600000000014,4506,5000
550464d24f7ba783,warmup1000_chain3,epsilon_greedy,3.0,3.0,0.01,corrected,218,faa,0.7044290000000002,0.808647420259796,0.808647420259796,False,6,2.7430124183880285,3.0,0,362,0.0,0,11,0,0,,19,,False,False,False,417.49999999999955,425,500,4456.600000000014,4506,5000
550464d24f7ba783,warmup1000_chain3,epsilon_greedy,3.0,3.0,0.01,corrected,219,clean,0.7044290000000002,0.7044290000000002,0.7044290000000002,False,,,0.0,0,0,0.0,0,,0,0,,19,,False,False,False,462.59999999999974,466,500,4454.400000000008,4504,5000
550464d24f7ba783,warmup1000_chain3,epsilon_greedy,3.0,3.0,0.01,corrected,219,faa,0.7044290000000002,0.7285527572700884,0.7285527572700884,False,5,2.1978760747445407,3.0,0,484,0.0,0,17,0,0,,19,,False,False,False,441.6999999999998,447,500,4454.400000000008,4504,5000
550464d24f7ba783,warmup1000_chain3,epsilon_greedy,3.0,3.0,0.01,corrected,220,clean,0.07050704389999995,0.07050704389999995,0.07050704389999995,False,,,0.0,0,0,0.0,0,,0,0,,19,,False,False,False,455.99999999999955,460,500,4465.400000000027,4514,5000
550464d24f7ba783,warmup1000_chain3,epsilon_greedy,3.0,3.0,0.01,corrected,220,faa,0.07050704389999995,0.3055324116654691,0.15490023370295802,False,6,0.7902536011600332,3.0,0,475,0.0,0,26,0,0,,19,,False,False,False,428.49999999999955,435,500,4465.400000000027,4514,5000
550464d24f7ba783,warmup1000_chain3,epsilon_greedy,3.0,3.0,0.01,corrected,221,clean,0.6299000000000002,0.6299000000000002,0.6299000000000002,False,,,0.0,0,0,0.0,0,,0,0,,19,,False,False,False,436.1999999999996,442,500,4450.000000000016,4500,5000
550464d24f7ba783,warmup1000_chain3,epsilon_greedy,3.0,3.0,0.01,corrected,221,faa,0.6299000000000002,0.7056068255000177,0.662087734510197,False,6,1.4076155894662947,3.0,0,158,0.0,0,343,0,0,,19,,False,False,False,414.1999999999997,422,500,4450.000000000016,4500,5000
550464d24f7ba783,warmup1000_chain3,epsilon_greedy,3.0,3.0,0.01,corrected,222,clean,0.7044290000000002,0.7044290000000002,0.7044290000000002,False,,,0.0,0,0,0.0,0,,0,0,,19,,False,False,False,431.7999999999997,438,500,4529.200000000013,4572,5000
550464d24f7ba783,warmup1000_chain3,epsilon_greedy,3.0,3.0,0.01,corrected,222,faa,0.7044290000000002,0.7569952191711703,0.7569952191711703,False,5,2.1974349064565897,3.0,0,489,0.0,0,12,0,0,,19,,False,False,False,420.7999999999997,428,500,4529.200000000013,4572,5000
550464d24f7ba783,warmup1000_chain3,epsilon_greedy,3.0,3.0,0.01,corrected,223,clean,0.7044290000000002,0.7044290000000002,0.07044289999999997,False,,,0.0,0,0,0.0,1,,0,0,,19,,False,False,False,442.7999999999996,448,500,4429.1000000000195,4481,5000
550464d24f7ba783,warmup1000_chain3,epsilon_greedy,3.0,3.0,0.01,corrected,223,faa,0.7044290000000002,0.7720739214881901,0.07720739214889005,False,6,1.4644153984862744,3.0,0,41,0.0,1,460,0,0,,19,,False,False,False,418.59999999999945,426,500,4429.1000000000195,4481,5000
550464d24f7ba783,warmup1000_chain3,epsilon_greedy,3.0,3.0,0.01,corrected,224,clean,0.7919000000000002,0.7044290000000002,0.7044290000000002,False,,,0.0,0,0,0.0,0,,0,0,,19,,False,False,False,439.49999999999943,445,500,4489.600000000006,4536,5000
550464d24f7ba783,warmup1000_chain3,epsilon_greedy,3.0,3.0,0.01,corrected,224,faa,0.7919000000000002,0.7892778860000004,0.7541941700000012,False,6,2.2337744444444443,3.0,0,483,0.0,0,16,0,0,,19,,False,False,False,416.39999999999964,424,500,4489.600000000006,4536,5000
550464d24f7ba783,warmup1000_chain3,epsilon_greedy,3.0,3.0,0.01,corrected,225,clean,0.7044290000000002,0.7044290000000002,0.07050704390005835,False,,,0.0,0,0,0.0,1,,0,0,,19,,False,False,False,444.99999999999966,450,500,4495.100000000011,4541,5000
550464d24f7ba783,warmup1000_chain3,epsilon_greedy,3.0,3.0,0.01,corrected,225,faa,0.7044290000000002,0.9500425290000001,0.08163427696552983,False,6,2.743012424383881,3.0,0,488,0.0,1,11,0,0,,19,,False,False,False,428.49999999999966,435,500,4495.100000000011,4541,5000
550464d24f7ba783,warmup1000_chain3,epsilon_greedy,3.0,3.0,0.01,corrected,226,clean,0.7919000000000002,0.7919000000000002,0.7044290000000002,False,,,0.0,0,0,0.0,1,,0,692,,711,,False,False,False,427.3999999999994,434,500,4424.700000000015,4477,5000
550464d24f7ba783,warmup1000_chain3,epsilon_greedy,3.0,3.0,0.01,corrected,226,faa,0.7919000000000002,0.8819819000000002,0.7748477120000001,True,7,2.623774444444444,3.0,0,4,0.1382,1,12,692,692,,711,,False,False,False,413.09999999999945,421,500,4424.700000000015,4477,5000
550464d24f7ba783,warmup1000_chain3,epsilon_greedy,3.0,3.0,0.01,corrected,227,clean,0.7919000000000002,0.6453800000000002,0.6380900000000002,False,0,0.0,0.0,0,0,0.0,0,,0,0,,19,,False,False,False,450.49999999999966,455,500,4483.00000000001,4530,5000
550464d24f7ba783,warmup1000_chain3,epsilon_greedy,3.0,3.0,0.01,corrected,227,faa,0.7919000000000002,0.7919000000000002,0.6953290000000002,True,0,0.0,1.1473511111111112,0,0,0.011,1,491,56,56,,75,,False,False,False,446.09999999999957,451,500,4481.90000000001,4529,5000
550464d24f7ba783,warmup1000_chain3,epsilon_greedy,3.0,3.0,0.01,corrected,228,clean,0.7044290000000002,0.7044290000000002,0.07044290006414966,False,,,0.0,0,0,0.0,1,,0,0,,19,,False,False,False,440.5999999999998,446,500,4371.9000000000215,4429,5000
550464d24f7ba783,warmup1000_chain3,epsilon_greedy,3.0,3.0,0.01,corrected,228,faa,0.7044290000000002,0.7044290000000002,0.07044290359062322,False,6,1.7081684137332447,3.0,0,476,0.0,1,25,0,0,,19,,False,False,False,410.89999999999986,419,500,4371.9000000000215,4429,5000
550464d24f7ba783,warmup1000_chain3,epsilon_greedy,3.0,3.0,0.01,corrected,229,clean,0.7044290000000002,0.7044290000000002,0.7044290000000002,False,,,0.0,0,0,0.0,0,,0,0,,19,,False,False,False,444.9999999999998,450,500,4467.60000000001,4516,5000
550464d24f7ba783,warmup1000_chain3,epsilon_greedy,3.0,3.0,0.01,corrected,229,faa,0.7044290000000002,0.8086474252200004,0.8086474252200004,False,6,2.7430124244444443,3.0,0,363,0.0,0,11,0,0,,19,,False,False,False,430.69999999999976,437,500,4467.60000000001,4516,5000
550464d24f7ba783,warmup1000_chain3,epsilon_greedy,3.0,3.0,0.01,corrected,230,clean,0.6299000000000002,0.6299000000000002,0.06298999999999999,False,,,0.0,0,0,0.0,1,,0,0,,19,,False,False,False,442.7999999999997,448,500,4442.300000000014,4493,5000
550464d24f7ba783,warmup1000_chain3,epsilon_greedy,3.0,3.0,0.01,corrected,230,faa,0.6299000000000002,0.7182211098000001,0.07182211098003077,False,6,1.4070456644444442,3.0,0,474,0.0,1,27,0,0,,19,,False,False,False,415.29999999999967,423,500,4442.300000000014,4493,5000
550464d24f7ba783,warmup1000_chain3,epsilon_greedy,3.0,3.0,0.01,corrected,231,clean,0.6299000000000002,0.06874099999999989,0.06874099999999989,False,,,0.0,0,0,0.0,0,,0,0,,19,,False,False,False,444.99999999999966,450,500,4420.300000000007,4473,5000
550464d24f7ba783,warmup1000_chain3,epsilon_greedy,3.0,3.0,0.01,corrected,231,faa,0.6299000000000002,0.44560499529,0.44560499529,False,5,2.3399735444444443,3.0,0,487,0.0,0,14,0,0,,19,,False,False,False,426.29999999999967,433,500,4420.300000000007,4473,5000
550464d24f7ba783,warmup1000_chain3,epsilon_greedy,3.0,3.0,0.01,corrected,232,clean,0.7118819000000002,0.7118819000000002,0.07118819699831963,False,,,0.0,0,0,0.0,1,,0,0,,19,,False,False,False,442.7999999999995,448,500,4448.900000000018,4499,5000
550464d24f7ba783,warmup1000_chain3,epsilon_greedy,3.0,3.0,0.01,corrected,232,faa,0.7118819000000002,0.7118819000000002,0.0716345224975532,False,5,2.2062012965847453,3.0,0,486,0.0,1,15,0,0,,19,,False,False,False,425.19999999999953,432,500,4448.900000000018,4499,5000
550464d24f7ba783,warmup1000_chain3,epsilon_greedy,3.0,3.0,0.01,corrected,233,clean,0.7185158000000003,0.7185158000000003,0.07044290000648068,False,,,0.0,0,0,0.0,1,,0,0,,19,,False,False,False,455.99999999999966,460,500,4446.700000000015,4497,5000
550464d24f7ba783,warmup1000_chain3,epsilon_greedy,3.0,3.0,0.01,corrected,233,faa,0.7185158000000003,0.9607886745428211,0.08362096770991839,True,6,2.487749764444445,3.0,0,8,0.0492,2,10,247,247,,266,,False,False,False,419.69999999999993,427,500,4445.600000000015,4496,5000
550464d24f7ba783,warmup1000_chain3,epsilon_greedy,3.0,3.0,0.01,corrected,234,clean,0.13458680000000012,0.13458680000000012,0.01345868,False,,,0.0,0,0,0.0,1,,0,0,4699,19,4718,False,False,False,440.59999999999945,446,500,4393.900000000012,4449,5000
550464d24f7ba783,warmup1000_chain3,epsilon_greedy,3.0,3.0,0.01,corrected,234,faa,0.13458680000000012,0.3087016084259999,0.025561846367016028,True,8,1.1508746465944446,2.779793744510045,0,0,0.1258,2,350,630,630,4699,649,4718,False,False,False,416.3999999999994,424,500,4392.800000000012,4448,5000
550464d24f7ba783,warmup1000_chain3,epsilon_greedy,3.0,3.0,0.01,corrected,235,clean,0.7118819000000002,0.7118819000000002,0.7118819000000002,False,,,0.0,0,0,0.0,0,,0,0,,19,,False,False,False,431.7999999999996,438,500,4452.200000000006,4502,5000
550464d24f7ba783,warmup1000_chain3,epsilon_greedy,3.0,3.0,0.01,corrected,235,faa,0.7118819000000002,0.8312710946773891,0.8312710946773891,False,6,2.6907243024754446,3.0,0,217,0.0,0,12,0,0,,19,,False,False,False,414.1999999999997,422,500,4452.200000000006,4502,5000
550464d24f7ba783,warmup1000_chain3,epsilon_greedy,3.0,3.0,0.01,corrected,236,clean,0.7044290000000002,0.7044290000000002,0.7044290000000002,False,,,0.0,0,0,0.0,0,,0,0,,19,,False,False,False,458.19999999999993,462,500,4476.4000000000115,4524,5000
550464d24f7ba783,warmup1000_chain3,epsilon_greedy,3.0,3.0,0.01,corrected,236,faa,0.7044290000000002,0.8086474252200004,0.8086474252200004,False,6,2.7430124244444443,3.0,0,273,0.0,0,11,0,0,,19,,False,False,False,441.69999999999993,447,500,4476.4000000000115,4524,5000
550464d24f7ba783,warmup1000_chain3,epsilon_greedy,3.0,3.0,0.01,corrected,237,clean,0.7044290000000002,0.7044290000000002,0.07044931439000002,False,,,0.0,0,0,0.0,1,,0,0,,19,,False,False,False,444.9999999999993,450,500,4415.900000000014,4469,5000
550464d24f7ba783,warmup1000_chain3,epsilon_greedy,3.0,3.0,0.01,corrected,237,faa,0.7044290000000002,0.7719914428460002,0.6921897093560825,False,6,1.4611105846044445,3.0,0,132,0.0,1,369,0,0,,19,,False,False,False,430.69999999999925,437,500,4415.900000000014,4469,5000
550464d24f7ba783,warmup1000_chain3,epsilon_greedy,3.0,3.0,0.01,corrected,238,clean,0.7044290000000002,0.7044290000000002,0.7044290000000002,False,,,0.0,0,0,0.0,0,,0,0,,19,,False,False,False,453.7999999999998,458,500,4450.000000000022,4500,5000
550464d24f7ba783,warmup1000_chain3,epsilon_greedy,3.0,3.0,0.01,corrected,238,faa,0.7044290000000002,0.7044290000000002,0.7044290000000002,False,8,2.241238029257573,3.0,0,484,0.0,0,17,0,0,,19,,False,False,False,435.0999999999999,441,500,4450.000000000022,4500,5000
550464d24f7ba783,warmup1000_chain3,epsilon_greedy,3.0,3.0,0.01,corrected,239,clean,0.7044290000000002,0.7044290000000002,0.07044290000000641,False,,,0.0,0,0,0.0,1,,0,0,,19,,False,False,False,449.39999999999964,454,500,4464.300000000012,4513,5000
550464d24f7ba783,warmup1000_chain3,epsilon_greedy,3.0,3.0,0.01,corrected,239,faa,0.7044290000000002,0.7044290000000002,0.0704429000004535,False,6,1.7067573114444445,3.0,0,477,0.0,1,24,0,0,,19,,False,False,False,422.9999999999997,430,500,4464.300000000012,4513,5000
550464d24f7ba783,warmup1000_chain3,epsilon_greedy,3.0,3.0,0.01,corrected,240,clean,0.7044290000000002,0.6299000000000002,0.6299000000000002,False,,,0.0,0,0,0.0,0,,0,0,,19,,False,False,False,438.39999999999964,444,500,4403.800000000014,4458,5000
550464d24f7ba783,warmup1000_chain3,epsilon_greedy,3.0,3.0,0.01,corrected,240,faa,0.7044290000000002,0.8275899794141998,0.8275899794141998,False,6,2.6602024244444444,3.0,0,4,0.0,0,12,0,0,,19,,False,False,False,422.9999999999997,430,500,4402.700000000014,4457,5000
550464d24f7ba783,warmup1000_chain3,epsilon_greedy,3.0,3.0,0.01,corrected,241,clean,0.7919000000000002,0.7044290000000002,0.7044290000000002,False,,,0.0,0,0,0.0,0,,0,0,,19,,False,False,False,430.69999999999976,437,500,4454.400000000018,4504,5000
550464d24f7ba783,warmup1000_chain3,epsilon_greedy,3.0,3.0,0.01,corrected,241,faa,0.7919000000000002,0.7616612900000006,0.7616612900000006,False,6,2.2337744444444443,3.0,0,319,0.0,0,182,0,0,,19,,False,False,False,408.6999999999998,417,500,4454.400000000018,4504,5000
550464d24f7ba783,warmup1000_chain3,epsilon_greedy,3.0,3.0,0.01,corrected,242,clean,0.7044290000000002,0.7044290000000002,0.0019209680641440463,False,,,0.0,0,0,0.0,3,,0,0,988,19,1007,False,False,False,455.99999999999943,460,500,4442.300000000016,4493,5000
550464d24f7ba783,warmup1000_chain3,epsilon_greedy,3.0,3.0,0.01,corrected,242,faa,0.7044290000000002,0.9502004964960001,0.01619192433876282,False,6,2.6693024244444388,3.0,0,486,0.0,3,15,0,0,3683,19,3702,False,False,False,437.29999999999944,443,500,4442.300000000016,4493,5000
550464d24f7ba783,warmup1000_chain3,epsilon_greedy,3.0,3.0,0.01,corrected,243,clean,0.5480000000000002,0.5480000000000002,0.5480000000000002,False,,,0.0,0,0,0.0,0,,0,0,,19,,False,False,False,444.99999999999983,450,500,4443.400000000021,4494,5000
550464d24f7ba783,warmup1000_chain3,epsilon_greedy,3.0,3.0,0.01,corrected,243,faa,0.5480000000000002,0.5635200000000018,0.5635200000000018,False,4,1.7432444444444442,3.0,0,482,0.0,0,19,0,0,,19,,False,False,False,422.99999999999983,430,500,4443.400000000021,4494,5000
550464d24f7ba783,warmup1000_chain3,epsilon_greedy,3.0,3.0,0.01,corrected,244,clean,0.186058241,0.186058241,0.186058241,False,,,0.0,0,0,0.0,0,,0,0,,19,,False,False,False,438.3999999999994,444,500,4432.400000000014,4484,5000
550464d24f7ba783,warmup1000_chain3,epsilon_greedy,3.0,3.0,0.01,corrected,244,faa,0.186058241,0.35805824099999994,0.30053299931,True,6,0.8884792571600252,2.5793640249701424,0,0,0.0984,1,21,493,493,,512,,False,False,False,415.29999999999956,423,500,4431.300000000015,4483,5000
550464d24f7ba783,warmup1000_chain3,epsilon_greedy,3.0,3.0,0.01,corrected,245,clean,0.6299000000000002,0.6299000000000002,0.6299000000000002,False,,,0.0,0,0,0.0,0,,0,0,,19,,False,False,False,444.99999999999966,450,500,4414.800000000018,4468,5000
550464d24f7ba783,warmup1000_chain3,epsilon_greedy,3.0,3.0,0.01,corrected,245,faa,0.6299000000000002,0.8019000000000002,0.7044290000000002,True,6,1.4070456644444442,2.787034764444444,0,0,0.0834,1,19,418,418,,437,,False,False,False,424.09999999999957,431,500,4413.700000000019,4467,5000
550464d24f7ba783,warmup1000_chain3,epsilon_greedy,3.0,3.0,0.01,corrected,246,clean,0.14109001144099997,0.14109001144099997,0.14109001144099997,False,,,0.0,0,0,0.0,0,,0,0,,19,,False,False,False,460.39999999999975,464,500,4412.60000000002,4466,5000
550464d24f7ba783,warmup1000_chain3,epsilon_greedy,3.0,3.0,0.01,corrected,246,faa,0.14109001144099997,0.3336938111775418,0.25961191041130993,True,6,0.8705371783339171,1.9240651691811177,0,0,0.38,1,15,1901,1901,,1920,,False,False,False,440.59999999999985,446,500,4411.50000000002,4465,5000
550464d24f7ba783,warmup1000_chain3,epsilon_greedy,3.0,3.0,0.01,corrected,247,clean,0.7044290000000002,0.7044290000000002,0.7044290000000002,False,,,0.0,0,0,0.0,0,,0,0,,19,,False,False,False,430.6999999999995,437,500,4397.200000000022,4452,5000
550464d24f7ba783,warmup1000_chain3,epsilon_greedy,3.0,3.0,0.01,corrected,247,faa,0.7044290000000002,0.7935775260799989,0.7044290000000002,False,5,2.0512309542444447,3.0,0,486,0.0,0,15,0,0,,19,,False,False,False,413.09999999999945,421,500,4397.200000000022,4452,5000
550464d24f7ba783,warmup1000_chain3,epsilon_greedy,3.0,3.0,0.01,corrected,248,clean,0.6453800000000002,0.6453800000000002,0.0006465464356377182,False,,,0.0,0,0,0.0,3,,0,0,2124,19,2143,False,False,False,453.7999999999996,458,500,4393.900000000014,4449,5000
550464d24f7ba783,warmup1000_chain3,epsilon_greedy,3.0,3.0,0.01,corrected,248,faa,0.6453800000000002,0.81738,0.007185820077806604,True,6,1.3984852087262747,1.9765973054157642,0,0,0.017,3,9,86,86,4435,105,4454,False,False,False,441.6999999999996,447,500,4393.900000000014,4449,5000
550464d24f7ba783,warmup1000_chain3,epsilon_greedy,3.0,3.0,0.01,corrected,249,clean,0.7044290000000002,0.7044290000000002,0.07044290000000641,False,,,0.0,0,0,0.0,1,,0,0,,19,,False,False,False,453.7999999999997,458,500,4431.300000000012,4483,5000
550464d24f7ba783,warmup1000_chain3,epsilon_greedy,3.0,3.0,0.01,corrected,249,faa,0.7044290000000002,0.7729970879149038,0.0772997087946401,False,6,1.4937697190658143,3.0,0,474,0.0,1,27,0,0,,19,,False,False,False,424.0999999999997,431,500,4431.300000000012,4483,5000
550464d24f7ba783,warmup1000_chain3,epsilon_greedy,3.0,3.0,0.01,corrected,250,clean,0.6380900000000003,0.6380900000000003,0.06380900000064138,False,,,0.0,0,0,0.0,1,,0,0,,19,,False,False,False,433.9999999999999,440,500,4426.900000000018,4479,5000
550464d24f7ba783,warmup1000_chain3,epsilon_greedy,3.0,3.0,0.01,corrected,250,faa,0.6380900000000003,0.6380900000000003,0.06380900005113338,False,6,1.6344478014444448,3.0,0,481,0.0,1,20,0,0,,19,,False,False,False,414.1999999999998,422,500,4426.900000000018,4479,5000
550464d24f7ba783,warmup1000_chain3,epsilon_greedy,3.0,3.0,0.01,corrected,251,clean,0.7264198700000002,0.7264198700000002,0.0727073847800001,False,,,0.0,0,0,0.0,1,,0,0,,19,,False,False,False,457.0999999999997,461,500,4425.800000000026,4478,5000
550464d24f7ba783,warmup1000_chain3,epsilon_greedy,3.0,3.0,0.01,corrected,251,faa,0.7264198700000002,0.9674016156657002,0.08668759080591498,False,6,2.803152019444445,3.0,0,488,0.0,1,13,0,0,,19,,False,False,False,440.59999999999974,446,500,4425.800000000026,4478,5000
550464d24f7ba783,warmup1000_chain3,epsilon_greedy,3.0,3.0,0.01,corrected,252,clean,0.7044290000000002,0.7044290000000002,0.07044290000641451,False,,,0.0,0,0,0.0,1,,0,0,,19,,False,False,False,449.39999999999964,454,500,4429.100000000014,4481,5000
550464d24f7ba783,warmup1000_chain3,epsilon_greedy,3.0,3.0,0.01,corrected,252,faa,0.7044290000000002,0.8764290000000001,0.0772250397099074,True,6,1.708158863639162,1.708158863639162,0,0,0.0486,2,6,244,244,,263,,False,False,False,440.5999999999996,446,500,4428.000000000015,4480,5000
550464d24f7ba783,warmup1000_chain3,epsilon_greedy,3.0,3.0,0.01,corrected,253,clean,0.7044290000000002,0.7044290000000002,0.7044290000000002,False,,,0.0,0,0,0.0,0,,0,0,,19,,False,False,False,455.9999999999995,460,500,4461.000000000018,4510,5000
550464d24f7ba783,warmup1000_chain3,epsilon_greedy,3.0,3.0,0.01,corrected,253,faa,0.7044290000000002,0.7351085100016097,0.7351085100016097,False,4,1.8283747444462306,3.0,0,480,0.0,0,21,0,0,,19,,False,False,False,436.1999999999995,442,500,4461.000000000018,4510,5000
550464d24f7ba783,warmup1000_chain3,epsilon_greedy,3.0,3.0,0.01,corrected,254,clean,0.7044290000000002,0.7044290000000002,0.7044290000000002,False,,,0.0,0,0,0.0,0,,0,0,,19,,False,False,False,431.79999999999956,438,500,4478.600000000015,4526,5000
550464d24f7ba783,warmup1000_chain3,epsilon_greedy,3.0,3.0,0.01,corrected,254,faa,0.7044290000000002,0.7720145282121177,0.7180677846845116,False,6,1.4937697194737873,3.0,0,48,0.0,0,453,0,0,,19,,False,False,False,408.6999999999996,417,500,4478.600000000015,4526,5000
550464d24f7ba783,warmup1000_chain3,epsilon_greedy,3.0,3.0,0.01,corrected,255,clean,0.7044290000000002,0.7044290000000002,0.007114912586422162,False,,,0.0,0,0,0.0,2,,0,0,1548,19,1567,False,False,False,458.1999999999997,462,500,4472.000000000012,4520,5000
550464d24f7ba783,warmup1000_chain3,epsilon_greedy,3.0,3.0,0.01,corrected,255,faa,0.7044290000000002,0.7721870865441931,0.011796332262673348,False,6,1.7082639182760835,3.0,0,480,0.0,2,21,0,0,1548,19,1567,False,False,False,433.99999999999966,440,500,4472.000000000012,4520,5000
550464d24f7ba783,warmup1000_chain3,epsilon_greedy,3.0,3.0,0.01,corrected,256,clean,0.7044290000000002,0.7044290000000002,0.7044290000000002,False,,,0.0,0,0,0.0,0,,0,0,,19,,False,False,False,447.1999999999995,452,500,4491.800000000017,4538,5000
550464d24f7ba783,warmup1000_chain3,epsilon_greedy,3.0,3.0,0.01,corrected,256,faa,0.7044290000000002,0.8086424650603417,0.8086424650603417,False,6,2.7430063680834444,3.0,0,188,0.0,0,11,0,0,,19,,False,False,False,432.8999999999994,439,500,4491.800000000017,4538,5000
550464d24f7ba783,warmup1000_chain3,epsilon_greedy,3.0,3.0,0.01,corrected,257,clean,0.7044290000000002,0.7044290000000002,0.0006381611997289816,False,,,0.0,0,0,0.0,2,,0,0,4068,19,4087,False,False,False,451.5999999999997,456,500,4429.100000000013,4481,5000
550464d24f7ba783,warmup1000_chain3,epsilon_greedy,3.0,3.0,0.01,corrected,257,faa,0.7044290000000002,0.9433825705279599,0.0007874166944182859,True,10,3.0,3.0,0,5,0.0074,3,5,38,38,4068,57,4087,False,False,False,435.0999999999997,441,500,4428.000000000013,4480,5000
550464d24f7ba783,warmup1000_chain3,epsilon_greedy,3.0,3.0,0.01,corrected,258,clean,0.6299000000000002,0.06881448392899997,0.06881448392899997,False,,,0.0,0,0,0.0,0,,0,0,,19,,False,False,False,446.09999999999945,451,500,4445.600000000019,4496,5000
550464d24f7ba783,warmup1000_chain3,epsilon_greedy,3.0,3.0,0.01,corrected,258,faa,0.6299000000000002,0.713481338804526,0.713481338804526,False,6,1.6032829167332445,3.0,0,194,0.0,0,307,0,0,,19,,False,False,False,422.9999999999998,430,500,4445.600000000019,4496,5000
550464d24f7ba783,warmup1000_chain3,epsilon_greedy,3.0,3.0,0.01,corrected,259,clean,0.7044290000000002,0.7044290000000002,0.7044290000000002,False,,,0.0,0,0,0.0,0,,0,0,,19,,False,False,False,449.3999999999995,454,500,4465.4000000000215,4514,5000
550464d24f7ba783,warmup1000_chain3,epsilon_greedy,3.0,3.0,0.01,corrected,259,faa,0.7044290000000002,0.8764290000000001,0.7722503900000002,True,5,2.1978804570847945,2.907927238290395,0,0,0.0236,1,9,119,119,,138,,False,False,False,438.3999999999996,444,500,4464.300000000022,4513,5000
550464d24f7ba783,warmup1000_chain3,epsilon_greedy,3.0,3.0,0.01,corrected,260,clean,0.7044290000000002,0.7044290000000002,0.7044290000000002,False,,,0.0,0,0,0.0,0,,0,0,,19,,False,False,False,433.99999999999955,440,500,4403.800000000013,4458,5000
550464d24f7ba783,warmup1000_chain3,epsilon_greedy,3.0,3.0,0.01,corrected,260,faa,0.7044290000000002,0.7044290000000002,0.7044290000000002,False,6,1.4937675360446727,3.0,0,480,0.0,0,21,0,0,,19,,False,False,False,410.89999999999964,419,500,4403.800000000013,4458,5000
550464d24f7ba783,warmup1000_chain3,epsilon_greedy,3.0,3.0,0.01,corrected,261,clean,0.13458738392900016,0.13458738392900016,0.013458738392900016,False,,,0.0,0,0,0.0,1,,0,0,3643,19,3662,False,False,False,431.7999999999997,438,500,4440.100000000019,4491,5000
550464d24f7ba783,warmup1000_chain3,epsilon_greedy,3.0,3.0,0.01,corrected,261,faa,0.13458738392900016,0.20492083763075636,0.020492083763075652,False,5,1.6016104031565814,3.0,0,480,0.0,1,21,0,0,3643,19,3662,False,False,False,413.09999999999974,421,500,4440.100000000019,4491,5000
550464d24f7ba783,warmup1000_chain3,epsilon_greedy,3.0,3.0,0.01,corrected,262,clean,0.7044290000000002,0.7044290000000002,0.7044290000000002,False,,,0.0,0,0,0.0,0,,0,0,,19,,False,False,False,453.7999999999996,458,500,4445.600000000014,4496,5000
550464d24f7ba783,warmup1000_chain3,epsilon_greedy,3.0,3.0,0.01,corrected,262,faa,0.7044290000000002,0.7171406324400017,0.7171406324400017,False,7,1.8837675360444441,3.0,0,478,0.0,0,23,0,0,,19,,False,False,False,426.2999999999998,433,500,4445.600000000014,4496,5000
550464d24f7ba783,warmup1000_chain3,epsilon_greedy,3.0,3.0,0.01,corrected,263,clean,0.7044290000000002,0.7044290000000002,0.07044302253680002,False,,,0.0,0,0,0.0,1,,0,0,,19,,False,False,False,440.59999999999945,446,500,4477.500000000011,4525,5000
550464d24f7ba783,warmup1000_chain3,epsilon_greedy,3.0,3.0,0.01,corrected,263,faa,0.7044290000000002,0.7306694534945508,0.07307642146133625,False,6,1.8142806894383883,3.0,0,451,0.0,1,50,0,0,,19,,False,False,False,419.6999999999995,427,500,4477.500000000011,4525,5000
550464d24f7ba783,warmup1000_chain3,epsilon_greedy,3.0,3.0,0.01,corrected,264,clean,0.7118819000000002,0.7118819000000002,0.7118819000000002,False,,,0.0,0,0,0.0,0,,0,0,,19,,False,False,False,458.1999999999999,462,500,4419.200000000019,4472,5000
550464d24f7ba783,warmup1000_chain3,epsilon_greedy,3.0,3.0,0.01,corrected,264,faa,0.7118819000000002,0.8667226028931512,0.7118819000000002,False,4,1.8367367456742765,3.0,0,491,0.0,0,10,0,0,,19,,False,False,False,447.1999999999999,452,500,4419.200000000019,4472,5000
550464d24f7ba783,warmup1000_chain3,epsilon_greedy,3.0,3.0,0.01,corrected,265,clean,0.7044290000000002,0.7044290000000002,0.07044290000006415,False,,,0.0,0,0,0.0,1,,0,0,,19,,False,False,False,417.49999999999943,425,500,4433.500000000016,4485,5000
550464d24f7ba783,warmup1000_chain3,epsilon_greedy,3.0,3.0,0.01,corrected,265,faa,0.7044290000000002,0.5040336524954114,0.050403365250065835,False,5,2.6681774444444444,3.0,0,55,0.0,1,8,0,0,,19,,False,False,False,403.1999999999995,412,500,4433.500000000016,4485,5000
550464d24f7ba783,warmup1000_chain3,epsilon_greedy,3.0,3.0,0.01,corrected,266,clean,0.7044290000000002,0.7044290000000002,0.07044932022928996,False,,,0.0,0,0,0.0,1,,0,0,,19,,False,False,False,442.7999999999995,448,500,4481.9000000000115,4529,5000
550464d24f7ba783,warmup1000_chain3,epsilon_greedy,3.0,3.0,0.01,corrected,266,faa,0.7044290000000002,0.7044290000000002,0.07047861065834515,False,,,3.0,0,496,0.0,1,5,0,0,,19,,False,False,False,436.19999999999965,442,500,4481.9000000000115,4529,5000
550464d24f7ba783,warmup1000_chain3,epsilon_greedy,3.0,3.0,0.01,corrected,267,clean,0.7044290000000002,0.7044290000000002,0.7044290000000002,False,,,0.0,0,0,0.0,0,,0,0,,19,,False,False,False,414.1999999999994,422,500,4439.000000000013,4490,5000
550464d24f7ba783,warmup1000_chain3,epsilon_greedy,3.0,3.0,0.01,corrected,267,faa,0.7044290000000002,0.7729953000204197,0.7729953000204197,False,6,1.4937675360444662,3.0,0,474,0.0,0,27,0,0,,19,,False,False,False,393.2999999999995,403,500,4439.000000000013,4490,5000
550464d24f7ba783,warmup1000_chain3,epsilon_greedy,3.0,3.0,0.01,corrected,268,clean,0.7044290000000002,0.07108433900000011,0.007114848290000031,False,,,0.0,0,0,0.0,1,,0,0,743,19,762,False,False,False,435.0999999999992,441,500,4444.500000000021,4495,5000
550464d24f7ba783,warmup1000_chain3,epsilon_greedy,3.0,3.0,0.01,corrected,268,faa,0.7044290000000002,0.08850590411979786,0.008927002027957653,False,6,2.7430124244444443,3.0,0,275,0.0,1,11,0,0,743,19,762,False,False,False,420.79999999999944,428,500,4444.500000000021,4495,5000
550464d24f7ba783,warmup1000_chain3,epsilon_greedy,3.0,3.0,0.01,corrected,269,clean,0.7919000000000002,0.7044290000000002,0.7044290000000002,False,,,0.0,0,0,0.0,0,,0,0,,19,,False,False,False,446.0999999999995,451,500,4476.40000000002,4524,5000
550464d24f7ba783,warmup1000_chain3,epsilon_greedy,3.0,3.0,0.01,corrected,269,faa,0.7919000000000002,0.7801070843000009,0.7801070843000009,False,6,2.2337744444444443,3.0,0,199,0.0,0,19,0,0,,19,,False,False,False,421.89999999999986,429,500,4476.40000000002,4524,5000
550464d24f7ba783,warmup1000_chain3,epsilon_greedy,3.0,3.0,0.01,corrected,270,clean,0.13458680000000012,0.13458680000000012,0.13458680000000012,False,,,0.0,0,0,0.0,0,,0,0,,19,,False,False,False,455.9999999999998,460,500,4472.000000000015,4520,5000
550464d24f7ba783,warmup1000_chain3,epsilon_greedy,3.0,3.0,0.01,corrected,270,faa,0.13458680000000012,0.42479398800000007,0.36208152908000013,True,6,1.0749998014444448,1.4720237614444451,0,0,0.0152,1,10,77,77,,96,,False,False,False,441.69999999999993,447,500,4469.800000000015,4518,5000
550464d24f7ba783,warmup1000_chain3,epsilon_greedy,3.0,3.0,0.01,corrected,271,clean,0.7044290000000002,0.7044290000000002,0.7044290000000002,False,,,0.0,0,0,0.0,0,,0,0,,19,,False,False,False,458.19999999999965,462,500,4463.200000000015,4512,5000
550464d24f7ba783,warmup1000_chain3,epsilon_greedy,3.0,3.0,0.01,corrected,271,faa,0.7044290000000002,0.8764290000000001,0.7722503900000002,True,7,2.102069673044445,2.538705690044445,0,0,0.018,1,9,91,91,,110,,False,False,False,447.1999999999996,452,500,4462.100000000015,4511,5000
550464d24f7ba783,warmup1000_chain3,epsilon_greedy,3.0,3.0,0.01,corrected,272,clean,0.7044290000000002,0.7044290000000002,0.07044290000641451,False,,,0.0,0,0,0.0,1,,0,0,,19,,False,False,False,415.2999999999997,423,500,4502.800000000014,4548,5000
550464d24f7ba783,warmup1000_chain3,epsilon_greedy,3.0,3.0,0.01,corrected,272,faa,0.7044290000000002,0.7044290000000002,0.0704429052827103,False,6,1.7081578014445506,3.0,0,400,0.0,1,101,0,0,,19,,False,False,False,403.19999999999965,412,500,4502.800000000014,4548,5000
550464d24f7ba783,warmup1000_chain3,epsilon_greedy,3.0,3.0,0.01,corrected,273,clean,0.6299000000000002,0.6299000000000002,0.006304756750999951,False,,,0.0,0,0,0.0,2,,0,0,4572,19,4591,False,False,False,440.5999999999997,446,500,4505.000000000011,4550,5000
550464d24f7ba783,warmup1000_chain3,epsilon_greedy,3.0,3.0,0.01,corrected,273,faa,0.6299000000000002,0.7512597299999998,0.007588002295767116,False,6,2.5239044444444447,3.0,0,453,0.0,2,48,0,0,4572,19,4591,False,False,False,422.9999999999998,430,500,4505.000000000011,4550,5000
550464d24f7ba783,warmup1000_chain3,epsilon_greedy,3.0,3.0,0.01,corrected,274,clean,0.13464519821441057,0.13464519821441057,0.13464519821441057,False,,,0.0,0,0,0.0,0,,0,0,,19,,False,False,False,448.2999999999997,453,500,4512.700000000012,4557,5000
550464d24f7ba783,warmup1000_chain3,epsilon_greedy,3.0,3.0,0.01,corrected,274,faa,0.13464519821441057,0.33189164005771227,0.23400562977413636,False,6,0.8606973164753036,3.0,0,477,0.0,0,24,0,0,,19,,False,False,False,418.5999999999999,426,500,4512.700000000012,4557,5000
550464d24f7ba783,warmup1000_chain3,epsilon_greedy,3.0,3.0,0.01,corrected,275,clean,0.13458680000000167,0.13458680000000167,0.13458680000000167,False,,,0.0,0,0,0.0,0,,0,0,,19,,False,False,False,453.7999999999997,458,500,4384.00000000002,4440,5000
550464d24f7ba783,warmup1000_chain3,epsilon_greedy,3.0,3.0,0.01,corrected,275,faa,0.13458680000000167,0.23395757844000062,0.23395757844000062,False,6,0.860609536044447,3.0,0,477,0.0,0,24,0,0,,19,,False,False,False,428.4999999999997,435,500,4384.00000000002,4440,5000
550464d24f7ba783,warmup1000_chain3,epsilon_greedy,3.0,3.0,0.01,corrected,276,clean,0.7100000000000001,0.6380900000000003,0.6380900000000003,False,,,0.0,0,0,0.0,0,,0,0,,19,,False,False,False,441.6999999999997,447,500,4484.100000000012,4531,5000
550464d24f7ba783,warmup1000_chain3,epsilon_greedy,3.0,3.0,0.01,corrected,276,faa,0.7100000000000001,0.6656996000000003,0.6656996000000003,False,6,2.0854444444444447,3.0,0,28,0.0,0,473,0,0,,19,,False,False,False,420.7999999999996,428,500,4484.100000000012,4531,5000
550464d24f7ba783,warmup1000_chain3,epsilon_greedy,3.0,3.0,0.01,corrected,277,clean,0.7044290000000002,0.7044290000000002,0.7044290000000002,False,,,0.0,0,0,0.0,0,,0,0,,19,,False,False,False,447.19999999999953,452,500,4450.000000000018,4500,5000
550464d24f7ba783,warmup1000_chain3,epsilon_greedy,3.0,3.0,0.01,corrected,277,faa,0.7044290000000002,0.7531764857921872,0.7531764857921872,False,10,3.0,3.0,0,154,0.0,0,7,0,0,,19,,False,False,False,436.1999999999995,442,500,4450.000000000018,4500,5000
550464d24f7ba783,warmup1000_chain3,epsilon_greedy,3.0,3.0,0.01,corrected,278,clean,0.7919000000000002,0.7044290000000002,0.07108433900000011,False,,,0.0,0,0,0.0,1,,0,0,,19,,False,False,False,459.2999999999997,463,500,4468.700000000011,4517,5000
550464d24f7ba783,warmup1000_chain3,epsilon_greedy,3.0,3.0,0.01,corrected,278,faa,0.7919000000000002,0.7840382390000002,0.07336220033902352,False,6,2.2337744444444443,3.0,0,482,0.0,1,19,0,0,,19,,False,False,False,438.39999999999975,444,500,4468.700000000011,4517,5000
550464d24f7ba783,warmup1000_chain3,epsilon_greedy,3.0,3.0,0.01,corrected,279,clean,0.13458680000000012,0.013465094390000043,0.0013465094389999988,False,,,0.0,0,0,0.0,1,,0,0,0,19,19,False,False,False,428.49999999999943,435,500,4464.300000000009,4513,5000
550464d24f7ba783,warmup1000_chain3,epsilon_greedy,3.0,3.0,0.01,corrected,279,faa,0.13458680000000012,0.023810231368225965,0.0023810231368228685,False,6,0.8606095360444442,3.0,0,445,0.0,1,56,0,0,0,19,19,False,False,False,400.99999999999966,410,500,4464.300000000009,4513,5000
550464d24f7ba783,warmup1000_chain3,epsilon_greedy,3.0,3.0,0.01,corrected,280,clean,0.6299000000000002,0.6299000000000002,0.06305342073928993,False,,,0.0,0,0,0.0,1,,0,0,,19,,False,False,False,447.1999999999996,452,500,4422.50000000002,4475,5000
550464d24f7ba783,warmup1000_chain3,epsilon_greedy,3.0,3.0,0.01,corrected,280,faa,0.6299000000000002,0.6817184174350195,0.07196023360398363,False,6,1.6097156847332448,3.0,0,479,0.0,1,22,0,0,,19,,False,False,False,428.49999999999966,435,500,4422.50000000002,4475,5000
550464d24f7ba783,warmup1000_chain3,epsilon_greedy,3.0,3.0,0.01,corrected,281,clean,0.7919000000000002,0.7919000000000002,0.7044290000000002,False,,,0.0,0,0,0.0,1,,0,72,,91,,False,False,False,462.5999999999998,466,500,4503.900000000015,4549,5000
550464d24f7ba783,warmup1000_chain3,epsilon_greedy,3.0,3.0,0.01,corrected,281,faa,0.7919000000000002,0.8819819000000002,0.7727972600000003,False,6,2.2337744444444443,3.0,0,485,0.0,0,16,0,0,,19,,False,False,False,441.69999999999976,447,500,4505.0000000000155,4550,5000
550464d24f7ba783,warmup1000_chain3,epsilon_greedy,3.0,3.0,0.01,corrected,282,clean,0.7044290000000002,0.7044290000000002,0.07044290006486631,False,,,0.0,0,0,0.0,1,,0,0,,19,,False,False,False,429.59999999999957,436,500,4399.400000000012,4454,5000
550464d24f7ba783,warmup1000_chain3,epsilon_greedy,3.0,3.0,0.01,corrected,282,faa,0.7044290000000002,0.7044290000000002,0.07044295338435713,False,6,1.4943195894434678,3.0,0,477,0.0,1,24,0,0,,19,,False,False,False,405.3999999999997,414,500,4399.400000000012,4454,5000
550464d24f7ba783,warmup1000_chain3,epsilon_greedy,3.0,3.0,0.01,corrected,283,clean,0.7044290000000002,0.7044290000000002,0.7044290000000002,False,,,0.0,0,0,0.0,0,,0,0,,19,,False,False,False,429.5999999999997,436,500,4469.800000000019,4518,5000
550464d24f7ba783,warmup1000_chain3,epsilon_greedy,3.0,3.0,0.01,corrected,283,faa,0.7044290000000002,0.7044290000000002,0.7044290000000002,False,6,1.466759283891506,3.0,0,479,0.0,0,22,0,0,,19,,False,False,False,405.39999999999964,414,500,4469.800000000019,4518,5000
550464d24f7ba783,warmup1000_chain3,epsilon_greedy,3.0,3.0,0.01,corrected,284,clean,0.6453800000000002,0.6453800000000002,0.6453800000000002,False,,,0.0,0,0,0.0,0,,0,0,,19,,False,False,False,433.9999999999994,440,500,4467.600000000015,4516,5000
550464d24f7ba783,warmup1000_chain3,epsilon_greedy,3.0,3.0,0.01,corrected,284,faa,0.6453800000000002,0.6453800000000001,0.6453800000000001,False,6,1.7266917761964446,3.0,0,481,0.0,0,20,0,0,,19,,False,False,False,411.99999999999943,420,500,4467.600000000015,4516,5000
550464d24f7ba783,warmup1000_chain3,epsilon_greedy,3.0,3.0,0.01,corrected,285,clean,0.5570000000000002,0.5570000000000002,0.5570000000000002,False,,,0.0,0,0,0.0,0,,0,0,,19,,False,False,False,429.59999999999985,436,500,4458.800000000018,4508,5000
550464d24f7ba783,warmup1000_chain3,epsilon_greedy,3.0,3.0,0.01,corrected,285,faa,0.5570000000000002,0.3732368803113043,0.29306123685051666,False,6,1.3003662544560357,3.0,0,476,0.0,0,17,0,0,,19,,False,False,False,402.0999999999998,411,500,4458.800000000018,4508,5000
550464d24f7ba783,warmup1000_chain3,epsilon_greedy,3.0,3.0,0.01,corrected,286,clean,0.7044290000000002,0.7044290000000002,0.0007044290012828691,False,,,0.0,0,0,0.0,3,,0,0,1877,19,1896,False,False,False,458.1999999999997,462,500,4426.900000000018,4479,5000
550464d24f7ba783,warmup1000_chain3,epsilon_greedy,3.0,3.0,0.01,corrected,286,faa,0.7044290000000002,0.9417150772989802,0.0008339678701557718,True,11,3.0,3.0,0,3,0.0058,4,7,30,30,1877,49,1896,False,False,False,444.9999999999998,450,500,4424.700000000017,4477,5000
550464d24f7ba783,warmup1000_chain3,epsilon_greedy,3.0,3.0,0.01,corrected,287,clean,0.7044290000000002,0.7044290000000002,0.07050776568289996,False,,,0.0,0,0,0.0,1,,0,0,,19,,False,False,False,447.1999999999997,452,500,4444.500000000011,4495,5000
550464d24f7ba783,warmup1000_chain3,epsilon_greedy,3.0,3.0,0.01,corrected,287,faa,0.7044290000000002,0.7175123480763321,0.10326326291323695,False,7,1.8841805534181444,3.0,0,478,0.0,1,23,0,0,,19,,False,False,False,419.6999999999998,427,500,4444.500000000011,4495,5000
550464d24f7ba783,warmup1000_chain3,epsilon_greedy,3.0,3.0,0.01,corrected,288,clean,0.0710849229290006,0.0710849229290006,0.0710849229290006,False,,,0.0,0,0,0.0,0,,0,0,,19,,False,False,False,455.9999999999999,460,500,4447.800000000014,4498,5000
550464d24f7ba783,warmup1000_chain3,epsilon_greedy,3.0,3.0,0.01,corrected,288,faa,0.0710849229290006,0.2835159468215727,0.23849871003037643,False,7,1.18025360820611,3.0,0,479,0.0,0,22,0,0,,19,,False,False,False,435.09999999999985,441,500,4447.800000000014,4498,5000
550464d24f7ba783,warmup1000_chain3,epsilon_greedy,3.0,3.0,0.01,corrected,289,clean,0.7044290000000002,0.7044290000000002,0.07108492292900004,False,,,0.0,0,0,0.0,1,,0,0,,19,,False,False,False,453.7999999999997,458,500,4391.700000000021,4447,5000
550464d24f7ba783,warmup1000_chain3,epsilon_greedy,3.0,3.0,0.01,corrected,289,faa,0.7044290000000002,0.7626515518992022,0.11529302119611234,False,6,1.7082639243324445,3.0,0,476,0.0,1,25,0,0,,19,,False,False,False,427.39999999999986,434,500,4391.700000000021,4447,5000
550464d24f7ba783,warmup1000_chain3,epsilon_greedy,3.0,3.0,0.01,corrected,290,clean,0.7044290000000002,0.7044290000000002,0.007114280188318944,False,,,0.0,0,0,0.0,2,,0,0,1409,19,1428,False,False,False,428.49999999999966,435,500,4441.200000000021,4492,5000
550464d24f7ba783,warmup1000_chain3,epsilon_greedy,3.0,3.0,0.01,corrected,290,faa,0.7044290000000002,0.7408001512199965,0.011349110650196614,False,5,2.0607700902444384,3.0,0,482,0.0,2,19,0,0,1409,19,1428,False,False,False,411.99999999999966,420,500,4441.200000000021,4492,5000
550464d24f7ba783,warmup1000_chain3,epsilon_greedy,3.0,3.0,0.01,corrected,291,clean,0.7100000000000001,0.6299000000000002,0.06356510000000004,False,,,0.0,0,0,0.0,1,,0,0,,19,,False,False,False,450.49999999999955,455,500,4490.700000000015,4537,5000
550464d24f7ba783,warmup1000_chain3,epsilon_greedy,3.0,3.0,0.01,corrected,291,faa,0.7100000000000001,0.7088789000000015,0.07154252390000021,False,6,2.0854444444444447,3.0,0,45,0.0,1,20,0,0,,19,,False,False,False,427.3999999999996,434,500,4490.700000000015,4537,5000
550464d24f7ba783,warmup1000_chain3,epsilon_greedy,3.0,3.0,0.01,corrected,292,clean,0.7118819000000002,0.7118819000000002,0.007183021357102359,False,,,0.0,0,0,0.0,2,,0,0,1965,19,1984,False,False,False,447.1999999999996,452,500,4480.800000000014,4528,5000
550464d24f7ba783,warmup1000_chain3,epsilon_greedy,3.0,3.0,0.01,corrected,292,faa,0.7118819000000002,0.7118819000000002,0.00718578917545698,False,,,3.0,0,495,0.0,2,6,0,0,1965,19,1984,False,False,False,440.59999999999957,446,500,4480.800000000014,4528,5000
550464d24f7ba783,warmup1000_chain3,epsilon_greedy,3.0,3.0,0.01,corrected,293,clean,0.7044290000000002,0.7044290000000002,0.7044290000000002,False,,,0.0,0,0,0.0,0,,0,0,,19,,False,False,False,447.19999999999976,452,500,4456.600000000015,4506,5000
550464d24f7ba783,warmup1000_chain3,epsilon_greedy,3.0,3.0,0.01,corrected,293,faa,0.7044290000000002,0.8509969655918466,0.825420195400524,False,6,2.4592864544444444,3.0,0,472,0.0,0,10,0,0,,19,,False,False,False,414.1999999999998,422,500,4456.600000000015,4506,5000
550464d24f7ba783,warmup1000_chain3,epsilon_greedy,3.0,3.0,0.01,corrected,294,clean,0.6299000000000002,0.6299000000000002,0.6299000000000002,False,,,0.0,0,0,0.0,0,,0,0,,19,,False,False,False,458.19999999999953,462,500,4454.400000000014,4504,5000
550464d24f7ba783,warmup1000_chain3,epsilon_greedy,3.0,3.0,0.01,corrected,294,faa,0.6299000000000002,0.6873340305000006,0.6873340305000006,False,6,1.4076155894444466,3.0,0,474,0.0,0,27,0,0,,19,,False,False,False,431.7999999999997,438,500,4454.400000000014,4504,5000
550464d24f7ba783,warmup1000_chain3,epsilon_greedy,3.0,3.0,0.01,corrected,295,clean,0.7044290000000002,0.1345926392900001,0.1345926392900001,False,,,0.0,0,0,0.0,0,,0,0,,19,,False,False,False,457.0999999999998,461,500,4454.400000000011,4504,5000
550464d24f7ba783,warmup1000_chain3,epsilon_greedy,3.0,3.0,0.01,corrected,295,faa,0.7044290000000002,0.8086424650603417,0.8086424650603417,False,6,2.7430063680834444,3.0,0,99,0.0,0,11,0,0,,19,,False,False,False,441.6999999999998,447,500,4454.400000000011,4504,5000
550464d24f7ba783,warmup1000_chain3,epsilon_greedy,3.0,3.0,0.01,corrected,296,clean,0.7919000000000002,0.7044290000000002,0.07044290641438988,False,,,0.0,0,0,0.0,1,,0,0,,19,,False,False,False,461.4999999999998,465,500,4424.700000000024,4477,5000
550464d24f7ba783,warmup1000_chain3,epsilon_greedy,3.0,3.0,0.01,corrected,296,faa,0.7919000000000002,0.7871601410000002,0.07304025253395274,False,7,2.623774444444444,3.0,0,487,0.0,1,12,0,0,,19,,False,False,False,448.2999999999998,453,500,4424.700000000024,4477,5000
550464d24f7ba783,warmup1000_chain3,epsilon_greedy,3.0,3.0,0.01,corrected,297,clean,0.7044290000000002,0.7044290000000002,0.7044290000000002,False,,,0.0,0,0,0.0,0,,0,0,,19,,False,False,False,440.5999999999996,446,500,4410.400000000016,4464,5000
550464d24f7ba783,warmup1000_chain3,epsilon_greedy,3.0,3.0,0.01,corrected,297,faa,0.7044290000000002,0.7044290000000002,0.7044290000000002,False,6,1.695413342549962,3.0,0,476,0.0,0,25,0,0,,19,,False,False,False,415.2999999999997,423,500,4410.400000000016,4464,5000
550464d24f7ba783,warmup1000_chain3,epsilon_greedy,3.0,3.0,0.01,corrected,298,clean,0.7044290000000002,0.7044290000000002,0.7044290000000002,False,,,0.0,0,0,0.0,0,,0,0,,19,,False,False,False,442.79999999999944,448,500,4434.600000000015,4486,5000
550464d24f7ba783,warmup1000_chain3,epsilon_greedy,3.0,3.0,0.01,corrected,298,faa,0.7044290000000002,0.8501075952920003,0.8086474252200004,False,6,2.7430124244444443,3.0,0,488,0.0,0,11,0,0,,19,,False,False,False,426.2999999999995,433,500,4434.600000000015,4486,5000
550464d24f7ba783,warmup1000_chain3,epsilon_greedy,3.0,3.0,0.01,corrected,299,clean,0.7044290000000002,0.7044290000000002,0.07044290064143888,False,,,0.0,0,0,0.0,1,,0,0,,19,,False,False,False,458.1999999999994,462,500,4402.7000000000135,4457,5000
550464d24f7ba783,warmup1000_chain3,epsilon_greedy,3.0,3.0,0.01,corrected,299,faa,0.7044290000000002,0.8086474252200004,0.08086475039752616,False,6,2.7430124244444443,3.0,0,317,0.0,1,11,0,0,,19,,False,False,False,441.6999999999994,447,500,4402.7000000000135,4457,5000
783dccb9377d0e8e,warmup1000_chain3,ucb,3.0,3.0,0.01,corrected,0,clean,0.7044290000000002,0.7044290000000002,0.7044290000000002,False,,,0.0,0,0,0.0,0,,0,0,,19,,False,False,False,491.19999999999993,492,500,4967.0,4970,5000
783dccb9377d0e8e,warmup1000_chain3,ucb,3.0,3.0,0.01,corrected,0,faa,0.7044290000000002,0.9507860999999926,0.9507860999999926,False,6,2.7430124244444443,3.0,0,483,0.0,0,18,0,0,,19,,False,False,False,429.6,436,500,5000.0,5000,5000
95349262052bdf9b,warmup1000_chain3,ucb,1.0,3.0,0.01,corrected,0,clean,0.7044290000000002,0.7044290000000002,0.7044290000000002,False,,,0.0,0,0,0.0,0,,0,0,,19,,False,False,False,491.19999999999993,492,500,4967.0,4970,5000
95349262052bdf9b,warmup1000_chain3,ucb,1.0,3.0,0.01,corrected,0,faa,0.7044290000000002,0.7360199998497704,0.7360199998497704,False,,,1.0,0,496,0.0,0,3,0,0,,19,,False,False,False,463.7,467,500,5000.0,5000,5000
96755b67f7e727ba,warmup1000_chain3,softmax,3.0,3.0,0.01,corrected,0,clean,0.7199244800000002,0.7199244800000002,0.0,False,,,0.0,0,0,0.0,39,,0,0,1462,19,1481,False,False,False,372.39999999999964,384,500,3417.1000000000868,3561,5000
96755b67f7e727ba,warmup1000_chain3,softmax,3.0,3.0,0.01,corrected,0,faa,0.7199244800000002,0.7199244800000002,0.0,False,,,3.0,0,491,0.0,39,8,0,0,1462,19,1481,False,False,False,403.1999999999995,412,500,3434.7000000000894,3577,5000
96755b67f7e727ba,warmup1000_chain3,softmax,3.0,3.0,0.01,corrected,1,clean,0.5570000000000002,0.5480000000000002,0.0,False,,,0.0,0,0,0.0,37,,0,0,585,19,604,False,False,False,367.99999999999955,380,500,3502.9000000000856,3639,5000
96755b67f7e727ba,warmup1000_chain3,softmax,3.0,3.0,0.01,corrected,1,faa,0.5570000000000002,0.5749934842709001,0.0,False,,,3.0,0,491,0.0,38,8,0,0,585,19,604,False,False,False,477.9999999999997,480,500,3501.800000000085,3638,5000
96755b67f7e727ba,warmup1000_chain3,softmax,3.0,3.0,0.01,corrected,2,clean,0.5480000000000002,0.5480000000000002,0.0,False,,,0.0,0,0,0.0,25,,0,0,2531,19,2550,False,False,False,371.29999999999944,383,500,3555.7000000000844,3687,5000
96755b67f7e727ba,warmup1000_chain3,softmax,3.0,3.0,0.01,corrected,2,faa,0.5480000000000002,0.7209000000000001,0.0,False,,,3.0,0,494,0.0,25,7,0,0,2531,19,2550,False,False,False,493.4,494,500,3633.8000000000875,3758,5000
96755b67f7e727ba,warmup1000_chain3,softmax,3.0,3.0,0.01,corrected,3,clean,0.6381890000000002,0.6381890000000002,0.6381890000000002,False,,,0.0,0,0,0.0,0,,0,0,,19,,False,False,False,366.89999999999907,379,500,3468.800000000086,3608,5000
96755b67f7e727ba,warmup1000_chain3,softmax,3.0,3.0,0.01,corrected,3,faa,0.6381890000000002,0.7141733990000003,0.6381890000000002,False,4,2.8751144444444443,3.0,0,39,0.0,0,462,0,0,,19,,False,False,False,361.3999999999991,374,500,3477.600000000086,3616,5000
96755b67f7e727ba,warmup1000_chain3,softmax,3.0,3.0,0.01,corrected,4,clean,0.5570000000000002,0.5480000000000002,0.0,False,,,0.0,0,0,0.0,27,,0,0,1601,19,1620,False,False,False,361.39999999999924,374,500,3548.0000000000728,3680,5000
96755b67f7e727ba,warmup1000_chain3,softmax,3.0,3.0,0.01,corrected,4,faa,0.5570000000000002,0.814390464990686,0.0,True,10,3.0,3.0,0,1,0.0966,27,8,484,484,1601,503,1620,False,False,False,367.9999999999993,380,500,3565.6000000000736,3696,5000
96755b67f7e727ba,warmup1000_chain3,softmax,3.0,3.0,0.01,corrected,5,clean,0.6299000000000002,0.6299000000000002,0.0,False,,,0.0,0,0,0.0,25,,0,0,638,19,657,False,False,False,343.7999999999995,358,500,3517.200000000075,3652,5000
96755b67f7e727ba,warmup1000_chain3,softmax,3.0,3.0,0.01,corrected,5,faa,0.6299000000000002,0.6869690298849844,0.6869690298849844,False,9,2.543444545465645,3.0,0,488,0.0,0,13,0,0,,19,,False,False,False,356.99999999999943,370,500,3699.800000000068,3818,5000
96755b67f7e727ba,warmup1000_chain3,softmax,3.0,3.0,0.01,corrected,6,clean,0.4580000000000002,4.580000000004025e-05,0.0,False,,,0.0,0,0,0.0,30,,0,0,0,19,19,False,False,False,321.7999999999997,338,500,3604.1000000000768,3731,5000
96755b67f7e727ba,warmup1000_chain3,softmax,3.0,3.0,0.01,corrected,6,faa,0.4580000000000002,0.6300000000000001,4.551914400963142e-15,True,6,1.1824444455092948,1.8121357454808138,0,0,0.3354,11,45,1678,1678,3520,1697,3539,False,False,False,345.9999999999996,360,500,3662.400000000078,3784,5000
96755b67f7e727ba,warmup1000_chain3,softmax,3.0,3.0,0.01,corrected,7,clean,0.5480000000000002,4.5905975274984634e-05,0.0,False,,,0.0,0,0,0.0,43,,0,0,0,19,19,False,False,False,348.1999999999991,362,500,3527.1000000000754,3661,5000
96755b67f7e727ba,warmup1000_chain3,softmax,3.0,3.0,0.01,corrected,7,faa,0.5480000000000002,4.5905975274984634e-05,0.0,False,,,3.0,0,491,0.0,43,9,0,0,0,19,19,False,False,False,348.19999999999914,362,500,3527.1000000000754,3661,5000
96755b67f7e727ba,warmup1000_chain3,softmax,3.0,3.0,0.01,corrected,8,clean,0.8000900000000001,0.8000900000000001,0.0,False,,,0.0,0,0,0.0,38,,0,224,1257,243,1276,False,False,False,400.9999999999996,410,500,3518.3000000000807,3653,5000
96755b67f7e727ba,warmup1000_chain3,softmax,3.0,3.0,0.01,corrected,8,faa,0.8000900000000001,0.8958564800000002,0.8062705799833162,False,10,3.0,3.0,0,492,0.0,1,8,0,0,,19,,False,False,False,415.29999999999956,423,500,3610.7000000000758,3737,5000
96755b67f7e727ba,warmup1000_chain3,softmax,3.0,3.0,0.01,corrected,9,clean,0.5480000000000002,0.5480000000000002,4.579997492371035e-11,False,,,0.0,0,0,0.0,7,,0,0,4002,19,4021,False,False,False,362.49999999999966,375,500,3666.800000000079,3788,5000
96755b67f7e727ba,warmup1000_chain3,softmax,3.0,3.0,0.01,corrected,9,faa,0.5480000000000002,0.5480000000000002,4.579997492371035e-11,False,,,3.0,0,494,0.0,7,7,0,0,4002,19,4021,False,False,False,395.49999999999926,405,500,3666.800000000079,3788,5000
96755b67f7e727ba,warmup1000_chain3,softmax,3.0,3.0,0.01,corrected,10,clean,0.6299000000000002,0.6299000000000002,0.0,False,,,0.0,0,0,0.0,24,,0,0,2031,19,2050,False,False,False,378.99999999999955,390,500,3605.200000000084,3732,5000
96755b67f7e727ba,warmup1000_chain3,softmax,3.0,3.0,0.01,corrected,10,faa,0.6299000000000002,0.7420252959786466,0.0,True,45,3.0,3.0,0,34,0.053,24,8,266,266,2031,285,2050,False,False,False,486.79999999999995,488,500,3603.0000000000837,3730,5000
96755b67f7e727ba,warmup1000_chain3,softmax,3.0,3.0,0.01,corrected,11,clean,0.6299000000000002,0.6299000000000002,6.106226635438361e-16,False,,,0.0,0,0,0.0,12,,0,0,4127,19,4146,False,False,False,363.5999999999992,376,500,3641.5000000000837,3765,5000
96755b67f7e727ba,warmup1000_chain3,softmax,3.0,3.0,0.01,corrected,11,faa,0.6299000000000002,0.8089060450862439,0.7258049575714096,True,13,3.0,3.0,0,7,0.6316,1,7,3159,3159,,3178,,False,False,False,366.8999999999992,379,500,3703.1000000000786,3821,5000
96755b67f7e727ba,warmup1000_chain3,softmax,3.0,3.0,0.01,corrected,12,clean,0.5480000000000002,0.5480000000000002,4.551914400963142e-15,False,,,0.0,0,0,0.0,14,,0,0,2363,19,2382,False,False,False,373.4999999999989,385,500,3656.9000000000715,3779,5000
96755b67f7e727ba,warmup1000_chain3,softmax,3.0,3.0,0.01,corrected,12,faa,0.5480000000000002,0.5639878162840735,4.551914400963142e-15,False,,,3.0,0,491,0.0,14,8,0,0,2363,19,2382,False,False,False,470.29999999999956,473,500,3654.7000000000717,3777,5000
96755b67f7e727ba,warmup1000_chain3,softmax,3.0,3.0,0.01,corrected,13,clean,0.5570000000000002,0.5570000000000002,0.5570000000000002,False,,,0.0,0,0,0.0,0,,0,0,,19,,False,False,False,411.9999999999996,420,500,3651.4000000000733,3774,5000
96755b67f7e727ba,warmup1000_chain3,softmax,3.0,3.0,0.01,corrected,13,faa,0.5570000000000002,0.809188137500072,0.7118819000000002,False,13,3.0,3.0,0,489,0.0,0,7,0,0,,19,,False,False,False,436.19999999999936,442,500,3660.200000000074,3782,5000
96755b67f7e727ba,warmup1000_chain3,softmax,3.0,3.0,0.01,corrected,14,clean,0.8064800000000001,0.5480000000000002,0.0,False,0,0.0,0.0,0,0,0.0,33,,0,0,958,19,977,False,False,False,425.199999999999,432,500,3530.400000000078,3664,5000
96755b67f7e727ba,warmup1000_chain3,softmax,3.0,3.0,0.01,corrected,14,faa,0.8064800000000001,0.7200000000000001,6.298999999987398e-06,True,0,0.0,1.5212292911111114,0,0,0.0998,5,229,500,500,4211,519,4230,False,False,False,424.099999999999,431,500,3572.2000000000794,3702,5000
96755b67f7e727ba,warmup1000_chain3,softmax,3.0,3.0,0.01,corrected,15,clean,0.5480000000000002,0.4580000000000002,0.0,False,,,0.0,0,0,0.0,36,,0,0,1184,19,1203,False,False,False,378.9999999999999,390,500,3553.5000000000796,3685,5000
96755b67f7e727ba,warmup1000_chain3,softmax,3.0,3.0,0.01,corrected,15,faa,0.5480000000000002,0.7396116515599994,0.6652825987799595,False,6,2.183126444444445,3.0,0,214,0.0,1,287,0,0,,19,,False,False,False,391.09999999999985,401,500,3680.0000000000764,3800,5000
96755b67f7e727ba,warmup1000_chain3,softmax,3.0,3.0,0.01,corrected,16,clean,0.7991900000000001,0.6308000000000002,0.0,False,0,0.0,0.0,0,0,0.0,33,,0,0,1076,19,1095,False,False,False,372.3999999999992,384,500,3471.000000000084,3610,5000
96755b67f7e727ba,warmup1000_chain3,softmax,3.0,3.0,0.01,corrected,16,faa,0.7991900000000001,0.7200000000000001,0.0,True,0,0.0,0.7112011111111113,0,0,0.1996,19,402,999,999,3029,1018,3048,False,False,False,372.3999999999992,384,500,3484.2000000000835,3622,5000
96755b67f7e727ba,warmup1000_chain3,softmax,3.0,3.0,0.01,corrected,17,clean,0.5570000000000002,0.5570000000000002,5.570000016774657e-09,False,,,0.0,0,0,0.0,6,,0,0,4474,19,4493,False,False,False,393.29999999999967,403,500,3528.200000000088,3662,5000
96755b67f7e727ba,warmup1000_chain3,softmax,3.0,3.0,0.01,corrected,17,faa,0.5570000000000002,0.64311040838492,4.998788716292779e-09,True,9,3.0,3.0,0,6,0.211,7,5,1056,1056,4471,1075,4490,False,False,False,460.39999999999964,464,500,3524.9000000000883,3659,5000
96755b67f7e727ba,warmup1000_chain3,softmax,3.0,3.0,0.01,corrected,18,clean,0.7829000000000002,0.7829000000000002,0.0,True,0,0.0,0.0,0,0,0.0472,41,,237,237,1238,256,1257,False,False,False,361.39999999999964,374,500,3604.100000000076,3731,5000
96755b67f7e727ba,warmup1000_chain3,softmax,3.0,3.0,0.01,corrected,18,faa,0.7829000000000002,0.7829000000000002,0.0,True,0,0.0,0.0,0,0,0.0472,41,,237,237,1238,256,1257,False,False,False,361.39999999999964,374,500,3604.100000000076,3731,5000
96755b67f7e727ba,warmup1000_chain3,softmax,3.0,3.0,0.01,corrected,19,clean,0.0007241174090000246,7.29723337311583e-09,0.0,False,,,0.0,0,0,0.0,52,,0,0,0,19,19,False,False,False,336.0999999999998,351,500,3450.1000000000845,3591,5000
96755b67f7e727ba,warmup1000_chain3,softmax,3.0,3.0,0.01,corrected,19,faa,0.0007241174090000246,0.18654657049954237,0.0,False,7,1.3715032585569442,3.0,0,138,0.0,52,363,0,0,9,19,28,False,False,False,355.89999999999975,369,500,3450.1000000000845,3591,5000
96755b67f7e727ba,warmup1000_chain3,softmax,3.0,3.0,0.01,corrected,20,clean,0.6200000000000001,0.4580000000000002,0.0,False,,,0.0,0,0,0.0,31,,0,0,337,19,356,False,False,False,396.59999999999957,406,500,3642.6000000000736,3766,5000
96755b67f7e727ba,warmup1000_chain3,softmax,3.0,3.0,0.01,corrected,20,faa,0.6200000000000001,0.6218000000000002,0.0,False,8,2.5913333333333335,3.0,0,111,0.0,29,390,0,0,735,19,754,False,False,False,397.6999999999996,407,500,3655.8000000000743,3778,5000
96755b67f7e727ba,warmup1000_chain3,softmax,3.0,3.0,0.01,corrected,21,clean,0.7991900000000001,0.5480000000000002,0.0,False,0,0.0,0.0,0,0,0.0,32,,0,0,1351,19,1370,False,False,False,328.39999999999975,344,500,3541.400000000085,3674,5000
96755b67f7e727ba,warmup1000_chain3,softmax,3.0,3.0,0.01,corrected,21,faa,0.7991900000000001,0.7200000000000001,0.0,True,0,0.0,1.4312011111111114,0,0,0.1014,19,226,508,508,3050,527,3069,False,False,False,341.5999999999998,356,500,3626.1000000000836,3751,5000
96755b67f7e727ba,warmup1000_chain3,softmax,3.0,3.0,0.01,corrected,22,clean,0.7100000000000001,0.7100000000000001,0.05570000000000003,False,,,0.0,0,0,0.0,1,,0,0,,19,,False,False,False,378.9999999999996,390,500,3751.500000000073,3865,5000
96755b67f7e727ba,warmup1000_chain3,softmax,3.0,3.0,0.01,corrected,22,faa,0.7100000000000001,0.7100000000000001,0.05570000000000003,False,,,3.0,0,493,0.0,1,8,0,0,,19,,False,False,False,440.599999999999,446,500,3751.500000000073,3865,5000
96755b67f7e727ba,warmup1000_chain3,softmax,3.0,3.0,0.01,corrected,23,clean,0.7991900000000001,0.7044290000000002,0.0,False,0,0.0,0.0,0,0,0.0,26,,0,0,2009,19,2028,False,False,False,382.2999999999993,393,500,3451.2000000000808,3592,5000
96755b67f7e727ba,warmup1000_chain3,softmax,3.0,3.0,0.01,corrected,23,faa,0.7991900000000001,0.7991900000000001,0.0,True,0,0.0,0.8850111111110311,0,0,0.0224,26,139,113,113,2009,132,2028,False,False,False,382.2999999999993,393,500,3475.4000000000833,3614,5000
96755b67f7e727ba,warmup1000_chain3,softmax,3.0,3.0,0.01,corrected,24,clean,0.5480000000000002,0.5480000000000002,0.0,False,,,0.0,0,0,0.0,40,,0,0,160,19,179,False,False,False,380.09999999999945,391,500,3429.200000000091,3572,5000
96755b67f7e727ba,warmup1000_chain3,softmax,3.0,3.0,0.01,corrected,24,faa,0.5480000000000002,0.5480000000000002,0.0,False,11,2.77121621744534,3.0,0,486,0.0,29,15,0,0,1593,19,1612,False,False,False,419.6999999999991,427,500,3476.5000000000923,3615,5000
96755b67f7e727ba,warmup1000_chain3,softmax,3.0,3.0,0.01,corrected,25,clean,0.5570000000000002,0.005730200000000019,0.0,False,,,0.0,0,0,0.0,47,,0,0,0,19,19,False,False,False,370.19999999999936,382,500,3504.0000000000796,3640,5000
96755b67f7e727ba,warmup1000_chain3,softmax,3.0,3.0,0.01,corrected,25,faa,0.5570000000000002,0.5570000000000002,0.0,False,,,3.0,0,494,0.0,34,7,0,0,1469,19,1488,False,False,False,458.19999999999925,462,500,3541.4000000000833,3674,5000
96755b67f7e727ba,warmup1000_chain3,softmax,3.0,3.0,0.01,corrected,26,clean,0.7829000000000002,0.5480000000000002,0.0,False,0,0.0,0.0,0,0,0.0,41,,0,0,1059,19,1078,False,False,False,360.29999999999944,373,500,3479.800000000077,3618,5000
96755b67f7e727ba,warmup1000_chain3,softmax,3.0,3.0,0.01,corrected,26,faa,0.7829000000000002,0.7200000000000001,0.0,True,0,0.0,1.4330111111111115,0,0,0.0754,32,200,378,378,2313,397,2332,False,False,False,371.29999999999956,383,500,3575.5000000000787,3705,5000
96755b67f7e727ba,warmup1000_chain3,softmax,3.0,3.0,0.01,corrected,27,clean,0.7829000000000002,0.6299000000000002,0.0,False,0,0.0,0.0,0,0,0.0,27,,0,0,1402,19,1421,False,False,False,360.29999999999956,373,500,3562.30000000008,3693,5000
96755b67f7e727ba,warmup1000_chain3,softmax,3.0,3.0,0.01,corrected,27,faa,0.7829000000000002,0.7829000000000002,5.551115123125783e-17,True,0,0.0,0.8040111111111112,0,0,0.0842,14,55,422,422,3043,441,3062,False,False,False,360.29999999999956,373,500,3594.2000000000826,3722,5000
96755b67f7e727ba,warmup1000_chain3,softmax,3.0,3.0,0.01,corrected,28,clean,0.6299000000000002,0.6299000000000002,0.6299000000000002,False,,,0.0,0,0,0.0,0,,0,0,,19,,False,False,False,383.39999999999935,394,500,3541.400000000074,3674,5000
96755b67f7e727ba,warmup1000_chain3,softmax,3.0,3.0,0.01,corrected,28,faa,0.6299000000000002,0.817938,0.7044290000000002,True,7,2.767731034438388,2.767731034438388,0,0,0.1906,1,7,954,954,,973,,False,False,False,398.7999999999993,408,500,3590.900000000078,3719,5000
96755b67f7e727ba,warmup1000_chain3,softmax,3.0,3.0,0.01,corrected,29,clean,0.6299000000000002,0.6299000000000002,0.6299000000000002,False,,,0.0,0,0,0.0,0,,0,0,,19,,False,False,False,387.79999999999944,398,500,3655.8000000000766,3778,5000
96755b67f7e727ba,warmup1000_chain3,softmax,3.0,3.0,0.01,corrected,29,faa,0.6299000000000002,0.8828919000000002,0.7946026876476803,True,6,2.523904444439001,2.523904444439001,0,0,0.4652,1,6,2327,2327,,2346,,False,False,False,400.99999999999926,410,500,3719.6000000000713,3836,5000
96755b67f7e727ba,warmup1000_chain3,softmax,3.0,3.0,0.01,corrected,30,clean,0.5480000000000002,0.5480000000000002,5.551115123125783e-16,False,,,0.0,0,0,0.0,13,,0,0,3584,19,3603,False,False,False,345.9999999999995,360,500,3551.3000000000784,3683,5000
96755b67f7e727ba,warmup1000_chain3,softmax,3.0,3.0,0.01,corrected,30,faa,0.5480000000000002,0.6383610000007054,5.551115123125783e-16,False,8,1.6002444688752155,3.0,0,23,0.0,13,478,0,0,3584,19,3603,False,False,False,359.1999999999994,372,500,3608.5000000000796,3735,5000
96755b67f7e727ba,warmup1000_chain3,softmax,3.0,3.0,0.01,corrected,31,clean,0.6200000000000001,0.4580000000000002,0.0,False,,,0.0,0,0,0.0,20,,0,0,1839,19,1858,False,False,False,372.3999999999996,384,500,3608.500000000082,3735,5000
96755b67f7e727ba,warmup1000_chain3,softmax,3.0,3.0,0.01,corrected,31,faa,0.6200000000000001,0.5480000000000002,0.0,False,,,3.0,0,493,0.0,20,8,0,0,1844,19,1863,False,False,False,386.69999999999936,397,500,3619.5000000000823,3745,5000
96755b67f7e727ba,warmup1000_chain3,softmax,3.0,3.0,0.01,corrected,32,clean,0.7044290000000002,0.7044290000000002,0.7044290000000002,False,,,0.0,0,0,0.0,0,,0,0,,19,,False,False,False,359.199999999999,372,500,3594.200000000074,3722,5000
96755b67f7e727ba,warmup1000_chain3,softmax,3.0,3.0,0.01,corrected,32,faa,0.7044290000000002,0.8764290000000001,0.7044290000000002,True,7,2.0864864952444444,2.962915495244413,0,0,0.7164,0,284,3583,3583,,3602,,False,False,False,392.19999999999897,402,500,3746.00000000007,3860,5000
96755b67f7e727ba,warmup1000_chain3,softmax,3.0,3.0,0.01,corrected,33,clean,0.5480000000000002,0.5480000000000002,5.551115123125783e-17,False,,,0.0,0,0,0.0,15,,0,0,3527,19,3546,False,False,False,372.39999999999924,384,500,3561.2000000000817,3692,5000
96755b67f7e727ba,warmup1000_chain3,softmax,3.0,3.0,0.01,corrected,33,faa,0.5480000000000002,0.5480000000000002,5.551115123125783e-17,False,,,3.0,0,495,0.0,15,6,0,0,3527,19,3546,False,False,False,387.79999999999893,398,500,3561.2000000000817,3692,5000
96755b67f7e727ba,warmup1000_chain3,softmax,3.0,3.0,0.01,corrected,34,clean,0.7100000000000001,0.6299000000000002,6.29900021031915e-11,False,0,0.0,0.0,0,0,0.0,9,,0,0,3601,19,3620,False,False,False,365.79999999999967,378,500,3631.6000000000763,3756,5000
96755b67f7e727ba,warmup1000_chain3,softmax,3.0,3.0,0.01,corrected,34,faa,0.7100000000000001,0.7100000000000001,5.3800019994554305e-11,True,0,0.0,0.8131111111111112,0,0,0.0566,9,198,284,284,3601,303,3620,False,False,False,365.79999999999967,378,500,3660.2000000000776,3782,5000
96755b67f7e727ba,warmup1000_chain3,softmax,3.0,3.0,0.01,corrected,35,clean,0.8097299000000001,0.7125542900000001,0.0007044290000000064,False,0,0.0,0.0,0,0,0.0,2,,0,0,4874,19,4893,False,False,False,344.89999999999964,359,500,3577.7000000000844,3707,5000
96755b67f7e727ba,warmup1000_chain3,softmax,3.0,3.0,0.01,corrected,35,faa,0.8097299000000001,0.8097299000000001,0.0006377298999999947,True,0,0.0,0.8838400111111113,0,0,0.152,2,257,761,761,4874,780,4893,False,False,False,344.89999999999964,359,500,3683.300000000078,3803,5000
96755b67f7e727ba,warmup1000_chain3,softmax,3.0,3.0,0.01,corrected,36,clean,0.6380900000000003,0.6380900000000003,0.0,False,,,0.0,0,0,0.0,40,,0,0,182,19,201,False,False,False,380.0999999999996,391,500,3533.7000000000758,3667,5000
96755b67f7e727ba,warmup1000_chain3,softmax,3.0,3.0,0.01,corrected,36,faa,0.6380900000000003,0.8100900000000002,0.7118819000000002,True,4,1.7517245538844444,2.5618145538844446,0,0,0.1426,1,6,714,714,,733,,False,False,False,393.29999999999967,403,500,3757.000000000068,3870,5000
96755b67f7e727ba,warmup1000_chain3,softmax,3.0,3.0,0.01,corrected,37,clean,0.5480000000000002,0.5480000000000002,0.0,False,,,0.0,0,0,0.0,18,,0,0,2450,19,2469,False,False,False,365.80000000000007,378,500,3466.600000000083,3606,5000
96755b67f7e727ba,warmup1000_chain3,softmax,3.0,3.0,0.01,corrected,37,faa,0.5480000000000002,0.5480000000000002,0.0,False,,,3.0,0,494,0.0,18,7,0,0,2450,19,2469,False,False,False,469.1999999999996,472,500,3466.600000000083,3606,5000
96755b67f7e727ba,warmup1000_chain3,softmax,3.0,3.0,0.01,corrected,38,clean,0.7044290000000002,0.7044290000000002,0.0,False,,,0.0,0,0,0.0,26,,0,0,1373,19,1392,False,False,False,383.3999999999995,394,500,3526.0000000000846,3660,5000
96755b67f7e727ba,warmup1000_chain3,softmax,3.0,3.0,0.01,corrected,38,faa,0.7044290000000002,0.7044290000000002,0.0,False,,,3.0,0,495,0.0,26,6,0,0,1373,19,1392,False,False,False,475.7999999999996,478,500,3526.0000000000846,3660,5000
96755b67f7e727ba,warmup1000_chain3,softmax,3.0,3.0,0.01,corrected,39,clean,0.7100000000000001,0.6299000000000002,0.0,False,,,0.0,0,0,0.0,21,,0,0,2013,19,2032,False,False,False,388.8999999999998,399,500,3461.100000000082,3601,5000
96755b67f7e727ba,warmup1000_chain3,softmax,3.0,3.0,0.01,corrected,39,faa,0.7100000000000001,0.6291800000000003,0.0,False,8,2.865444444444445,3.0,0,245,0.0,21,256,0,0,2013,19,2032,False,False,False,403.1999999999997,412,500,3461.100000000082,3601,5000
96755b67f7e727ba,warmup1000_chain3,softmax,3.0,3.0,0.01,corrected,40,clean,0.7190000000000001,0.7190000000000001,0.5480000000000002,True,0,0.0,0.0,0,0,0.4744,0,,2373,2373,,2392,,False,False,False,340.49999999999955,355,500,3675.6000000000763,3796,5000
96755b67f7e727ba,warmup1000_chain3,softmax,3.0,3.0,0.01,corrected,40,faa,0.7190000000000001,0.7190000000000001,0.5480000000000002,True,0,0.0,0.0,0,0,0.4744,0,,2373,2373,,2392,,False,False,False,340.49999999999955,355,500,3675.6000000000763,3796,5000
96755b67f7e727ba,warmup1000_chain3,softmax,3.0,3.0,0.01,corrected,41,clean,0.7199000000000001,0.5480000000000002,0.0,False,,,0.0,0,0,0.0,15,,0,0,3431,19,3450,False,False,False,403.19999999999936,412,500,3618.4000000000788,3744,5000
96755b67f7e727ba,warmup1000_chain3,softmax,3.0,3.0,0.01,corrected,41,faa,0.7199000000000001,0.99690719058,0.7449582495179002,False,9,2.7608052333333335,3.0,0,484,0.0,1,17,0,0,,19,,False,False,False,476.9,479,500,3898.900000000077,3999,5000
96755b67f7e727ba,warmup1000_chain3,softmax,3.0,3.0,0.01,corrected,42,clean,0.7100000000000001,0.6380900000000003,0.0,False,0,0.0,0.0,0,0,0.0,25,,0,0,2076,19,2095,False,False,False,377.8999999999995,389,500,3578.8000000000766,3708,5000
96755b67f7e727ba,warmup1000_chain3,softmax,3.0,3.0,0.01,corrected,42,faa,0.7100000000000001,0.7100000000000001,0.0,True,0,0.0,0.9971111111111113,0,0,0.049,27,496,246,246,1856,265,1875,False,False,False,378.99999999999955,390,500,3597.5000000000773,3725,5000
96755b67f7e727ba,warmup1000_chain3,softmax,3.0,3.0,0.01,corrected,43,clean,0.7100000000000001,0.6299000000000002,0.5480000000000002,False,,,0.0,0,0,0.0,0,,0,0,,19,,False,False,False,358.0999999999997,371,500,3577.700000000086,3707,5000
96755b67f7e727ba,warmup1000_chain3,softmax,3.0,3.0,0.01,corrected,43,faa,0.7100000000000001,0.6299000000000002,0.5480000000000002,False,,,3.0,0,494,0.0,0,7,0,0,,19,,False,False,False,358.0999999999997,371,500,3577.700000000086,3707,5000
96755b67f7e727ba,warmup1000_chain3,softmax,3.0,3.0,0.01,corrected,44,clean,0.8073800000000001,0.8073800000000001,0.0,True,0,0.0,0.0,0,0,0.2526,22,,1264,1264,2546,1283,2565,False,False,False,376.79999999999905,388,500,3616.20000000008,3742,5000
96755b67f7e727ba,warmup1000_chain3,softmax,3.0,3.0,0.01,corrected,44,faa,0.8073800000000001,0.8073800000000001,0.0,True,0,0.0,0.0,0,0,0.2526,22,,1264,1264,2546,1283,2565,False,False,False,376.79999999999905,388,500,3616.20000000008,3742,5000
96755b67f7e727ba,warmup1000_chain3,softmax,3.0,3.0,0.01,corrected,45,clean,0.7190000000000001,0.7190000000000001,0.6453800000000002,False,,,0.0,0,0,0.0,0,,0,0,,19,,False,False,False,361.3999999999993,374,500,3809.8000000000675,3918,5000
96755b67f7e727ba,warmup1000_chain3,softmax,3.0,3.0,0.01,corrected,45,faa,0.7190000000000001,0.7190000000000001,0.6453800000000002,False,,,3.0,0,496,0.0,0,5,0,0,,19,,False,False,False,359.1999999999994,372,500,3809.8000000000675,3918,5000
96755b67f7e727ba,warmup1000_chain3,softmax,3.0,3.0,0.01,corrected,46,clean,0.8073800000000001,0.8073800000000001,0.7191864800000002,True,0,0.0,0.0,0,0,0.0394,1,,198,198,,217,,False,False,False,383.3999999999992,394,500,3731.7000000000717,3847,5000
96755b67f7e727ba,warmup1000_chain3,softmax,3.0,3.0,0.01,corrected,46,faa,0.8073800000000001,0.8073800000000001,0.7191864800000002,True,0,0.0,0.0,0,0,0.0394,1,,198,198,,217,,False,False,False,383.3999999999992,394,500,3731.7000000000717,3847,5000
96755b67f7e727ba,warmup1000_chain3,softmax,3.0,3.0,0.01,corrected,47,clean,0.7100000000000001,0.7100000000000001,0.0006299000000000166,False,,,0.0,0,0,0.0,4,,0,1289,4488,1308,4507,False,False,False,358.0999999999998,371,500,3688.8000000000707,3808,5000
96755b67f7e727ba,warmup1000_chain3,softmax,3.0,3.0,0.01,corrected,47,faa,0.7100000000000001,0.7209000000000001,0.0006299000000000166,False,,,3.0,0,496,0.0,4,5,0,1289,4488,1308,4507,False,False,False,494.5,495,500,3875.80000000008,3978,5000
96755b67f7e727ba,warmup1000_chain3,softmax,3.0,3.0,0.01,corrected,48,clean,0.6200000000000001,0.5570000000000002,0.0,False,,,0.0,0,0,0.0,33,,0,0,2402,19,2421,False,False,False,334.99999999999943,350,500,3535.900000000091,3669,5000
96755b67f7e727ba,warmup1000_chain3,softmax,3.0,3.0,0.01,corrected,48,faa,0.6200000000000001,0.5570000000000002,0.0,False,,,3.0,0,494,0.0,33,7,0,0,2402,19,2421,False,False,False,337.19999999999936,352,500,3535.900000000091,3669,5000
96755b67f7e727ba,warmup1000_chain3,softmax,3.0,3.0,0.01,corrected,49,clean,0.04580000000050222,4.580000000053985e-05,0.0,False,,,0.0,0,0,0.0,45,,0,0,0,19,19,False,False,False,364.6999999999996,377,500,3509.5000000000846,3645,5000
96755b67f7e727ba,warmup1000_chain3,softmax,3.0,3.0,0.01,corrected,49,faa,0.04580000000050222,0.0004580025404498089,0.0,False,,,3.0,0,487,0.0,45,14,0,0,0,19,19,False,False,False,365.79999999999956,378,500,3509.5000000000846,3645,5000
96755b67f7e727ba,warmup1000_chain3,softmax,3.0,3.0,0.01,corrected,50,clean,0.5570000000000002,0.5570000000000002,5.5700000167746566e-11,False,,,0.0,0,0,0.0,10,,0,0,3180,19,3199,False,False,False,376.7999999999998,388,500,3574.4000000000824,3704,5000
96755b67f7e727ba,warmup1000_chain3,softmax,3.0,3.0,0.01,corrected,50,faa,0.5570000000000002,0.6178987501740799,5.5700000167746566e-11,False,,,3.0,0,492,0.0,10,7,0,0,3180,19,3199,False,False,False,383.3999999999998,394,500,3609.600000000082,3736,5000
96755b67f7e727ba,warmup1000_chain3,softmax,3.0,3.0,0.01,corrected,51,clean,5.486076620003777e-05,5.486244791796935e-11,0.0,False,,,0.0,0,0,0.0,35,,0,0,0,19,19,False,False,False,350.39999999999907,364,500,3449.0000000000805,3590,5000
96755b67f7e727ba,warmup1000_chain3,softmax,3.0,3.0,0.01,corrected,51,faa,5.486076620003777e-05,0.13052294983553636,0.0,False,9,1.4980446230101334,3.0,0,132,0.0,35,369,0,0,74,19,93,False,False,False,348.19999999999914,362,500,3449.0000000000805,3590,5000
96755b67f7e727ba,warmup1000_chain3,softmax,3.0,3.0,0.01,corrected,52,clean,0.7829000000000002,0.7829000000000002,5.479999787283418e-11,True,0,0.0,0.0,0,0,0.0002,9,,2,2,4627,21,4646,False,False,False,371.2999999999993,383,500,3617.3000000000784,3743,5000
96755b67f7e727ba,warmup1000_chain3,softmax,3.0,3.0,0.01,corrected,52,faa,0.7829000000000002,0.7829000000000002,5.479999787283418e-11,True,0,0.0,0.0,0,0,0.0002,9,,2,2,4627,21,4646,False,False,False,371.2999999999993,383,500,3617.3000000000784,3743,5000
96755b67f7e727ba,warmup1000_chain3,softmax,3.0,3.0,0.01,corrected,53,clean,0.8088380000000002,0.8088380000000002,0.5480000000000002,True,0,0.0,0.0,0,0,0.0496,0,,249,249,,268,,False,False,False,371.29999999999984,383,500,3718.500000000078,3835,5000
96755b67f7e727ba,warmup1000_chain3,softmax,3.0,3.0,0.01,corrected,53,faa,0.8088380000000002,0.8088380000000002,0.5480000000000002,True,0,0.0,0.0,0,0,0.0496,0,,249,249,,268,,False,False,False,371.29999999999984,383,500,3718.500000000078,3835,5000
96755b67f7e727ba,warmup1000_chain3,softmax,3.0,3.0,0.01,corrected,54,clean,0.8001890000000002,0.8001890000000002,0.0,False,,,0.0,0,0,0.0,12,,0,0,3799,19,3818,False,False,False,352.59999999999974,366,500,3432.5000000000864,3575,5000
96755b67f7e727ba,warmup1000_chain3,softmax,3.0,3.0,0.01,corrected,54,faa,0.8001890000000002,0.9529723821428001,0.8479659971182402,True,7,2.7498289133333333,2.8842735174216445,0,0,0.0032,0,17,17,17,,36,,False,False,False,353.69999999999976,367,500,3594.200000000074,3722,5000
96755b67f7e727ba,warmup1000_chain3,softmax,3.0,3.0,0.01,corrected,55,clean,0.7190000000000001,0.7190000000000001,0.0,True,0,0.0,0.0,0,0,0.0612,20,,307,307,2824,326,2843,False,False,False,403.1999999999997,412,500,3506.200000000086,3642,5000
96755b67f7e727ba,warmup1000_chain3,softmax,3.0,3.0,0.01,corrected,55,faa,0.7190000000000001,0.7190000000000001,0.0,True,0,0.0,0.0,0,0,0.0612,20,,307,307,2824,326,2843,False,False,False,403.1999999999997,412,500,3506.200000000086,3642,5000
96755b67f7e727ba,warmup1000_chain3,softmax,3.0,3.0,0.01,corrected,56,clean,0.7199000000000001,0.7199000000000001,0.6476570000000001,False,,,0.0,0,0,0.0,0,,0,0,,19,,False,False,False,359.1999999999996,372,500,3662.4000000000683,3784,5000
96755b67f7e727ba,warmup1000_chain3,softmax,3.0,3.0,0.01,corrected,56,faa,0.7199000000000001,0.8736121700000001,0.7194732290000001,True,9,3.0,3.0,0,3,0.9876,0,6,4939,4939,,4958,,False,False,False,420.79999999999853,428,500,3662.4000000000683,3784,5000
96755b67f7e727ba,warmup1000_chain3,softmax,3.0,3.0,0.01,corrected,57,clean,0.5480000000000002,0.005479999999999985,0.0,False,,,0.0,0,0,0.0,42,,0,0,0,19,19,False,False,False,338.29999999999933,353,500,3539.2000000000767,3672,5000
96755b67f7e727ba,warmup1000_chain3,softmax,3.0,3.0,0.01,corrected,57,faa,0.5480000000000002,0.7200000000000001,0.0,True,4,1.6334445009644443,2.978424500964445,0,0,0.1482,16,497,742,742,2680,761,2699,False,False,False,360.2999999999992,373,500,3638.200000000079,3762,5000
96755b67f7e727ba,warmup1000_chain3,softmax,3.0,3.0,0.01,corrected,58,clean,0.7100000000000001,0.5570000000000002,0.0,False,0,0.0,0.0,0,0,0.0,32,,0,0,1046,19,1065,False,False,False,338.2999999999997,353,500,3555.7000000000794,3687,5000
96755b67f7e727ba,warmup1000_chain3,softmax,3.0,3.0,0.01,corrected,58,faa,0.7100000000000001,0.6300000000000001,0.0,True,0,0.0,0.6211111111111113,0,0,0.1724,30,227,863,863,1194,882,1213,False,False,False,338.2999999999997,353,500,3561.20000000008,3692,5000
96755b67f7e727ba,warmup1000_chain3,softmax,3.0,3.0,0.01,corrected,59,clean,0.7919000000000002,0.7919000000000002,0.7118819000000002,True,0,0.0,0.0,0,0,0.5264,1,,2633,2634,,2653,,False,False,False,500.0,500,500,3817.500000000096,3925,5000
96755b67f7e727ba,warmup1000_chain3,softmax,3.0,3.0,0.01,corrected,59,faa,0.7919000000000002,0.7919000000000002,0.7118819000000002,True,0,0.0,0.0,0,0,0.5264,1,,2633,2634,,2653,,False,False,False,500.0,500,500,3817.500000000096,3925,5000
96755b67f7e727ba,warmup1000_chain3,softmax,3.0,3.0,0.01,corrected,60,clean,0.8088380000000002,0.8088380000000002,0.7052480000000002,True,0,0.0,0.0,0,0,0.178,1,,891,891,,910,,False,False,False,389.99999999999943,400,500,3823.00000000007,3930,5000
96755b67f7e727ba,warmup1000_chain3,softmax,3.0,3.0,0.01,corrected,60,faa,0.8088380000000002,0.8088380000000002,0.7052480000000002,True,0,0.0,0.0,0,0,0.178,1,,891,891,,910,,False,False,False,389.99999999999943,400,500,3823.00000000007,3930,5000
96755b67f7e727ba,warmup1000_chain3,softmax,3.0,3.0,0.01,corrected,61,clean,0.7203691700000002,0.7203691700000002,0.0,False,,,0.0,0,0,0.0,19,,0,0,3180,19,3199,False,False,False,351.4999999999993,365,500,3567.80000000008,3698,5000
96755b67f7e727ba,warmup1000_chain3,softmax,3.0,3.0,0.01,corrected,61,faa,0.7203691700000002,0.8923691700000002,0.7867559447000002,True,6,2.205966748146486,2.85529852778145,0,0,0.3098,1,9,1550,1550,,1569,,False,False,False,361.39999999999947,374,500,3716.300000000074,3833,5000
96755b67f7e727ba,warmup1000_chain3,softmax,3.0,3.0,0.01,corrected,62,clean,0.7919000000000002,0.7919000000000002,0.5480000000000002,False,,,0.0,0,0,0.0,0,,0,2297,,2316,,False,False,False,500.0,500,500,3675.6000000000768,3796,5000
96755b67f7e727ba,warmup1000_chain3,softmax,3.0,3.0,0.01,corrected,62,faa,0.7919000000000002,0.9939826800000001,0.5380000000000003,True,6,2.0182924444444446,2.0182924444444446,0,0,0.4592,0,6,2297,2297,,2316,,False,False,False,492.3,493,500,3759.2000000000817,3872,5000
96755b67f7e727ba,warmup1000_chain3,softmax,3.0,3.0,0.01,corrected,63,clean,0.7100000000000001,0.5570000000000002,4.579669976578771e-14,False,0,0.0,0.0,0,0,0.0,10,,0,0,2176,19,2195,False,False,False,378.9999999999996,390,500,3590.9000000000833,3719,5000
96755b67f7e727ba,warmup1000_chain3,softmax,3.0,3.0,0.01,corrected,63,faa,0.7100000000000001,0.6300000000000001,5.667688540711424e-14,True,0,0.0,0.6211111111111113,0,0,0.1706,11,169,854,854,2909,873,2928,False,False,False,378.9999999999996,390,500,3598.6000000000836,3726,5000
96755b67f7e727ba,warmup1000_chain3,softmax,3.0,3.0,0.01,corrected,64,clean,0.7991900000000001,0.5579000000000002,0.5480000000000002,False,0,0.0,0.0,0,0,0.0,0,,0,0,,19,,False,False,False,351.4999999999996,365,500,3603.0000000000764,3730,5000
96755b67f7e727ba,warmup1000_chain3,softmax,3.0,3.0,0.01,corrected,64,faa,0.7991900000000001,0.7200000000000001,0.6299000000000002,True,0,0.0,0.7112011111111113,0,0,0.2068,1,327,1035,1035,,1054,,False,False,False,351.4999999999996,365,500,3612.900000000078,3739,5000
96755b67f7e727ba,warmup1000_chain3,softmax,3.0,3.0,0.01,corrected,65,clean,0.5480000000000002,0.5480000000000002,0.0,False,,,0.0,0,0,0.0,29,,0,0,1544,19,1563,False,False,False,376.7999999999994,388,500,3533.700000000086,3667,5000
96755b67f7e727ba,warmup1000_chain3,softmax,3.0,3.0,0.01,corrected,65,faa,0.5480000000000002,0.8099184654557665,0.0,False,14,3.0,3.0,0,486,0.0,20,7,0,0,3021,19,3040,False,False,False,366.8999999999996,379,500,3614.000000000082,3740,5000
96755b67f7e727ba,warmup1000_chain3,softmax,3.0,3.0,0.01,corrected,66,clean,0.6200000000000001,0.5570000000000002,0.0,False,,,0.0,0,0,0.0,26,,0,0,583,19,602,False,False,False,363.59999999999957,376,500,3530.400000000077,3664,5000
96755b67f7e727ba,warmup1000_chain3,softmax,3.0,3.0,0.01,corrected,66,faa,0.6200000000000001,0.7100000000000002,5.551115123125783e-17,True,6,1.8113333333333337,2.6244444444444452,0,0,0.0654,13,412,328,328,3095,347,3114,False,False,False,367.9999999999993,380,500,3571.1000000000786,3701,5000
96755b67f7e727ba,warmup1000_chain3,softmax,3.0,3.0,0.01,corrected,67,clean,0.7030439000000002,0.7030439000000002,0.0,False,,,0.0,0,0,0.0,21,,0,0,2046,19,2065,False,False,False,383.39999999999964,394,500,3532.6000000000895,3666,5000
96755b67f7e727ba,warmup1000_chain3,softmax,3.0,3.0,0.01,corrected,67,faa,0.7030439000000002,0.7719545280000005,0.0,False,,,3.0,0,495,0.0,21,6,0,0,2046,19,2065,False,False,False,493.4,494,500,3616.200000000092,3742,5000
96755b67f7e727ba,warmup1000_chain3,softmax,3.0,3.0,0.01,corrected,68,clean,0.7190000000000001,0.4580000000000002,0.0,False,,,0.0,0,0,0.0,34,,0,0,246,19,265,False,False,False,385.5999999999992,396,500,3551.3000000000784,3683,5000
96755b67f7e727ba,warmup1000_chain3,softmax,3.0,3.0,0.01,corrected,68,faa,0.7190000000000001,0.7288100000000002,6.38378239159465e-15,True,6,1.8618534444444448,2.4318534444444446,0,0,0.0526,13,17,264,264,3813,283,3832,False,False,False,429.599999999999,436,500,3608.5000000000787,3735,5000
96755b67f7e727ba,warmup1000_chain3,softmax,3.0,3.0,0.01,corrected,69,clean,0.4580000000000002,0.4580000000000002,0.0,False,,,0.0,0,0,0.0,28,,0,0,113,19,132,False,False,False,356.99999999999955,370,500,3590.90000000008,3719,5000
96755b67f7e727ba,warmup1000_chain3,softmax,3.0,3.0,0.01,corrected,69,faa,0.4580000000000002,0.5418899276280693,0.0,False,7,1.5724445440651555,3.0,0,104,0.0,26,397,0,0,362,19,381,False,False,False,363.59999999999957,376,500,3598.600000000081,3726,5000
96755b67f7e727ba,warmup1000_chain3,softmax,3.0,3.0,0.01,corrected,70,clean,0.5480000000000002,0.5480000000000002,0.0,False,,,0.0,0,0,0.0,27,,0,0,1252,19,1271,False,False,False,366.8999999999997,379,500,3618.4000000000724,3744,5000
96755b67f7e727ba,warmup1000_chain3,softmax,3.0,3.0,0.01,corrected,70,faa,0.5480000000000002,0.728465107123502,0.6299000000000002,True,12,3.0,3.0,0,3,0.1162,1,6,582,582,,601,,False,False,False,371.29999999999967,383,500,3644.8000000000707,3768,5000
96755b67f7e727ba,warmup1000_chain3,softmax,3.0,3.0,0.01,corrected,71,clean,0.8098190900000002,0.7286145497000003,0.7280263546190002,False,,,0.0,0,0,0.0,0,,0,0,,19,,False,False,False,372.39999999999947,384,500,3474.3000000000807,3613,5000
96755b67f7e727ba,warmup1000_chain3,softmax,3.0,3.0,0.01,corrected,71,faa,0.8098190900000002,0.8535710090857871,0.7987255881308801,False,7,2.6437659475333333,3.0,0,393,0.0,0,108,0,0,,19,,False,False,False,375.69999999999936,387,500,3507.300000000082,3643,5000
96755b67f7e727ba,warmup1000_chain3,softmax,3.0,3.0,0.01,corrected,72,clean,0.5480000000000002,0.5480000000000002,0.0,False,,,0.0,0,0,0.0,34,,0,0,334,19,353,False,False,False,385.5999999999994,396,500,3576.600000000082,3706,5000
96755b67f7e727ba,warmup1000_chain3,softmax,3.0,3.0,0.01,corrected,72,faa,0.5480000000000002,0.31555444184000003,0.0,False,,,3.0,0,491,0.0,36,10,0,0,103,19,122,False,False,False,386.69999999999936,397,500,3574.4000000000824,3704,5000
96755b67f7e727ba,warmup1000_chain3,softmax,3.0,3.0,0.01,corrected,73,clean,0.7100000000000001,0.7100000000000001,0.0,True,0,0.0,0.0,0,0,0.0494,27,,248,248,592,267,611,False,False,False,393.29999999999944,403,500,3634.9000000000747,3759,5000
96755b67f7e727ba,warmup1000_chain3,softmax,3.0,3.0,0.01,corrected,73,faa,0.7100000000000001,0.7100000000000001,0.0,True,0,0.0,0.0,0,0,0.0494,27,,248,248,592,267,611,False,False,False,393.29999999999944,403,500,3634.9000000000747,3759,5000
96755b67f7e727ba,warmup1000_chain3,softmax,3.0,3.0,0.01,corrected,74,clean,0.5480000000000002,0.5480000000000002,0.0,False,,,0.0,0,0,0.0,34,,0,0,942,19,961,False,False,False,389.99999999999943,400,500,3493.0000000000837,3630,5000
96755b67f7e727ba,warmup1000_chain3,softmax,3.0,3.0,0.01,corrected,74,faa,0.5480000000000002,0.5572920000000002,0.0,False,7,2.8132444444444444,3.0,0,489,0.0,34,12,0,0,987,19,1006,False,False,False,393.29999999999944,403,500,3490.8000000000834,3628,5000
96755b67f7e727ba,warmup1000_chain3,softmax,3.0,3.0,0.01,corrected,75,clean,0.5480000000000002,0.5480000000000002,0.0,False,,,0.0,0,0,0.0,30,,0,0,1269,19,1288,False,False,False,361.39999999999986,374,500,3632.70000000008,3757,5000
96755b67f7e727ba,warmup1000_chain3,softmax,3.0,3.0,0.01,corrected,75,faa,0.5480000000000002,0.8091846510712352,0.6668582113272394,True,13,3.0,3.0,0,5,0.2654,1,6,1328,1328,,1347,,False,False,False,374.5999999999996,386,500,3722.9000000000733,3839,5000
96755b67f7e727ba,warmup1000_chain3,softmax,3.0,3.0,0.01,corrected,76,clean,0.7829000000000002,0.7829000000000002,4.580225088091083e-13,True,0,0.0,0.0,0,0,0.2156,12,,1079,1079,2585,1098,2604,False,False,False,367.9999999999997,380,500,3592.0000000000805,3720,5000
96755b67f7e727ba,warmup1000_chain3,softmax,3.0,3.0,0.01,corrected,76,faa,0.7829000000000002,0.7829000000000002,4.580225088091083e-13,True,0,0.0,0.0,0,0,0.2156,12,,1079,1079,2585,1098,2604,False,False,False,367.9999999999997,380,500,3592.0000000000805,3720,5000
96755b67f7e727ba,warmup1000_chain3,softmax,3.0,3.0,0.01,corrected,77,clean,0.6200000000000001,0.6200000000000001,0.0,False,,,0.0,0,0,0.0,30,,0,756,1737,775,1756,False,False,False,367.99999999999955,380,500,3500.7000000000876,3637,5000
96755b67f7e727ba,warmup1000_chain3,softmax,3.0,3.0,0.01,corrected,77,faa,0.6200000000000001,0.7100000000000002,0.0,True,9,2.9813333333333336,2.9813333333333336,0,0,0.151,30,8,756,757,1737,776,1756,False,False,False,365.79999999999956,378,500,3499.6000000000868,3636,5000
96755b67f7e727ba,warmup1000_chain3,softmax,3.0,3.0,0.01,corrected,78,clean,0.7190000000000001,0.7190000000000001,6.298850330210826e-13,False,,,0.0,0,0,0.0,10,,0,0,4138,19,4157,False,False,False,378.99999999999955,390,500,3594.200000000086,3722,5000
96755b67f7e727ba,warmup1000_chain3,softmax,3.0,3.0,0.01,corrected,78,faa,0.7190000000000001,0.8834642900000002,7.092659792817813e-13,True,6,2.0742433333333334,2.2230556444444445,0,0,0.3856,10,12,1929,1929,4138,1948,4157,False,False,False,371.29999999999967,383,500,3625.0000000000837,3750,5000
96755b67f7e727ba,warmup1000_chain3,softmax,3.0,3.0,0.01,corrected,79,clean,0.06386650999999999,0.0006386651005756971,0.0,False,,,0.0,0,0,0.0,44,,0,0,0,19,19,False,False,False,352.5999999999998,366,500,3555.7000000000767,3687,5000
96755b67f7e727ba,warmup1000_chain3,softmax,3.0,3.0,0.01,corrected,79,faa,0.06386650999999999,0.0006386676692155535,0.0,False,,,3.0,0,489,0.0,44,12,0,0,0,19,19,False,False,False,345.9999999999998,360,500,3555.7000000000767,3687,5000
96755b67f7e727ba,warmup1000_chain3,softmax,3.0,3.0,0.01,corrected,80,clean,0.5480000000000002,0.5480000000000002,0.0,False,,,0.0,0,0,0.0,42,,0,0,593,19,612,False,False,False,374.599999999999,386,500,3379.700000000091,3527,5000
96755b67f7e727ba,warmup1000_chain3,softmax,3.0,3.0,0.01,corrected,80,faa,0.5480000000000002,0.5480000000000003,0.0,False,11,2.3228392119187835,3.0,0,485,0.0,42,16,0,0,593,19,612,False,False,False,380.09999999999906,391,500,3381.900000000091,3529,5000
96755b67f7e727ba,warmup1000_chain3,softmax,3.0,3.0,0.01,corrected,81,clean,0.89,0.89,0.7191872090000002,False,,,0.0,0,0,0.164,2,,0,0,,19,,False,True,True,500.0,500,500,3854.900000000082,3959,5000
96755b67f7e727ba,warmup1000_chain3,softmax,3.0,3.0,0.01,corrected,81,faa,0.89,0.9719000000000002,0.7701627499000002,True,4,1.5344644444444446,1.5371644444444446,0,0,0.2888,2,9,1445,1445,,1464,,False,False,False,489.0,490,500,3854.900000000082,3959,5000
96755b67f7e727ba,warmup1000_chain3,softmax,3.0,3.0,0.01,corrected,82,clean,0.7199000000000001,0.7199000000000001,0.6469379000000002,False,,,0.0,0,0,0.0,1,,0,0,,19,,False,False,False,359.1999999999993,372,500,3676.700000000073,3797,5000
96755b67f7e727ba,warmup1000_chain3,softmax,3.0,3.0,0.01,corrected,82,faa,0.7199000000000001,0.7199000000000001,0.6469379000000002,False,,,3.0,0,494,0.0,1,7,0,0,,19,,False,False,False,359.1999999999993,372,500,3676.700000000073,3797,5000
96755b67f7e727ba,warmup1000_chain3,softmax,3.0,3.0,0.01,corrected,83,clean,0.5570000000000002,0.5480000000000002,0.0,False,,,0.0,0,0,0.0,25,,0,0,1518,19,1537,False,False,False,364.6999999999996,377,500,3520.500000000076,3655,5000
96755b67f7e727ba,warmup1000_chain3,softmax,3.0,3.0,0.01,corrected,83,faa,0.5570000000000002,0.7281900000000001,0.0,False,,,3.0,0,495,0.0,25,6,0,0,1518,19,1537,False,False,False,496.7,497,500,3656.900000000085,3779,5000
96755b67f7e727ba,warmup1000_chain3,softmax,3.0,3.0,0.01,corrected,84,clean,0.4580000000000002,0.4580000000000002,0.0,False,,,0.0,0,0,0.0,40,,0,0,83,19,102,False,False,False,363.59999999999934,376,500,3537.0000000000787,3670,5000
96755b67f7e727ba,warmup1000_chain3,softmax,3.0,3.0,0.01,corrected,84,faa,0.4580000000000002,0.5524225568000002,0.0,False,9,2.3563394724444446,3.0,0,467,0.0,24,34,0,0,1999,19,2018,False,False,False,392.19999999999925,402,500,3590.9000000000797,3719,5000
96755b67f7e727ba,warmup1000_chain3,softmax,3.0,3.0,0.01,corrected,85,clean,0.7100000000000001,0.7100000000000001,0.0,False,,,0.0,0,0,0.0,14,,0,0,3646,19,3665,False,False,False,374.59999999999985,386,500,3528.200000000082,3662,5000
96755b67f7e727ba,warmup1000_chain3,softmax,3.0,3.0,0.01,corrected,85,faa,0.7100000000000001,0.859049,7.118750033896504e-13,True,7,2.9673133333333337,2.9673133333333337,0,0,0.2252,10,6,1127,1127,4064,1146,4083,False,False,False,489.0,490,500,3663.500000000088,3785,5000
96755b67f7e727ba,warmup1000_chain3,softmax,3.0,3.0,0.01,corrected,86,clean,0.6200000000000001,0.5480000000000002,0.0,False,,,0.0,0,0,0.0,22,,0,0,992,19,1011,False,False,False,343.79999999999967,358,500,3578.8000000000816,3708,5000
96755b67f7e727ba,warmup1000_chain3,softmax,3.0,3.0,0.01,corrected,86,faa,0.6200000000000001,0.5480000000000002,0.0,False,,,3.0,0,497,0.0,22,4,0,0,992,19,1011,False,False,False,359.1999999999997,372,500,3578.8000000000816,3708,5000
96755b67f7e727ba,warmup1000_chain3,softmax,3.0,3.0,0.01,corrected,87,clean,0.7100000000000001,0.7100000000000001,0.0,False,,,0.0,0,0,0.0,31,,0,131,1871,150,1890,False,False,False,373.4999999999997,385,500,3517.2000000000867,3652,5000
96755b67f7e727ba,warmup1000_chain3,softmax,3.0,3.0,0.01,corrected,87,faa,0.7100000000000001,0.7100000000000001,0.0,False,,,3.0,0,494,0.0,31,7,0,131,1871,150,1890,False,False,False,388.89999999999964,399,500,3517.2000000000867,3652,5000
96755b67f7e727ba,warmup1000_chain3,softmax,3.0,3.0,0.01,corrected,88,clean,0.5480000000000002,0.5480000000000002,4.440892098500626e-16,False,,,0.0,0,0,0.0,11,,0,0,3124,19,3143,False,False,False,367.9999999999997,380,500,3645.9000000000738,3769,5000
96755b67f7e727ba,warmup1000_chain3,softmax,3.0,3.0,0.01,corrected,88,faa,0.5480000000000002,0.7323869041142949,6.661338147750939e-16,True,14,3.0,3.0,0,4,0.2036,12,7,1019,1019,3498,1038,3517,False,False,False,391.0999999999996,401,500,3648.100000000074,3771,5000
96755b67f7e727ba,warmup1000_chain3,softmax,3.0,3.0,0.01,corrected,89,clean,0.000557006389436121,5.570044425695642e-12,0.0,False,,,0.0,0,0,0.0,52,,0,0,0,19,19,False,False,False,345.9999999999994,360,500,3493.000000000081,3630,5000
96755b67f7e727ba,warmup1000_chain3,softmax,3.0,3.0,0.01,corrected,89,faa,0.000557006389436121,0.00022549414294320558,0.0,False,4,1.025174451543828,3.0,0,104,0.0,52,397,0,0,0,19,19,False,False,False,345.9999999999993,360,500,3493.000000000081,3630,5000
96755b67f7e727ba,warmup1000_chain3,softmax,3.0,3.0,0.01,corrected,90,clean,0.7829000000000002,0.5570000000000002,0.0,False,0,0.0,0.0,0,0,0.0,40,,0,0,819,19,838,False,False,False,370.1999999999992,382,500,3374.2000000000917,3522,5000
96755b67f7e727ba,warmup1000_chain3,softmax,3.0,3.0,0.01,corrected,90,faa,0.7829000000000002,0.6300000000000001,0.0,True,0,0.0,0.6130111111111113,0,0,0.1382,33,317,692,692,1686,711,1705,False,False,False,370.1999999999992,382,500,3388.5000000000923,3535,5000
96755b67f7e727ba,warmup1000_chain3,softmax,3.0,3.0,0.01,corrected,91,clean,0.5570000000000002,0.0005570000150659782,0.0,False,,,0.0,0,0,0.0,25,,0,0,0,19,19,False,False,False,364.6999999999991,377,500,3584.30000000008,3713,5000
96755b67f7e727ba,warmup1000_chain3,softmax,3.0,3.0,0.01,corrected,91,faa,0.5570000000000002,0.0006384577345478482,0.0,False,,,3.0,0,488,0.0,25,13,0,0,0,19,19,False,False,False,366.8999999999992,379,500,3584.30000000008,3713,5000
96755b67f7e727ba,warmup1000_chain3,softmax,3.0,3.0,0.01,corrected,92,clean,0.5480000000000002,0.5480000000000002,0.0,False,,,0.0,0,0,0.0,25,,0,0,2003,19,2022,False,False,False,365.7999999999995,378,500,3464.4000000000847,3604,5000
96755b67f7e727ba,warmup1000_chain3,softmax,3.0,3.0,0.01,corrected,92,faa,0.5480000000000002,0.6299000000000002,0.0006299000000000166,False,10,3.0,3.0,0,397,0.0,2,8,0,0,4988,19,,False,False,False,373.49999999999955,385,500,3507.300000000085,3643,5000
96755b67f7e727ba,warmup1000_chain3,softmax,3.0,3.0,0.01,corrected,93,clean,0.5480000000000002,0.5480000000000002,0.0,False,,,0.0,0,0,0.0,38,,0,0,937,19,956,False,False,False,378.9999999999992,390,500,3494.1000000000804,3631,5000
96755b67f7e727ba,warmup1000_chain3,softmax,3.0,3.0,0.01,corrected,93,faa,0.5480000000000002,0.5639878158204131,0.0,False,,,3.0,0,492,0.0,38,7,0,0,937,19,956,False,False,False,381.1999999999992,392,500,3491.9000000000806,3629,5000
96755b67f7e727ba,warmup1000_chain3,softmax,3.0,3.0,0.01,corrected,94,clean,0.8999,0.8088380000000002,0.7044290000000002,True,0,0.0,0.0,0,0,0.3796,1,,1899,1899,,1918,,False,False,False,448.2999999999991,453,500,3740.500000000075,3855,5000
96755b67f7e727ba,warmup1000_chain3,softmax,3.0,3.0,0.01,corrected,94,faa,0.8999,0.8088380000000002,0.7044290000000002,True,0,0.0,0.0,0,0,0.3796,1,,1899,1899,,1918,,False,False,False,448.2999999999991,453,500,3740.500000000075,3855,5000
96755b67f7e727ba,warmup1000_chain3,softmax,3.0,3.0,0.01,corrected,95,clean,0.5480000000000002,0.5480000000000002,0.0,False,,,0.0,0,0,0.0,16,,0,0,3793,19,3812,False,False,False,393.2999999999994,403,500,3516.100000000084,3651,5000
96755b67f7e727ba,warmup1000_chain3,softmax,3.0,3.0,0.01,corrected,95,faa,0.5480000000000002,0.7200000000000001,0.0,True,8,2.0917469044444443,2.571975304444445,0,0,0.0268,17,11,135,135,3793,154,3812,False,False,False,396.59999999999934,406,500,3524.900000000084,3659,5000
96755b67f7e727ba,warmup1000_chain3,softmax,3.0,3.0,0.01,corrected,96,clean,0.8008190000000002,0.7191062900000003,0.0,False,0,0.0,0.0,0,0,0.0,28,,0,0,791,19,810,False,False,False,373.49999999999943,385,500,3581.0000000000778,3710,5000
96755b67f7e727ba,warmup1000_chain3,softmax,3.0,3.0,0.01,corrected,96,faa,0.8008190000000002,0.8008190000000002,0.0,True,0,0.0,0.9678563111111115,0,0,0.0662,27,464,332,332,1380,351,1399,False,False,False,373.49999999999943,385,500,3592.000000000078,3720,5000
96755b67f7e727ba,warmup1000_chain3,softmax,3.0,3.0,0.01,corrected,97,clean,0.5570000000000002,0.5570000000000002,0.0,False,,,0.0,0,0,0.0,46,,0,0,41,19,60,False,False,False,356.99999999999915,370,500,3595.3000000000748,3723,5000
96755b67f7e727ba,warmup1000_chain3,softmax,3.0,3.0,0.01,corrected,97,faa,0.5570000000000002,0.5825954600000002,0.0,False,11,2.8390425044444445,3.0,0,488,0.0,29,13,0,0,2194,19,2213,False,False,False,376.7999999999992,388,500,3672.300000000075,3793,5000
96755b67f7e727ba,warmup1000_chain3,softmax,3.0,3.0,0.01,corrected,98,clean,0.8081090000000001,0.8081090000000001,0.8081090000000001,True,0,0.0,0.0,0,0,1.0,0,,,,,,,False,False,False,376.7999999999995,388,500,3697.6000000000713,3816,5000
96755b67f7e727ba,warmup1000_chain3,softmax,3.0,3.0,0.01,corrected,98,faa,0.8081090000000001,0.8081090000000001,0.8081090000000001,True,0,0.0,0.0,0,0,1.0,0,,,,,,,False,False,False,376.7999999999995,388,500,3697.6000000000713,3816,5000
96755b67f7e727ba,warmup1000_chain3,softmax,3.0,3.0,0.01,corrected,99,clean,0.4580000000000002,0.4580000000000002,0.0,False,,,0.0,0,0,0.0,21,,0,0,2033,19,2052,False,False,False,373.49999999999915,385,500,3618.40000000008,3744,5000
96755b67f7e727ba,warmup1000_chain3,softmax,3.0,3.0,0.01,corrected,99,faa,0.4580000000000002,0.5524200000506783,3.3600899840280363e-13,False,7,1.8422446183802241,3.0,0,52,0.0,12,449,0,0,3714,19,3733,False,False,False,388.8999999999992,399,500,3716.300000000076,3833,5000
96755b67f7e727ba,warmup1000_chain3,softmax,3.0,3.0,0.01,corrected,100,clean,0.5480000000000002,0.5480000000000002,5.551115123125783e-17,False,,,0.0,0,0,0.0,15,,0,0,2774,19,2793,False,False,False,352.59999999999917,366,500,3603.0000000000746,3730,5000
96755b67f7e727ba,warmup1000_chain3,softmax,3.0,3.0,0.01,corrected,100,faa,0.5480000000000002,0.17008919399999956,0.0,False,12,2.9200444444444438,3.0,0,483,0.0,32,13,0,0,436,19,455,False,False,False,354.79999999999905,368,500,3588.7000000000744,3717,5000
96755b67f7e727ba,warmup1000_chain3,softmax,3.0,3.0,0.01,corrected,101,clean,0.8064800000000001,0.8064800000000001,0.6299000000000002,True,0,0.0,0.0,0,0,0.0086,1,,44,44,,63,,False,False,False,350.3999999999997,364,500,3616.2000000000803,3742,5000
96755b67f7e727ba,warmup1000_chain3,softmax,3.0,3.0,0.01,corrected,101,faa,0.8064800000000001,0.8064800000000001,0.6299000000000002,True,0,0.0,0.0,0,0,0.0086,1,,44,44,,63,,False,False,False,350.3999999999997,364,500,3616.2000000000803,3742,5000
96755b67f7e727ba,warmup1000_chain3,softmax,3.0,3.0,0.01,corrected,102,clean,0.7111619000000002,0.7111619000000002,0.6299000000000002,False,,,0.0,0,0,0.0,0,,0,0,,19,,False,False,False,359.1999999999996,372,500,3706.4000000000697,3824,5000
96755b67f7e727ba,warmup1000_chain3,softmax,3.0,3.0,0.01,corrected,102,faa,0.7111619000000002,0.7111619000000002,0.6299000000000002,False,,,3.0,0,495,0.0,0,6,0,0,,19,,False,False,False,370.1999999999995,382,500,3706.4000000000697,3824,5000
96755b67f7e727ba,warmup1000_chain3,softmax,3.0,3.0,0.01,corrected,103,clean,0.7991900000000001,0.6461090000000002,0.0,False,0,0.0,0.0,0,0,0.0,14,,0,0,3090,19,3109,False,False,False,387.79999999999944,398,500,3615.1000000000804,3741,5000
96755b67f7e727ba,warmup1000_chain3,softmax,3.0,3.0,0.01,corrected,103,faa,0.7991900000000001,0.7290000000000001,0.6560819900000001,True,0,0.0,0.7212011111103102,0,0,0.2768,1,82,1385,1385,,1404,,False,False,False,387.79999999999944,398,500,3640.4000000000783,3764,5000
96755b67f7e727ba,warmup1000_chain3,softmax,3.0,3.0,0.01,corrected,104,clean,0.8008190000000002,0.7192709778680002,0.0,False,,,0.0,0,0,0.0,28,,0,0,2063,19,2082,False,False,False,378.9999999999992,390,500,3475.4000000000897,3614,5000
96755b67f7e727ba,warmup1000_chain3,softmax,3.0,3.0,0.01,corrected,104,faa,0.8008190000000002,0.9472423049000002,0.7922428802803881,True,7,2.6118370433333338,2.6118370433333338,0,0,0.226,0,6,1131,1131,,1150,,False,False,False,387.79999999999916,398,500,3631.600000000078,3756,5000
96755b67f7e727ba,warmup1000_chain3,softmax,3.0,3.0,0.01,corrected,105,clean,0.6200000000000001,0.6200000000000001,1.5524248553333564e-12,False,,,0.0,0,0,0.0,13,,0,1414,1626,1433,1645,False,False,False,392.19999999999936,402,500,3720.7000000000794,3837,5000
96755b67f7e727ba,warmup1000_chain3,softmax,3.0,3.0,0.01,corrected,105,faa,0.6200000000000001,0.7289810000000001,0.6553886600000002,False,8,2.5913333333333335,3.0,0,484,0.0,1,17,0,0,,19,,False,False,False,380.09999999999945,391,500,3729.500000000079,3845,5000
96755b67f7e727ba,warmup1000_chain3,softmax,3.0,3.0,0.01,corrected,106,clean,0.6453800000000002,0.6453800000000002,0.0,False,,,0.0,0,0,0.0,39,,0,0,591,19,610,False,False,False,372.39999999999947,384,500,3538.1000000000804,3671,5000
96755b67f7e727ba,warmup1000_chain3,softmax,3.0,3.0,0.01,corrected,106,faa,0.6453800000000002,0.34767655121419994,0.0,False,,,3.0,0,495,0.0,45,6,0,0,149,19,168,False,False,False,388.8999999999993,399,500,3528.2000000000803,3662,5000
96755b67f7e727ba,warmup1000_chain3,softmax,3.0,3.0,0.01,corrected,107,clean,0.5480000000000002,0.5480000000000002,0.0,False,,,0.0,0,0,0.0,34,,0,0,634,19,653,False,False,False,387.7999999999993,398,500,3561.200000000083,3692,5000
96755b67f7e727ba,warmup1000_chain3,softmax,3.0,3.0,0.01,corrected,107,faa,0.5480000000000002,0.5480000000000002,0.0,False,,,3.0,0,491,0.0,34,7,0,0,634,19,653,False,False,False,389.9999999999993,400,500,3561.200000000083,3692,5000
96755b67f7e727ba,warmup1000_chain3,softmax,3.0,3.0,0.01,corrected,108,clean,0.5480000000000002,0.5480000000000002,0.0,False,,,0.0,0,0,0.0,39,,0,0,873,19,892,False,False,False,381.19999999999965,392,500,3537.000000000083,3670,5000
96755b67f7e727ba,warmup1000_chain3,softmax,3.0,3.0,0.01,corrected,108,faa,0.5480000000000002,0.7288548861716942,0.0,False,6,2.183126444444445,3.0,0,465,0.0,19,36,0,0,2603,19,2622,False,False,False,358.0999999999998,371,500,3560.100000000083,3691,5000
96755b67f7e727ba,warmup1000_chain3,softmax,3.0,3.0,0.01,corrected,109,clean,0.6200000000000001,0.5480000000000002,0.0,False,,,0.0,0,0,0.0,23,,0,0,1612,19,1631,False,False,False,392.1999999999995,402,500,3476.500000000087,3615,5000
96755b67f7e727ba,warmup1000_chain3,softmax,3.0,3.0,0.01,corrected,109,faa,0.6200000000000001,0.7289810000000001,0.0,True,7,2.2013333333333334,2.7379014444444447,0,0,0.1786,23,19,894,894,1844,913,1863,False,False,False,391.0999999999995,401,500,3502.900000000088,3639,5000
96755b67f7e727ba,warmup1000_chain3,softmax,3.0,3.0,0.01,corrected,110,clean,0.7991900000000001,0.7044290000000002,5.551115123125783e-17,False,0,0.0,0.0,0,0,0.0,15,,0,0,2952,19,2971,False,False,False,370.19999999999936,382,500,3517.2000000000858,3652,5000
96755b67f7e727ba,warmup1000_chain3,softmax,3.0,3.0,0.01,corrected,110,faa,0.7991900000000001,0.8019000000000002,0.7118819000000002,True,0,0.0,0.8022011111111114,0,0,0.2626,1,62,1314,1314,,1333,,False,False,False,370.19999999999936,382,500,3681.100000000072,3801,5000
96755b67f7e727ba,warmup1000_chain3,softmax,3.0,3.0,0.01,corrected,111,clean,0.5570000000000002,0.5570000000000002,0.0,False,,,0.0,0,0,0.0,44,,0,0,397,19,416,False,False,False,344.9,359,500,3510.600000000083,3646,5000
96755b67f7e727ba,warmup1000_chain3,softmax,3.0,3.0,0.01,corrected,111,faa,0.5570000000000002,0.6371090000000001,5.5700000167746566e-11,False,2,1.2101111117231111,3.0,0,202,0.0,8,299,0,0,4349,19,4368,False,False,False,359.1999999999999,372,500,3581.0000000000823,3710,5000
96755b67f7e727ba,warmup1000_chain3,softmax,3.0,3.0,0.01,corrected,112,clean,0.5480000000000002,0.5480000000000002,0.0,False,,,0.0,0,0,0.0,26,,0,0,1595,19,1614,False,False,False,354.7999999999996,368,500,3505.100000000082,3641,5000
96755b67f7e727ba,warmup1000_chain3,softmax,3.0,3.0,0.01,corrected,112,faa,0.5480000000000002,0.6341850800000002,0.0,False,8,3.0,3.0,0,432,0.0,26,8,0,0,1595,19,1614,False,False,False,361.39999999999964,374,500,3549.100000000084,3681,5000
96755b67f7e727ba,warmup1000_chain3,softmax,3.0,3.0,0.01,corrected,113,clean,0.5480000000000002,0.5480000000000002,0.0,False,,,0.0,0,0,0.0,38,,0,0,347,19,366,False,False,False,381.1999999999995,392,500,3519.400000000077,3654,5000
96755b67f7e727ba,warmup1000_chain3,softmax,3.0,3.0,0.01,corrected,113,faa,0.5480000000000002,0.5480000000000002,0.0,False,,,3.0,0,494,0.0,38,7,0,0,347,19,366,False,False,False,427.3999999999987,434,500,3519.400000000077,3654,5000
96755b67f7e727ba,warmup1000_chain3,softmax,3.0,3.0,0.01,corrected,114,clean,0.8081090000000001,0.7263469700000001,0.7263469700000001,False,,,0.0,0,0,0.0,0,,0,0,,19,,False,False,False,359.19999999999925,372,500,3807.6000000000654,3916,5000
96755b67f7e727ba,warmup1000_chain3,softmax,3.0,3.0,0.01,corrected,114,faa,0.8081090000000001,0.7263469700000001,0.7263469700000001,False,,,3.0,0,497,0.0,0,4,0,0,,19,,False,False,False,378.9999999999989,390,500,3807.6000000000654,3916,5000
96755b67f7e727ba,warmup1000_chain3,softmax,3.0,3.0,0.01,corrected,115,clean,0.8000900000000002,0.8000900000000002,0.7185158000000003,True,0,0.0,0.0,0,0,0.0464,1,,233,233,,252,,False,False,False,385.5999999999998,396,500,3692.1000000000695,3811,5000
96755b67f7e727ba,warmup1000_chain3,softmax,3.0,3.0,0.01,corrected,115,faa,0.8000900000000002,0.8000900000000002,0.7185158000000003,True,0,0.0,0.0,0,0,0.0464,1,,233,233,,252,,False,False,False,385.5999999999998,396,500,3692.1000000000695,3811,5000
96755b67f7e727ba,warmup1000_chain3,softmax,3.0,3.0,0.01,corrected,116,clean,0.5579000000000002,0.4580000000000002,0.0,False,,,0.0,0,0,0.0,52,,0,0,11,19,30,False,False,False,367.9999999999997,380,500,3458.9000000000824,3599,5000
96755b67f7e727ba,warmup1000_chain3,softmax,3.0,3.0,0.01,corrected,116,faa,0.5579000000000002,0.4580000000000002,0.0,False,5,2.9348283444444445,3.0,0,292,0.0,51,209,0,0,240,19,259,False,False,False,372.3999999999997,384,500,3461.100000000082,3601,5000
96755b67f7e727ba,warmup1000_chain3,softmax,3.0,3.0,0.01,corrected,117,clean,0.6299000000000002,0.6299000000000002,0.6299000000000002,False,,,0.0,0,0,0.0,0,,0,0,,19,,False,False,False,355.8999999999993,369,500,3523.8000000000766,3658,5000
96755b67f7e727ba,warmup1000_chain3,softmax,3.0,3.0,0.01,corrected,117,faa,0.6299000000000002,0.7354134349466379,0.7354134349466379,False,15,3.0,3.0,0,152,0.0,0,4,0,0,,19,,False,False,False,418.5999999999987,426,500,3532.6000000000768,3666,5000
96755b67f7e727ba,warmup1000_chain3,softmax,3.0,3.0,0.01,corrected,118,clean,0.8099818280000002,0.8099818280000002,7.265299473147024e-12,False,,,0.0,0,0,0.0,12,,0,0,3332,19,3351,False,False,False,387.79999999999933,398,500,3655.800000000077,3778,5000
96755b67f7e727ba,warmup1000_chain3,softmax,3.0,3.0,0.01,corrected,118,faa,0.8099818280000002,0.7280690123600002,0.0,False,,,3.0,0,495,0.0,21,6,0,0,1864,19,1883,False,False,False,491.2,492,500,3748.2000000000803,3862,5000
96755b67f7e727ba,warmup1000_chain3,softmax,3.0,3.0,0.01,corrected,119,clean,0.6200000000000001,0.0006032425022000076,0.0,False,,,0.0,0,0,0.0,47,,0,0,0,19,19,False,False,False,333.8999999999995,349,500,3572.200000000084,3702,5000
96755b67f7e727ba,warmup1000_chain3,softmax,3.0,3.0,0.01,corrected,119,faa,0.6200000000000001,0.6299000000000002,0.0,False,10,3.0,3.0,0,305,0.0,43,8,0,0,564,19,583,False,False,False,349.29999999999944,363,500,3575.5000000000837,3705,5000
96755b67f7e727ba,warmup1000_chain3,softmax,3.0,3.0,0.01,corrected,120,clean,0.5480000000000002,1.2063842000364922e-06,0.0,False,,,0.0,0,0,0.0,35,,0,0,0,19,19,False,False,False,343.79999999999995,358,500,3598.600000000076,3726,5000
96755b67f7e727ba,warmup1000_chain3,softmax,3.0,3.0,0.01,corrected,120,faa,0.5480000000000002,0.7289822374136034,0.7289822374136034,False,11,3.0,3.0,0,486,0.0,0,5,0,0,,19,,False,False,False,342.69999999999993,357,500,3649.2000000000753,3772,5000
96755b67f7e727ba,warmup1000_chain3,softmax,3.0,3.0,0.01,corrected,121,clean,0.4580000000000002,0.4580000000000002,0.0,False,,,0.0,0,0,0.0,36,,0,0,297,19,316,False,False,False,352.59999999999997,366,500,3548.0000000000823,3680,5000
96755b67f7e727ba,warmup1000_chain3,softmax,3.0,3.0,0.01,corrected,121,faa,0.4580000000000002,0.6300000000000001,0.0,True,1,0.6999999999999933,1.3299999999999934,0,0,0.1448,12,19,725,725,3960,744,3979,False,False,False,363.5999999999999,376,500,3641.5000000000787,3765,5000
96755b67f7e727ba,warmup1000_chain3,softmax,3.0,3.0,0.01,corrected,122,clean,0.5480000000000002,0.4580000000000002,0.0,False,,,0.0,0,0,0.0,34,,0,0,275,19,294,False,False,False,354.79999999999933,368,500,3563.4000000000788,3694,5000
96755b67f7e727ba,warmup1000_chain3,softmax,3.0,3.0,0.01,corrected,122,faa,0.5480000000000002,0.5480000000000002,0.0,False,,,3.0,0,494,0.0,30,7,0,0,891,19,910,False,False,False,444.9999999999991,450,500,3578.800000000079,3708,5000
96755b67f7e727ba,warmup1000_chain3,softmax,3.0,3.0,0.01,corrected,123,clean,0.7190000000000001,0.6200000000000001,0.0,False,,,0.0,0,0,0.0,25,,0,133,1415,152,1434,False,False,False,389.99999999999915,400,500,3548.0000000000864,3680,5000
96755b67f7e727ba,warmup1000_chain3,softmax,3.0,3.0,0.01,corrected,123,faa,0.7190000000000001,0.8963376679034001,0.8041847697978012,True,6,1.7507423333333336,2.6280395543627453,0,0,0.6242,1,50,3122,3122,,3141,,False,False,False,461.5,465,500,3706.4000000000797,3824,5000
96755b67f7e727ba,warmup1000_chain3,softmax,3.0,3.0,0.01,corrected,124,clean,0.4580000000000002,0.4580000000000002,0.0,False,,,0.0,0,0,0.0,36,,0,0,312,19,331,False,False,False,370.1999999999995,382,500,3516.1000000000795,3651,5000
96755b67f7e727ba,warmup1000_chain3,softmax,3.0,3.0,0.01,corrected,124,faa,0.4580000000000002,0.5524200000506783,4.579669976578771e-14,False,7,1.5724445316339044,3.0,0,170,0.0,13,331,0,0,3213,19,3232,False,False,False,386.6999999999996,397,500,3562.300000000079,3693,5000
96755b67f7e727ba,warmup1000_chain3,softmax,3.0,3.0,0.01,corrected,125,clean,0.6461090000000003,0.6461090000000003,0.0,False,,,0.0,0,0,0.0,43,,0,0,579,19,598,False,False,False,352.5999999999992,366,500,3519.400000000079,3654,5000
96755b67f7e727ba,warmup1000_chain3,softmax,3.0,3.0,0.01,corrected,125,faa,0.6461090000000003,0.8181090000000002,7.191791900895694e-08,True,9,2.099389354780944,2.6016703228625793,0,0,0.0802,8,104,402,402,3860,421,3879,False,False,False,370.1999999999992,382,500,3574.40000000008,3704,5000
96755b67f7e727ba,warmup1000_chain3,softmax,3.0,3.0,0.01,corrected,126,clean,0.6299000000000002,0.6299000000000002,0.0,False,,,0.0,0,0,0.0,38,,0,0,627,19,646,False,False,False,384.4999999999997,395,500,3597.5000000000764,3725,5000
96755b67f7e727ba,warmup1000_chain3,softmax,3.0,3.0,0.01,corrected,126,faa,0.6299000000000002,0.6299000000000002,0.0,False,,,3.0,0,494,0.0,38,7,0,0,627,19,646,False,False,False,384.4999999999997,395,500,3597.5000000000764,3725,5000
96755b67f7e727ba,warmup1000_chain3,softmax,3.0,3.0,0.01,corrected,127,clean,0.5480000000000002,0.5480000000000002,4.579669976578771e-14,False,,,0.0,0,0,0.0,12,,0,0,2581,19,2600,False,False,False,380.09999999999945,391,500,3677.8000000000743,3798,5000
96755b67f7e727ba,warmup1000_chain3,softmax,3.0,3.0,0.01,corrected,127,faa,0.5480000000000002,0.4408319580200001,0.0,False,12,3.0,3.0,0,437,0.0,22,7,0,0,1127,19,1146,False,False,False,378.99999999999943,390,500,3633.800000000077,3758,5000
96755b67f7e727ba,warmup1000_chain3,softmax,3.0,3.0,0.01,corrected,128,clean,0.1199339000000007,0.007603829641438964,0.0,False,,,0.0,0,0,0.0,37,,0,0,0,19,19,False,False,False,333.8999999999995,349,500,3517.200000000088,3652,5000
96755b67f7e727ba,warmup1000_chain3,softmax,3.0,3.0,0.01,corrected,128,faa,0.1199339000000007,0.41153867918000053,0.0,True,5,1.7724448433333344,2.5283488829254264,0,0,0.0146,33,274,74,74,853,93,872,False,False,False,341.59999999999945,356,500,3523.8000000000875,3658,5000
96755b67f7e727ba,warmup1000_chain3,softmax,3.0,3.0,0.01,corrected,129,clean,0.5480000000000002,0.4580000000000002,0.0,False,,,0.0,0,0,0.0,40,,0,0,605,19,624,False,False,False,345.99999999999966,360,500,3450.100000000086,3591,5000
96755b67f7e727ba,warmup1000_chain3,softmax,3.0,3.0,0.01,corrected,129,faa,0.5480000000000002,0.5480000000000002,0.0,False,,,3.0,0,493,0.0,23,8,0,0,1916,19,1935,False,False,False,363.59999999999957,376,500,3499.600000000088,3636,5000
96755b67f7e727ba,warmup1000_chain3,softmax,3.0,3.0,0.01,corrected,130,clean,0.8064800000000001,0.6299000000000002,0.0,False,0,0.0,0.0,0,0,0.0,28,,0,0,1914,19,1933,False,False,False,381.19999999999914,392,500,3516.100000000081,3651,5000
96755b67f7e727ba,warmup1000_chain3,softmax,3.0,3.0,0.01,corrected,130,faa,0.8064800000000001,0.8019000000000002,0.0,True,0,0.0,1.6861011111111115,0,0,0.3218,22,383,1610,1610,3227,1629,3246,False,False,False,380.0999999999991,391,500,3577.700000000081,3707,5000
96755b67f7e727ba,warmup1000_chain3,softmax,3.0,3.0,0.01,corrected,131,clean,0.8999,0.8999,0.7044290000000002,True,0,0.0,0.0,0,0,0.3322,2,,1662,1662,,1681,,False,False,False,500.0,500,500,3748.2000000000726,3862,5000
96755b67f7e727ba,warmup1000_chain3,softmax,3.0,3.0,0.01,corrected,131,faa,0.8999,0.8999,0.7044290000000002,True,0,0.0,0.0,0,0,0.3322,2,,1662,1662,,1681,,False,False,False,500.0,500,500,3748.2000000000726,3862,5000
96755b67f7e727ba,warmup1000_chain3,softmax,3.0,3.0,0.01,corrected,132,clean,0.8008190000000002,0.07207216034633901,0.0,False,,,0.0,0,0,0.0,34,,0,0,238,19,257,False,False,False,360.2999999999991,373,500,3574.4000000000738,3704,5000
96755b67f7e727ba,warmup1000_chain3,softmax,3.0,3.0,0.01,corrected,132,faa,0.8008190000000002,0.7191225800000003,0.7191225800000003,False,,,3.0,0,495,0.0,0,6,0,0,,19,,False,False,False,374.5999999999992,386,500,3644.8000000000757,3768,5000
96755b67f7e727ba,warmup1000_chain3,softmax,3.0,3.0,0.01,corrected,133,clean,0.4580000000000002,0.4580000000000002,0.0,False,,,0.0,0,0,0.0,34,,0,0,700,19,719,False,False,False,345.99999999999943,360,500,3484.2000000000844,3622,5000
96755b67f7e727ba,warmup1000_chain3,softmax,3.0,3.0,0.01,corrected,133,faa,0.4580000000000002,0.6300000000000001,0.0,True,4,1.5356584444444445,2.488638444444445,0,0,0.1574,18,14,788,788,2777,807,2796,False,False,False,372.39999999999935,384,500,3586.5000000000837,3715,5000
96755b67f7e727ba,warmup1000_chain3,softmax,3.0,3.0,0.01,corrected,134,clean,0.7100000000000001,0.5570000000000002,0.5480000000000002,False,0,0.0,0.0,0,0,0.0,0,,0,0,,19,,False,False,False,382.29999999999967,393,500,3540.3000000000798,3673,5000
96755b67f7e727ba,warmup1000_chain3,softmax,3.0,3.0,0.01,corrected,134,faa,0.7100000000000001,0.7100000000000001,0.6208000000000002,True,0,0.0,0.7211111111111111,0,0,0.0926,1,403,464,464,,483,,False,False,False,382.29999999999967,393,500,3543.60000000008,3676,5000
96755b67f7e727ba,warmup1000_chain3,softmax,3.0,3.0,0.01,corrected,135,clean,0.5480000000000002,0.000653461999999938,0.0,False,,,0.0,0,0,0.0,26,,0,0,0,19,19,False,False,False,400.9999999999993,410,500,3477.6000000000827,3616,5000
96755b67f7e727ba,warmup1000_chain3,softmax,3.0,3.0,0.01,corrected,135,faa,0.5480000000000002,0.35481784021999985,0.0,False,7,2.5731264444444446,3.0,0,140,0.0,16,361,0,0,1238,19,1257,False,False,False,400.99999999999943,410,500,3494.100000000083,3631,5000
96755b67f7e727ba,warmup1000_chain3,softmax,3.0,3.0,0.01,corrected,136,clean,0.7928000000000002,0.7928000000000002,7.05990821359137e-13,False,,,0.0,0,0,0.0,11,,0,0,3651,19,3670,False,False,False,356.99999999999926,370,500,3566.7000000000767,3697,5000
96755b67f7e727ba,warmup1000_chain3,softmax,3.0,3.0,0.01,corrected,136,faa,0.7928000000000002,0.897456158,8.057443601217074e-13,False,6,2.991966444444444,3.0,0,490,0.0,11,7,0,0,3651,19,3670,False,False,False,350.39999999999924,364,500,3566.7000000000767,3697,5000
96755b67f7e727ba,warmup1000_chain3,softmax,3.0,3.0,0.01,corrected,137,clean,0.5480000000000002,0.5480000000000002,0.0,False,,,0.0,0,0,0.0,48,,0,0,670,19,689,False,False,False,369.0999999999996,381,500,3440.2000000000844,3582,5000
96755b67f7e727ba,warmup1000_chain3,softmax,3.0,3.0,0.01,corrected,137,faa,0.5480000000000002,0.7200000000000001,0.6327652400000001,True,7,2.338328844444444,2.738010844444444,0,0,0.4764,0,10,2383,2383,,2402,,False,False,False,392.19999999999953,402,500,3660.2000000000744,3782,5000
96755b67f7e727ba,warmup1000_chain3,softmax,3.0,3.0,0.01,corrected,138,clean,0.6200000000000001,0.5570000000000002,0.0,False,,,0.0,0,0,0.0,29,,0,0,1976,19,1995,False,False,False,378.99999999999955,390,500,3522.700000000083,3657,5000
96755b67f7e727ba,warmup1000_chain3,softmax,3.0,3.0,0.01,corrected,138,faa,0.6200000000000001,0.6969999999999995,0.0,False,7,2.201333333333334,3.0,0,233,0.0,30,268,0,0,1976,19,1995,False,False,False,383.3999999999995,394,500,3570.000000000084,3700,5000
96755b67f7e727ba,warmup1000_chain3,softmax,3.0,3.0,0.01,corrected,139,clean,0.7190000000000001,0.6200000000000001,0.04580000000000001,False,,,0.0,0,0,0.0,1,,0,847,4879,866,4898,False,False,False,352.59999999999974,366,500,3583.2000000000844,3712,5000
96755b67f7e727ba,warmup1000_chain3,softmax,3.0,3.0,0.01,corrected,139,faa,0.7190000000000001,0.7271000000000001,0.04580000000000001,True,6,1.7507423326528435,1.7507423326528435,0,0,0.3784,1,5,1893,1893,4879,1912,4898,False,False,False,370.1999999999993,382,500,3603.0000000000828,3730,5000
96755b67f7e727ba,warmup1000_chain3,softmax,3.0,3.0,0.01,corrected,140,clean,0.6470982800000002,0.6470982800000002,0.0,False,,,0.0,0,0,0.0,42,,0,0,1124,19,1143,False,False,False,373.49999999999966,385,500,3431.4000000000883,3574,5000
96755b67f7e727ba,warmup1000_chain3,softmax,3.0,3.0,0.01,corrected,140,faa,0.6470982800000002,0.81909828,7.200794348016792e-06,True,6,1.3925536456812246,2.3813929570989893,0,0,0.1908,6,14,955,955,4927,974,4946,False,False,False,382.2999999999997,393,500,3500.700000000087,3637,5000
96755b67f7e727ba,warmup1000_chain3,softmax,3.0,3.0,0.01,corrected,141,clean,0.8999900000000001,0.8098028000000002,0.6380900000000002,True,0,0.0,0.0,0,0,0.2272,0,,1137,1137,,1156,,False,False,False,464.7999999999993,468,500,3697.6000000000786,3816,5000
96755b67f7e727ba,warmup1000_chain3,softmax,3.0,3.0,0.01,corrected,141,faa,0.8999900000000001,0.8098028000000002,0.6380900000000002,True,0,0.0,0.0,0,0,0.2272,0,,1137,1137,,1156,,False,False,False,464.7999999999993,468,500,3697.6000000000786,3816,5000
96755b67f7e727ba,warmup1000_chain3,softmax,3.0,3.0,0.01,corrected,142,clean,0.6299000000000002,0.6299000000000002,0.0,False,,,0.0,0,0,0.0,18,,0,0,2923,19,2942,False,False,False,352.59999999999957,366,500,3625.000000000079,3750,5000
96755b67f7e727ba,warmup1000_chain3,softmax,3.0,3.0,0.01,corrected,142,faa,0.6299000000000002,0.5480000000000002,0.0,False,,,3.0,0,496,0.0,18,5,0,0,2923,19,2942,False,False,False,345.99999999999955,360,500,3625.000000000079,3750,5000
96755b67f7e727ba,warmup1000_chain3,softmax,3.0,3.0,0.01,corrected,143,clean,0.8099818280000002,0.7289584069400002,7.285004266499584e-10,False,,,0.0,0,0,0.0,8,,0,0,4323,19,4342,False,False,False,365.7999999999994,378,500,3698.70000000007,3817,5000
96755b67f7e727ba,warmup1000_chain3,softmax,3.0,3.0,0.01,corrected,143,faa,0.8099818280000002,0.7200711213740003,0.7117834634800002,False,6,2.357115806584445,3.0,0,71,0.0,0,430,0,0,,19,,False,False,False,363.59999999999934,376,500,3748.2000000000658,3862,5000
96755b67f7e727ba,warmup1000_chain3,softmax,3.0,3.0,0.01,corrected,144,clean,0.5480000000000002,0.5480000000000002,0.0,False,,,0.0,0,0,0.0,27,,0,0,1631,19,1650,False,False,False,374.59999999999945,386,500,3513.900000000089,3649,5000
96755b67f7e727ba,warmup1000_chain3,softmax,3.0,3.0,0.01,corrected,144,faa,0.5480000000000002,0.5480000000000002,0.0,False,,,3.0,0,494,0.0,27,7,0,0,1631,19,1650,False,False,False,425.1999999999988,432,500,3513.900000000089,3649,5000
96755b67f7e727ba,warmup1000_chain3,softmax,3.0,3.0,0.01,corrected,145,clean,0.5570000000000002,0.5570000000000002,0.0,False,,,0.0,0,0,0.0,30,,0,0,1708,19,1727,False,False,False,363.5999999999995,376,500,3548.0000000000864,3680,5000
96755b67f7e727ba,warmup1000_chain3,softmax,3.0,3.0,0.01,corrected,145,faa,0.5570000000000002,0.8160801385396156,0.0,True,13,3.0,3.0,0,4,0.2978,26,7,1490,1490,2331,1509,2350,False,False,False,420.7999999999988,428,500,3566.700000000085,3697,5000
96755b67f7e727ba,warmup1000_chain3,softmax,3.0,3.0,0.01,corrected,146,clean,0.6389090000000002,0.6389090000000002,5.551115123125783e-17,False,,,0.0,0,0,0.0,14,,0,0,3016,19,3035,False,False,False,359.1999999999994,372,500,3545.800000000077,3678,5000
96755b67f7e727ba,warmup1000_chain3,softmax,3.0,3.0,0.01,corrected,146,faa,0.6389090000000002,0.7270245669900005,0.7270245669900005,False,8,1.7686775644444483,3.0,0,256,0.0,0,245,0,0,,19,,False,False,False,369.09999999999945,381,500,3746.0000000000696,3860,5000
96755b67f7e727ba,warmup1000_chain3,softmax,3.0,3.0,0.01,corrected,147,clean,0.7928000000000002,0.7829000000000002,5.48000000000215e-06,True,0,0.0,0.0,0,0,0.1682,6,,842,842,4449,861,4468,False,False,False,484.5999999999997,486,500,3561.2000000000835,3692,5000
96755b67f7e727ba,warmup1000_chain3,softmax,3.0,3.0,0.01,corrected,147,faa,0.7928000000000002,0.7829000000000002,5.48000000000215e-06,True,0,0.0,0.0,0,0,0.1682,6,,842,842,4449,861,4468,False,False,False,484.5999999999997,486,500,3561.2000000000835,3692,5000
96755b67f7e727ba,warmup1000_chain3,softmax,3.0,3.0,0.01,corrected,148,clean,0.7190000000000001,0.7190000000000001,0.5480000000000002,True,0,0.0,0.0,0,0,0.1222,0,,612,612,,631,,False,False,False,376.7999999999996,388,500,3697.6000000000677,3816,5000
96755b67f7e727ba,warmup1000_chain3,softmax,3.0,3.0,0.01,corrected,148,faa,0.7190000000000001,0.7190000000000001,0.5480000000000002,True,0,0.0,0.0,0,0,0.1222,0,,612,612,,631,,False,False,False,376.7999999999996,388,500,3697.6000000000677,3816,5000
96755b67f7e727ba,warmup1000_chain3,softmax,3.0,3.0,0.01,corrected,149,clean,0.8001800000000001,0.8001800000000001,7.216449660063518e-16,False,,,0.0,0,0,0.0,15,,0,0,3657,19,3676,False,False,False,361.39999999999924,374,500,3592.000000000083,3720,5000
96755b67f7e727ba,warmup1000_chain3,softmax,3.0,3.0,0.01,corrected,149,faa,0.8001800000000001,0.8001800000000001,7.216449660063518e-16,False,,,3.0,0,496,0.0,15,5,0,0,3657,19,3676,False,False,False,359.19999999999925,372,500,3592.000000000083,3720,5000
96755b67f7e727ba,warmup1000_chain3,softmax,3.0,3.0,0.01,corrected,150,clean,0.059827248799999955,0.005982724885027213,0.0,False,,,0.0,0,0,0.0,51,,0,0,0,19,19,False,False,False,372.39999999999964,384,500,3512.800000000085,3648,5000
96755b67f7e727ba,warmup1000_chain3,softmax,3.0,3.0,0.01,corrected,150,faa,0.059827248799999955,0.33026071302418386,0.0,True,6,0.821486045173333,2.8034778592838694,0,0,0.0672,46,250,337,337,713,356,732,False,False,False,375.6999999999996,387,500,3531.5000000000864,3665,5000
96755b67f7e727ba,warmup1000_chain3,softmax,3.0,3.0,0.01,corrected,151,clean,0.4580000000000002,0.00045800000557438825,0.0,False,,,0.0,0,0,0.0,32,,0,0,0,19,19,False,False,False,358.0999999999992,371,500,3609.6000000000804,3736,5000
96755b67f7e727ba,warmup1000_chain3,softmax,3.0,3.0,0.01,corrected,151,faa,0.4580000000000002,0.6300000000000001,0.4580000000000002,True,6,1.1825026903644447,2.233799937264445,0,0,0.313,0,383,1566,1566,,1585,,False,False,False,366.8999999999991,379,500,3735.0000000000746,3850,5000
96755b67f7e727ba,warmup1000_chain3,softmax,3.0,3.0,0.01,corrected,152,clean,0.8073800000000001,0.8000900000000002,5.551115123125783e-17,False,,,0.0,0,0,0.0,15,,0,0,3314,19,3333,False,False,False,394.3999999999997,404,500,3649.2000000000753,3772,5000
96755b67f7e727ba,warmup1000_chain3,softmax,3.0,3.0,0.01,corrected,152,faa,0.8073800000000001,0.8000900000000002,5.551115123125783e-17,False,,,3.0,0,498,0.0,15,3,0,0,3314,19,3333,False,False,False,394.3999999999997,404,500,3649.2000000000753,3772,5000
96755b67f7e727ba,warmup1000_chain3,softmax,3.0,3.0,0.01,corrected,153,clean,0.5480000000000002,0.5480000000000002,0.0,False,,,0.0,0,0,0.0,27,,0,0,1254,19,1273,False,False,False,374.5999999999995,386,500,3436.90000000009,3579,5000
96755b67f7e727ba,warmup1000_chain3,softmax,3.0,3.0,0.01,corrected,153,faa,0.5480000000000002,0.6174857857116858,0.0,False,,,3.0,0,492,0.0,20,7,0,0,2344,19,2363,False,False,False,381.1999999999995,392,500,3456.700000000091,3597,5000
96755b67f7e727ba,warmup1000_chain3,softmax,3.0,3.0,0.01,corrected,154,clean,0.5480000000000002,0.4580000000000002,0.0,False,,,0.0,0,0,0.0,32,,0,0,461,19,480,False,False,False,328.39999999999947,344,500,3622.800000000072,3748,5000
96755b67f7e727ba,warmup1000_chain3,softmax,3.0,3.0,0.01,corrected,154,faa,0.5480000000000002,0.7209000000000001,0.0,False,,,3.0,0,493,0.0,24,8,0,0,1173,19,1192,False,False,False,495.6,496,500,3667.900000000074,3789,5000
96755b67f7e727ba,warmup1000_chain3,softmax,3.0,3.0,0.01,corrected,155,clean,0.4580000000000002,0.4580000000000002,0.0,False,,,0.0,0,0,0.0,33,,0,0,452,19,471,False,False,False,372.3999999999992,384,500,3485.3000000000816,3623,5000
96755b67f7e727ba,warmup1000_chain3,softmax,3.0,3.0,0.01,corrected,155,faa,0.4580000000000002,0.5524254623780002,0.0,False,9,1.9063045772244438,3.0,0,283,0.0,33,218,0,0,452,19,471,False,False,False,383.39999999999935,394,500,3491.9000000000824,3629,5000
96755b67f7e727ba,warmup1000_chain3,softmax,3.0,3.0,0.01,corrected,156,clean,0.7928000000000002,0.7928000000000002,0.7126109000000003,True,0,0.0,0.0,0,0,0.0344,1,,173,173,,192,,False,False,False,389.9999999999993,400,500,3669.000000000076,3790,5000
96755b67f7e727ba,warmup1000_chain3,softmax,3.0,3.0,0.01,corrected,156,faa,0.7928000000000002,0.7928000000000002,0.7126109000000003,True,0,0.0,0.0,0,0,0.0344,1,,173,173,,192,,False,False,False,389.9999999999993,400,500,3669.000000000076,3790,5000
96755b67f7e727ba,warmup1000_chain3,softmax,3.0,3.0,0.01,corrected,157,clean,0.7829000000000002,0.6299000000000002,0.006298999999999999,False,0,0.0,0.0,0,0,0.0,2,,0,0,4846,19,4865,False,False,False,383.3999999999994,394,500,3620.600000000075,3746,5000
96755b67f7e727ba,warmup1000_chain3,softmax,3.0,3.0,0.01,corrected,157,faa,0.7829000000000002,0.7829000000000002,0.0061089999999999756,True,0,0.0,0.8040111111111112,0,0,0.0596,2,449,299,299,4846,318,4865,False,False,False,383.3999999999994,394,500,3750.4000000000697,3864,5000
96755b67f7e727ba,warmup1000_chain3,softmax,3.0,3.0,0.01,corrected,158,clean,0.6308000000000002,0.5480000000000002,0.0,False,,,0.0,0,0,0.0,23,,0,0,791,19,810,False,False,False,376.79999999999967,388,500,3571.1000000000754,3701,5000
96755b67f7e727ba,warmup1000_chain3,softmax,3.0,3.0,0.01,corrected,158,faa,0.6308000000000002,0.5480000000000002,0.0,False,,,3.0,0,497,0.0,23,4,0,0,791,19,810,False,False,False,376.79999999999967,388,500,3571.1000000000754,3701,5000
96755b67f7e727ba,warmup1000_chain3,softmax,3.0,3.0,0.01,corrected,159,clean,0.5570000000000002,0.001665709999999987,0.0,False,,,0.0,0,0,0.0,41,,0,0,0,19,19,False,False,False,362.49999999999943,375,500,3524.900000000086,3659,5000
96755b67f7e727ba,warmup1000_chain3,softmax,3.0,3.0,0.01,corrected,159,faa,0.5570000000000002,0.6924651723800007,0.6158586090000007,False,7,2.5828554444444447,3.0,0,477,0.0,0,13,0,0,,19,,False,False,False,378.9999999999996,390,500,3680.0000000000787,3800,5000
96755b67f7e727ba,warmup1000_chain3,softmax,3.0,3.0,0.01,corrected,160,clean,0.7069507280000003,0.7069507280000003,0.7069507280000003,False,,,0.0,0,0,0.0,0,,0,0,,19,,False,False,False,341.5999999999996,356,500,3561.200000000083,3692,5000
96755b67f7e727ba,warmup1000_chain3,softmax,3.0,3.0,0.01,corrected,160,faa,0.7069507280000003,0.7069507280000003,0.7069507280000003,False,,,3.0,0,493,0.0,0,6,0,0,,19,,False,False,False,348.1999999999996,362,500,3541.4000000000847,3674,5000
96755b67f7e727ba,warmup1000_chain3,softmax,3.0,3.0,0.01,corrected,161,clean,0.5480000000000002,0.5480000000000002,0.0,False,,,0.0,0,0,0.0,33,,0,0,1118,19,1137,False,False,False,356.9999999999993,370,500,3529.3000000000784,3663,5000
96755b67f7e727ba,warmup1000_chain3,softmax,3.0,3.0,0.01,corrected,161,faa,0.5480000000000002,0.6326103059000002,0.0,False,9,2.452930425444444,3.0,0,108,0.0,33,393,0,0,1118,19,1137,False,False,False,391.0999999999989,401,500,3533.7000000000785,3667,5000
96755b67f7e727ba,warmup1000_chain3,softmax,3.0,3.0,0.01,corrected,162,clean,0.6299000000000002,0.6299000000000002,0.0,False,,,0.0,0,0,0.0,19,,0,0,2776,19,2795,False,False,False,367.99999999999955,380,500,3597.500000000078,3725,5000
96755b67f7e727ba,warmup1000_chain3,softmax,3.0,3.0,0.01,corrected,162,faa,0.6299000000000002,0.8691493063537251,0.0,True,20,3.0,3.0,0,11,0.1866,19,6,934,934,2776,953,2795,False,False,False,484.6,486,500,3846.1000000000854,3951,5000
96755b67f7e727ba,warmup1000_chain3,softmax,3.0,3.0,0.01,corrected,163,clean,0.7100000000000001,0.6299000000000002,0.0,False,,,0.0,0,0,0.0,45,,0,0,1258,19,1277,False,False,False,359.1999999999997,372,500,3308.2000000000935,3462,5000
96755b67f7e727ba,warmup1000_chain3,softmax,3.0,3.0,0.01,corrected,163,faa,0.7100000000000001,0.6299000000000002,0.0,False,,,3.0,0,493,0.0,45,5,0,0,1258,19,1277,False,False,False,363.5999999999997,376,500,3308.2000000000935,3462,5000
96755b67f7e727ba,warmup1000_chain3,softmax,3.0,3.0,0.01,corrected,164,clean,0.7919000000000002,0.7100000000000001,6.328271240363392e-15,True,0,0.0,0.0,0,0,0.366,9,,1831,1832,4171,1851,4190,False,False,False,398.79999999999967,408,500,3739.400000000075,3854,5000
96755b67f7e727ba,warmup1000_chain3,softmax,3.0,3.0,0.01,corrected,164,faa,0.7919000000000002,0.7100000000000001,6.328271240363392e-15,True,0,0.0,0.0,0,0,0.366,9,,1831,1832,4171,1851,4190,False,False,False,398.79999999999967,408,500,3739.400000000075,3854,5000
96755b67f7e727ba,warmup1000_chain3,softmax,3.0,3.0,0.01,corrected,165,clean,0.7100000000000001,0.6299000000000002,0.0,False,0,0.0,0.0,0,0,0.0,31,,0,0,1314,19,1333,False,False,False,363.5999999999997,376,500,3526.0000000000837,3660,5000
96755b67f7e727ba,warmup1000_chain3,softmax,3.0,3.0,0.01,corrected,165,faa,0.7100000000000001,0.7100000000000001,0.0,True,0,0.0,1.7991111111111113,0,0,0.1822,17,396,912,912,2417,931,2436,False,False,False,360.2999999999996,373,500,3611.8000000000834,3738,5000
96755b67f7e727ba,warmup1000_chain3,softmax,3.0,3.0,0.01,corrected,166,clean,0.5480000000000002,0.5480000000000002,0.054800000000000015,False,,,0.0,0,0,0.0,1,,0,0,,19,,False,False,False,364.6999999999995,377,500,3561.200000000083,3692,5000
96755b67f7e727ba,warmup1000_chain3,softmax,3.0,3.0,0.01,corrected,166,faa,0.5480000000000002,0.6379100000000002,0.6379100000000002,False,7,2.6731264444444447,3.0,0,474,0.0,0,27,0,0,,19,,False,False,False,364.6999999999996,377,500,3563.4000000000833,3694,5000
96755b67f7e727ba,warmup1000_chain3,softmax,3.0,3.0,0.01,corrected,167,clean,0.4580000000000002,0.4580000000000002,0.0,False,,,0.0,0,0,0.0,40,,0,0,45,19,64,False,False,False,358.0999999999992,371,500,3477.600000000082,3616,5000
96755b67f7e727ba,warmup1000_chain3,softmax,3.0,3.0,0.01,corrected,167,faa,0.4580000000000002,0.5489000000000002,4.580225088091083e-13,False,4,1.5334444505823632,3.0,0,134,0.0,12,367,0,0,3754,19,3773,False,False,False,385.5999999999992,396,500,3513.9000000000824,3649,5000
96755b67f7e727ba,warmup1000_chain3,softmax,3.0,3.0,0.01,corrected,168,clean,0.6476570000000001,0.6476570000000001,6.308842337432452e-13,False,,,0.0,0,0,0.0,8,,0,0,4132,19,4151,False,False,False,366.8999999999997,379,500,3663.5000000000737,3785,5000
96755b67f7e727ba,warmup1000_chain3,softmax,3.0,3.0,0.01,corrected,168,faa,0.6476570000000001,0.8984715114600001,0.7829798554740003,False,7,2.9482859044444445,3.0,0,491,0.0,0,9,0,0,,19,,False,False,False,370.1999999999997,382,500,3753.700000000066,3867,5000
96755b67f7e727ba,warmup1000_chain3,softmax,3.0,3.0,0.01,corrected,169,clean,0.6200000000000001,0.6200000000000001,5.4789506265251475e-14,False,,,0.0,0,0,0.0,11,,0,219,4287,238,4306,False,False,False,381.1999999999997,392,500,3574.4000000000806,3704,5000
96755b67f7e727ba,warmup1000_chain3,softmax,3.0,3.0,0.01,corrected,169,faa,0.6200000000000001,0.7271000000000001,6.38378239159465e-14,False,,,3.0,0,492,0.0,10,9,0,0,4287,19,4306,False,False,False,375.69999999999976,387,500,3619.500000000077,3745,5000
96755b67f7e727ba,warmup1000_chain3,softmax,3.0,3.0,0.01,corrected,170,clean,0.6299000000000002,0.6299000000000002,5.551115123125783e-17,False,,,0.0,0,0,0.0,15,,0,0,2188,19,2207,False,False,False,365.7999999999994,378,500,3598.600000000082,3726,5000
96755b67f7e727ba,warmup1000_chain3,softmax,3.0,3.0,0.01,corrected,170,faa,0.6299000000000002,0.6299000000000002,0.6299000000000002,False,,,3.0,0,492,0.0,0,7,0,0,,19,,False,False,False,367.99999999999943,380,500,3669.000000000081,3790,5000
96755b67f7e727ba,warmup1000_chain3,softmax,3.0,3.0,0.01,corrected,171,clean,0.8008190000000002,0.7205093090000002,0.0,False,,,0.0,0,0,0.0,21,,0,0,2192,19,2211,False,False,False,353.6999999999996,367,500,3509.5000000000787,3645,5000
96755b67f7e727ba,warmup1000_chain3,softmax,3.0,3.0,0.01,corrected,171,faa,0.8008190000000002,0.8975142090000001,0.8975142090000001,False,8,2.9553906444444444,3.0,0,491,0.0,0,10,0,0,,19,,False,False,False,365.7999999999997,378,500,3717.4000000000688,3834,5000
96755b67f7e727ba,warmup1000_chain3,softmax,3.0,3.0,0.01,corrected,172,clean,0.8008190000000002,0.8008190000000002,0.7196967800000003,False,,,0.0,0,0,0.0,0,,0,0,,19,,False,False,False,367.9999999999995,380,500,3710.800000000068,3828,5000
96755b67f7e727ba,warmup1000_chain3,softmax,3.0,3.0,0.01,corrected,172,faa,0.8008190000000002,0.8008190000000002,0.7196967800000003,False,,,3.0,0,495,0.0,0,6,0,0,,19,,False,False,False,394.3999999999994,404,500,3710.800000000068,3828,5000
96755b67f7e727ba,warmup1000_chain3,softmax,3.0,3.0,0.01,corrected,173,clean,0.8008190000000002,0.8008190000000002,0.7044290000000002,False,,,0.0,0,0,0.0,0,,0,0,,19,,False,False,False,385.59999999999934,396,500,3691.000000000076,3810,5000
96755b67f7e727ba,warmup1000_chain3,softmax,3.0,3.0,0.01,corrected,173,faa,0.8008190000000002,0.8008190000000002,0.7044290000000002,False,,,3.0,0,494,0.0,0,7,0,0,,19,,False,False,False,383.39999999999935,394,500,3691.000000000076,3810,5000
96755b67f7e727ba,warmup1000_chain3,softmax,3.0,3.0,0.01,corrected,174,clean,0.7829000000000002,0.7829000000000002,0.0005479999999999929,True,0,0.0,0.0,0,0,0.2848,3,,1425,1425,4943,1444,4962,False,False,False,352.59999999999957,366,500,3640.400000000084,3764,5000
96755b67f7e727ba,warmup1000_chain3,softmax,3.0,3.0,0.01,corrected,174,faa,0.7829000000000002,0.7829000000000002,0.0005479999999999929,True,0,0.0,0.0,0,0,0.2848,3,,1425,1425,4943,1444,4962,False,False,False,352.59999999999957,366,500,3640.400000000084,3764,5000
96755b67f7e727ba,warmup1000_chain3,softmax,3.0,3.0,0.01,corrected,175,clean,0.054800000001223925,5.479999999891128e-07,0.0,False,,,0.0,0,0,0.0,44,,0,0,0,19,19,False,False,False,327.3,343,500,3574.4000000000765,3704,5000
96755b67f7e727ba,warmup1000_chain3,softmax,3.0,3.0,0.01,corrected,175,faa,0.054800000001223925,0.002856029984002695,0.0,False,22,3.0,3.0,0,484,0.0,44,14,0,0,0,19,19,False,False,False,331.6999999999998,347,500,3574.4000000000765,3704,5000
96755b67f7e727ba,warmup1000_chain3,softmax,3.0,3.0,0.01,corrected,176,clean,0.8008190000000002,0.8008190000000002,0.7207354691900003,True,0,0.0,0.0,0,0,0.0966,1,,484,484,,503,,False,False,False,363.5999999999997,376,500,3692.100000000075,3811,5000
96755b67f7e727ba,warmup1000_chain3,softmax,3.0,3.0,0.01,corrected,176,faa,0.8008190000000002,0.8008190000000002,0.7207354691900003,True,0,0.0,0.0,0,0,0.0966,1,,484,484,,503,,False,False,False,363.5999999999997,376,500,3692.100000000075,3811,5000
96755b67f7e727ba,warmup1000_chain3,softmax,3.0,3.0,0.01,corrected,177,clean,0.6469280000000002,0.6453800000000002,0.0,False,,,0.0,0,0,0.0,31,,0,0,1609,19,1628,False,False,False,326.19999999999925,342,500,3575.5000000000855,3705,5000
96755b67f7e727ba,warmup1000_chain3,softmax,3.0,3.0,0.01,corrected,177,faa,0.6469280000000002,0.6636405640869213,0.0,False,,,3.0,0,491,0.0,31,7,0,0,1609,19,1628,False,False,False,360.29999999999933,373,500,3608.5000000000878,3735,5000
96755b67f7e727ba,warmup1000_chain3,softmax,3.0,3.0,0.01,corrected,178,clean,0.7177301900000002,0.7177301900000002,0.7177301900000002,False,,,0.0,0,0,0.0,0,,0,0,,19,,False,False,False,378.99999999999966,390,500,3618.400000000081,3744,5000
96755b67f7e727ba,warmup1000_chain3,softmax,3.0,3.0,0.01,corrected,178,faa,0.7177301900000002,0.9408195570282127,0.8168282553508387,True,12,3.0,3.0,0,5,0.2198,1,7,1100,1100,,1119,,False,False,False,389.99999999999955,400,500,3648.100000000079,3771,5000
96755b67f7e727ba,warmup1000_chain3,softmax,3.0,3.0,0.01,corrected,179,clean,0.7829000000000002,0.7829000000000002,0.5480000000000002,True,0,0.0,0.0,0,0,0.009,1,,46,46,,65,,False,False,False,396.5999999999997,406,500,3672.300000000074,3793,5000
96755b67f7e727ba,warmup1000_chain3,softmax,3.0,3.0,0.01,corrected,179,faa,0.7829000000000002,0.7829000000000002,0.5480000000000002,True,0,0.0,0.0,0,0,0.009,1,,46,46,,65,,False,False,False,396.5999999999997,406,500,3672.300000000074,3793,5000
96755b67f7e727ba,warmup1000_chain3,softmax,3.0,3.0,0.01,corrected,180,clean,0.8009909000000002,0.8009909000000002,0.7208762480900002,False,,,0.0,0,0,0.0,1,,0,0,,19,,False,False,False,392.19999999999976,402,500,3801.000000000066,3910,5000
96755b67f7e727ba,warmup1000_chain3,softmax,3.0,3.0,0.01,corrected,180,faa,0.8009909000000002,0.9407952647000002,0.7870899337190003,True,6,2.239730656333334,2.239730656333334,0,0,0.198,1,5,991,991,,1010,,False,False,False,392.19999999999976,402,500,3801.000000000066,3910,5000
96755b67f7e727ba,warmup1000_chain3,softmax,3.0,3.0,0.01,corrected,181,clean,0.7135092800000002,0.7135092800000002,7.135092799925857e-07,False,,,0.0,0,0,0.0,6,,0,0,4741,19,4760,False,False,False,381.19999999999914,392,500,3442.400000000081,3584,5000
96755b67f7e727ba,warmup1000_chain3,softmax,3.0,3.0,0.01,corrected,181,faa,0.7135092800000002,0.7800820427006002,7.135092799925857e-07,False,6,1.4713333583204444,3.0,0,14,0.0,6,487,0,0,4741,19,4760,False,False,False,383.3999999999992,394,500,3506.2000000000853,3642,5000
96755b67f7e727ba,warmup1000_chain3,softmax,3.0,3.0,0.01,corrected,182,clean,0.8073800000000001,0.8073800000000001,0.0,True,0,0.0,0.0,0,0,0.2302,17,,1152,1152,2802,1171,2821,False,False,False,500.0,500,500,3801.00000000009,3910,5000
96755b67f7e727ba,warmup1000_chain3,softmax,3.0,3.0,0.01,corrected,182,faa,0.8073800000000001,0.8073800000000001,0.0,True,0,0.0,0.0,0,0,0.2302,17,,1152,1152,2802,1171,2821,False,False,False,500.0,500,500,3801.00000000009,3910,5000
96755b67f7e727ba,warmup1000_chain3,softmax,3.0,3.0,0.01,corrected,183,clean,0.7928000000000002,0.7829000000000002,0.0,True,0,0.0,0.0,0,0,0.0158,41,,80,80,371,99,390,False,False,False,433.99999999999875,440,500,3490.8000000000848,3628,5000
96755b67f7e727ba,warmup1000_chain3,softmax,3.0,3.0,0.01,corrected,183,faa,0.7928000000000002,0.7829000000000002,0.0,True,0,0.0,0.0,0,0,0.0158,41,,80,80,371,99,390,False,False,False,433.99999999999875,440,500,3490.8000000000848,3628,5000
96755b67f7e727ba,warmup1000_chain3,softmax,3.0,3.0,0.01,corrected,184,clean,0.7045280000000002,0.7045280000000002,0.0,False,,,0.0,0,0,0.0,15,,0,0,1997,19,2016,False,False,False,363.59999999999997,376,500,3550.2000000000803,3682,5000
96755b67f7e727ba,warmup1000_chain3,softmax,3.0,3.0,0.01,corrected,184,faa,0.7045280000000002,0.479436684872229,0.0,False,26,3.0,3.0,0,233,0.0,22,6,0,0,109,19,128,False,False,False,403.19999999999936,412,500,3524.9000000000788,3659,5000
96755b67f7e727ba,warmup1000_chain3,softmax,3.0,3.0,0.01,corrected,185,clean,0.8009090000000001,0.8009090000000001,0.7191791900000002,True,0,0.0,0.0,0,0,0.134,1,,671,671,,690,,False,False,False,376.79999999999933,388,500,3673.4000000000797,3794,5000
96755b67f7e727ba,warmup1000_chain3,softmax,3.0,3.0,0.01,corrected,185,faa,0.8009090000000001,0.8009090000000001,0.7191791900000002,True,0,0.0,0.0,0,0,0.134,1,,671,671,,690,,False,False,False,376.79999999999933,388,500,3673.4000000000797,3794,5000
96755b67f7e727ba,warmup1000_chain3,softmax,3.0,3.0,0.01,corrected,186,clean,0.8081090000000001,0.8081090000000001,0.0,False,,,0.0,0,0,0.0,19,,0,0,2609,19,2628,False,False,False,416.3999999999991,424,500,3616.2000000000767,3742,5000
96755b67f7e727ba,warmup1000_chain3,softmax,3.0,3.0,0.01,corrected,186,faa,0.8081090000000001,0.8081090000000001,0.0,False,,,3.0,0,498,0.0,19,3,0,0,2609,19,2628,False,False,False,416.3999999999991,424,500,3616.2000000000767,3742,5000
96755b67f7e727ba,warmup1000_chain3,softmax,3.0,3.0,0.01,corrected,187,clean,0.4580000000000002,0.4580000000000002,0.0,False,,,0.0,0,0,0.0,33,,0,0,448,19,467,False,False,False,321.80000000000035,338,500,3513.90000000008,3649,5000
96755b67f7e727ba,warmup1000_chain3,softmax,3.0,3.0,0.01,corrected,187,faa,0.4580000000000002,0.6300000000000001,0.0,True,6,1.211746904464067,1.5109753044546195,0,0,0.084,25,8,421,421,1770,440,1789,False,False,False,337.20000000000016,352,500,3551.300000000081,3683,5000
96755b67f7e727ba,warmup1000_chain3,softmax,3.0,3.0,0.01,corrected,188,clean,0.6200000000000001,0.050822000000000034,0.0,False,,,0.0,0,0,0.0,43,,0,0,184,19,203,False,False,False,353.69999999999936,367,500,3489.7000000000844,3627,5000
96755b67f7e727ba,warmup1000_chain3,softmax,3.0,3.0,0.01,corrected,188,faa,0.6200000000000001,0.08418599565938001,0.0,False,6,2.5523333333333333,3.0,0,436,0.0,43,65,0,0,184,19,203,False,False,False,349.2999999999994,363,500,3489.7000000000844,3627,5000
96755b67f7e727ba,warmup1000_chain3,softmax,3.0,3.0,0.01,corrected,189,clean,0.5480000000000002,0.4580000000000002,0.0,False,,,0.0,0,0,0.0,27,,0,0,1447,19,1466,False,False,False,354.79999999999933,368,500,3522.7000000000726,3657,5000
96755b67f7e727ba,warmup1000_chain3,softmax,3.0,3.0,0.01,corrected,189,faa,0.5480000000000002,0.4580000000000002,0.0,False,,,3.0,0,497,0.0,27,4,0,0,1447,19,1466,False,False,False,350.39999999999935,364,500,3522.7000000000726,3657,5000
96755b67f7e727ba,warmup1000_chain3,softmax,3.0,3.0,0.01,corrected,190,clean,0.5480000000000002,0.5480000000000002,5.4800053383985414e-12,False,,,0.0,0,0,0.0,11,,0,0,4030,19,4049,False,False,False,342.69999999999925,357,500,3551.3000000000834,3683,5000
96755b67f7e727ba,warmup1000_chain3,softmax,3.0,3.0,0.01,corrected,190,faa,0.5480000000000002,0.8018465107123504,7.165934512443073e-12,True,14,3.0,3.0,0,6,0.0216,12,5,109,109,4030,128,4049,False,False,False,444.9999999999993,450,500,3583.200000000085,3712,5000
96755b67f7e727ba,warmup1000_chain3,softmax,3.0,3.0,0.01,corrected,191,clean,0.6200000000000001,0.6200000000000001,0.0,False,,,0.0,0,0,0.0,40,,0,145,956,164,975,False,False,False,381.1999999999991,392,500,3527.100000000089,3661,5000
96755b67f7e727ba,warmup1000_chain3,softmax,3.0,3.0,0.01,corrected,191,faa,0.6200000000000001,0.7288100000000002,0.0,True,6,1.9224444444444448,2.015444444444445,0,0,0.0288,40,10,145,145,957,164,976,False,False,False,371.2999999999991,383,500,3527.100000000089,3661,5000
96755b67f7e727ba,warmup1000_chain3,softmax,3.0,3.0,0.01,corrected,192,clean,0.8081990000000001,0.8081990000000001,0.0,False,,,0.0,0,0,0.0,20,,0,0,2214,19,2233,False,False,False,394.3999999999998,404,500,3573.300000000078,3703,5000
96755b67f7e727ba,warmup1000_chain3,softmax,3.0,3.0,0.01,corrected,192,faa,0.8081990000000001,0.8688608000000001,7.747935626412072e-11,True,5,2.997023755381657,2.997023755381657,0,0,0.2438,11,5,1220,1220,3648,1239,3667,False,False,False,391.0999999999998,401,500,3583.200000000077,3712,5000
96755b67f7e727ba,warmup1000_chain3,softmax,3.0,3.0,0.01,corrected,193,clean,0.7100000000000001,0.7100000000000001,0.0,True,0,0.0,0.0,0,0,0.006,28,,31,32,1764,51,1783,False,False,False,421.89999999999895,429,500,3623.900000000083,3749,5000
96755b67f7e727ba,warmup1000_chain3,softmax,3.0,3.0,0.01,corrected,193,faa,0.7100000000000001,0.7100000000000001,0.0,True,0,0.0,0.0,0,0,0.006,28,,31,32,1764,51,1783,False,False,False,421.89999999999895,429,500,3623.900000000083,3749,5000
96755b67f7e727ba,warmup1000_chain3,softmax,3.0,3.0,0.01,corrected,194,clean,0.7100000000000001,0.7100000000000001,5.4800005750976766e-06,True,0,0.0,0.0,0,0,0.503,6,,2516,2517,4040,2536,4059,False,False,False,376.7999999999996,388,500,3669.0000000000787,3790,5000
96755b67f7e727ba,warmup1000_chain3,softmax,3.0,3.0,0.01,corrected,194,faa,0.7100000000000001,0.7100000000000001,5.4800005750976766e-06,True,0,0.0,0.0,0,0,0.503,6,,2516,2517,4040,2536,4059,False,False,False,376.7999999999996,388,500,3669.0000000000787,3790,5000
96755b67f7e727ba,warmup1000_chain3,softmax,3.0,3.0,0.01,corrected,195,clean,0.4580000000000002,0.4580000000000002,0.0,False,,,0.0,0,0,0.0,45,,0,0,119,19,138,False,False,False,359.1999999999995,372,500,3479.8000000000784,3618,5000
96755b67f7e727ba,warmup1000_chain3,softmax,3.0,3.0,0.01,corrected,195,faa,0.4580000000000002,0.6300000000000001,0.0,True,6,1.1824512338184445,1.4956480287384448,0,0,0.0802,30,8,402,402,2301,421,2320,False,False,False,387.7999999999994,398,500,3562.300000000081,3693,5000
96755b67f7e727ba,warmup1000_chain3,softmax,3.0,3.0,0.01,corrected,196,clean,0.6299000000000002,0.6299000000000002,0.0,False,,,0.0,0,0,0.0,12,,0,0,3363,19,3382,False,False,False,413.0999999999992,421,500,3419.300000000082,3563,5000
96755b67f7e727ba,warmup1000_chain3,softmax,3.0,3.0,0.01,corrected,196,faa,0.6299000000000002,0.8834639094912509,0.0,False,10,3.0,3.0,0,490,0.0,12,6,0,0,3363,19,3382,False,False,False,400.99999999999926,410,500,3549.1000000000836,3681,5000
96755b67f7e727ba,warmup1000_chain3,softmax,3.0,3.0,0.01,corrected,197,clean,0.8009819000000001,0.7111619000000002,0.6299000000000002,False,0,0.0,0.0,0,0,0.0,0,,0,0,,19,,False,False,False,363.59999999999934,376,500,3581.00000000008,3710,5000
96755b67f7e727ba,warmup1000_chain3,softmax,3.0,3.0,0.01,corrected,197,faa,0.8009819000000001,0.8019000000000002,0.7199819000000003,True,0,0.0,0.8020020111111114,0,0,0.1932,1,470,967,967,,986,,False,False,False,363.59999999999934,376,500,3596.4000000000806,3724,5000
96755b67f7e727ba,warmup1000_chain3,softmax,3.0,3.0,0.01,corrected,198,clean,0.8008190000000002,0.7192561580000002,0.7192561580000002,False,,,0.0,0,0,0.0,0,,0,0,,19,,False,False,False,385.5999999999995,396,500,3671.2000000000726,3792,5000
96755b67f7e727ba,warmup1000_chain3,softmax,3.0,3.0,0.01,corrected,198,faa,0.8008190000000002,0.7110062900000003,6.288189999997806e-05,False,7,2.715204206444445,3.0,0,151,0.0,4,350,0,0,4808,19,4827,False,False,False,394.3999999999994,404,500,3622.8000000000766,3748,5000
96755b67f7e727ba,warmup1000_chain3,softmax,3.0,3.0,0.01,corrected,199,clean,0.6299000000000002,0.5579900000000002,0.0,False,,,0.0,0,0,0.0,35,,0,0,84,19,103,False,False,False,369.09999999999957,381,500,3551.3000000000798,3683,5000
96755b67f7e727ba,warmup1000_chain3,softmax,3.0,3.0,0.01,corrected,199,faa,0.6299000000000002,0.5579900000000002,0.0,False,,,3.0,0,493,0.0,22,6,0,0,2499,19,2518,False,False,False,430.6999999999988,437,500,3565.6000000000804,3696,5000
96755b67f7e727ba,warmup1000_chain3,softmax,3.0,3.0,0.01,corrected,200,clean,0.8009189000000001,0.8009189000000001,0.7193583899000002,False,,,0.0,0,0,0.0,0,,0,0,,19,,False,False,False,366.89999999999924,379,500,3746.000000000072,3860,5000
96755b67f7e727ba,warmup1000_chain3,softmax,3.0,3.0,0.01,corrected,200,faa,0.8009189000000001,0.8009189000000001,0.7193583899000002,False,,,3.0,0,494,0.0,0,3,0,0,,19,,False,False,False,366.89999999999924,379,500,3746.000000000072,3860,5000
96755b67f7e727ba,warmup1000_chain3,softmax,3.0,3.0,0.01,corrected,201,clean,0.6299000000000002,0.6299000000000002,0.0,False,,,0.0,0,0,0.0,26,,0,0,1860,19,1879,False,False,False,387.7999999999994,398,500,3557.9000000000756,3689,5000
96755b67f7e727ba,warmup1000_chain3,softmax,3.0,3.0,0.01,corrected,201,faa,0.6299000000000002,0.6299000000000002,0.0,False,,,3.0,0,493,0.0,26,8,0,0,1860,19,1879,False,False,False,464.7999999999994,468,500,3604.100000000077,3731,5000
96755b67f7e727ba,warmup1000_chain3,softmax,3.0,3.0,0.01,corrected,202,clean,0.7100000000000001,0.5570000000000002,0.0,False,0,0.0,0.0,0,0,0.0,29,,0,0,1549,19,1568,False,False,False,354.7999999999996,368,500,3614.000000000079,3740,5000
96755b67f7e727ba,warmup1000_chain3,softmax,3.0,3.0,0.01,corrected,202,faa,0.7100000000000001,0.7100000000000001,0.6227000000000003,True,0,0.0,0.7211111111111111,0,0,0.0628,0,191,315,315,,334,,False,False,False,354.7999999999996,368,500,3799.9000000000688,3909,5000
96755b67f7e727ba,warmup1000_chain3,softmax,3.0,3.0,0.01,corrected,203,clean,0.8009090000000001,0.8009090000000001,0.0,False,,,0.0,0,0,0.0,16,,0,1190,2717,1209,2736,False,False,False,376.7999999999993,388,500,3693.2000000000744,3812,5000
96755b67f7e727ba,warmup1000_chain3,softmax,3.0,3.0,0.01,corrected,203,faa,0.8009090000000001,0.9564253462700002,0.7126271900000003,True,9,3.0,3.0,0,3,0.2378,0,6,1190,1190,,1209,,False,False,False,369.09999999999945,381,500,3713.0000000000728,3830,5000
96755b67f7e727ba,warmup1000_chain3,softmax,3.0,3.0,0.01,corrected,204,clean,0.8089280000000001,0.8089280000000001,0.7256745800000002,False,,,0.0,0,0,0.0,0,,0,0,,19,,False,False,False,500.0,500,500,4249.800000000033,4318,5000
96755b67f7e727ba,warmup1000_chain3,softmax,3.0,3.0,0.01,corrected,204,faa,0.8089280000000001,1.06843911645327,0.7723175036207572,False,,,3.0,0,496,0.5616,1,4,0,4901,,4920,,False,False,True,490.1,491,500,4514.899999999983,4559,5000
96755b67f7e727ba,warmup1000_chain3,softmax,3.0,3.0,0.01,corrected,205,clean,0.6200000000000001,0.5480000000000002,0.0,False,,,0.0,0,0,0.0,27,,0,0,1396,19,1415,False,False,False,392.1999999999995,402,500,3622.8000000000766,3748,5000
96755b67f7e727ba,warmup1000_chain3,softmax,3.0,3.0,0.01,corrected,205,faa,0.6200000000000001,0.7100000000000002,0.0,True,9,2.9813333333333336,2.9813333333333336,0,0,0.0978,28,8,490,491,1401,510,1420,False,False,False,414.1999999999991,422,500,3626.100000000078,3751,5000
96755b67f7e727ba,warmup1000_chain3,softmax,3.0,3.0,0.01,corrected,206,clean,0.6971390000000002,0.6971390000000002,0.0,False,,,0.0,0,0,0.0,33,,0,0,1612,19,1631,False,False,False,358.0999999999997,371,500,3531.500000000082,3665,5000
96755b67f7e727ba,warmup1000_chain3,softmax,3.0,3.0,0.01,corrected,206,faa,0.6971390000000002,0.6971390000000002,0.0,False,,,3.0,0,492,0.0,33,8,0,0,1612,19,1631,False,False,False,371.2999999999997,383,500,3531.500000000082,3665,5000
96755b67f7e727ba,warmup1000_chain3,softmax,3.0,3.0,0.01,corrected,207,clean,0.7044290000000002,0.7044290000000002,0.7044290000000002,False,,,0.0,0,0,0.0,0,,0,0,,19,,False,False,False,376.79999999999956,388,500,3600.8000000000784,3728,5000
96755b67f7e727ba,warmup1000_chain3,softmax,3.0,3.0,0.01,corrected,207,faa,0.7044290000000002,0.9374454900000001,0.7044290000000002,True,6,2.728395083444445,2.803752183444445,0,0,0.0742,0,8,372,372,,391,,False,False,False,377.8999999999996,389,500,3633.8000000000798,3758,5000
96755b67f7e727ba,warmup1000_chain3,softmax,3.0,3.0,0.01,corrected,208,clean,0.5570000000000002,5.5700055794472014e-05,0.0,False,,,0.0,0,0,0.0,32,,0,0,0,19,19,False,False,False,339.39999999999907,354,500,3515.000000000081,3650,5000
96755b67f7e727ba,warmup1000_chain3,softmax,3.0,3.0,0.01,corrected,208,faa,0.5570000000000002,0.5570000000000002,4.110283922109659e-07,False,,,3.0,0,491,0.0,7,10,0,0,3760,19,3779,False,False,False,361.39999999999935,374,500,3549.100000000081,3681,5000
96755b67f7e727ba,warmup1000_chain3,softmax,3.0,3.0,0.01,corrected,209,clean,0.7100000000000001,0.5480000000000002,0.0,False,0,0.0,0.0,0,0,0.0,32,,0,0,717,19,736,False,False,False,327.29999999999995,343,500,3522.7000000000844,3657,5000
96755b67f7e727ba,warmup1000_chain3,softmax,3.0,3.0,0.01,corrected,209,faa,0.7100000000000001,0.7100000000000001,0.0,True,0,0.0,1.5231111111111113,0,0,0.0028,32,241,15,15,717,34,736,False,False,False,339.39999999999986,354,500,3522.7000000000844,3657,5000
96755b67f7e727ba,warmup1000_chain3,softmax,3.0,3.0,0.01,corrected,210,clean,0.6299000000000002,0.6299000000000002,6.298999999931887e-07,False,,,0.0,0,0,0.0,6,,0,0,3882,19,3901,False,False,False,350.39999999999964,364,500,3658.000000000076,3780,5000
96755b67f7e727ba,warmup1000_chain3,softmax,3.0,3.0,0.01,corrected,210,faa,0.6299000000000002,0.8019000000000002,0.8019000000000002,True,6,1.3734444444444462,2.9169744444444463,0,0,1.0,0,317,,,,,,False,False,False,373.4999999999996,385,500,3803.200000000067,3912,5000
96755b67f7e727ba,warmup1000_chain3,softmax,3.0,3.0,0.01,corrected,211,clean,0.7928900000000001,0.7928900000000001,0.0,True,0,0.0,0.0,0,0,0.4568,35,,2285,2285,2461,2304,2480,False,False,False,394.39999999999964,404,500,3628.300000000082,3753,5000
96755b67f7e727ba,warmup1000_chain3,softmax,3.0,3.0,0.01,corrected,211,faa,0.7928900000000001,0.7928900000000001,0.0,True,0,0.0,0.0,0,0,0.4568,35,,2285,2285,2461,2304,2480,False,False,False,394.39999999999964,404,500,3628.300000000082,3753,5000
96755b67f7e727ba,warmup1000_chain3,softmax,3.0,3.0,0.01,corrected,212,clean,0.7280131418000002,0.7280131418000002,0.7280131418000002,False,,,0.0,0,0,0.0,0,,0,0,,19,,False,False,False,376.79999999999905,388,500,3741.600000000074,3856,5000
96755b67f7e727ba,warmup1000_chain3,softmax,3.0,3.0,0.01,corrected,212,faa,0.7280131418000002,0.953163187821132,0.953163187821132,True,11,3.0,3.0,0,3,1.0,0,7,,,,,,False,False,False,389.9999999999991,400,500,3741.600000000074,3856,5000
96755b67f7e727ba,warmup1000_chain3,softmax,3.0,3.0,0.01,corrected,213,clean,0.6299000000000002,0.6299000000000002,0.0,False,,,0.0,0,0,0.0,11,,0,0,3657,19,3676,False,False,False,381.1999999999995,392,500,3687.700000000075,3807,5000
96755b67f7e727ba,warmup1000_chain3,softmax,3.0,3.0,0.01,corrected,213,faa,0.6299000000000002,0.6299000000000002,0.0,False,,,3.0,0,492,0.0,11,8,0,0,3657,19,3676,False,False,False,387.79999999999944,398,500,3643.700000000073,3767,5000
96755b67f7e727ba,warmup1000_chain3,softmax,3.0,3.0,0.01,corrected,214,clean,0.7038629000000002,0.7038629000000002,0.7038629000000002,False,,,0.0,0,0,0.0,0,,0,0,,19,,False,False,False,337.19999999999965,352,500,3618.400000000078,3744,5000
96755b67f7e727ba,warmup1000_chain3,softmax,3.0,3.0,0.01,corrected,214,faa,0.7038629000000002,0.7744311227518236,0.7744311227518236,False,,,3.0,0,491,0.0,0,10,0,0,,19,,False,False,False,345.9999999999996,360,500,3781.2000000000703,3892,5000
96755b67f7e727ba,warmup1000_chain3,softmax,3.0,3.0,0.01,corrected,215,clean,0.7100000000000001,0.11321000000000009,0.0,False,0,0.0,0.0,0,0,0.0,37,,0,0,623,19,642,False,False,False,364.6999999999996,377,500,3421.5000000000864,3565,5000
96755b67f7e727ba,warmup1000_chain3,softmax,3.0,3.0,0.01,corrected,215,faa,0.7100000000000001,0.6300000000000001,5.6509796841908155e-12,True,0,0.0,1.3511111111111114,0,0,0.0532,11,385,267,267,4005,286,4024,False,False,False,364.6999999999996,377,500,3469.9000000000865,3609,5000
96755b67f7e727ba,warmup1000_chain3,softmax,3.0,3.0,0.01,corrected,216,clean,0.5480000000000002,0.4580000000000002,0.0,False,,,0.0,0,0,0.0,41,,0,0,166,19,185,False,False,False,350.3999999999997,364,500,3496.3000000000807,3633,5000
96755b67f7e727ba,warmup1000_chain3,softmax,3.0,3.0,0.01,corrected,216,faa,0.5480000000000002,0.4580000000000002,0.0,False,,,3.0,0,494,0.0,41,7,0,0,166,19,185,False,False,False,356.9999999999996,370,500,3496.3000000000807,3633,5000
96755b67f7e727ba,warmup1000_chain3,softmax,3.0,3.0,0.01,corrected,217,clean,0.8090997380000001,0.8090997380000001,0.7280332184600002,False,,,0.0,0,0,0.0,0,,0,0,,19,,False,False,False,382.2999999999996,393,500,3737.200000000065,3852,5000
96755b67f7e727ba,warmup1000_chain3,softmax,3.0,3.0,0.01,corrected,217,faa,0.8090997380000001,0.9464956623080001,0.7782124930378002,True,5,2.6937031741731454,2.7757932003731454,0,0,0.6208,1,6,3105,3105,,3124,,False,False,False,380.09999999999957,391,500,3735.000000000065,3850,5000
96755b67f7e727ba,warmup1000_chain3,softmax,3.0,3.0,0.01,corrected,218,clean,0.6200000000000001,0.6200000000000001,0.4580000000000002,False,,,0.0,0,0,0.0,0,,0,2137,,2156,,False,False,False,352.5999999999997,366,500,3713.000000000072,3830,5000
96755b67f7e727ba,warmup1000_chain3,softmax,3.0,3.0,0.01,corrected,218,faa,0.6200000000000001,0.7100000000000002,0.4480000000000002,True,7,2.3124444444444445,2.4134444444444445,0,0,0.4272,0,8,2137,2137,,2156,,False,False,False,359.1999999999997,372,500,3713.000000000072,3830,5000
96755b67f7e727ba,warmup1000_chain3,softmax,3.0,3.0,0.01,corrected,219,clean,0.7199000000000001,0.6299000000000002,6.298999999987398e-06,False,,,0.0,0,0,0.0,4,,0,0,4661,19,4680,False,False,False,380.0999999999999,391,500,3566.7000000000776,3697,5000
96755b67f7e727ba,warmup1000_chain3,softmax,3.0,3.0,0.01,corrected,219,faa,0.7199000000000001,0.5479000000000002,5.478999999974921e-06,False,5,2.5344554444444443,3.0,0,423,0.0,4,78,0,0,4661,19,4680,False,False,False,381.2,392,500,3573.300000000078,3703,5000
96755b67f7e727ba,warmup1000_chain3,softmax,3.0,3.0,0.01,corrected,220,clean,5.088276620046628e-06,5.088276620046628e-06,0.0,False,,,0.0,0,0,0.0,34,,0,0,0,19,19,False,False,False,372.39999999999935,384,500,3542.5000000000828,3675,5000
96755b67f7e727ba,warmup1000_chain3,softmax,3.0,3.0,0.01,corrected,220,faa,5.088276620046628e-06,0.13122463033172427,0.0,False,15,3.0,3.0,0,145,0.0,32,12,0,0,166,19,185,False,False,False,386.6999999999993,397,500,3544.7000000000835,3677,5000
96755b67f7e727ba,warmup1000_chain3,softmax,3.0,3.0,0.01,corrected,221,clean,0.8999,0.8090828000000001,7.044290000002285e-05,True,0,0.0,0.0,0,0,0.0264,4,,133,133,4926,152,4945,False,False,False,440.5999999999988,446,500,3630.5000000000796,3755,5000
96755b67f7e727ba,warmup1000_chain3,softmax,3.0,3.0,0.01,corrected,221,faa,0.8999,0.8090828000000001,7.044290000002285e-05,True,0,0.0,0.0,0,0,0.0264,4,,133,133,4926,152,4945,False,False,False,440.5999999999988,446,500,3630.5000000000796,3755,5000
96755b67f7e727ba,warmup1000_chain3,softmax,3.0,3.0,0.01,corrected,222,clean,0.6200000000000001,0.010104200000000008,0.0,False,,,0.0,0,0,0.0,41,,0,0,0,19,19,False,False,False,348.19999999999953,362,500,3553.500000000081,3685,5000
96755b67f7e727ba,warmup1000_chain3,softmax,3.0,3.0,0.01,corrected,222,faa,0.6200000000000001,0.4411726100000001,0.0,False,5,2.5523333333333333,3.0,0,258,0.0,25,243,0,0,1528,19,1547,False,False,False,348.1999999999996,362,500,3582.1000000000818,3711,5000
96755b67f7e727ba,warmup1000_chain3,softmax,3.0,3.0,0.01,corrected,223,clean,0.5570000000000002,0.5570000000000002,5.570000000121311e-07,False,,,0.0,0,0,0.0,4,,0,0,4621,19,4640,False,False,False,373.4999999999996,385,500,3586.500000000072,3715,5000
96755b67f7e727ba,warmup1000_chain3,softmax,3.0,3.0,0.01,corrected,223,faa,0.5570000000000002,0.8019000000000001,5.570000000121311e-07,True,6,2.293126444444445,2.293126444444445,0,0,0.023,4,6,116,116,4621,135,4640,False,False,False,371.2999999999997,383,500,3597.5000000000723,3725,5000
96755b67f7e727ba,warmup1000_chain3,softmax,3.0,3.0,0.01,corrected,224,clean,0.6478847000000002,0.6478847000000002,0.0,False,,,0.0,0,0,0.0,26,,0,0,1452,19,1471,False,False,False,356.999999999999,370,500,3634.900000000075,3759,5000
96755b67f7e727ba,warmup1000_chain3,softmax,3.0,3.0,0.01,corrected,224,faa,0.6478847000000002,0.8998939200644502,0.8089507499714499,True,15,3.0,3.0,0,10,0.3582,1,6,1792,1792,,1811,,False,False,False,394.3999999999984,404,500,3809.8000000000666,3918,5000
96755b67f7e727ba,warmup1000_chain3,softmax,3.0,3.0,0.01,corrected,225,clean,0.6476570000000001,0.6476570000000001,0.6381890000000002,False,,,0.0,0,0,0.0,0,,0,0,,19,,False,False,False,365.7999999999997,378,500,3650.3000000000807,3773,5000
96755b67f7e727ba,warmup1000_chain3,softmax,3.0,3.0,0.01,corrected,225,faa,0.6476570000000001,0.6476570000000001,0.6381890000000002,False,,,3.0,0,494,0.0,0,7,0,0,,19,,False,False,False,392.1999999999995,402,500,3650.3000000000807,3773,5000
96755b67f7e727ba,warmup1000_chain3,softmax,3.0,3.0,0.01,corrected,226,clean,0.6200000000000001,0.6200000000000001,0.5480000000000002,False,,,0.0,0,0,0.0,1,,0,1276,,1295,,False,False,False,334.9999999999998,350,500,3626.1000000000777,3751,5000
96755b67f7e727ba,warmup1000_chain3,softmax,3.0,3.0,0.01,corrected,226,faa,0.6200000000000001,0.7181000000000002,0.6299000000000002,True,16,3.0,3.0,0,9,0.255,1,8,1276,1276,,1295,,False,False,False,347.0999999999997,361,500,3689.9000000000724,3809,5000
96755b67f7e727ba,warmup1000_chain3,softmax,3.0,3.0,0.01,corrected,227,clean,0.6200000000000001,0.5480000000000002,0.5480000000000002,False,,,0.0,0,0,0.0,0,,0,0,,19,,False,False,False,355.89999999999986,369,500,3572.200000000074,3702,5000
96755b67f7e727ba,warmup1000_chain3,softmax,3.0,3.0,0.01,corrected,227,faa,0.6200000000000001,0.5480000000000002,0.5480000000000002,False,,,3.0,0,494,0.0,0,7,0,0,,19,,False,False,False,380.09999999999974,391,500,3572.200000000074,3702,5000
96755b67f7e727ba,warmup1000_chain3,softmax,3.0,3.0,0.01,corrected,228,clean,0.8008190000000002,4.7810856509011845e-05,0.0,False,0,0.0,0.0,0,0,0.0,51,,0,0,0,19,19,False,False,False,334.9999999999997,350,500,3438.0000000000837,3580,5000
96755b67f7e727ba,warmup1000_chain3,softmax,3.0,3.0,0.01,corrected,228,faa,0.8008190000000002,0.6300000000000001,0.0,True,0,0.0,1.9410201111111118,0,0,0.0732,32,120,367,367,1749,386,1768,False,False,False,340.4999999999997,355,500,3463.3000000000843,3603,5000
96755b67f7e727ba,warmup1000_chain3,softmax,3.0,3.0,0.01,corrected,229,clean,0.7991900000000001,0.5579000000000002,0.4580000000000002,False,0,0.0,0.0,0,0,0.0,0,,0,0,,19,,False,False,False,363.5999999999997,376,500,3592.0000000000737,3720,5000
96755b67f7e727ba,warmup1000_chain3,softmax,3.0,3.0,0.01,corrected,229,faa,0.7991900000000001,0.6300000000000001,0.4580000000000002,True,0,0.0,0.6112011111111113,0,0,0.0696,0,252,349,349,,368,,False,False,False,363.5999999999997,376,500,3653.600000000074,3776,5000
96755b67f7e727ba,warmup1000_chain3,softmax,3.0,3.0,0.01,corrected,230,clean,0.5480000000000002,0.5480000000000002,0.0,False,,,0.0,0,0,0.0,32,,0,0,1686,19,1705,False,False,False,356.9999999999993,370,500,3562.3000000000825,3693,5000
96755b67f7e727ba,warmup1000_chain3,softmax,3.0,3.0,0.01,corrected,230,faa,0.5480000000000002,0.5751030590000001,0.0,False,13,2.6277878014444433,3.0,0,484,0.0,33,17,0,0,1583,19,1602,False,False,False,363.59999999999945,376,500,3592.0000000000846,3720,5000
96755b67f7e727ba,warmup1000_chain3,softmax,3.0,3.0,0.01,corrected,231,clean,0.6477299000000002,0.6477299000000002,0.006389089999999986,False,,,0.0,0,0,0.0,2,,0,0,4983,19,,False,False,False,369.09999999999934,381,500,3667.900000000068,3789,5000
96755b67f7e727ba,warmup1000_chain3,softmax,3.0,3.0,0.01,corrected,231,faa,0.6477299000000002,0.6259986198026042,0.006259986198026035,False,,,3.0,0,489,0.0,2,6,0,0,4983,19,,False,False,False,360.2999999999994,373,500,3667.900000000068,3789,5000
96755b67f7e727ba,warmup1000_chain3,softmax,3.0,3.0,0.01,corrected,232,clean,0.4580000000000002,0.4580000000000002,0.0,False,,,0.0,0,0,0.0,30,,0,0,109,19,128,False,False,False,355.89999999999947,369,500,3535.9000000000797,3669,5000
96755b67f7e727ba,warmup1000_chain3,softmax,3.0,3.0,0.01,corrected,232,faa,0.4580000000000002,0.5022255680000002,0.0,False,8,2.9900432124444443,3.0,0,479,0.0,28,22,0,0,1115,19,1134,False,False,False,378.99999999999943,390,500,3552.4000000000806,3684,5000
96755b67f7e727ba,warmup1000_chain3,softmax,3.0,3.0,0.01,corrected,233,clean,0.8090738000000002,0.8090738000000002,0.7281612981800002,False,,,0.0,0,0,0.0,1,,0,0,,19,,False,False,False,383.39999999999964,394,500,3670.1000000000668,3791,5000
96755b67f7e727ba,warmup1000_chain3,softmax,3.0,3.0,0.01,corrected,233,faa,0.8090738000000002,1.06304012094048,0.78857298030387,True,12,3.0,3.0,0,8,0.5486,1,4,2744,2744,,2763,,False,False,False,487.9,489,500,3813.1000000000736,3921,5000
96755b67f7e727ba,warmup1000_chain3,softmax,3.0,3.0,0.01,corrected,234,clean,0.7919000000000002,0.7044290000000002,0.0,False,,,0.0,0,0,0.0,26,,0,0,2578,19,2597,False,False,False,418.5999999999985,426,500,3450.1000000000895,3591,5000
96755b67f7e727ba,warmup1000_chain3,softmax,3.0,3.0,0.01,corrected,234,faa,0.7919000000000002,0.7044290000000002,0.0,False,,,3.0,0,497,0.0,26,4,0,0,2578,19,2597,False,False,False,414.19999999999857,422,500,3450.1000000000895,3591,5000
96755b67f7e727ba,warmup1000_chain3,softmax,3.0,3.0,0.01,corrected,235,clean,0.8000900000000002,0.7045190000000001,0.6299000000000002,False,0,0.0,0.0,0,0,0.0,0,,0,0,,19,,False,False,False,444.99999999999886,450,500,3637.100000000078,3761,5000
96755b67f7e727ba,warmup1000_chain3,softmax,3.0,3.0,0.01,corrected,235,faa,0.8000900000000002,0.8019000000000002,0.7118909000000002,True,0,0.0,0.8021011111111113,0,0,0.469,0,489,2346,2346,,2365,,False,False,False,444.99999999999886,450,500,3729.5000000000705,3845,5000
96755b67f7e727ba,warmup1000_chain3,softmax,3.0,3.0,0.01,corrected,236,clean,0.7100000000000001,0.7100000000000001,0.0,True,0,0.0,0.0,0,0,0.0064,32,,33,33,871,52,890,False,False,False,385.5999999999993,396,500,3508.4000000000847,3644,5000
96755b67f7e727ba,warmup1000_chain3,softmax,3.0,3.0,0.01,corrected,236,faa,0.7100000000000001,0.7100000000000001,0.0,True,0,0.0,0.0,0,0,0.0064,32,,33,33,871,52,890,False,False,False,385.5999999999993,396,500,3508.4000000000847,3644,5000
96755b67f7e727ba,warmup1000_chain3,softmax,3.0,3.0,0.01,corrected,237,clean,0.4580000000000002,0.4580000000000002,0.0,False,,,0.0,0,0,0.0,29,,0,0,116,19,135,False,False,False,361.3999999999993,374,500,3556.800000000076,3688,5000
96755b67f7e727ba,warmup1000_chain3,softmax,3.0,3.0,0.01,corrected,237,faa,0.4580000000000002,0.6300000000000001,0.0,True,8,1.9625026903644445,2.3837999372644445,0,0,0.174,24,13,871,871,1610,890,1629,False,False,False,377.8999999999994,389,500,3598.6000000000777,3726,5000
96755b67f7e727ba,warmup1000_chain3,softmax,3.0,3.0,0.01,corrected,238,clean,0.6299000000000002,6.299000000042909e-06,0.0,False,,,0.0,0,0,0.0,40,,0,0,0,19,19,False,False,False,344.8999999999993,359,500,3479.8000000000866,3618,5000
96755b67f7e727ba,warmup1000_chain3,softmax,3.0,3.0,0.01,corrected,238,faa,0.6299000000000002,6.375826140214702e-06,0.0,False,,,3.0,0,489,0.0,40,11,0,0,0,19,19,False,False,False,342.69999999999936,357,500,3479.8000000000866,3618,5000
96755b67f7e727ba,warmup1000_chain3,softmax,3.0,3.0,0.01,corrected,239,clean,0.8082809000000001,0.7044290000000002,0.0,False,0,0.0,0.0,0,0,0.0,24,,0,0,2138,19,2157,False,False,False,370.1999999999998,382,500,3621.7000000000808,3747,5000
96755b67f7e727ba,warmup1000_chain3,softmax,3.0,3.0,0.01,corrected,239,faa,0.8082809000000001,0.8082809000000001,0.0,True,0,0.0,0.8840010111111113,0,0,0.0932,25,204,467,467,2138,486,2157,False,False,False,370.1999999999998,382,500,3633.800000000081,3758,5000
96755b67f7e727ba,warmup1000_chain3,softmax,3.0,3.0,0.01,corrected,240,clean,0.5480000000000002,0.5480000000000002,0.0,False,,,0.0,0,0,0.0,17,,0,0,3848,19,3867,False,False,False,392.1999999999995,402,500,3566.700000000081,3697,5000
96755b67f7e727ba,warmup1000_chain3,softmax,3.0,3.0,0.01,corrected,240,faa,0.5480000000000002,0.8010000000000002,6.298850330210826e-13,True,6,2.283126444444445,2.374126444444445,0,0,0.262,13,8,1311,1311,4215,1330,4234,False,False,False,388.8999999999994,399,500,3586.5000000000805,3715,5000
96755b67f7e727ba,warmup1000_chain3,softmax,3.0,3.0,0.01,corrected,241,clean,0.7919000000000002,0.7919000000000002,0.0,True,0,0.0,0.0,0,0,0.017,24,,86,86,1965,105,1984,False,False,False,365.7999999999993,378,500,3572.200000000081,3702,5000
96755b67f7e727ba,warmup1000_chain3,softmax,3.0,3.0,0.01,corrected,241,faa,0.7919000000000002,0.7919000000000002,0.0,True,0,0.0,0.0,0,0,0.017,24,,86,86,1965,105,1984,False,False,False,365.7999999999993,378,500,3572.200000000081,3702,5000
96755b67f7e727ba,warmup1000_chain3,softmax,3.0,3.0,0.01,corrected,242,clean,0.5480000000000002,0.5480000000000002,0.0,False,,,0.0,0,0,0.0,41,,0,0,756,19,775,False,False,False,376.7999999999991,388,500,3456.700000000083,3597,5000
96755b67f7e727ba,warmup1000_chain3,softmax,3.0,3.0,0.01,corrected,242,faa,0.5480000000000002,0.31469451795438586,0.0,True,19,3.0,3.0,0,2,0.011,42,16,56,56,755,75,774,False,False,False,384.499999999999,395,500,3468.800000000083,3608,5000
96755b67f7e727ba,warmup1000_chain3,softmax,3.0,3.0,0.01,corrected,243,clean,0.6299000000000002,0.6299000000000002,0.0,False,,,0.0,0,0,0.0,34,,0,0,931,19,950,False,False,False,387.7999999999996,398,500,3478.700000000077,3617,5000
96755b67f7e727ba,warmup1000_chain3,softmax,3.0,3.0,0.01,corrected,243,faa,0.6299000000000002,0.8837018190000001,8.024571095643918e-05,False,7,2.9139044444444444,3.0,0,488,0.0,5,13,0,0,4504,19,4523,False,False,False,382.2999999999997,393,500,3617.300000000073,3743,5000
96755b67f7e727ba,warmup1000_chain3,softmax,3.0,3.0,0.01,corrected,244,clean,0.5570000000000002,0.5570000000000002,5.551115123125783e-16,False,,,0.0,0,0,0.0,14,,0,0,1818,19,1837,False,False,False,356.9999999999992,370,500,3619.5000000000773,3745,5000
96755b67f7e727ba,warmup1000_chain3,softmax,3.0,3.0,0.01,corrected,244,faa,0.5570000000000002,0.8099919000000001,0.7191343592000528,True,6,2.293126439000525,2.459746439000525,0,0,0.7006,1,14,3504,3504,,3523,,False,False,False,380.099999999999,391,500,3742.7000000000726,3857,5000
96755b67f7e727ba,warmup1000_chain3,softmax,3.0,3.0,0.01,corrected,245,clean,0.05982200000000054,5.982802697701572e-08,0.0,False,,,0.0,0,0,0.0,40,,0,0,0,19,19,False,False,False,348.19999999999914,362,500,3482.0000000000787,3620,5000
96755b67f7e727ba,warmup1000_chain3,softmax,3.0,3.0,0.01,corrected,245,faa,0.05982200000000054,0.013234894790439544,0.0,False,9,2.158009593324444,3.0,0,135,0.0,40,366,0,0,0,19,19,False,False,False,358.0999999999991,371,500,3482.0000000000787,3620,5000
96755b67f7e727ba,warmup1000_chain3,softmax,3.0,3.0,0.01,corrected,246,clean,0.4580000000000002,0.4580000000000002,0.0,False,,,0.0,0,0,0.0,43,,0,0,339,19,358,False,False,False,374.5999999999997,386,500,3441.3000000000857,3583,5000
96755b67f7e727ba,warmup1000_chain3,softmax,3.0,3.0,0.01,corrected,246,faa,0.4580000000000002,0.292100620396526,0.0,False,7,2.703444889044444,3.0,0,488,0.0,43,13,0,0,339,19,358,False,False,False,381.19999999999965,392,500,3441.3000000000857,3583,5000
96755b67f7e727ba,warmup1000_chain3,softmax,3.0,3.0,0.01,corrected,247,clean,0.6476570000000001,0.6476570000000001,0.0,False,,,0.0,0,0,0.0,19,,0,0,2610,19,2629,False,False,False,344.89999999999935,359,500,3608.50000000008,3735,5000
96755b67f7e727ba,warmup1000_chain3,softmax,3.0,3.0,0.01,corrected,247,faa,0.6476570000000001,0.6476570000000001,0.0,False,,,3.0,0,496,0.0,19,5,0,0,2610,19,2629,False,False,False,349.29999999999933,363,500,3608.50000000008,3735,5000
96755b67f7e727ba,warmup1000_chain3,softmax,3.0,3.0,0.01,corrected,248,clean,0.8009180000000001,0.7208239625000001,0.0,False,,,0.0,0,0,0.0,29,,0,0,2462,19,2481,False,False,False,359.1999999999992,372,500,3460.0000000000846,3600,5000
96755b67f7e727ba,warmup1000_chain3,softmax,3.0,3.0,0.01,corrected,248,faa,0.8009180000000001,0.8378249290400002,0.0,False,6,2.962950805133333,3.0,0,61,0.0,28,440,0,0,2827,19,2846,False,False,False,385.5999999999989,396,500,3461.1000000000845,3601,5000
96755b67f7e727ba,warmup1000_chain3,softmax,3.0,3.0,0.01,corrected,249,clean,0.8008190000000002,0.7189677800000003,0.7170578000000003,False,,,0.0,0,0,0.0,0,,0,0,,19,,False,False,False,356.9999999999993,370,500,3592.0000000000778,3720,5000
96755b67f7e727ba,warmup1000_chain3,softmax,3.0,3.0,0.01,corrected,249,faa,0.8008190000000002,0.8441929803464002,0.7774989113770002,False,6,2.3235594544444447,3.0,0,43,0.0,0,458,0,0,,19,,False,False,False,351.49999999999943,365,500,3677.8000000000707,3798,5000
96755b67f7e727ba,warmup1000_chain3,softmax,3.0,3.0,0.01,corrected,250,clean,0.6470828000000002,0.6470828000000002,0.6299000000000002,False,,,0.0,0,0,0.0,0,,0,0,,19,,False,False,False,361.39999999999975,374,500,3596.4000000000783,3724,5000
96755b67f7e727ba,warmup1000_chain3,softmax,3.0,3.0,0.01,corrected,250,faa,0.6470828000000002,0.6299000000000002,0.6299000000000002,False,,,3.0,0,493,0.0,0,8,0,0,,19,,False,False,False,394.3999999999994,404,500,3528.200000000077,3662,5000
96755b67f7e727ba,warmup1000_chain3,softmax,3.0,3.0,0.01,corrected,251,clean,0.8096570000000001,0.8096570000000001,0.7044290000000002,True,0,0.0,0.0,0,0,0.0694,1,,348,348,,367,,False,False,False,370.19999999999925,382,500,3660.200000000083,3782,5000
96755b67f7e727ba,warmup1000_chain3,softmax,3.0,3.0,0.01,corrected,251,faa,0.8096570000000001,0.8096570000000001,0.7044290000000002,True,0,0.0,0.0,0,0,0.0694,1,,348,348,,367,,False,False,False,370.19999999999925,382,500,3660.200000000083,3782,5000
96755b67f7e727ba,warmup1000_chain3,softmax,3.0,3.0,0.01,corrected,252,clean,0.5480000000000002,0.5480000000000002,0.0,False,,,0.0,0,0,0.0,29,,0,0,970,19,989,False,False,False,381.1999999999995,392,500,3609.6000000000795,3736,5000
96755b67f7e727ba,warmup1000_chain3,softmax,3.0,3.0,0.01,corrected,252,faa,0.5480000000000002,0.5480000000000002,0.0,False,,,3.0,0,494,0.0,29,7,0,0,970,19,989,False,False,False,387.7999999999995,398,500,3609.6000000000795,3736,5000
96755b67f7e727ba,warmup1000_chain3,softmax,3.0,3.0,0.01,corrected,253,clean,0.6200000000000001,0.5579900000000002,0.0,False,,,0.0,0,0,0.0,34,,0,0,1426,19,1445,False,False,False,372.3999999999996,384,500,3493.000000000084,3630,5000
96755b67f7e727ba,warmup1000_chain3,softmax,3.0,3.0,0.01,corrected,253,faa,0.6200000000000001,0.4589000000000002,1.1102230246251565e-16,False,3,1.5444444444444443,3.0,0,489,0.0,37,12,0,0,1167,19,1186,False,False,False,366.89999999999964,379,500,3488.6000000000836,3626,5000
96755b67f7e727ba,warmup1000_chain3,softmax,3.0,3.0,0.01,corrected,254,clean,0.5480000000000002,0.5480000000000002,0.0,False,,,0.0,0,0,0.0,17,,0,0,744,19,763,False,False,False,341.5999999999995,356,500,3601.9000000000783,3729,5000
96755b67f7e727ba,warmup1000_chain3,softmax,3.0,3.0,0.01,corrected,254,faa,0.5480000000000002,0.8099910000000001,0.7190388602000002,True,6,2.283126444444445,2.449026444444445,0,0,0.6678,1,14,3340,3340,,3359,,False,False,False,349.29999999999956,363,500,3762.5000000000714,3875,5000
96755b67f7e727ba,warmup1000_chain3,softmax,3.0,3.0,0.01,corrected,255,clean,0.7100000000000001,0.7100000000000001,0.0,False,,,0.0,0,0,0.0,24,,0,1215,1881,1234,1900,False,False,False,365.79999999999956,378,500,3623.900000000084,3749,5000
96755b67f7e727ba,warmup1000_chain3,softmax,3.0,3.0,0.01,corrected,255,faa,0.7100000000000001,0.8099998190000002,0.0,True,6,2.0854444444444447,2.235964444444445,0,0,0.2428,24,13,1215,1215,1881,1234,1900,False,False,False,367.99999999999955,380,500,3623.900000000084,3749,5000
96755b67f7e727ba,warmup1000_chain3,softmax,3.0,3.0,0.01,corrected,256,clean,0.6299000000000002,0.6299000000000002,0.6299000000000002,False,,,0.0,0,0,0.0,0,,0,0,,19,,False,False,False,385.5999999999993,396,500,3583.200000000082,3712,5000
96755b67f7e727ba,warmup1000_chain3,softmax,3.0,3.0,0.01,corrected,256,faa,0.6299000000000002,0.7055829000064607,0.6299000000000002,False,8,2.1534444556753183,3.0,0,3,0.0,0,498,0,0,,19,,False,False,False,398.79999999999916,408,500,3625.000000000084,3750,5000
96755b67f7e727ba,warmup1000_chain3,softmax,3.0,3.0,0.01,corrected,257,clean,0.8000900000000002,0.7100000000000001,5.713380768490595e-09,False,,,0.0,0,0,0.0,7,,0,0,4433,19,4452,False,False,False,436.1999999999991,442,500,3732.80000000007,3848,5000
96755b67f7e727ba,warmup1000_chain3,softmax,3.0,3.0,0.01,corrected,257,faa,0.8000900000000002,0.9619174436834603,0.8519804749240464,True,6,1.9237881333333335,1.9885442613104445,0,0,0.8388,1,216,4195,4195,,4214,,False,False,False,444.99999999999955,450,500,3764.700000000068,3877,5000
96755b67f7e727ba,warmup1000_chain3,softmax,3.0,3.0,0.01,corrected,258,clean,0.899,0.8073800000000001,0.0,True,0,0.0,0.0,0,0,0.292,16,,1461,1461,2748,1480,2767,False,False,False,497.8,498,500,3642.6000000000813,3766,5000
96755b67f7e727ba,warmup1000_chain3,softmax,3.0,3.0,0.01,corrected,258,faa,0.899,0.8073800000000001,0.0,True,0,0.0,0.0,0,0,0.292,16,,1461,1461,2748,1480,2767,False,False,False,497.8,498,500,3642.6000000000813,3766,5000
96755b67f7e727ba,warmup1000_chain3,softmax,3.0,3.0,0.01,corrected,259,clean,0.05570063414900006,5.570063410509363e-09,0.0,False,,,0.0,0,0,0.0,36,,0,0,0,19,19,False,False,False,326.1999999999992,342,500,3578.800000000079,3708,5000
96755b67f7e727ba,warmup1000_chain3,softmax,3.0,3.0,0.01,corrected,259,faa,0.05570063414900006,0.227700634149,0.0,True,2,0.6531118158048281,2.8606952402094277,0,0,0.0016,36,457,9,9,146,28,165,False,False,False,340.49999999999926,355,500,3578.800000000079,3708,5000
96755b67f7e727ba,warmup1000_chain3,softmax,3.0,3.0,0.01,corrected,260,clean,0.7100000000000001,0.7100000000000001,0.0,True,0,0.0,0.0,0,0,0.0396,36,,199,199,686,218,705,False,False,False,359.19999999999936,372,500,3512.8000000000807,3648,5000
96755b67f7e727ba,warmup1000_chain3,softmax,3.0,3.0,0.01,corrected,260,faa,0.7100000000000001,0.7100000000000001,0.0,True,0,0.0,0.0,0,0,0.0396,36,,199,199,686,218,705,False,False,False,359.19999999999936,372,500,3512.8000000000807,3648,5000
96755b67f7e727ba,warmup1000_chain3,softmax,3.0,3.0,0.01,corrected,261,clean,0.8081090000000001,0.8081090000000001,7.04428999998008e-06,False,0,0.0,0.0,0,0,0.0,5,,0,0,4661,19,4680,False,False,False,426.29999999999876,433,500,3636.0000000000796,3760,5000
96755b67f7e727ba,warmup1000_chain3,softmax,3.0,3.0,0.01,corrected,261,faa,0.8081090000000001,0.8081090000000001,6.361090000295277e-07,True,0,0.0,0.07591111111111114,0,0,0.0,6,500,1,1,4218,20,4237,False,False,False,426.29999999999876,433,500,3634.9000000000797,3759,5000
96755b67f7e727ba,warmup1000_chain3,softmax,3.0,3.0,0.01,corrected,262,clean,0.5480000000000002,0.5480000000000002,0.5480000000000002,False,,,0.0,0,0,0.0,0,,0,0,,19,,False,False,False,392.1999999999993,402,500,3532.600000000085,3666,5000
96755b67f7e727ba,warmup1000_chain3,softmax,3.0,3.0,0.01,corrected,262,faa,0.5480000000000002,0.5480000000000002,0.5480000000000002,False,,,3.0,0,493,0.0,0,8,0,0,,19,,False,False,False,427.39999999999907,434,500,3532.600000000085,3666,5000
96755b67f7e727ba,warmup1000_chain3,softmax,3.0,3.0,0.01,corrected,263,clean,0.8009819000000001,0.8009819000000001,1.3532243103853148e-09,True,0,0.0,0.0,0,0,0.2306,10,,1154,1154,3843,1173,3862,False,False,False,348.19999999999925,362,500,3673.4000000000774,3794,5000
96755b67f7e727ba,warmup1000_chain3,softmax,3.0,3.0,0.01,corrected,263,faa,0.8009819000000001,0.8009819000000001,1.3532243103853148e-09,True,0,0.0,0.0,0,0,0.2306,10,,1154,1154,3843,1173,3862,False,False,False,348.19999999999925,362,500,3673.4000000000774,3794,5000
96755b67f7e727ba,warmup1000_chain3,softmax,3.0,3.0,0.01,corrected,264,clean,0.7919000000000002,0.7919000000000002,5.495603971894525e-15,True,0,0.0,0.0,0,0,0.2058,11,,1030,1030,3771,1049,3790,False,False,False,381.1999999999996,392,500,3629.4000000000797,3754,5000
96755b67f7e727ba,warmup1000_chain3,softmax,3.0,3.0,0.01,corrected,264,faa,0.7919000000000002,0.7919000000000002,5.495603971894525e-15,True,0,0.0,0.0,0,0,0.2058,11,,1030,1030,3771,1049,3790,False,False,False,381.1999999999996,392,500,3629.4000000000797,3754,5000
96755b67f7e727ba,warmup1000_chain3,softmax,3.0,3.0,0.01,corrected,265,clean,0.89,0.89,0.0,False,,,0.0,0,0,0.1176,20,,0,861,2434,880,2453,False,False,True,500.0,500,500,3675.6000000000836,3796,5000
96755b67f7e727ba,warmup1000_chain3,softmax,3.0,3.0,0.01,corrected,265,faa,0.89,0.9898189999999999,0.8904674690000001,True,5,2.4544444444444444,2.475354444444444,0,0,0.0576,1,9,289,289,,308,,False,False,False,481.3,483,500,3823.0000000000728,3930,5000
96755b67f7e727ba,warmup1000_chain3,softmax,3.0,3.0,0.01,corrected,266,clean,0.8999900000000001,0.7829000000000002,0.0,True,0,0.0,0.0,0,0,0.0136,24,,69,69,873,88,892,False,False,False,446.09999999999894,451,500,3626.100000000075,3751,5000
96755b67f7e727ba,warmup1000_chain3,softmax,3.0,3.0,0.01,corrected,266,faa,0.8999900000000001,0.7829000000000002,0.0,True,0,0.0,0.0,0,0,0.0136,24,,69,69,873,88,892,False,False,False,446.09999999999894,451,500,3626.100000000075,3751,5000
96755b67f7e727ba,warmup1000_chain3,softmax,3.0,3.0,0.01,corrected,267,clean,0.7272958130900002,0.7272958130900002,0.0,False,,,0.0,0,0,0.0,17,,0,0,2588,19,2607,False,False,False,315.1999999999996,332,500,3523.8000000000798,3658,5000
96755b67f7e727ba,warmup1000_chain3,softmax,3.0,3.0,0.01,corrected,267,faa,0.7272958130900002,0.8992958130900002,0.7923625747497285,True,1,0.9992175611209303,1.8985133742109306,0,0,0.8382,0,21,4192,4192,,4211,,False,False,False,337.19999999999936,352,500,3710.8000000000707,3828,5000
96755b67f7e727ba,warmup1000_chain3,softmax,3.0,3.0,0.01,corrected,268,clean,0.5480000000000002,0.5480000000000002,0.0,False,,,0.0,0,0,0.0,27,,0,0,875,19,894,False,False,False,374.5999999999996,386,500,3568.9000000000797,3699,5000
96755b67f7e727ba,warmup1000_chain3,softmax,3.0,3.0,0.01,corrected,268,faa,0.5480000000000002,0.5480000000000002,0.0,False,,,3.0,0,494,0.0,27,7,0,0,875,19,894,False,False,False,400.9999999999991,410,500,3568.9000000000797,3699,5000
96755b67f7e727ba,warmup1000_chain3,softmax,3.0,3.0,0.01,corrected,269,clean,0.8073800000000001,0.7044290000000002,0.0,False,,,0.0,0,0,0.0,22,,0,0,2270,19,2289,False,False,False,376.7999999999996,388,500,3585.400000000076,3714,5000
96755b67f7e727ba,warmup1000_chain3,softmax,3.0,3.0,0.01,corrected,269,faa,0.8073800000000001,0.7044290000000002,0.0,False,,,3.0,0,498,0.0,22,3,0,0,2270,19,2289,False,False,False,376.7999999999996,388,500,3585.400000000076,3714,5000
96755b67f7e727ba,warmup1000_chain3,softmax,3.0,3.0,0.01,corrected,270,clean,0.5480000000000002,0.5480000000000002,0.0,False,,,0.0,0,0,0.0,24,,0,0,2577,19,2596,False,False,False,367.99999999999943,380,500,3626.1000000000736,3751,5000
96755b67f7e727ba,warmup1000_chain3,softmax,3.0,3.0,0.01,corrected,270,faa,0.5480000000000002,0.5480000000000002,0.0,False,,,3.0,0,493,0.0,24,6,0,0,2577,19,2596,False,False,False,394.3999999999993,404,500,3626.1000000000736,3751,5000
96755b67f7e727ba,warmup1000_chain3,softmax,3.0,3.0,0.01,corrected,271,clean,0.7190000000000001,0.7190000000000001,6.106226635438361e-16,False,,,0.0,0,0,0.0,11,,0,0,3789,19,3808,False,False,False,384.49999999999955,395,500,3625.0000000000778,3750,5000
96755b67f7e727ba,warmup1000_chain3,softmax,3.0,3.0,0.01,corrected,271,faa,0.7190000000000001,0.7190000000000001,6.106226635438361e-16,False,,,3.0,0,494,0.0,11,7,0,0,3789,19,3808,False,False,False,415.2999999999988,423,500,3625.0000000000778,3750,5000
96755b67f7e727ba,warmup1000_chain3,softmax,3.0,3.0,0.01,corrected,272,clean,0.7200653480000002,0.7200653480000002,7.216449660063518e-15,False,,,0.0,0,0,0.0,12,,0,0,3522,19,3541,False,False,False,349.29999999999956,363,500,3645.90000000008,3769,5000
96755b67f7e727ba,warmup1000_chain3,softmax,3.0,3.0,0.01,corrected,272,faa,0.7200653480000002,0.7200653480000002,7.216449660063518e-15,False,,,3.0,0,493,0.0,12,8,0,0,3522,19,3541,False,False,False,382.29999999999905,393,500,3645.90000000008,3769,5000
96755b67f7e727ba,warmup1000_chain3,softmax,3.0,3.0,0.01,corrected,273,clean,0.4580000000000002,0.4580000000000002,0.0,False,,,0.0,0,0,0.0,35,,0,0,94,19,113,False,False,False,332.7999999999998,348,500,3631.600000000074,3756,5000
96755b67f7e727ba,warmup1000_chain3,softmax,3.0,3.0,0.01,corrected,273,faa,0.4580000000000002,0.4580000000000002,0.0,False,,,3.0,0,489,0.0,28,11,0,0,976,19,995,False,False,False,337.1999999999997,352,500,3637.100000000074,3761,5000
96755b67f7e727ba,warmup1000_chain3,softmax,3.0,3.0,0.01,corrected,274,clean,0.8001800000000001,0.8001800000000001,7.194245199571014e-14,True,0,0.0,0.0,0,0,0.1508,12,,755,755,3945,774,3964,False,False,False,373.49999999999943,385,500,3652.5000000000823,3775,5000
96755b67f7e727ba,warmup1000_chain3,softmax,3.0,3.0,0.01,corrected,274,faa,0.8001800000000001,0.8001800000000001,7.194245199571014e-14,True,0,0.0,0.0,0,0,0.1508,12,,755,755,3945,774,3964,False,False,False,373.49999999999943,385,500,3652.5000000000823,3775,5000
96755b67f7e727ba,warmup1000_chain3,softmax,3.0,3.0,0.01,corrected,275,clean,0.5570000000000002,0.4580000000000002,0.0,False,,,0.0,0,0,0.0,49,,0,0,620,19,639,False,False,False,374.5999999999995,386,500,3416.000000000083,3560,5000
96755b67f7e727ba,warmup1000_chain3,softmax,3.0,3.0,0.01,corrected,275,faa,0.5570000000000002,0.5570000000000002,0.0,False,,,3.0,0,494,0.0,49,7,0,0,620,19,639,False,False,False,394.3999999999995,404,500,3431.400000000083,3574,5000
96755b67f7e727ba,warmup1000_chain3,softmax,3.0,3.0,0.01,corrected,276,clean,0.6200000000000001,0.5480000000000002,0.0,False,,,0.0,0,0,0.0,20,,0,0,3083,19,3102,False,False,False,374.5999999999995,386,500,3561.2000000000867,3692,5000
96755b67f7e727ba,warmup1000_chain3,softmax,3.0,3.0,0.01,corrected,276,faa,0.6200000000000001,0.5480000000000002,0.0,False,,,3.0,0,492,0.0,20,9,0,0,3083,19,3102,False,False,False,392.19999999999936,402,500,3561.2000000000867,3692,5000
96755b67f7e727ba,warmup1000_chain3,softmax,3.0,3.0,0.01,corrected,277,clean,0.7100000000000001,0.7100000000000001,0.0,False,,,0.0,0,0,0.0,24,,0,686,1887,705,1906,False,False,False,371.29999999999995,383,500,3521.600000000084,3656,5000
96755b67f7e727ba,warmup1000_chain3,softmax,3.0,3.0,0.01,corrected,277,faa,0.7100000000000001,0.7919,0.0,True,7,2.3733333333333335,2.3733333333333335,0,0,0.137,25,6,686,686,1887,705,1906,False,False,False,369.09999999999997,381,500,3519.4000000000838,3654,5000
96755b67f7e727ba,warmup1000_chain3,softmax,3.0,3.0,0.01,corrected,278,clean,0.7190000000000001,0.7190000000000001,0.0,False,,,0.0,0,0,0.0,17,,0,0,2958,19,2977,False,False,False,361.39999999999986,374,500,3577.700000000078,3707,5000
96755b67f7e727ba,warmup1000_chain3,softmax,3.0,3.0,0.01,corrected,278,faa,0.7190000000000001,0.8081900000000001,0.0,True,10,3.0,3.0,0,2,0.011,17,8,56,56,2958,75,2977,False,False,False,385.59999999999957,396,500,3577.700000000078,3707,5000
96755b67f7e727ba,warmup1000_chain3,softmax,3.0,3.0,0.01,corrected,279,clean,0.7208836923887002,0.007208836923894124,0.0,False,,,0.0,0,0,0.0,30,,0,0,0,19,19,False,False,False,359.19999999999936,372,500,3607.400000000081,3734,5000
96755b67f7e727ba,warmup1000_chain3,softmax,3.0,3.0,0.01,corrected,279,faa,0.7208836923887002,0.7866497662400693,0.7208836923887002,False,7,1.8651674441491477,3.0,0,123,0.0,0,378,0,0,,19,,False,False,False,373.49999999999926,385,500,3795.5000000000696,3905,5000
96755b67f7e727ba,warmup1000_chain3,softmax,3.0,3.0,0.01,corrected,280,clean,0.5570000000000002,0.5570000000000002,0.0,False,,,0.0,0,0,0.0,25,,0,0,3035,19,3054,False,False,False,370.1999999999997,382,500,3407.200000000089,3552,5000
96755b67f7e727ba,warmup1000_chain3,softmax,3.0,3.0,0.01,corrected,280,faa,0.5570000000000002,0.8180999019000001,0.7184601528110002,True,7,2.6828554444444443,2.8495654444444445,0,0,0.234,0,13,1171,1171,,1190,,False,False,False,395.4999999999995,405,500,3625.000000000078,3750,5000
96755b67f7e727ba,warmup1000_chain3,softmax,3.0,3.0,0.01,corrected,281,clean,0.7919000000000002,0.7919000000000002,0.6299000000000002,True,0,0.0,0.0,0,0,0.3272,1,,1637,1638,,1657,,False,False,False,387.7999999999993,398,500,3790.0000000000705,3900,5000
96755b67f7e727ba,warmup1000_chain3,softmax,3.0,3.0,0.01,corrected,281,faa,0.7919000000000002,0.7919000000000002,0.6299000000000002,True,0,0.0,0.0,0,0,0.3272,1,,1637,1638,,1657,,False,False,False,387.7999999999993,398,500,3790.0000000000705,3900,5000
96755b67f7e727ba,warmup1000_chain3,softmax,3.0,3.0,0.01,corrected,282,clean,0.6389090000000002,0.006389089999999986,0.0,False,,,0.0,0,0,0.0,45,,0,0,0,19,19,False,False,False,321.7999999999999,338,500,3403.9000000000838,3549,5000
96755b67f7e727ba,warmup1000_chain3,softmax,3.0,3.0,0.01,corrected,282,faa,0.6389090000000002,0.004811212958382327,0.0,False,,,3.0,0,489,0.0,45,12,0,0,0,19,19,False,False,False,342.6999999999997,357,500,3403.9000000000838,3549,5000
96755b67f7e727ba,warmup1000_chain3,softmax,3.0,3.0,0.01,corrected,283,clean,0.6469280000000002,0.6469280000000002,0.0,False,,,0.0,0,0,0.0,30,,0,0,1943,19,1962,False,False,False,354.7999999999996,368,500,3537.000000000081,3670,5000
96755b67f7e727ba,warmup1000_chain3,softmax,3.0,3.0,0.01,corrected,283,faa,0.6469280000000002,0.7476812595975133,0.0,False,12,3.0,3.0,0,489,0.0,30,8,0,0,1943,19,1962,False,False,False,353.69999999999953,367,500,3539.2000000000808,3672,5000
96755b67f7e727ba,warmup1000_chain3,softmax,3.0,3.0,0.01,corrected,284,clean,0.5579000000000002,0.10601,0.0,False,,,0.0,0,0,0.0,24,,0,0,331,19,350,False,False,False,348.1999999999989,362,500,3526.0000000000796,3660,5000
96755b67f7e727ba,warmup1000_chain3,softmax,3.0,3.0,0.01,corrected,284,faa,0.5579000000000002,0.8019900000000001,0.6389090000000002,True,7,2.684126444444445,2.7741364444444447,0,0,0.2226,1,9,1114,1114,,1133,,False,False,False,367.999999999999,380,500,3576.600000000081,3706,5000
96755b67f7e727ba,warmup1000_chain3,softmax,3.0,3.0,0.01,corrected,285,clean,0.7136009992458803,0.7136009992458803,0.7136009992458803,False,,,0.0,0,0,0.0,0,,0,0,,19,,False,False,False,387.79999999999984,398,500,3582.10000000008,3711,5000
96755b67f7e727ba,warmup1000_chain3,softmax,3.0,3.0,0.01,corrected,285,faa,0.7136009992458803,0.9494061292916892,0.8415631874755135,True,14,3.0,3.0,0,4,0.189,1,6,946,946,,965,,False,False,False,438.3999999999993,444,500,3685.5000000000723,3805,5000
96755b67f7e727ba,warmup1000_chain3,softmax,3.0,3.0,0.01,corrected,286,clean,0.7100000000000001,0.6308000000000002,0.0,False,,,0.0,0,0,0.0,38,,0,0,1700,19,1719,False,False,False,371.2999999999992,383,500,3507.300000000081,3643,5000
96755b67f7e727ba,warmup1000_chain3,softmax,3.0,3.0,0.01,corrected,286,faa,0.7100000000000001,0.8098190000000001,0.0,True,7,2.3733333333333335,2.4576254444444445,0,0,0.0208,39,12,105,105,1700,124,1719,False,False,False,363.59999999999945,376,500,3552.4000000000833,3684,5000
96755b67f7e727ba,warmup1000_chain3,softmax,3.0,3.0,0.01,corrected,287,clean,0.8090900900000001,0.8090900900000001,0.8090900900000001,False,,,0.0,0,0,0.0,0,,0,0,,19,,False,False,False,361.3999999999995,374,500,3625.0000000000755,3750,5000
96755b67f7e727ba,warmup1000_chain3,softmax,3.0,3.0,0.01,corrected,287,faa,0.8090900900000001,0.9474947309600001,0.9474947309600001,True,7,2.644371762733334,2.644371762733334,0,0,1.0,0,6,,,,,,False,False,False,363.59999999999957,376,500,3625.0000000000755,3750,5000
96755b67f7e727ba,warmup1000_chain3,softmax,3.0,3.0,0.01,corrected,288,clean,0.7190000000000001,0.7190000000000001,6.298999999987398e-06,True,0,0.0,0.0,0,0,0.4468,6,,2235,2235,4333,2254,4352,False,False,False,372.3999999999993,384,500,3726.200000000074,3842,5000
96755b67f7e727ba,warmup1000_chain3,softmax,3.0,3.0,0.01,corrected,288,faa,0.7190000000000001,0.7190000000000001,6.298999999987398e-06,True,0,0.0,0.0,0,0,0.4468,6,,2235,2235,4333,2254,4352,False,False,False,372.3999999999993,384,500,3726.200000000074,3842,5000
96755b67f7e727ba,warmup1000_chain3,softmax,3.0,3.0,0.01,corrected,289,clean,0.7190000000000001,0.7190000000000001,5.551115123125783e-17,False,,,0.0,0,0,0.0,14,,0,0,3513,19,3532,False,False,False,383.3999999999997,394,500,3638.2000000000753,3762,5000
96755b67f7e727ba,warmup1000_chain3,softmax,3.0,3.0,0.01,corrected,289,faa,0.7190000000000001,0.8164800000000001,5.551115123125783e-17,True,6,2.0025444444444442,2.168164444444444,0,0,0.583,14,9,2916,2916,3513,2935,3532,False,False,False,392.19999999999953,402,500,3638.2000000000753,3762,5000
96755b67f7e727ba,warmup1000_chain3,softmax,3.0,3.0,0.01,corrected,290,clean,0.7928000000000002,0.7928000000000002,0.0,True,0,0.0,0.0,0,0,0.0036,26,,19,19,1129,38,1148,False,False,False,355.8999999999994,369,500,3564.5000000000773,3695,5000
96755b67f7e727ba,warmup1000_chain3,softmax,3.0,3.0,0.01,corrected,290,faa,0.7928000000000002,0.7928000000000002,0.0,True,0,0.0,0.0,0,0,0.0036,26,,19,19,1129,38,1148,False,False,False,355.8999999999994,369,500,3564.5000000000773,3695,5000
96755b67f7e727ba,warmup1000_chain3,softmax,3.0,3.0,0.01,corrected,291,clean,0.7100000000000001,0.7100000000000001,5.4800053383985414e-12,False,,,0.0,0,0,0.0,9,,0,22,3901,41,3920,False,False,False,376.79999999999944,388,500,3654.700000000078,3777,5000
96755b67f7e727ba,warmup1000_chain3,softmax,3.0,3.0,0.01,corrected,291,faa,0.7100000000000001,0.7100000000000001,5.4800053383985414e-12,False,,,3.0,0,493,0.0,9,8,0,22,3901,41,3920,False,False,False,466.99999999999943,470,500,3654.700000000078,3777,5000
96755b67f7e727ba,warmup1000_chain3,softmax,3.0,3.0,0.01,corrected,292,clean,0.6308900000000002,0.5480000000000002,0.0005479999999999929,False,,,0.0,0,0,0.0,2,,0,0,4982,19,,False,False,False,392.19999999999925,402,500,3584.3000000000784,3713,5000
96755b67f7e727ba,warmup1000_chain3,softmax,3.0,3.0,0.01,corrected,292,faa,0.6308900000000002,0.618473932616867,0.0,False,19,3.0,3.0,0,114,0.0,20,8,0,0,2321,19,2340,False,False,False,443.89999999999924,449,500,3629.400000000079,3754,5000
96755b67f7e727ba,warmup1000_chain3,softmax,3.0,3.0,0.01,corrected,293,clean,0.6200000000000001,0.5480000000000002,0.0,False,,,0.0,0,0,0.0,15,,0,0,2476,19,2495,False,False,False,373.49999999999943,385,500,3692.100000000079,3811,5000
96755b67f7e727ba,warmup1000_chain3,softmax,3.0,3.0,0.01,corrected,293,faa,0.6200000000000001,0.7181000000000002,0.6364610000000002,False,,,3.0,0,495,0.0,0,6,0,0,,19,,False,False,False,366.89999999999975,379,500,3801.00000000007,3910,5000
96755b67f7e727ba,warmup1000_chain3,softmax,3.0,3.0,0.01,corrected,294,clean,0.7199000000000001,0.7199000000000001,0.0,True,0,0.0,0.0,0,0,0.3674,15,,1838,1838,2634,1857,2653,False,False,False,394.3999999999995,404,500,3649.200000000077,3772,5000
96755b67f7e727ba,warmup1000_chain3,softmax,3.0,3.0,0.01,corrected,294,faa,0.7199000000000001,0.7199000000000001,0.0,True,0,0.0,0.0,0,0,0.3674,15,,1838,1838,2634,1857,2653,False,False,False,394.3999999999995,404,500,3649.200000000077,3772,5000
96755b67f7e727ba,warmup1000_chain3,softmax,3.0,3.0,0.01,corrected,295,clean,0.6200000000000001,0.5480000000000002,0.0,False,,,0.0,0,0,0.0,39,,0,0,1137,19,1156,False,False,False,348.19999999999936,362,500,3572.2000000000835,3702,5000
96755b67f7e727ba,warmup1000_chain3,softmax,3.0,3.0,0.01,corrected,295,faa,0.6200000000000001,0.7181000000000002,0.0,True,10,3.0,3.0,0,2,0.035,39,8,176,176,1137,195,1156,False,False,False,398.7999999999988,408,500,3578.8000000000834,3708,5000
96755b67f7e727ba,warmup1000_chain3,softmax,3.0,3.0,0.01,corrected,296,clean,0.8098028000000002,0.8098028000000002,0.6299000000000002,True,0,0.0,0.0,0,0,0.0192,0,,97,97,,116,,False,False,False,400.9999999999992,410,500,3537.0000000000864,3670,5000
96755b67f7e727ba,warmup1000_chain3,softmax,3.0,3.0,0.01,corrected,296,faa,0.8098028000000002,0.8098028000000002,0.6299000000000002,True,0,0.0,0.0,0,0,0.0192,0,,97,97,,116,,False,False,False,400.9999999999992,410,500,3537.0000000000864,3670,5000
96755b67f7e727ba,warmup1000_chain3,softmax,3.0,3.0,0.01,corrected,297,clean,0.5480000000000002,0.4580000000000002,0.0,False,,,0.0,0,0,0.0,45,,0,0,208,19,227,False,False,False,345.99999999999955,360,500,3494.10000000008,3631,5000
96755b67f7e727ba,warmup1000_chain3,softmax,3.0,3.0,0.01,corrected,297,faa,0.5480000000000002,0.7209000000000001,0.0,False,,,3.0,0,493,0.0,36,8,0,0,1086,19,1105,False,False,False,495.6,496,500,3576.6000000000827,3706,5000
96755b67f7e727ba,warmup1000_chain3,softmax,3.0,3.0,0.01,corrected,298,clean,0.6470828000000002,0.6470828000000002,0.0,False,,,0.0,0,0,0.0,23,,0,0,547,19,566,False,False,False,336.0999999999995,351,500,3584.3000000000698,3713,5000
96755b67f7e727ba,warmup1000_chain3,softmax,3.0,3.0,0.01,corrected,298,faa,0.6470828000000002,0.611451263147391,0.0,False,14,3.0,3.0,0,426,0.0,21,7,0,0,1252,19,1271,False,False,False,355.89999999999964,369,500,3611.8000000000707,3738,5000
96755b67f7e727ba,warmup1000_chain3,softmax,3.0,3.0,0.01,corrected,299,clean,0.8064800000000001,0.6380900000000002,0.0,False,0,0.0,0.0,0,0,0.0,34,,0,0,1745,19,1764,False,False,False,373.4999999999992,385,500,3463.300000000085,3603,5000
96755b67f7e727ba,warmup1000_chain3,softmax,3.0,3.0,0.01,corrected,299,faa,0.8064800000000001,0.8100900000000001,0.0,True,0,0.0,1.7025721111111114,0,0,0.2954,26,463,1478,1478,2236,1497,2255,False,False,False,372.3999999999992,384,500,3537.000000000086,3670,5000
c27127f7e9984d7c,warmup1000_chain3,ucb,10.0,3.0,0.01,corrected,0,clean,0.7044290000000002,0.7044290000000002,0.7044290000000002,False,,,0.0,0,0,0.0,0,,0,0,,19,,False,False,False,491.19999999999993,492,500,4967.0,4970,5000
c27127f7e9984d7c,warmup1000_chain3,ucb,10.0,3.0,0.01,corrected,0,faa,0.7044290000000002,0.9507860999999993,0.9507860999999993,True,6,2.7430124244444443,3.7023475944444515,0,0,1.0,0,48,,,,,,False,False,False,421.9,429,500,5000.0,5000,5000
db82ecd38817d881,warmup1000_chain3,epsilon_greedy,10.0,3.0,0.01,corrected,0,clean,0.5570000000000002,0.5570000000000002,5.569999999999187e-05,False,,,0.0,0,0,0.0,4,,0,0,2920,19,2939,False,False,False,453.7999999999997,458,500,4346.60000000002,4406,5000
db82ecd38817d881,warmup1000_chain3,epsilon_greedy,10.0,3.0,0.01,corrected,0,faa,0.5570000000000002,0.7290000000000001,6.542990070856902e-05,True,6,1.5179735444444447,7.792322969943239,0,0,0.1492,5,468,747,747,2920,766,2939,False,False,False,407.5999999999995,416,500,4346.60000000002,4406,5000
db82ecd38817d881,warmup1000_chain3,epsilon_greedy,10.0,3.0,0.01,corrected,1,clean,0.6299000000000002,0.6299000000000002,0.6299000000000002,False,,,0.0,0,0,0.0,0,,0,0,,19,,False,False,False,455.99999999999966,460,500,4463.200000000016,4512,5000
db82ecd38817d881,warmup1000_chain3,epsilon_greedy,10.0,3.0,0.01,corrected,1,faa,0.6299000000000002,0.8019000000000002,0.7044290000000002,True,6,1.4070456644444442,8.20009444910367,0,0,0.0088,1,484,45,45,,64,,False,False,False,384.4999999999998,395,500,4462.100000000016,4511,5000
db82ecd38817d881,warmup1000_chain3,epsilon_greedy,10.0,3.0,0.01,corrected,2,clean,0.6299000000000002,0.6299000000000002,0.6299000000000002,False,,,0.0,0,0,0.0,0,,0,0,,19,,False,False,False,436.1999999999997,442,500,4465.400000000014,4514,5000
db82ecd38817d881,warmup1000_chain3,epsilon_greedy,10.0,3.0,0.01,corrected,2,faa,0.6299000000000002,0.8019000000000001,0.7044290000000002,True,6,1.6032723044444448,7.485233074444446,0,0,0.0062,1,291,32,32,,51,,False,False,False,371.29999999999984,383,500,4464.300000000014,4513,5000
db82ecd38817d881,warmup1000_chain3,epsilon_greedy,10.0,3.0,0.01,corrected,3,clean,0.7044290000000002,0.7044290000000002,0.7044290000000002,False,,,0.0,0,0,0.0,0,,0,0,,19,,False,False,False,454.8999999999995,459,500,4450.000000000015,4500,5000
db82ecd38817d881,warmup1000_chain3,epsilon_greedy,10.0,3.0,0.01,corrected,3,faa,0.7044290000000002,0.8764290000000001,0.7722503900000002,True,5,1.8032435170296743,5.271574717948863,0,0,0.0388,1,462,195,195,,214,,False,False,False,425.1999999999996,432,500,4448.900000000014,4499,5000
db82ecd38817d881,warmup1000_chain3,epsilon_greedy,10.0,3.0,0.01,corrected,4,clean,0.7044290000000002,0.7044290000000002,0.07044290000064135,False,,,0.0,0,0,0.0,1,,0,0,,19,,False,False,False,440.59999999999934,446,500,4448.900000000009,4499,5000
db82ecd38817d881,warmup1000_chain3,epsilon_greedy,10.0,3.0,0.01,corrected,4,faa,0.7044290000000002,0.8764290000000002,0.07044360990749005,True,6,1.4937675383335889,8.494076263000343,0,0,0.0748,1,410,375,375,,394,,False,False,False,371.29999999999933,383,500,4448.900000000009,4499,5000
db82ecd38817d881,warmup1000_chain3,epsilon_greedy,10.0,3.0,0.01,corrected,5,clean,0.7044290000000002,0.7044290000000002,0.7044290000000002,False,,,0.0,0,0,0.0,0,,0,0,,19,,False,False,False,440.5999999999997,446,500,4395.000000000021,4450,5000
db82ecd38817d881,warmup1000_chain3,epsilon_greedy,10.0,3.0,0.01,corrected,5,faa,0.7044290000000002,0.7684682390000002,0.7044290000000002,False,4,1.8072975430144445,10.0,0,120,0.0,0,381,0,0,,19,,False,False,False,344.9000000000001,359,500,4395.000000000021,4450,5000
db82ecd38817d881,warmup1000_chain3,epsilon_greedy,10.0,3.0,0.01,corrected,6,clean,0.7044290000000002,0.7044290000000002,0.7044290000000002,False,,,0.0,0,0,0.0,0,,0,0,,19,,False,False,False,433.99999999999943,440,500,4485.200000000017,4532,5000
db82ecd38817d881,warmup1000_chain3,epsilon_greedy,10.0,3.0,0.01,corrected,6,faa,0.7044290000000002,0.8764290000000001,0.7722503900000002,True,6,1.4942861677944448,4.645425513394447,0,0,0.0092,1,339,47,47,,66,,False,False,False,397.6999999999993,407,500,4484.100000000018,4531,5000
db82ecd38817d881,warmup1000_chain3,epsilon_greedy,10.0,3.0,0.01,corrected,7,clean,0.5480000000000002,0.5480000000000002,0.054800000050220565,False,,,0.0,0,0,0.0,1,,0,0,,19,,False,False,False,442.79999999999967,448,500,4466.500000000016,4515,5000
db82ecd38817d881,warmup1000_chain3,epsilon_greedy,10.0,3.0,0.01,corrected,7,faa,0.5480000000000002,0.7200000000000001,0.0629905832,True,5,2.052747122746601,4.435975417639372,0,0,0.1456,2,271,729,729,,748,,False,False,False,418.5999999999998,426,500,4465.400000000016,4514,5000
db82ecd38817d881,warmup1000_chain3,epsilon_greedy,10.0,3.0,0.01,corrected,8,clean,0.7044290000000002,0.7044290000000002,0.7044290000000002,False,,,0.0,0,0,0.0,0,,0,0,,19,,False,False,False,449.3999999999996,454,500,4450.000000000014,4500,5000
db82ecd38817d881,warmup1000_chain3,epsilon_greedy,10.0,3.0,0.01,corrected,8,faa,0.7044290000000002,0.8764290000000002,0.7722503900000003,True,6,1.7081578014445506,5.270158961444447,0,0,0.1702,1,446,852,852,,871,,False,False,False,414.1999999999995,422,500,4448.900000000014,4499,5000
db82ecd38817d881,warmup1000_chain3,epsilon_greedy,10.0,3.0,0.01,corrected,9,clean,0.7044290000000002,0.07685728999999997,0.07685728999999997,False,,,0.0,0,0,0.0,0,,0,0,,19,,False,False,False,457.0999999999997,461,500,4461.000000000015,4510,5000
db82ecd38817d881,warmup1000_chain3,epsilon_greedy,10.0,3.0,0.01,corrected,9,faa,0.7044290000000002,0.8764290000000001,0.7722503900000002,True,6,1.708157801444445,5.208411942316327,0,0,0.003,1,237,16,16,,35,,False,False,False,415.29999999999984,423,500,4459.900000000015,4509,5000
db82ecd38817d881,warmup1000_chain3,epsilon_greedy,10.0,3.0,0.01,corrected,10,clean,0.6299000000000002,0.6299000000000002,0.6299000000000002,False,,,0.0,0,0,0.0,0,,0,0,,19,,False,False,False,433.99999999999955,440,500,4502.800000000016,4548,5000
db82ecd38817d881,warmup1000_chain3,epsilon_greedy,10.0,3.0,0.01,corrected,10,faa,0.6299000000000002,0.7057609100000002,0.7044290000000002,False,6,1.5989735444444446,10.0,0,41,0.0,0,105,0,0,,19,,False,False,False,330.5999999999998,346,500,4502.800000000016,4548,5000
db82ecd38817d881,warmup1000_chain3,epsilon_greedy,10.0,3.0,0.01,corrected,11,clean,0.7044290000000002,0.7044290000000002,0.7044290000000002,False,,,0.0,0,0,0.0,0,,0,0,,19,,False,False,False,460.39999999999964,464,500,4445.600000000013,4496,5000
db82ecd38817d881,warmup1000_chain3,epsilon_greedy,10.0,3.0,0.01,corrected,11,faa,0.7044290000000002,0.8764290000000001,0.7722503900000003,True,6,1.708157801444445,2.222015781444445,0,0,0.0746,1,9,374,374,,393,,False,False,False,452.69999999999965,457,500,4444.500000000014,4495,5000
db82ecd38817d881,warmup1000_chain3,epsilon_greedy,10.0,3.0,0.01,corrected,12,clean,0.6299000000000002,0.6299000000000002,0.06299000575099994,False,,,0.0,0,0,0.0,1,,0,0,,19,,False,False,False,459.29999999999944,463,500,4467.600000000011,4516,5000
db82ecd38817d881,warmup1000_chain3,epsilon_greedy,10.0,3.0,0.01,corrected,12,faa,0.6299000000000002,0.8755290000000002,0.07864042381784897,True,6,2.5239044444444447,5.1738244444444454,0,0,0.0976,2,39,489,489,,508,,False,False,False,413.0999999999994,421,500,4466.500000000012,4515,5000
db82ecd38817d881,warmup1000_chain3,epsilon_greedy,10.0,3.0,0.01,corrected,13,clean,0.7044290000000002,0.7044290000000002,0.7044290000000002,False,,,0.0,0,0,0.0,0,,0,0,,19,,False,False,False,453.79999999999967,458,500,4494.000000000024,4540,5000
db82ecd38817d881,warmup1000_chain3,epsilon_greedy,10.0,3.0,0.01,corrected,13,faa,0.7044290000000002,0.8764290000000001,0.7722503900000002,True,4,1.8100872844463107,6.340574384446308,0,0,0.1578,1,53,790,790,,809,,False,False,False,410.8999999999998,419,500,4492.900000000023,4539,5000
db82ecd38817d881,warmup1000_chain3,epsilon_greedy,10.0,3.0,0.01,corrected,14,clean,0.7919000000000002,0.7919000000000002,0.07050704389999995,False,,,0.0,0,0,0.0,2,,0,405,,424,,False,False,False,453.79999999999995,458,500,4436.800000000014,4488,5000
db82ecd38817d881,warmup1000_chain3,epsilon_greedy,10.0,3.0,0.01,corrected,14,faa,0.7919000000000002,0.8819819000000002,0.07638647953390004,True,6,2.2337744444444443,6.183125444444444,0,0,0.0808,2,57,405,405,,424,,False,False,False,392.19999999999993,402,500,4436.800000000014,4488,5000
db82ecd38817d881,warmup1000_chain3,epsilon_greedy,10.0,3.0,0.01,corrected,15,clean,0.7919000000000002,0.7919000000000002,0.7044290000000002,False,,,0.0,0,0,0.0,1,,0,126,,145,,False,False,False,453.79999999999984,458,500,4453.300000000008,4503,5000
db82ecd38817d881,warmup1000_chain3,epsilon_greedy,10.0,3.0,0.01,corrected,15,faa,0.7919000000000002,0.8819819000000002,0.7631503900000003,True,6,2.2337744444444443,5.194139344444448,0,0,0.025,1,46,126,126,,145,,False,False,False,402.1,411,500,4453.300000000008,4503,5000
db82ecd38817d881,warmup1000_chain3,epsilon_greedy,10.0,3.0,0.01,corrected,16,clean,0.7919000000000002,0.7044290000000002,0.7044290000000002,False,,,0.0,0,0,0.0,0,,0,0,,19,,False,False,False,446.09999999999957,451,500,4359.800000000025,4418,5000
db82ecd38817d881,warmup1000_chain3,epsilon_greedy,10.0,3.0,0.01,corrected,16,faa,0.7919000000000002,0.8819819000000001,0.7099819000000003,True,6,2.2337744444444443,4.980404995344445,0,0,0.0474,0,91,238,238,,257,,False,False,False,411.9999999999998,420,500,4359.800000000025,4418,5000
db82ecd38817d881,warmup1000_chain3,epsilon_greedy,10.0,3.0,0.01,corrected,17,clean,0.7044290000000002,0.7044290000000002,0.7044290000000002,False,,,0.0,0,0,0.0,0,,0,0,,19,,False,False,False,458.1999999999998,462,500,4397.200000000023,4452,5000
db82ecd38817d881,warmup1000_chain3,epsilon_greedy,10.0,3.0,0.01,corrected,17,faa,0.7044290000000002,0.9374454900000001,0.7722503900000002,True,6,2.728395083444445,3.4066089834444466,0,0,0.0294,1,16,148,148,,167,,False,False,False,441.6999999999999,447,500,4396.100000000022,4451,5000
db82ecd38817d881,warmup1000_chain3,epsilon_greedy,10.0,3.0,0.01,corrected,18,clean,0.7044290000000002,0.7044290000000002,0.07044290064143888,False,,,0.0,0,0,0.0,1,,0,0,,19,,False,False,False,442.79999999999967,448,500,4479.700000000017,4527,5000
db82ecd38817d881,warmup1000_chain3,epsilon_greedy,10.0,3.0,0.01,corrected,18,faa,0.7044290000000002,0.8764290000000001,0.07723213807490004,True,6,1.708157801444445,7.695227881444438,0,0,0.0422,2,389,212,212,,231,,False,False,False,372.3999999999993,384,500,4478.600000000018,4526,5000
db82ecd38817d881,warmup1000_chain3,epsilon_greedy,10.0,3.0,0.01,corrected,19,clean,0.7044290000000002,0.7044290000000002,0.07044290000064812,False,,,0.0,0,0,0.0,1,,0,0,,19,,False,False,False,444.9999999999996,450,500,4426.900000000005,4479,5000
db82ecd38817d881,warmup1000_chain3,epsilon_greedy,10.0,3.0,0.01,corrected,19,faa,0.7044290000000002,0.8764290000000001,0.07722574890749001,True,4,1.8076134220444442,7.22511281003244,0,0,0.0018,2,386,10,10,,29,,False,False,False,397.6999999999992,407,500,4425.800000000005,4478,5000
db82ecd38817d881,warmup1000_chain3,epsilon_greedy,10.0,3.0,0.01,corrected,20,clean,0.7044290000000002,0.7044290000000002,0.00704493785928767,False,,,0.0,0,0,0.0,2,,0,0,2318,19,2337,False,False,False,458.1999999999997,462,500,4491.800000000011,4538,5000
db82ecd38817d881,warmup1000_chain3,epsilon_greedy,10.0,3.0,0.01,corrected,20,faa,0.7044290000000002,0.8764290000000001,0.014892569549000034,True,7,1.8837677543465814,4.959796086239361,0,0,0.0136,3,401,69,69,2318,88,2337,False,False,False,422.99999999999943,430,500,4490.700000000012,4537,5000
db82ecd38817d881,warmup1000_chain3,epsilon_greedy,10.0,3.0,0.01,corrected,21,clean,0.7044290000000002,0.7044290000000002,0.7044290000000002,False,,,0.0,0,0,0.0,0,,0,0,,19,,False,False,False,427.39999999999964,434,500,4454.400000000013,4504,5000
db82ecd38817d881,warmup1000_chain3,epsilon_greedy,10.0,3.0,0.01,corrected,21,faa,0.7044290000000002,0.9433503900000001,0.8331488549000001,True,6,2.7430123638802284,9.191486125208373,0,0,0.401,1,458,2006,2006,,2025,,False,False,False,369.09999999999974,381,500,4453.300000000014,4503,5000
db82ecd38817d881,warmup1000_chain3,epsilon_greedy,10.0,3.0,0.01,corrected,22,clean,0.7044290000000002,0.7044290000000002,0.7044290000000002,False,,,0.0,0,0,0.0,0,,0,0,,19,,False,False,False,453.7999999999998,458,500,4513.800000000015,4558,5000
db82ecd38817d881,warmup1000_chain3,epsilon_greedy,10.0,3.0,0.01,corrected,22,faa,0.7044290000000002,0.8764290000000001,0.7722503900000003,True,6,1.7082639243324445,4.7842107507224485,0,0,0.1172,1,43,587,587,,606,,False,False,False,406.49999999999994,415,500,4512.700000000015,4557,5000
db82ecd38817d881,warmup1000_chain3,epsilon_greedy,10.0,3.0,0.01,corrected,23,clean,0.7044290000000002,0.7044290000000002,0.7044290000000002,False,,,0.0,0,0,0.0,0,,0,0,,19,,False,False,False,452.69999999999976,457,500,4415.900000000014,4469,5000
db82ecd38817d881,warmup1000_chain3,epsilon_greedy,10.0,3.0,0.01,corrected,23,faa,0.7044290000000002,0.8764290000000001,0.7722503900000003,True,5,2.0512309542444447,3.242771393244446,0,0,0.0224,1,17,113,113,,132,,False,False,False,435.0999999999998,441,500,4414.800000000015,4468,5000
db82ecd38817d881,warmup1000_chain3,epsilon_greedy,10.0,3.0,0.01,corrected,24,clean,0.7044290000000002,0.7044290000000002,0.07108433900000011,False,,,0.0,0,0,0.0,1,,0,0,,19,,False,False,False,462.59999999999957,466,500,4387.300000000016,4443,5000
db82ecd38817d881,warmup1000_chain3,epsilon_greedy,10.0,3.0,0.01,corrected,24,faa,0.7044290000000002,0.8764290000000001,0.7722503900000002,True,7,1.8837675360444446,3.1790817730444463,0,0,0.015,1,19,76,76,,95,,False,False,False,442.7999999999997,448,500,4387.300000000016,4443,5000
db82ecd38817d881,warmup1000_chain3,epsilon_greedy,10.0,3.0,0.01,corrected,25,clean,0.7044290000000002,0.07050704390000584,0.007050704390000551,False,,,0.0,0,0,0.0,1,,0,0,2915,19,2934,False,False,False,443.89999999999964,449,500,4413.700000000021,4467,5000
db82ecd38817d881,warmup1000_chain3,epsilon_greedy,10.0,3.0,0.01,corrected,25,faa,0.7044290000000002,0.7838899448554307,0.07838899448648279,False,6,1.4937675360466276,10.0,0,350,0.0,1,151,0,0,,19,,False,False,False,341.59999999999974,356,500,4413.700000000021,4467,5000
db82ecd38817d881,warmup1000_chain3,epsilon_greedy,10.0,3.0,0.01,corrected,26,clean,0.7044290000000002,0.7044290000000002,0.7044290000000002,False,,,0.0,0,0,0.0,0,,0,0,,19,,False,False,False,442.7999999999997,448,500,4452.200000000014,4502,5000
db82ecd38817d881,warmup1000_chain3,epsilon_greedy,10.0,3.0,0.01,corrected,26,faa,0.7044290000000002,0.42480083632400006,0.362138240051044,True,6,1.3286226644444445,4.051184404540447,0,0,0.0144,1,32,73,73,,92,,False,False,False,410.8999999999997,419,500,4450.000000000015,4500,5000
db82ecd38817d881,warmup1000_chain3,epsilon_greedy,10.0,3.0,0.01,corrected,27,clean,0.7919000000000002,0.6453800000000002,0.6380900000000002,False,0,0.0,0.0,0,0,0.0,0,,0,0,,19,,False,False,False,427.3999999999997,434,500,4433.500000000018,4485,5000
db82ecd38817d881,warmup1000_chain3,epsilon_greedy,10.0,3.0,0.01,corrected,27,faa,0.7919000000000002,0.7919000000000002,0.6953290000000002,True,0,0.0,1.566401111111111,0,0,0.0748,1,132,375,375,,394,,False,False,False,417.4999999999998,425,500,4432.400000000018,4484,5000
db82ecd38817d881,warmup1000_chain3,epsilon_greedy,10.0,3.0,0.01,corrected,28,clean,0.7044290000000002,0.6299000000000002,0.6299000000000002,False,,,0.0,0,0,0.0,0,,0,0,,19,,False,False,False,440.5999999999995,446,500,4401.600000000017,4456,5000
db82ecd38817d881,warmup1000_chain3,epsilon_greedy,10.0,3.0,0.01,corrected,28,faa,0.7044290000000002,0.8301651459344002,0.7775474914160002,False,6,2.6602024244444444,10.0,0,41,0.0,0,460,0,0,,19,,False,False,False,329.4999999999996,345,500,4401.600000000017,4456,5000
db82ecd38817d881,warmup1000_chain3,epsilon_greedy,10.0,3.0,0.01,corrected,29,clean,0.7919000000000002,0.7044290000000002,0.07685728999999997,False,,,0.0,0,0,0.0,1,,0,0,,19,,False,False,False,452.6999999999998,457,500,4490.700000000018,4537,5000
db82ecd38817d881,warmup1000_chain3,epsilon_greedy,10.0,3.0,0.01,corrected,29,faa,0.7919000000000002,0.8819819000000002,0.1491708868,True,6,2.2337744444444443,6.156869684441237,0,0,0.0694,2,225,348,348,,367,,False,False,False,402.1,411,500,4489.600000000019,4536,5000
db82ecd38817d881,warmup1000_chain3,epsilon_greedy,10.0,3.0,0.01,corrected,30,clean,0.014100126065540897,0.014100126065540897,0.014100126065540897,False,,,0.0,0,0,0.0,0,,0,0,0,19,19,False,False,False,425.1999999999995,432,500,4483.000000000018,4530,5000
db82ecd38817d881,warmup1000_chain3,epsilon_greedy,10.0,3.0,0.01,corrected,30,faa,0.014100126065540897,0.31282204780405726,0.25936806350169217,True,6,0.7902445618125572,5.821145055921017,0,0,0.1648,1,275,825,825,,844,,False,False,False,381.1999999999996,392,500,4481.900000000018,4529,5000
db82ecd38817d881,warmup1000_chain3,epsilon_greedy,10.0,3.0,0.01,corrected,31,clean,0.7044290000000002,0.7044290000000002,0.7044290000000002,False,,,0.0,0,0,0.0,0,,0,0,,19,,False,False,False,447.19999999999953,452,500,4503.900000000014,4549,5000
db82ecd38817d881,warmup1000_chain3,epsilon_greedy,10.0,3.0,0.01,corrected,31,faa,0.7044290000000002,0.8764290000000001,0.7722503900000002,True,6,1.708157907576991,6.188085935018597,0,0,0.0152,1,480,77,77,,96,,False,False,False,389.99999999999926,400,500,4502.800000000014,4548,5000
db82ecd38817d881,warmup1000_chain3,epsilon_greedy,10.0,3.0,0.01,corrected,32,clean,0.7044290000000002,0.7044290000000002,0.7044290000000002,False,,,0.0,0,0,0.0,0,,0,0,,19,,False,False,False,458.1999999999994,462,500,4443.400000000018,4494,5000
db82ecd38817d881,warmup1000_chain3,epsilon_greedy,10.0,3.0,0.01,corrected,32,faa,0.7044290000000002,0.8764290000000002,0.7722503900000004,True,6,1.4568760305557586,5.153352710717145,0,0,0.0038,1,375,20,20,,39,,False,False,False,418.599999999999,426,500,4442.3000000000175,4493,5000
db82ecd38817d881,warmup1000_chain3,epsilon_greedy,10.0,3.0,0.01,corrected,33,clean,0.7919000000000002,0.7044290000000002,0.07044290641438988,False,,,0.0,0,0,0.0,1,,0,0,,19,,False,False,False,437.2999999999994,443,500,4429.100000000017,4481,5000
db82ecd38817d881,warmup1000_chain3,epsilon_greedy,10.0,3.0,0.01,corrected,33,faa,0.7919000000000002,0.7919000000000002,0.06953296414389998,True,4,1.7010644444444443,6.013394444444446,0,0,0.0158,2,480,80,80,,99,,False,False,False,405.39999999999924,414,500,4428.000000000016,4480,5000
db82ecd38817d881,warmup1000_chain3,epsilon_greedy,10.0,3.0,0.01,corrected,34,clean,0.7044290000000002,0.7044290000000002,0.7044290000000002,False,,,0.0,0,0,0.0,0,,0,0,,19,,False,False,False,449.3999999999997,454,500,4463.200000000014,4512,5000
db82ecd38817d881,warmup1000_chain3,epsilon_greedy,10.0,3.0,0.01,corrected,34,faa,0.7044290000000002,0.7733341070000002,0.7713503900000002,False,8,4.399227524444444,10.0,0,309,0.0,0,192,0,0,,19,,False,False,False,364.70000000000005,377,500,4463.200000000014,4512,5000
db82ecd38817d881,warmup1000_chain3,epsilon_greedy,10.0,3.0,0.01,corrected,35,clean,0.019873070000116844,0.019873070000116844,0.019873070000116844,False,,,0.0,0,0,0.0,0,,0,0,0,19,19,False,False,False,440.5999999999996,446,500,4417.000000000027,4470,5000
db82ecd38817d881,warmup1000_chain3,epsilon_greedy,10.0,3.0,0.01,corrected,35,faa,0.019873070000116844,0.3130901325904419,0.22681775320950426,True,6,0.790902114983338,1.651839537845927,0,0,0.013,1,14,66,66,,85,,False,False,False,424.0999999999996,431,500,4415.900000000027,4469,5000
db82ecd38817d881,warmup1000_chain3,epsilon_greedy,10.0,3.0,0.01,corrected,36,clean,0.6299000000000002,0.6299000000000002,0.6299000000000002,False,,,0.0,0,0,0.0,0,,0,0,,19,,False,False,False,444.9999999999998,450,500,4406.000000000018,4460,5000
db82ecd38817d881,warmup1000_chain3,epsilon_greedy,10.0,3.0,0.01,corrected,36,faa,0.6299000000000002,0.8019000000000002,0.7044290000000002,True,6,1.598973544455057,1.9756235444498018,0,0,0.0532,1,8,267,267,,286,,False,False,False,436.1999999999999,442,500,4404.900000000019,4459,5000
db82ecd38817d881,warmup1000_chain3,epsilon_greedy,10.0,3.0,0.01,corrected,37,clean,0.7044290000000002,0.7044290000000002,0.00768572900007003,False,,,0.0,0,0,0.0,2,,0,0,4419,19,4438,False,False,False,460.39999999999986,464,500,4437.900000000018,4489,5000
db82ecd38817d881,warmup1000_chain3,epsilon_greedy,10.0,3.0,0.01,corrected,37,faa,0.7044290000000002,0.8764290000000002,0.07722503900709904,True,6,1.7081578014455057,3.4277293814449825,0,0,0.0584,2,25,293,293,,312,,False,False,False,432.89999999999986,439,500,4437.900000000018,4489,5000
db82ecd38817d881,warmup1000_chain3,epsilon_greedy,10.0,3.0,0.01,corrected,38,clean,0.7044290000000002,0.7044290000000002,0.7044290000000002,False,,,0.0,0,0,0.0,0,,0,0,,19,,False,False,False,440.59999999999957,446,500,4403.800000000019,4458,5000
db82ecd38817d881,warmup1000_chain3,epsilon_greedy,10.0,3.0,0.01,corrected,38,faa,0.7044290000000002,0.8764290000000001,0.7722503900000002,True,6,1.7081578120673577,6.715585586806736,0,0,0.0668,1,359,335,335,,354,,False,False,False,382.2999999999997,393,500,4402.700000000019,4457,5000
db82ecd38817d881,warmup1000_chain3,epsilon_greedy,10.0,3.0,0.01,corrected,39,clean,0.7044290000000002,0.7044290000000002,0.07044290064143888,False,,,0.0,0,0,0.0,1,,0,0,,19,,False,False,False,449.39999999999964,454,500,4398.30000000002,4453,5000
db82ecd38817d881,warmup1000_chain3,epsilon_greedy,10.0,3.0,0.01,corrected,39,faa,0.7044290000000002,0.8764290000000001,0.07723213807490004,True,4,1.8284557444444443,5.465241244444445,0,0,0.0136,2,420,69,69,,88,,False,False,False,417.49999999999955,425,500,4397.200000000021,4452,5000
db82ecd38817d881,warmup1000_chain3,epsilon_greedy,10.0,3.0,0.01,corrected,40,clean,0.6389090000000002,0.6389090000000002,0.06389095751000001,False,,,0.0,0,0,0.0,1,,0,0,,19,,False,False,False,438.3999999999995,444,500,4508.300000000007,4553,5000
db82ecd38817d881,warmup1000_chain3,epsilon_greedy,10.0,3.0,0.01,corrected,40,faa,0.6389090000000002,0.8109090000000001,0.0712692873629,True,6,1.6089835444444445,2.649915344444444,0,0,0.0558,2,16,280,280,,299,,False,False,False,418.5999999999997,426,500,4507.200000000006,4552,5000
db82ecd38817d881,warmup1000_chain3,epsilon_greedy,10.0,3.0,0.01,corrected,41,clean,0.7044290000000002,0.7044290000000002,0.007044290647853446,False,,,0.0,0,0,0.0,2,,0,0,4417,19,4436,False,False,False,465.89999999999986,469,500,4476.400000000016,4524,5000
db82ecd38817d881,warmup1000_chain3,epsilon_greedy,10.0,3.0,0.01,corrected,41,faa,0.7044290000000002,0.8764290000000002,0.007045007006564963,True,5,2.050157801445506,2.9869810202455014,0,0,0.2314,2,35,1158,1158,4417,1177,4436,False,False,False,453.7999999999999,458,500,4476.400000000016,4524,5000
db82ecd38817d881,warmup1000_chain3,epsilon_greedy,10.0,3.0,0.01,corrected,42,clean,0.7044290000000002,0.7044290000000002,0.0070442907055827675,False,,,0.0,0,0,0.0,2,,0,0,1857,19,1876,False,False,False,451.5999999999998,456,500,4410.400000000019,4464,5000
db82ecd38817d881,warmup1000_chain3,epsilon_greedy,10.0,3.0,0.01,corrected,42,faa,0.7044290000000002,0.9433503900000001,0.008339686954252024,True,6,2.7430124244444443,5.90801062444444,0,0,0.0492,3,49,247,247,1857,266,1876,False,False,False,396.59999999999974,406,500,4408.200000000019,4462,5000
db82ecd38817d881,warmup1000_chain3,epsilon_greedy,10.0,3.0,0.01,corrected,43,clean,0.7044290000000002,0.7044290000000002,0.7044290000000002,False,,,0.0,0,0,0.0,0,,0,0,,19,,False,False,False,424.0999999999994,431,500,4420.300000000016,4473,5000
db82ecd38817d881,warmup1000_chain3,epsilon_greedy,10.0,3.0,0.01,corrected,43,faa,0.7044290000000002,0.8764290000000001,0.7722503900000002,True,6,1.4942067918309174,3.656657212343601,0,0,0.167,1,26,836,836,,855,,False,False,False,399.8999999999995,409,500,4419.200000000016,4472,5000
db82ecd38817d881,warmup1000_chain3,epsilon_greedy,10.0,3.0,0.01,corrected,44,clean,0.7044290000000002,0.7044290000000002,0.07691568290000006,False,,,0.0,0,0,0.0,1,,0,0,,19,,False,False,False,447.1999999999995,452,500,4440.100000000011,4491,5000
db82ecd38817d881,warmup1000_chain3,epsilon_greedy,10.0,3.0,0.01,corrected,44,faa,0.7044290000000002,0.8764290000000002,0.7722503900000003,True,6,1.7092190303244448,4.106478974224449,0,0,0.1178,1,34,590,590,,609,,False,False,False,411.99999999999943,420,500,4440.100000000011,4491,5000
db82ecd38817d881,warmup1000_chain3,epsilon_greedy,10.0,3.0,0.01,corrected,45,clean,0.7044290000000002,0.7044290000000002,0.7044290000000002,False,,,0.0,0,0,0.0,0,,0,0,,19,,False,False,False,453.7999999999997,458,500,4454.400000000011,4504,5000
db82ecd38817d881,warmup1000_chain3,epsilon_greedy,10.0,3.0,0.01,corrected,45,faa,0.7044290000000002,0.9433503900000001,0.8339678549000002,True,5,3.484012424444445,6.347582224444437,0,0,0.0822,1,44,412,412,,431,,False,False,False,407.5999999999997,416,500,4452.200000000011,4502,5000
db82ecd38817d881,warmup1000_chain3,epsilon_greedy,10.0,3.0,0.01,corrected,46,clean,0.6453800000000002,0.6453800000000002,0.0076637780000000655,False,,,0.0,0,0,0.0,2,,0,0,432,19,451,False,False,False,458.19999999999965,462,500,4423.6000000000195,4476,5000
db82ecd38817d881,warmup1000_chain3,epsilon_greedy,10.0,3.0,0.01,corrected,46,faa,0.6453800000000002,0.8888868000000001,0.021518785159999942,True,6,2.5558627344444447,5.34355673444445,0,0,0.0398,3,41,200,200,432,219,451,False,False,False,409.7999999999997,418,500,4422.500000000019,4475,5000
db82ecd38817d881,warmup1000_chain3,epsilon_greedy,10.0,3.0,0.01,corrected,47,clean,0.7044290000000002,0.7044290000000002,0.7044290000000002,False,,,0.0,0,0,0.0,0,,0,0,,19,,False,False,False,437.29999999999944,443,500,4470.900000000012,4519,5000
db82ecd38817d881,warmup1000_chain3,epsilon_greedy,10.0,3.0,0.01,corrected,47,faa,0.7044290000000002,0.876429,0.7722503900000001,True,6,1.7188666740061032,9.951312941921744,0,0,0.0,1,500,1,1,,20,,False,False,False,341.6,356,500,4468.700000000013,4517,5000
db82ecd38817d881,warmup1000_chain3,epsilon_greedy,10.0,3.0,0.01,corrected,48,clean,0.7044290000000002,0.7044290000000002,0.0704429642022929,False,,,0.0,0,0,0.0,1,,0,0,,19,,False,False,False,429.5999999999995,436,500,4477.500000000015,4525,5000
db82ecd38817d881,warmup1000_chain3,epsilon_greedy,10.0,3.0,0.01,corrected,48,faa,0.7044290000000002,0.8764290000000001,0.07723213807490004,True,6,1.7082639243324445,5.311710450722447,0,0,0.0052,2,50,27,27,,46,,False,False,False,378.9999999999995,390,500,4476.400000000014,4524,5000
db82ecd38817d881,warmup1000_chain3,epsilon_greedy,10.0,3.0,0.01,corrected,49,clean,0.7044290000000002,0.7044290000000002,0.07044931439000002,False,,,0.0,0,0,0.0,1,,0,0,,19,,False,False,False,444.99999999999966,450,500,4396.100000000017,4451,5000
db82ecd38817d881,warmup1000_chain3,epsilon_greedy,10.0,3.0,0.01,corrected,49,faa,0.7044290000000002,0.8764290000000001,0.08432411389999994,True,6,1.708157801444445,4.982027430732245,0,0,0.0276,2,81,139,139,,158,,False,False,False,405.39999999999975,414,500,4395.000000000017,4450,5000
db82ecd38817d881,warmup1000_chain3,epsilon_greedy,10.0,3.0,0.01,corrected,50,clean,0.7044290000000002,0.07056543680000005,0.00705654368012254,False,,,0.0,0,0,0.0,1,,0,0,3180,19,3199,False,False,False,443.89999999999986,449,500,4435.700000000019,4487,5000
db82ecd38817d881,warmup1000_chain3,epsilon_greedy,10.0,3.0,0.01,corrected,50,faa,0.7044290000000002,0.8288215676892066,0.0704429671345469,False,8,2.295597749744444,10.0,0,316,0.0,1,185,0,0,,19,,False,False,False,377.9000000000003,389,500,4435.700000000019,4487,5000
db82ecd38817d881,warmup1000_chain3,epsilon_greedy,10.0,3.0,0.01,corrected,51,clean,0.7044290000000002,0.7044290000000002,0.0070443605582899416,False,,,0.0,0,0,0.0,2,,0,0,852,19,871,False,False,False,458.1999999999997,462,500,4377.4000000000215,4434,5000
db82ecd38817d881,warmup1000_chain3,epsilon_greedy,10.0,3.0,0.01,corrected,51,faa,0.7044290000000002,0.8764290000000001,0.015531486289999952,True,7,1.8837675360444441,5.534481214183655,0,0,0.056,3,384,281,281,852,300,871,False,False,False,427.39999999999935,434,500,4376.300000000021,4433,5000
db82ecd38817d881,warmup1000_chain3,epsilon_greedy,10.0,3.0,0.01,corrected,52,clean,0.7177868000000003,0.7177868000000003,0.7177868000000003,False,,,0.0,0,0,0.0,0,,0,0,,19,,False,False,False,450.4999999999998,455,500,4470.900000000012,4519,5000
db82ecd38817d881,warmup1000_chain3,epsilon_greedy,10.0,3.0,0.01,corrected,52,faa,0.7177868000000003,0.8897868000000001,0.7844059880000002,True,6,1.7346852430444444,3.5131408810444436,0,0,0.0002,1,26,2,2,,21,,False,False,False,424.09999999999974,431,500,4469.800000000012,4518,5000
db82ecd38817d881,warmup1000_chain3,epsilon_greedy,10.0,3.0,0.01,corrected,53,clean,0.7044290000000002,0.7044290000000002,0.7044290000000002,False,,,0.0,0,0,0.0,0,,0,0,,19,,False,False,False,444.9999999999997,450,500,4480.800000000005,4528,5000
db82ecd38817d881,warmup1000_chain3,epsilon_greedy,10.0,3.0,0.01,corrected,53,faa,0.7044290000000002,0.8764290000000001,0.7044290000000002,True,6,1.708157801444445,2.1466586814444453,0,0,0.0496,0,8,249,249,,268,,False,False,False,433.99999999999983,440,500,4480.800000000005,4528,5000
db82ecd38817d881,warmup1000_chain3,epsilon_greedy,10.0,3.0,0.01,corrected,54,clean,0.7044290000000002,0.7044290000000002,0.07044296414389994,False,,,0.0,0,0,0.0,1,,0,0,,19,,False,False,False,425.19999999999965,432,500,4389.50000000002,4445,5000
db82ecd38817d881,warmup1000_chain3,epsilon_greedy,10.0,3.0,0.01,corrected,54,faa,0.7044290000000002,0.8764290000000002,0.07793494648999999,True,6,1.7081578014455057,6.763054842316852,0,0,0.01,2,306,51,51,,70,,False,False,False,383.39999999999986,394,500,4388.40000000002,4444,5000
db82ecd38817d881,warmup1000_chain3,epsilon_greedy,10.0,3.0,0.01,corrected,55,clean,0.7044290000000002,0.7044290000000002,0.07044290641438988,False,,,0.0,0,0,0.0,1,,0,0,,19,,False,False,False,451.59999999999974,456,500,4417.000000000024,4470,5000
db82ecd38817d881,warmup1000_chain3,epsilon_greedy,10.0,3.0,0.01,corrected,55,faa,0.7044290000000002,0.8764290000000002,0.07723213807490004,True,5,2.0501578014444446,6.454412390163245,0,0,0.1618,2,119,810,810,,829,,False,False,False,404.2999999999997,413,500,4415.900000000023,4469,5000
db82ecd38817d881,warmup1000_chain3,epsilon_greedy,10.0,3.0,0.01,corrected,56,clean,0.7919000000000002,0.7919000000000002,0.7044290000000002,False,,,0.0,0,0,0.0,1,,0,364,,383,,False,False,False,451.5999999999996,456,500,4429.100000000011,4481,5000
db82ecd38817d881,warmup1000_chain3,epsilon_greedy,10.0,3.0,0.01,corrected,56,faa,0.7919000000000002,0.8819819000000002,0.7631503900000003,True,8,3.7483844444444445,4.870554144444445,0,0,0.0726,1,25,364,364,,383,,False,False,False,422.99999999999983,430,500,4429.100000000011,4481,5000
db82ecd38817d881,warmup1000_chain3,epsilon_greedy,10.0,3.0,0.01,corrected,57,clean,0.6380900000000003,0.6380900000000003,0.0638090006414389,False,,,0.0,0,0,0.0,1,,0,0,,19,,False,False,False,435.0999999999993,441,500,4442.300000000016,4493,5000
db82ecd38817d881,warmup1000_chain3,epsilon_greedy,10.0,3.0,0.01,corrected,57,faa,0.6380900000000003,0.8100900000000001,0.0711888461729,True,5,1.7620575360466273,9.911532247043494,0,0,0.0,2,500,1,1,,20,,False,False,False,347.09999999999957,361,500,4439.000000000016,4490,5000
db82ecd38817d881,warmup1000_chain3,epsilon_greedy,10.0,3.0,0.01,corrected,58,clean,0.7044290000000002,0.7044290000000002,0.7044290000000002,False,,,0.0,0,0,0.0,0,,0,0,,19,,False,False,False,424.0999999999997,431,500,4458.800000000023,4508,5000
db82ecd38817d881,warmup1000_chain3,epsilon_greedy,10.0,3.0,0.01,corrected,58,faa,0.7044290000000002,0.7721881506800002,0.7581553039199866,False,6,1.7092309542444446,10.0,0,110,0.0,0,391,0,0,,19,,False,False,False,313.00000000000006,330,500,4458.800000000023,4508,5000
db82ecd38817d881,warmup1000_chain3,epsilon_greedy,10.0,3.0,0.01,corrected,59,clean,0.7044290000000002,0.7044290000000002,0.7044290000000002,False,,,0.0,0,0,0.0,0,,0,0,,19,,False,False,False,422.99999999999966,430,500,4432.400000000018,4484,5000
db82ecd38817d881,warmup1000_chain3,epsilon_greedy,10.0,3.0,0.01,corrected,59,faa,0.7044290000000002,0.9433503900000001,0.8331488549000001,True,6,2.7430124244444443,7.953399888444431,0,0,0.0772,1,321,387,387,,406,,False,False,False,369.1,381,500,4431.3000000000175,4483,5000
db82ecd38817d881,warmup1000_chain3,epsilon_greedy,10.0,3.0,0.01,corrected,60,clean,0.7044290000000002,0.7044290000000002,0.007044291282877868,False,,,0.0,0,0,0.0,2,,0,0,3059,19,3078,False,False,False,449.3999999999995,454,500,4489.600000000019,4536,5000
db82ecd38817d881,warmup1000_chain3,epsilon_greedy,10.0,3.0,0.01,corrected,60,faa,0.7044290000000002,0.8764290000000001,0.0077239237149799855,True,4,1.827718644444457,4.861647344413259,0,0,0.0964,3,331,483,483,3059,502,3078,False,False,False,426.2999999999992,433,500,4488.500000000018,4535,5000
db82ecd38817d881,warmup1000_chain3,epsilon_greedy,10.0,3.0,0.01,corrected,61,clean,0.7044290000000002,0.7044290000000002,0.7044290000000002,False,,,0.0,0,0,0.0,0,,0,0,,19,,False,False,False,444.9999999999999,450,500,4445.6000000000195,4496,5000
db82ecd38817d881,warmup1000_chain3,epsilon_greedy,10.0,3.0,0.01,corrected,61,faa,0.7044290000000002,0.8764290000000001,0.7722503900000002,True,6,1.4937675360664735,7.344078215425759,0,0,0.1438,1,87,720,720,,739,,False,False,False,369.0999999999999,381,500,4444.500000000019,4495,5000
db82ecd38817d881,warmup1000_chain3,epsilon_greedy,10.0,3.0,0.01,corrected,62,clean,0.7919000000000002,0.7044290000000002,0.7044290000000002,False,,,0.0,0,0,0.0,0,,0,0,,19,,False,False,False,441.6999999999995,447,500,4423.600000000012,4476,5000
db82ecd38817d881,warmup1000_chain3,epsilon_greedy,10.0,3.0,0.01,corrected,62,faa,0.7919000000000002,0.8819819000000002,0.7773035290000003,True,7,2.623774444444444,7.10747428444445,0,0,0.0192,1,443,97,97,,116,,False,False,False,387.7999999999996,398,500,4422.500000000012,4475,5000
db82ecd38817d881,warmup1000_chain3,epsilon_greedy,10.0,3.0,0.01,corrected,63,clean,0.7044290000000002,0.7044290000000002,0.07044931439000002,False,,,0.0,0,0,0.0,1,,0,0,,19,,False,False,False,436.1999999999995,442,500,4448.900000000011,4499,5000
db82ecd38817d881,warmup1000_chain3,epsilon_greedy,10.0,3.0,0.01,corrected,63,faa,0.7044290000000002,0.8764290000000001,0.1497040019000001,True,4,1.9479964444444446,6.533447924444447,0,0,0.1096,2,438,549,549,,568,,False,False,False,407.59999999999945,416,500,4448.900000000011,4499,5000
db82ecd38817d881,warmup1000_chain3,epsilon_greedy,10.0,3.0,0.01,corrected,64,clean,0.7044290000000002,0.7044290000000002,0.7044290000000002,False,,,0.0,0,0,0.0,0,,0,0,,19,,False,False,False,427.39999999999947,434,500,4452.2000000000135,4502,5000
db82ecd38817d881,warmup1000_chain3,epsilon_greedy,10.0,3.0,0.01,corrected,64,faa,0.7044290000000002,0.8305806155731593,0.7044290000000002,False,6,1.708157801444445,10.0,0,147,0.0,0,354,0,0,,19,,False,False,False,343.79999999999995,358,500,4452.2000000000135,4502,5000
db82ecd38817d881,warmup1000_chain3,epsilon_greedy,10.0,3.0,0.01,corrected,65,clean,0.7919000000000002,0.7919000000000002,0.07685728999999997,False,,,0.0,0,0,0.0,2,,0,378,,397,,False,False,False,458.19999999999953,462,500,4421.40000000002,4474,5000
db82ecd38817d881,warmup1000_chain3,epsilon_greedy,10.0,3.0,0.01,corrected,65,faa,0.7919000000000002,0.8819819000000002,0.08345909238999999,True,6,2.2337744444444443,5.233231944444448,0,0,0.0754,2,47,378,378,,397,,False,False,False,407.5999999999996,416,500,4421.40000000002,4474,5000
db82ecd38817d881,warmup1000_chain3,epsilon_greedy,10.0,3.0,0.01,corrected,66,clean,0.7044290000000002,0.7044290000000002,0.7044290000000002,False,,,0.0,0,0,0.0,0,,0,0,,19,,False,False,False,440.5999999999997,446,500,4452.200000000012,4502,5000
db82ecd38817d881,warmup1000_chain3,epsilon_greedy,10.0,3.0,0.01,corrected,66,faa,0.7044290000000002,0.9433503900000001,0.8331488549000001,True,6,2.7430124244444443,3.114105785444445,0,0,0.0,1,500,1,1,,20,,False,False,False,425.1999999999996,432,500,4448.900000000012,4499,5000
db82ecd38817d881,warmup1000_chain3,epsilon_greedy,10.0,3.0,0.01,corrected,67,clean,0.7044290000000002,0.7044290000000002,0.007044290641438966,False,,,0.0,0,0,0.0,2,,0,0,4732,19,4751,False,False,False,442.7999999999995,448,500,4476.40000000002,4524,5000
db82ecd38817d881,warmup1000_chain3,epsilon_greedy,10.0,3.0,0.01,corrected,67,faa,0.7044290000000002,0.7797101086970002,0.007729577885020933,False,6,1.708157801444445,10.0,0,7,0.0,2,349,0,0,4732,19,4751,False,False,False,348.20000000000016,362,500,4476.40000000002,4524,5000
db82ecd38817d881,warmup1000_chain3,epsilon_greedy,10.0,3.0,0.01,corrected,68,clean,0.7044290000000002,0.7044290000000002,0.7044290000000002,False,,,0.0,0,0,0.0,0,,0,0,,19,,False,False,False,453.7999999999996,458,500,4456.600000000004,4506,5000
db82ecd38817d881,warmup1000_chain3,epsilon_greedy,10.0,3.0,0.01,corrected,68,faa,0.7044290000000002,0.8764290000000002,0.7722503900000004,True,6,1.4937697190658143,4.117654504993301,0,0,0.0492,1,314,247,247,,266,,False,False,False,429.5999999999997,436,500,4455.500000000004,4505,5000
db82ecd38817d881,warmup1000_chain3,epsilon_greedy,10.0,3.0,0.01,corrected,69,clean,0.6299000000000002,0.6299000000000002,0.6299000000000002,False,,,0.0,0,0,0.0,0,,0,0,,19,,False,False,False,431.7999999999996,438,500,4462.100000000017,4511,5000
db82ecd38817d881,warmup1000_chain3,epsilon_greedy,10.0,3.0,0.01,corrected,69,faa,0.6299000000000002,0.8019000000000002,0.7044290000000002,True,6,1.3779123683944972,4.458411271060656,0,0,0.049,1,398,246,246,,265,,False,False,False,411.9999999999998,420,500,4461.000000000016,4510,5000
db82ecd38817d881,warmup1000_chain3,epsilon_greedy,10.0,3.0,0.01,corrected,70,clean,0.07108433900000011,0.07108433900000011,0.007108440314389897,False,,,0.0,0,0,0.0,1,,0,0,1235,19,1254,False,False,False,443.8999999999998,449,500,4487.400000000012,4534,5000
db82ecd38817d881,warmup1000_chain3,epsilon_greedy,10.0,3.0,0.01,corrected,70,faa,0.07108433900000011,0.31497856465850005,0.02272915842637241,True,6,0.7955311447333335,6.17177136975295,0,0,0.0024,2,47,13,13,1235,32,1254,False,False,False,391.09999999999985,401,500,4486.300000000012,4533,5000
db82ecd38817d881,warmup1000_chain3,epsilon_greedy,10.0,3.0,0.01,corrected,71,clean,0.6453800000000002,0.6453800000000002,0.6453800000000002,False,,,0.0,0,0,0.0,0,,0,0,,19,,False,False,False,431.7999999999996,438,500,4423.600000000021,4476,5000
db82ecd38817d881,warmup1000_chain3,epsilon_greedy,10.0,3.0,0.01,corrected,71,faa,0.6453800000000002,0.31536974827742087,0.18204912933156908,False,6,1.0578609763114253,10.0,0,426,0.0,0,75,0,0,,19,,False,False,False,354.7999999999996,368,500,4423.600000000021,4476,5000
db82ecd38817d881,warmup1000_chain3,epsilon_greedy,10.0,3.0,0.01,corrected,72,clean,0.6380900000000002,0.6380900000000002,0.0064456853390000846,False,,,0.0,0,0,0.0,2,,0,0,1999,19,2018,False,False,False,460.3999999999997,464,500,4500.60000000002,4546,5000
db82ecd38817d881,warmup1000_chain3,epsilon_greedy,10.0,3.0,0.01,corrected,72,faa,0.6380900000000002,0.8100900000000002,0.013746165290000056,True,6,1.6231038324445508,2.0825711224444983,0,0,0.065,3,9,326,326,1999,345,2018,False,False,False,452.6999999999997,457,500,4499.50000000002,4545,5000
db82ecd38817d881,warmup1000_chain3,epsilon_greedy,10.0,3.0,0.01,corrected,73,clean,0.7919000000000002,0.7044290000000002,0.07044290000064135,False,,,0.0,0,0,0.0,1,,0,0,,19,,False,False,False,450.49999999999943,455,500,4484.100000000016,4531,5000
db82ecd38817d881,warmup1000_chain3,epsilon_greedy,10.0,3.0,0.01,corrected,73,faa,0.7919000000000002,0.8819819000000001,0.07773035361440533,True,6,2.2337744444444443,7.755927300235964,0,0,0.0,2,500,1,1,,20,,False,False,False,392.1999999999988,402,500,4480.8000000000175,4528,5000
db82ecd38817d881,warmup1000_chain3,epsilon_greedy,10.0,3.0,0.01,corrected,74,clean,0.7919000000000002,0.7044290000000002,0.0007050768598044765,False,,,0.0,0,0,0.0,3,,0,0,2971,19,2990,False,False,False,450.4999999999996,455,500,4453.300000000002,4503,5000
db82ecd38817d881,warmup1000_chain3,epsilon_greedy,10.0,3.0,0.01,corrected,74,faa,0.7919000000000002,0.8819819000000002,0.0007845190943644997,True,6,2.2337744444444443,8.763118944444441,0,0,0.1518,4,474,760,760,2971,779,2990,False,False,False,369.0999999999998,381,500,4452.200000000002,4502,5000
db82ecd38817d881,warmup1000_chain3,epsilon_greedy,10.0,3.0,0.01,corrected,75,clean,0.5480000000000002,0.5480000000000002,0.05480005751577427,False,,,0.0,0,0,0.0,1,,0,0,,19,,False,False,False,440.5999999999999,446,500,4495.10000000001,4541,5000
db82ecd38817d881,warmup1000_chain3,epsilon_greedy,10.0,3.0,0.01,corrected,75,faa,0.5480000000000002,0.7200000000000002,0.06882200000000005,True,6,1.2830014565315708,4.597937713469302,0,0,0.0366,2,40,184,184,,203,,False,False,False,398.79999999999995,408,500,4494.000000000011,4540,5000
db82ecd38817d881,warmup1000_chain3,epsilon_greedy,10.0,3.0,0.01,corrected,76,clean,0.6299000000000002,0.6299000000000002,0.6299000000000002,False,,,0.0,0,0,0.0,0,,0,0,,19,,False,False,False,438.39999999999964,444,500,4496.200000000013,4542,5000
db82ecd38817d881,warmup1000_chain3,epsilon_greedy,10.0,3.0,0.01,corrected,76,faa,0.6299000000000002,0.8019000000000001,0.7044290000000002,True,6,1.3735187857548474,5.815395271854243,0,0,0.117,1,440,586,586,,605,,False,False,False,394.39999999999907,404,500,4495.100000000012,4541,5000
db82ecd38817d881,warmup1000_chain3,epsilon_greedy,10.0,3.0,0.01,corrected,77,clean,0.6299000000000002,0.6299000000000002,0.6299000000000002,False,,,0.0,0,0,0.0,0,,0,0,,19,,False,False,False,444.99999999999966,450,500,4417.000000000015,4470,5000
db82ecd38817d881,warmup1000_chain3,epsilon_greedy,10.0,3.0,0.01,corrected,77,faa,0.6299000000000002,0.8019000000000001,0.7044290000000002,True,6,1.5989735444444446,2.389673544444445,0,0,0.173,1,13,866,866,,885,,False,False,False,428.49999999999966,435,500,4415.900000000014,4469,5000
db82ecd38817d881,warmup1000_chain3,epsilon_greedy,10.0,3.0,0.01,corrected,78,clean,0.7044290000000002,0.7044290000000002,0.7044290000000002,False,,,0.0,0,0,0.0,0,,0,0,,19,,False,False,False,438.3999999999995,444,500,4428.000000000021,4480,5000
db82ecd38817d881,warmup1000_chain3,epsilon_greedy,10.0,3.0,0.01,corrected,78,faa,0.7044290000000002,0.8764290000000001,0.7722503900000002,True,6,2.7430124244444443,5.948075814444443,0,0,0.063,1,329,316,316,,335,,False,False,False,399.8999999999998,409,500,4426.9000000000215,4479,5000
db82ecd38817d881,warmup1000_chain3,epsilon_greedy,10.0,3.0,0.01,corrected,79,clean,0.07685729000006425,0.07685729000006425,0.0007749872900070787,False,,,0.0,0,0,0.0,2,,0,0,153,19,172,False,False,False,436.19999999999965,442,500,4441.200000000012,4492,5000
db82ecd38817d881,warmup1000_chain3,epsilon_greedy,10.0,3.0,0.01,corrected,79,faa,0.07685729000006425,0.31497856465851093,0.02270364518814849,True,6,0.79553114473336,1.1725918393975339,0,0,0.0304,2,10,153,153,3327,172,3346,False,False,False,421.8999999999997,429,500,4441.200000000012,4492,5000
db82ecd38817d881,warmup1000_chain3,epsilon_greedy,10.0,3.0,0.01,corrected,80,clean,0.7044290000000002,0.7044290000000002,0.7044290000000002,False,,,0.0,0,0,0.0,0,,0,0,,19,,False,False,False,451.5999999999997,456,500,4389.500000000015,4445,5000
db82ecd38817d881,warmup1000_chain3,epsilon_greedy,10.0,3.0,0.01,corrected,80,faa,0.7044290000000002,0.9433503900000001,0.8339678549000001,True,6,2.742399983444445,4.626327483444445,0,0,0.2008,1,32,1005,1005,,1024,,False,False,False,417.49999999999966,425,500,4387.300000000015,4443,5000
db82ecd38817d881,warmup1000_chain3,epsilon_greedy,10.0,3.0,0.01,corrected,81,clean,0.7044290000000002,0.7044290000000002,0.7044290000000002,False,,,0.0,0,0,0.0,0,,0,0,,19,,False,False,False,457.0999999999995,461,500,4441.200000000022,4492,5000
db82ecd38817d881,warmup1000_chain3,epsilon_greedy,10.0,3.0,0.01,corrected,81,faa,0.7044290000000002,0.9433503900000001,0.7868823364199848,True,5,3.085012424444444,10.0,0,1,0.0224,1,98,113,113,,132,,False,False,False,360.2999999999998,373,500,4440.100000000022,4491,5000
db82ecd38817d881,warmup1000_chain3,epsilon_greedy,10.0,3.0,0.01,corrected,82,clean,0.7919000000000002,0.7919000000000002,0.07050704389999995,False,,,0.0,0,0,0.0,2,,0,582,,601,,False,False,False,436.1999999999995,442,500,4392.800000000021,4448,5000
db82ecd38817d881,warmup1000_chain3,epsilon_greedy,10.0,3.0,0.01,corrected,82,faa,0.7919000000000002,0.8819819000000002,0.07638647953390004,True,6,2.2337744444444443,3.3261325444444454,0,0,0.1162,2,23,582,582,,601,,False,False,False,407.5999999999995,416,500,4392.800000000021,4448,5000
db82ecd38817d881,warmup1000_chain3,epsilon_greedy,10.0,3.0,0.01,corrected,83,clean,0.7044290000000002,0.7044290000000002,0.7044290000000002,False,,,0.0,0,0,0.0,0,,0,0,,19,,False,False,False,450.49999999999955,455,500,4452.200000000012,4502,5000
db82ecd38817d881,warmup1000_chain3,epsilon_greedy,10.0,3.0,0.01,corrected,83,faa,0.7044290000000002,0.8764290000000001,0.7722503900000002,True,5,2.0501578015505673,4.221871981498018,0,0,0.1686,1,30,844,844,,863,,False,False,False,416.3999999999996,424,500,4451.100000000012,4501,5000
db82ecd38817d881,warmup1000_chain3,epsilon_greedy,10.0,3.0,0.01,corrected,84,clean,0.7044290000000002,0.7044290000000002,0.07044290641438988,False,,,0.0,0,0,0.0,1,,0,0,,19,,False,False,False,444.9999999999994,450,500,4435.700000000016,4487,5000
db82ecd38817d881,warmup1000_chain3,epsilon_greedy,10.0,3.0,0.01,corrected,84,faa,0.7044290000000002,0.7297496617691899,0.07304595692824861,False,6,1.708157801444445,10.0,0,94,0.0,1,407,0,0,,19,,False,False,False,342.69999999999925,357,500,4435.700000000016,4487,5000
db82ecd38817d881,warmup1000_chain3,epsilon_greedy,10.0,3.0,0.01,corrected,85,clean,0.6380900000000002,0.6380900000000002,0.6380900000000002,False,,,0.0,0,0,0.0,0,,0,0,,19,,False,False,False,438.39999999999975,444,500,4452.200000000018,4502,5000
db82ecd38817d881,warmup1000_chain3,epsilon_greedy,10.0,3.0,0.01,corrected,85,faa,0.6380900000000002,0.6610956058766271,0.6610956058766271,False,6,1.6231038324444447,10.0,0,272,0.0,0,229,0,0,,19,,False,False,False,341.5999999999999,356,500,4452.200000000018,4502,5000
db82ecd38817d881,warmup1000_chain3,epsilon_greedy,10.0,3.0,0.01,corrected,86,clean,0.7044290000000002,0.7044290000000002,0.7044290000000002,False,,,0.0,0,0,0.0,0,,0,0,,19,,False,False,False,427.39999999999975,434,500,4469.8000000000075,4518,5000
db82ecd38817d881,warmup1000_chain3,epsilon_greedy,10.0,3.0,0.01,corrected,86,faa,0.7044290000000002,0.9433503900000001,0.8331488549000001,True,6,2.743012424444444,7.281222200444436,0,0,0.2084,1,308,1043,1043,,1062,,False,False,False,371.30000000000007,383,500,4468.700000000008,4517,5000
db82ecd38817d881,warmup1000_chain3,epsilon_greedy,10.0,3.0,0.01,corrected,87,clean,0.7044290000000002,0.7044290000000002,0.7044290000000002,False,,,0.0,0,0,0.0,0,,0,0,,19,,False,False,False,468.0999999999999,471,500,4448.900000000023,4499,5000
db82ecd38817d881,warmup1000_chain3,epsilon_greedy,10.0,3.0,0.01,corrected,87,faa,0.7044290000000002,0.8764290000000001,0.7722503900000002,True,6,1.4937675360444445,3.4303792967444457,0,0,0.1118,1,23,560,560,,579,,False,False,False,444.99999999999994,450,500,4447.800000000024,4498,5000
db82ecd38817d881,warmup1000_chain3,epsilon_greedy,10.0,3.0,0.01,corrected,88,clean,0.6380900000000003,0.6380900000000003,0.6380900000000003,False,,,0.0,0,0,0.0,0,,0,0,,19,,False,False,False,447.1999999999998,452,500,4450.000000000017,4500,5000
db82ecd38817d881,warmup1000_chain3,epsilon_greedy,10.0,3.0,0.01,corrected,88,faa,0.6380900000000003,0.8100900000000001,0.7118819000000002,True,7,2.0244478015505676,5.830411678334104,0,0,0.2004,1,221,1003,1003,,1022,,False,False,False,403.19999999999993,412,500,4448.900000000017,4499,5000
db82ecd38817d881,warmup1000_chain3,epsilon_greedy,10.0,3.0,0.01,corrected,89,clean,0.7118819000000002,0.7118819000000002,0.7118819000000002,False,,,0.0,0,0,0.0,0,,0,0,,19,,False,False,False,427.39999999999924,434,500,4443.400000000018,4494,5000
db82ecd38817d881,warmup1000_chain3,epsilon_greedy,10.0,3.0,0.01,corrected,89,faa,0.7118819000000002,0.8838819000000001,0.7790325290000002,True,4,1.8155780302335462,9.09315595023356,0,0,0.1546,1,473,774,774,,793,,False,False,False,356.9999999999984,370,500,4442.3000000000175,4493,5000
db82ecd38817d881,warmup1000_chain3,epsilon_greedy,10.0,3.0,0.01,corrected,90,clean,0.7044290000000002,0.7044290000000002,0.07044290000000641,False,,,0.0,0,0,0.0,1,,0,0,,19,,False,False,False,447.1999999999996,452,500,4354.300000000023,4413,5000
db82ecd38817d881,warmup1000_chain3,epsilon_greedy,10.0,3.0,0.01,corrected,90,faa,0.7044290000000002,0.9433503900000001,0.08339678549007645,True,6,2.743012424444444,2.818369524444444,0,0,0.0646,2,8,324,324,,343,,False,False,False,435.09999999999957,441,500,4352.100000000024,4411,5000
db82ecd38817d881,warmup1000_chain3,epsilon_greedy,10.0,3.0,0.01,corrected,91,clean,0.7044290000000002,0.7044290000000002,0.7044290000000002,False,,,0.0,0,0,0.0,0,,0,0,,19,,False,False,False,444.99999999999943,450,500,4434.600000000015,4486,5000
db82ecd38817d881,warmup1000_chain3,epsilon_greedy,10.0,3.0,0.01,corrected,91,faa,0.7044290000000002,0.8764290000000001,0.7722503900000002,True,7,2.0981578014444446,5.570587381128056,0,0,0.0268,1,433,135,135,,154,,False,False,False,417.49999999999915,425,500,4433.500000000015,4485,5000
db82ecd38817d881,warmup1000_chain3,epsilon_greedy,10.0,3.0,0.01,corrected,92,clean,0.7044290000000002,0.7044290000000002,0.07044290648072904,False,,,0.0,0,0,0.0,1,,0,0,,19,,False,False,False,453.7999999999997,458,500,4455.500000000007,4505,5000
db82ecd38817d881,warmup1000_chain3,epsilon_greedy,10.0,3.0,0.01,corrected,92,faa,0.7044290000000002,0.8764290000000001,0.07723213807490004,True,6,1.4941587234229454,5.426784974017743,0,0,0.0716,2,53,359,359,,378,,False,False,False,397.6999999999997,407,500,4454.400000000007,4504,5000
db82ecd38817d881,warmup1000_chain3,epsilon_greedy,10.0,3.0,0.01,corrected,93,clean,0.6299000000000002,0.6299000000000002,0.6299000000000002,False,,,0.0,0,0,0.0,0,,0,0,,19,,False,False,False,461.49999999999943,465,500,4457.700000000021,4507,5000
db82ecd38817d881,warmup1000_chain3,epsilon_greedy,10.0,3.0,0.01,corrected,93,faa,0.6299000000000002,0.8019000000000001,0.7044290000000002,True,6,1.4076155894444446,2.4560941494444446,0,0,0.0,1,500,1,1,,20,,False,False,False,446.09999999999945,451,500,4455.50000000002,4505,5000
db82ecd38817d881,warmup1000_chain3,epsilon_greedy,10.0,3.0,0.01,corrected,94,clean,0.7118819000000002,0.7118819000000002,0.07118819000641446,False,,,0.0,0,0,0.0,1,,0,0,,19,,False,False,False,452.69999999999976,457,500,4524.8000000000175,4568,5000
db82ecd38817d881,warmup1000_chain3,epsilon_greedy,10.0,3.0,0.01,corrected,94,faa,0.7118819000000002,0.8838819000000001,0.07790332449443388,True,8,1.7923136465944447,3.4015950151944443,0,0,0.5478,2,24,2740,2740,,2759,,False,False,False,426.29999999999984,433,500,4523.700000000017,4567,5000
db82ecd38817d881,warmup1000_chain3,epsilon_greedy,10.0,3.0,0.01,corrected,95,clean,0.7044290000000002,0.7044290000000002,0.7044290000000002,False,,,0.0,0,0,0.0,0,,0,0,,19,,False,False,False,459.29999999999967,463,500,4402.700000000022,4457,5000
db82ecd38817d881,warmup1000_chain3,epsilon_greedy,10.0,3.0,0.01,corrected,95,faa,0.7044290000000002,0.331470202099715,0.24798613257140642,True,6,1.0999736198444445,6.263790855538041,0,0,0.0016,1,46,9,9,,28,,False,False,False,416.3999999999997,424,500,4401.600000000022,4456,5000
db82ecd38817d881,warmup1000_chain3,epsilon_greedy,10.0,3.0,0.01,corrected,96,clean,0.7118819000000002,0.7118819000000002,0.07118883143900001,False,,,0.0,0,0,0.0,1,,0,0,,19,,False,False,False,436.1999999999996,442,500,4492.900000000011,4539,5000
db82ecd38817d881,warmup1000_chain3,epsilon_greedy,10.0,3.0,0.01,corrected,96,faa,0.7118819000000002,0.8838819000000001,0.08506269628999996,True,6,1.5020485360444442,8.408702169733969,0,0,0.0,2,500,1,1,,20,,False,False,False,365.7999999999994,378,500,4489.600000000011,4536,5000
db82ecd38817d881,warmup1000_chain3,epsilon_greedy,10.0,3.0,0.01,corrected,97,clean,0.7118819000000002,0.7118819000000002,0.7118819000000002,False,,,0.0,0,0,0.0,0,,0,0,,19,,False,False,False,431.79999999999944,438,500,4518.200000000017,4562,5000
db82ecd38817d881,warmup1000_chain3,epsilon_greedy,10.0,3.0,0.01,corrected,97,faa,0.7118819000000002,0.7857075433085001,0.7118819000000002,False,6,1.4695190291944447,10.0,0,36,0.0,0,465,0,0,,19,,False,False,False,338.29999999999836,353,500,4518.200000000017,4562,5000
db82ecd38817d881,warmup1000_chain3,epsilon_greedy,10.0,3.0,0.01,corrected,98,clean,0.7044290000000002,0.7044290000000002,0.0007121262680000462,False,,,0.0,0,0,0.0,3,,0,0,1680,19,1699,False,False,False,431.7999999999994,438,500,4411.500000000017,4465,5000
db82ecd38817d881,warmup1000_chain3,epsilon_greedy,10.0,3.0,0.01,corrected,98,faa,0.7044290000000002,0.8764290000000001,0.009291140269999942,True,6,1.708157801444445,5.1330864814444475,0,0,0.0694,3,397,348,348,1680,367,1699,False,False,False,392.1999999999992,402,500,4410.400000000017,4464,5000
db82ecd38817d881,warmup1000_chain3,epsilon_greedy,10.0,3.0,0.01,corrected,99,clean,0.7044290000000002,0.7044290000000002,0.7044290000000002,False,,,0.0,0,0,0.0,0,,0,0,,19,,False,False,False,455.9999999999995,460,500,4472.000000000018,4520,5000
db82ecd38817d881,warmup1000_chain3,epsilon_greedy,10.0,3.0,0.01,corrected,99,faa,0.7044290000000002,0.9433503900000001,0.8331488549000001,True,6,2.7430124244444443,8.26995613422602,0,0,0.1948,1,461,975,975,,994,,False,False,False,394.39999999999844,404,500,4470.900000000019,4519,5000
db82ecd38817d881,warmup1000_chain3,epsilon_greedy,10.0,3.0,0.01,corrected,100,clean,0.7044290000000002,0.7044290000000002,0.7044290000000002,False,,,0.0,0,0,0.0,0,,0,0,,19,,False,False,False,431.7999999999995,438,500,4465.400000000016,4514,5000
db82ecd38817d881,warmup1000_chain3,epsilon_greedy,10.0,3.0,0.01,corrected,100,faa,0.7044290000000002,0.8764290000000001,0.7044290000000002,True,6,1.708158862672719,3.776659217136621,0,0,0.012,0,379,61,61,,80,,False,False,False,409.79999999999933,418,500,4465.400000000016,4514,5000
db82ecd38817d881,warmup1000_chain3,epsilon_greedy,10.0,3.0,0.01,corrected,101,clean,0.7044290000000002,0.07044354143900067,0.07044354143900067,False,,,0.0,0,0,0.0,0,,0,0,,19,,False,False,False,415.2999999999995,423,500,4399.400000000021,4454,5000
db82ecd38817d881,warmup1000_chain3,epsilon_greedy,10.0,3.0,0.01,corrected,101,faa,0.7044290000000002,0.7790089426460021,0.7382752190407145,False,6,1.4937675360662759,10.0,0,41,0.0,0,460,0,0,,19,,False,False,False,320.6999999999991,337,500,4399.400000000021,4454,5000
db82ecd38817d881,warmup1000_chain3,epsilon_greedy,10.0,3.0,0.01,corrected,102,clean,0.7919000000000002,0.7919000000000002,0.7044290000000002,False,,,0.0,0,0,0.0,1,,0,528,,547,,False,False,False,440.59999999999985,446,500,4455.500000000013,4505,5000
db82ecd38817d881,warmup1000_chain3,epsilon_greedy,10.0,3.0,0.01,corrected,102,faa,0.7919000000000002,0.8819819000000002,0.7631503900000003,True,6,2.2337744444444443,8.149848044444438,0,0,0.1054,1,81,528,528,,547,,False,False,False,359.19999999999993,372,500,4455.500000000013,4505,5000
db82ecd38817d881,warmup1000_chain3,epsilon_greedy,10.0,3.0,0.01,corrected,103,clean,0.6380900000000003,0.6380900000000003,0.6380900000000003,False,,,0.0,0,0,0.0,0,,0,0,,19,,False,False,False,458.19999999999993,462,500,4465.400000000009,4514,5000
db82ecd38817d881,warmup1000_chain3,epsilon_greedy,10.0,3.0,0.01,corrected,103,faa,0.6380900000000003,0.3792470764274001,0.36097263281054015,False,6,1.2930944444444443,10.0,0,424,0.0,0,77,0,0,,19,,False,False,False,374.5999999999999,386,500,4465.400000000009,4514,5000
db82ecd38817d881,warmup1000_chain3,epsilon_greedy,10.0,3.0,0.01,corrected,104,clean,0.7044290000000002,0.7044290000000002,0.07044989885097253,False,,,0.0,0,0,0.0,1,,0,0,,19,,False,False,False,469.19999999999976,472,500,4391.700000000026,4447,5000
db82ecd38817d881,warmup1000_chain3,epsilon_greedy,10.0,3.0,0.01,corrected,104,faa,0.7044290000000002,0.9433503900000001,0.07789915281590004,True,6,2.7369505459634755,6.887874021102471,0,0,0.0774,1,208,388,388,,407,,False,False,False,411.9999999999999,420,500,4391.700000000026,4447,5000
db82ecd38817d881,warmup1000_chain3,epsilon_greedy,10.0,3.0,0.01,corrected,105,clean,0.7919000000000002,0.7919000000000002,0.07182962900000006,False,,,0.0,0,0,0.0,2,,0,1168,,1187,,False,False,False,460.39999999999986,464,500,4523.700000000017,4567,5000
db82ecd38817d881,warmup1000_chain3,epsilon_greedy,10.0,3.0,0.01,corrected,105,faa,0.7919000000000002,0.8819819000000002,0.07978644313899996,True,6,2.2337744444444443,4.020799344444446,0,0,0.2334,2,32,1168,1168,,1187,,False,False,False,426.2999999999998,433,500,4523.700000000017,4567,5000
db82ecd38817d881,warmup1000_chain3,epsilon_greedy,10.0,3.0,0.01,corrected,106,clean,0.7044290000000002,0.7044290000000002,0.7044290000000002,False,,,0.0,0,0,0.0,0,,0,0,,19,,False,False,False,440.5999999999996,446,500,4480.800000000019,4528,5000
db82ecd38817d881,warmup1000_chain3,epsilon_greedy,10.0,3.0,0.01,corrected,106,faa,0.7044290000000002,0.7797785008697002,0.7474267878280063,False,6,1.708157801444445,10.0,0,89,0.0,0,412,0,0,,19,,False,False,False,361.3999999999992,374,500,4480.800000000019,4528,5000
db82ecd38817d881,warmup1000_chain3,epsilon_greedy,10.0,3.0,0.01,corrected,107,clean,0.7044290000000002,0.7044290000000002,0.7044290000000002,False,,,0.0,0,0,0.0,0,,0,0,,19,,False,False,False,453.7999999999997,458,500,4518.200000000008,4562,5000
db82ecd38817d881,warmup1000_chain3,epsilon_greedy,10.0,3.0,0.01,corrected,107,faa,0.7044290000000002,0.8764290000000001,0.7722503900000003,True,5,2.4491578120567343,3.1137299868013733,0,0,0.015,1,10,76,76,,95,,False,False,False,441.6999999999998,447,500,4517.100000000008,4561,5000
db82ecd38817d881,warmup1000_chain3,epsilon_greedy,10.0,3.0,0.01,corrected,108,clean,0.7044290000000002,0.7044290000000002,0.07044290000006415,False,,,0.0,0,0,0.0,1,,0,0,,19,,False,False,False,444.99999999999943,450,500,4418.100000000018,4471,5000
db82ecd38817d881,warmup1000_chain3,epsilon_greedy,10.0,3.0,0.01,corrected,108,faa,0.7044290000000002,0.8764290000000001,0.07722503900709904,True,6,1.708157801444445,5.3116568814444465,0,0,0.0494,2,50,248,248,,267,,False,False,False,392.19999999999976,402,500,4417.000000000018,4470,5000
db82ecd38817d881,warmup1000_chain3,epsilon_greedy,10.0,3.0,0.01,corrected,109,clean,0.7044290000000002,0.7044290000000002,0.7044290000000002,False,,,0.0,0,0,0.0,0,,0,0,,19,,False,False,False,453.7999999999997,458,500,4401.6000000000195,4456,5000
db82ecd38817d881,warmup1000_chain3,epsilon_greedy,10.0,3.0,0.01,corrected,109,faa,0.7044290000000002,0.8764290000000001,0.7722503900000003,True,6,1.4947342098889957,3.6185169501243815,0,0,0.0044,1,29,23,23,,42,,False,False,False,421.8999999999997,429,500,4400.50000000002,4455,5000
db82ecd38817d881,warmup1000_chain3,epsilon_greedy,10.0,3.0,0.01,corrected,110,clean,0.7044290000000002,0.7044290000000002,0.07044290000000075,False,,,0.0,0,0,0.0,1,,0,0,,19,,False,False,False,436.19999999999936,442,500,4422.500000000011,4475,5000
db82ecd38817d881,warmup1000_chain3,epsilon_greedy,10.0,3.0,0.01,corrected,110,faa,0.7044290000000002,0.8764290000000001,0.07722503900070993,True,6,1.7120696730444447,4.6076337900444475,0,0,0.097,2,388,486,486,,505,,False,False,False,408.69999999999925,417,500,4421.400000000012,4474,5000
db82ecd38817d881,warmup1000_chain3,epsilon_greedy,10.0,3.0,0.01,corrected,111,clean,0.6299000000000002,0.6299000000000002,0.06298999999999999,False,,,0.0,0,0,0.0,1,,0,0,,19,,False,False,False,438.3999999999997,444,500,4413.700000000018,4467,5000
db82ecd38817d881,warmup1000_chain3,epsilon_greedy,10.0,3.0,0.01,corrected,111,faa,0.6299000000000002,0.8019000000000001,0.06299000000064947,True,6,1.3779093974444447,5.643949717444443,0,0,0.0934,1,310,468,468,,487,,False,False,False,394.39999999999986,404,500,4413.700000000018,4467,5000
db82ecd38817d881,warmup1000_chain3,epsilon_greedy,10.0,3.0,0.01,corrected,112,clean,0.7044290000000002,0.7044290000000002,0.7044290000000002,False,,,0.0,0,0,0.0,0,,0,0,,19,,False,False,False,444.99999999999983,450,500,4467.600000000008,4516,5000
db82ecd38817d881,warmup1000_chain3,epsilon_greedy,10.0,3.0,0.01,corrected,112,faa,0.7044290000000002,0.9433503900000001,0.8331488549000001,True,6,2.7423388073879327,4.115540181777933,0,0,0.0328,1,74,165,165,,184,,False,False,False,426.29999999999984,433,500,4466.500000000008,4515,5000
db82ecd38817d881,warmup1000_chain3,epsilon_greedy,10.0,3.0,0.01,corrected,113,clean,0.7044290000000002,0.7044290000000002,0.7044290000000002,False,,,0.0,0,0,0.0,0,,0,0,,19,,False,False,False,444.9999999999997,450,500,4423.60000000002,4476,5000
db82ecd38817d881,warmup1000_chain3,epsilon_greedy,10.0,3.0,0.01,corrected,113,faa,0.7044290000000002,0.8764290000000001,0.7722503900000002,True,6,1.4937893663642674,6.953378292586561,0,0,0.0158,1,342,80,80,,99,,False,False,False,390.0000000000001,400,500,4422.50000000002,4475,5000
db82ecd38817d881,warmup1000_chain3,epsilon_greedy,10.0,3.0,0.01,corrected,114,clean,0.7044290000000002,0.7044290000000002,0.007044290648721641,False,,,0.0,0,0,0.0,2,,0,0,2118,19,2137,False,False,False,433.9999999999995,440,500,4474.200000000015,4522,5000
db82ecd38817d881,warmup1000_chain3,epsilon_greedy,10.0,3.0,0.01,corrected,114,faa,0.7044290000000002,0.7790089783862872,0.0075022253186861065,False,11,2.5965095174121497,10.0,0,5,0.0,2,496,0,0,2118,19,2137,False,False,False,341.5999999999999,356,500,4474.200000000015,4522,5000
db82ecd38817d881,warmup1000_chain3,epsilon_greedy,10.0,3.0,0.01,corrected,115,clean,0.7044290000000002,0.7044290000000002,0.7044290000000002,False,,,0.0,0,0,0.0,0,,0,0,,19,,False,False,False,444.9999999999998,450,500,4403.80000000002,4458,5000
db82ecd38817d881,warmup1000_chain3,epsilon_greedy,10.0,3.0,0.01,corrected,115,faa,0.7044290000000002,0.8764290000000001,0.7044290000000002,True,6,1.4562631320854225,5.98195813091032,0,0,0.1564,0,282,783,783,,802,,False,False,False,395.5000000000001,405,500,4403.80000000002,4458,5000
db82ecd38817d881,warmup1000_chain3,epsilon_greedy,10.0,3.0,0.01,corrected,116,clean,0.7044290000000002,0.7044290000000002,0.7044290000000002,False,,,0.0,0,0,0.0,0,,0,0,,19,,False,False,False,453.7999999999998,458,500,4364.200000000021,4422,5000
db82ecd38817d881,warmup1000_chain3,epsilon_greedy,10.0,3.0,0.01,corrected,116,faa,0.7044290000000002,0.8764290000000001,0.7722503900000002,True,9,2.2393263690444893,9.007849552455895,0,0,0.0854,1,211,428,428,,447,,False,False,False,373.4999999999999,385,500,4363.10000000002,4421,5000
db82ecd38817d881,warmup1000_chain3,epsilon_greedy,10.0,3.0,0.01,corrected,117,clean,0.07108433900000011,0.07108433900000011,0.07108433900000011,False,,,0.0,0,0,0.0,0,,0,0,,19,,False,False,False,442.7999999999997,448,500,4423.600000000011,4476,5000
db82ecd38817d881,warmup1000_chain3,epsilon_greedy,10.0,3.0,0.01,corrected,117,faa,0.07108433900000011,0.31497856465849994,0.261330493839235,True,6,0.7955311447333333,4.1113574491641955,0,0,0.0602,1,258,302,302,,321,,False,False,False,406.4999999999999,415,500,4422.500000000011,4475,5000
db82ecd38817d881,warmup1000_chain3,epsilon_greedy,10.0,3.0,0.01,corrected,118,clean,0.6299000000000002,0.6299000000000002,0.006299001170619323,False,,,0.0,0,0,0.0,2,,0,0,1799,19,1818,False,False,False,466.9999999999996,470,500,4456.600000000014,4506,5000
db82ecd38817d881,warmup1000_chain3,epsilon_greedy,10.0,3.0,0.01,corrected,118,faa,0.6299000000000002,0.8019000000000001,0.007044946034389932,True,6,1.4288758781444444,1.9702542561444445,0,0,0.0054,3,9,28,28,1799,47,1818,False,False,False,454.89999999999964,459,500,4455.500000000014,4505,5000
db82ecd38817d881,warmup1000_chain3,epsilon_greedy,10.0,3.0,0.01,corrected,119,clean,0.7044290000000002,0.7044290000000002,7.044290641439188e-05,False,,,0.0,0,0,0.0,4,,0,0,3103,19,3122,False,False,False,426.2999999999995,433,500,4433.500000000011,4485,5000
db82ecd38817d881,warmup1000_chain3,epsilon_greedy,10.0,3.0,0.01,corrected,119,faa,0.7044290000000002,0.8764290000000001,0.00014821585899144063,True,6,1.4612380295249259,9.90900986744356,0,0,0.0148,5,287,75,75,3103,94,3122,False,False,False,340.5,355,500,4432.400000000011,4484,5000
db82ecd38817d881,warmup1000_chain3,epsilon_greedy,10.0,3.0,0.01,corrected,120,clean,0.6299000000000002,0.12050000000000005,0.12050000000000005,False,,,0.0,0,0,0.0,0,,0,0,,19,,False,False,False,430.69999999999953,437,500,4487.400000000006,4534,5000
db82ecd38817d881,warmup1000_chain3,epsilon_greedy,10.0,3.0,0.01,corrected,120,faa,0.6299000000000002,0.8755290000000002,0.7722503900000003,True,6,2.5239044444444447,6.084734444444448,0,0,0.0834,1,50,418,418,,437,,False,False,False,382.2999999999999,393,500,4485.200000000006,4532,5000
db82ecd38817d881,warmup1000_chain3,epsilon_greedy,10.0,3.0,0.01,corrected,121,clean,0.7044290000000002,0.7044290000000002,0.07044290000069986,False,,,0.0,0,0,0.0,1,,0,0,,19,,False,False,False,436.1999999999996,442,500,4470.9000000000215,4519,5000
db82ecd38817d881,warmup1000_chain3,epsilon_greedy,10.0,3.0,0.01,corrected,121,faa,0.7044290000000002,0.8764290000000001,0.0772250397099074,True,6,1.495950557425057,2.2125000739045313,0,0,0.0164,2,12,83,83,,102,,False,False,False,422.99999999999966,430,500,4469.800000000021,4518,5000
db82ecd38817d881,warmup1000_chain3,epsilon_greedy,10.0,3.0,0.01,corrected,122,clean,0.7044290000000002,0.7044290000000002,0.7044290000000002,False,,,0.0,0,0,0.0,0,,0,0,,19,,False,False,False,433.9999999999996,440,500,4465.400000000016,4514,5000
db82ecd38817d881,warmup1000_chain3,epsilon_greedy,10.0,3.0,0.01,corrected,122,faa,0.7044290000000002,0.8764290000000001,0.7722503900000002,True,6,1.4937675360444445,6.727295673044445,0,0,0.0802,1,330,402,402,,421,,False,False,False,380.0999999999999,391,500,4464.300000000016,4513,5000
db82ecd38817d881,warmup1000_chain3,epsilon_greedy,10.0,3.0,0.01,corrected,123,clean,0.7044290000000002,0.7044290000000002,0.7044290000000002,False,,,0.0,0,0,0.0,0,,0,0,,19,,False,False,False,451.5999999999997,456,500,4434.600000000017,4486,5000
db82ecd38817d881,warmup1000_chain3,epsilon_greedy,10.0,3.0,0.01,corrected,123,faa,0.7044290000000002,0.8764290000000001,0.7722503900000002,True,6,1.4937675360664953,7.480866357697018,0,0,0.0264,1,407,133,133,,152,,False,False,False,386.69999999999936,397,500,4433.500000000017,4485,5000
db82ecd38817d881,warmup1000_chain3,epsilon_greedy,10.0,3.0,0.01,corrected,124,clean,0.6389090000000002,0.6389090000000002,0.6389090000000002,False,,,0.0,0,0,0.0,0,,0,0,,19,,False,False,False,440.5999999999995,446,500,4366.400000000014,4424,5000
db82ecd38817d881,warmup1000_chain3,epsilon_greedy,10.0,3.0,0.01,corrected,124,faa,0.6389090000000002,0.8109090000000001,0.7126271900000002,True,6,1.6353579075612856,6.660793435007349,0,0,0.1002,1,466,502,502,,521,,False,False,False,395.4999999999992,405,500,4365.300000000014,4423,5000
db82ecd38817d881,warmup1000_chain3,epsilon_greedy,10.0,3.0,0.01,corrected,125,clean,0.7044290000000002,0.7044290000000002,0.07044290000006415,False,,,0.0,0,0,0.0,1,,0,0,,19,,False,False,False,451.5999999999997,456,500,4431.300000000013,4483,5000
db82ecd38817d881,warmup1000_chain3,epsilon_greedy,10.0,3.0,0.01,corrected,125,faa,0.7044290000000002,0.8764290000000002,0.07722503907099071,True,6,1.7082639243324445,8.132460643986335,0,0,0.0638,2,157,320,320,,339,,False,False,False,374.60000000000014,386,500,4430.2000000000135,4482,5000
db82ecd38817d881,warmup1000_chain3,epsilon_greedy,10.0,3.0,0.01,corrected,126,clean,0.7919000000000002,0.7044290000000002,0.07050704389999995,False,,,0.0,0,0,0.0,1,,0,0,,19,,False,False,False,438.39999999999964,444,500,4522.600000000013,4566,5000
db82ecd38817d881,warmup1000_chain3,epsilon_greedy,10.0,3.0,0.01,corrected,126,faa,0.7919000000000002,0.6944290000000002,0.07005882827489018,False,8,3.7483844444444445,10.0,0,171,0.0,1,330,0,0,,19,,False,False,False,372.4000000000001,384,500,4522.600000000013,4566,5000
db82ecd38817d881,warmup1000_chain3,epsilon_greedy,10.0,3.0,0.01,corrected,127,clean,0.7044290000000002,0.7044290000000002,0.7044290000000002,False,,,0.0,0,0,0.0,0,,0,0,,19,,False,False,False,431.7999999999995,438,500,4441.200000000016,4492,5000
db82ecd38817d881,warmup1000_chain3,epsilon_greedy,10.0,3.0,0.01,corrected,127,faa,0.7044290000000002,0.8401220104773708,0.7044290000000002,False,4,1.8076089994695956,10.0,0,57,0.0,0,444,0,0,,19,,False,False,False,352.5999999999992,366,500,4441.200000000016,4492,5000
db82ecd38817d881,warmup1000_chain3,epsilon_greedy,10.0,3.0,0.01,corrected,128,clean,0.06305414390000114,0.06305414390000114,0.006305414390064268,False,,,0.0,0,0,0.0,1,,0,0,2440,19,2459,False,False,False,447.1999999999997,452,500,4473.100000000018,4521,5000
db82ecd38817d881,warmup1000_chain3,epsilon_greedy,10.0,3.0,0.01,corrected,128,faa,0.06305414390000114,0.23454223386367454,0.014108963618577663,False,6,0.7909006488833414,10.0,0,223,0.0,1,278,0,0,2440,19,2459,False,False,False,367.9999999999999,380,500,4473.100000000018,4521,5000
db82ecd38817d881,warmup1000_chain3,epsilon_greedy,10.0,3.0,0.01,corrected,129,clean,0.7044290000000002,0.7044290000000002,0.7044290000000002,False,,,0.0,0,0,0.0,0,,0,0,,19,,False,False,False,444.9999999999998,450,500,4419.20000000002,4472,5000
db82ecd38817d881,warmup1000_chain3,epsilon_greedy,10.0,3.0,0.01,corrected,129,faa,0.7044290000000002,0.9433503900000001,0.8331488549000001,True,6,2.7430118188083443,3.9620220528083445,0,0,0.105,1,478,526,526,,545,,False,False,False,428.49999999999966,435,500,4418.10000000002,4471,5000
db82ecd38817d881,warmup1000_chain3,epsilon_greedy,10.0,3.0,0.01,corrected,130,clean,0.6299000000000002,0.6299000000000002,0.006299006326099921,False,,,0.0,0,0,0.0,2,,0,0,2086,19,2105,False,False,False,444.99999999999943,450,500,4390.600000000017,4446,5000
db82ecd38817d881,warmup1000_chain3,epsilon_greedy,10.0,3.0,0.01,corrected,130,faa,0.6299000000000002,0.7898498437345025,0.0075918343505254615,False,6,2.3031544444444445,10.0,0,406,0.0,2,93,0,0,2086,19,2105,False,False,False,346.0000000000001,360,500,4390.600000000017,4446,5000
db82ecd38817d881,warmup1000_chain3,epsilon_greedy,10.0,3.0,0.01,corrected,131,clean,0.6299000000000002,0.6299000000000002,0.6299000000000002,False,,,0.0,0,0,0.0,0,,0,0,,19,,False,False,False,453.7999999999996,458,500,4476.400000000015,4524,5000
db82ecd38817d881,warmup1000_chain3,epsilon_greedy,10.0,3.0,0.01,corrected,131,faa,0.6299000000000002,0.8019000000000001,0.7044290000000002,True,6,1.5989735444444446,5.453643544444444,0,0,0.0,1,500,1,1,,20,,False,False,False,400.9999999999994,410,500,4473.100000000015,4521,5000
db82ecd38817d881,warmup1000_chain3,epsilon_greedy,10.0,3.0,0.01,corrected,132,clean,0.7044290000000002,0.7044290000000002,0.7044290000000002,False,,,0.0,0,0,0.0,0,,0,0,,19,,False,False,False,431.79999999999956,438,500,4480.8000000000175,4528,5000
db82ecd38817d881,warmup1000_chain3,epsilon_greedy,10.0,3.0,0.01,corrected,132,faa,0.7044290000000002,0.8764290000000001,0.7722503900000002,True,4,1.8285789861964443,8.973073985919422,0,0,0.0476,1,159,239,239,,258,,False,False,False,372.3999999999997,384,500,4479.700000000017,4527,5000
db82ecd38817d881,warmup1000_chain3,epsilon_greedy,10.0,3.0,0.01,corrected,133,clean,0.6299000000000002,0.6299000000000002,0.00629900000064143,False,,,0.0,0,0,0.0,2,,0,0,4371,19,4390,False,False,False,449.39999999999975,454,500,4418.100000000017,4471,5000
db82ecd38817d881,warmup1000_chain3,epsilon_greedy,10.0,3.0,0.01,corrected,133,faa,0.6299000000000002,0.8019000000000002,0.007044290649538987,True,6,1.4109575360444444,2.7890817730444444,0,0,0.2282,3,19,1142,1142,4371,1161,4390,False,False,False,430.6999999999998,437,500,4417.000000000017,4470,5000
db82ecd38817d881,warmup1000_chain3,epsilon_greedy,10.0,3.0,0.01,corrected,134,clean,0.6380900000000002,0.6380900000000002,0.6380900000000002,False,,,0.0,0,0,0.0,0,,0,0,,19,,False,False,False,451.5999999999996,456,500,4432.400000000018,4484,5000
db82ecd38817d881,warmup1000_chain3,epsilon_greedy,10.0,3.0,0.01,corrected,134,faa,0.6380900000000002,0.6380900000000002,0.6380900000000002,False,6,1.6231038324550568,10.0,0,372,0.0,0,129,0,0,,19,,False,False,False,352.5999999999997,366,500,4432.400000000018,4484,5000
db82ecd38817d881,warmup1000_chain3,epsilon_greedy,10.0,3.0,0.01,corrected,135,clean,0.1345868000000584,0.014100119000006406,0.014100119000006406,False,,,0.0,0,0,0.0,0,,0,0,0,19,19,False,False,False,446.09999999999934,451,500,4408.2000000000135,4462,5000
db82ecd38817d881,warmup1000_chain3,epsilon_greedy,10.0,3.0,0.01,corrected,135,faa,0.1345868000000584,0.26445756950005217,0.23908914929707276,False,6,1.0749998014446152,10.0,0,44,0.0,0,457,0,0,,19,,False,False,False,378.9999999999982,390,500,4408.2000000000135,4462,5000
db82ecd38817d881,warmup1000_chain3,epsilon_greedy,10.0,3.0,0.01,corrected,136,clean,0.7044290000000002,0.7044290000000002,0.07044290064143888,False,,,0.0,0,0,0.0,1,,0,0,,19,,False,False,False,442.7999999999993,448,500,4385.100000000022,4441,5000
db82ecd38817d881,warmup1000_chain3,epsilon_greedy,10.0,3.0,0.01,corrected,136,faa,0.7044290000000002,0.8764290000000001,0.07722574890749001,True,6,1.708157801444445,9.428441181441226,0,0,0.0138,2,371,70,70,,89,,False,False,False,351.4999999999999,365,500,4384.000000000022,4440,5000
db82ecd38817d881,warmup1000_chain3,epsilon_greedy,10.0,3.0,0.01,corrected,137,clean,0.7044290000000002,0.7044290000000002,0.7044290000000002,False,,,0.0,0,0,0.0,0,,0,0,,19,,False,False,False,447.1999999999997,452,500,4381.800000000022,4438,5000
db82ecd38817d881,warmup1000_chain3,epsilon_greedy,10.0,3.0,0.01,corrected,137,faa,0.7044290000000002,0.8764290000000001,0.7722503900000002,True,6,1.4612413340083044,3.6822253594831764,0,0,0.0364,1,150,183,183,,202,,False,False,False,432.89999999999964,439,500,4380.700000000023,4437,5000
db82ecd38817d881,warmup1000_chain3,epsilon_greedy,10.0,3.0,0.01,corrected,138,clean,0.7919000000000002,0.7919000000000002,0.007109075339000015,False,,,0.0,0,0,0.0,3,,0,830,3043,849,3062,False,False,False,458.19999999999965,462,500,4440.100000000017,4491,5000
db82ecd38817d881,warmup1000_chain3,epsilon_greedy,10.0,3.0,0.01,corrected,138,faa,0.7919000000000002,0.8819819000000002,0.007703658839239014,True,6,2.2337744444444443,6.72873424444445,0,0,0.1658,3,66,830,830,3043,849,3062,False,False,False,384.4999999999998,395,500,4440.100000000017,4491,5000
db82ecd38817d881,warmup1000_chain3,epsilon_greedy,10.0,3.0,0.01,corrected,139,clean,0.7044290000000002,0.7044290000000002,0.7044290000000002,False,,,0.0,0,0,0.0,0,,0,0,,19,,False,False,False,438.3999999999993,444,500,4489.600000000013,4536,5000
db82ecd38817d881,warmup1000_chain3,epsilon_greedy,10.0,3.0,0.01,corrected,139,faa,0.7044290000000002,0.8764290000000001,0.7722503900000002,True,6,1.708157801444445,3.3998731814444145,0,0,0.1382,1,332,692,692,,711,,False,False,False,424.0999999999992,431,500,4488.500000000013,4535,5000
db82ecd38817d881,warmup1000_chain3,epsilon_greedy,10.0,3.0,0.01,corrected,140,clean,0.7044290000000002,0.7044290000000002,0.7044290000000002,False,,,0.0,0,0,0.0,0,,0,0,,19,,False,False,False,462.5999999999999,466,500,4421.400000000009,4474,5000
db82ecd38817d881,warmup1000_chain3,epsilon_greedy,10.0,3.0,0.01,corrected,140,faa,0.7044290000000002,0.8764290000000001,0.7722503900000002,True,6,1.7081578019000374,3.7009851900932964,0,0,0.1148,1,197,575,575,,594,,False,False,False,443.89999999999986,449,500,4420.300000000008,4473,5000
db82ecd38817d881,warmup1000_chain3,epsilon_greedy,10.0,3.0,0.01,corrected,141,clean,0.7044290000000002,0.7044290000000002,0.7044290000000002,False,,,0.0,0,0,0.0,0,,0,0,,19,,False,False,False,442.7999999999998,448,500,4483.000000000008,4530,5000
db82ecd38817d881,warmup1000_chain3,epsilon_greedy,10.0,3.0,0.01,corrected,141,faa,0.7044290000000002,0.8764290000000001,0.7722503900000002,True,6,1.4568837656877445,2.0915718930217446,0,0,0.2272,1,9,1137,1137,,1156,,False,False,False,430.6999999999998,437,500,4481.900000000009,4529,5000
db82ecd38817d881,warmup1000_chain3,epsilon_greedy,10.0,3.0,0.01,corrected,142,clean,0.5480000000000002,0.5480000000000002,0.05480641439000056,False,,,0.0,0,0,0.0,1,,0,0,,19,,False,False,False,440.5999999999997,446,500,4459.900000000008,4509,5000
db82ecd38817d881,warmup1000_chain3,epsilon_greedy,10.0,3.0,0.01,corrected,142,faa,0.5480000000000002,0.7200000000000001,0.0635732,True,6,1.521603342455057,4.3576457324498055,0,0,0.1766,2,36,884,884,,903,,False,False,False,405.39999999999986,414,500,4458.800000000008,4508,5000
db82ecd38817d881,warmup1000_chain3,epsilon_greedy,10.0,3.0,0.01,corrected,143,clean,0.7044290000000002,0.7044290000000002,0.7044290000000002,False,,,0.0,0,0,0.0,0,,0,0,,19,,False,False,False,442.7999999999996,448,500,4469.800000000019,4518,5000
db82ecd38817d881,warmup1000_chain3,epsilon_greedy,10.0,3.0,0.01,corrected,143,faa,0.7044290000000002,0.9433503900000001,0.8331488549000001,True,6,2.7430124244444443,8.383348718444424,0,0,0.0396,1,378,199,199,,218,,False,False,False,364.6999999999982,377,500,4468.70000000002,4517,5000
db82ecd38817d881,warmup1000_chain3,epsilon_greedy,10.0,3.0,0.01,corrected,144,clean,0.07108433905839295,0.07108433905839295,0.07108433905839295,False,,,0.0,0,0,0.0,0,,0,0,,19,,False,False,False,460.3999999999997,464,500,4410.4000000000215,4464,5000
db82ecd38817d881,warmup1000_chain3,epsilon_greedy,10.0,3.0,0.01,corrected,144,faa,0.07108433905839295,0.3130901326096029,0.22681775321172165,True,6,0.790902115030307,1.162440811470385,0,0,0.006,1,10,31,31,,50,,False,False,False,446.0999999999997,451,500,4409.300000000022,4463,5000
db82ecd38817d881,warmup1000_chain3,epsilon_greedy,10.0,3.0,0.01,corrected,145,clean,0.7044290000000002,0.7044290000000002,0.7044290000000002,False,,,0.0,0,0,0.0,0,,0,0,,19,,False,False,False,440.59999999999957,446,500,4425.8000000000175,4478,5000
db82ecd38817d881,warmup1000_chain3,epsilon_greedy,10.0,3.0,0.01,corrected,145,faa,0.7044290000000002,0.8764290000000001,0.7722503900000002,True,6,1.4942065931620567,3.515024234736803,0,0,0.1672,1,464,837,837,,856,,False,False,False,420.7999999999995,428,500,4424.700000000017,4477,5000
db82ecd38817d881,warmup1000_chain3,epsilon_greedy,10.0,3.0,0.01,corrected,146,clean,0.6380900000000003,0.6380900000000003,0.6380900000000003,False,,,0.0,0,0,0.0,0,,0,0,,19,,False,False,False,440.59999999999957,446,500,4441.200000000018,4492,5000
db82ecd38817d881,warmup1000_chain3,epsilon_greedy,10.0,3.0,0.01,corrected,146,faa,0.6380900000000003,0.8100900000000002,0.7118819000000002,True,8,2.2079627214444453,4.301935601444444,0,0,0.1442,1,31,722,722,,741,,False,False,False,408.69999999999965,417,500,4440.100000000019,4491,5000
db82ecd38817d881,warmup1000_chain3,epsilon_greedy,10.0,3.0,0.01,corrected,147,clean,0.7044290000000002,0.7044290000000002,0.07044354143906428,False,,,0.0,0,0,0.0,1,,0,0,,19,,False,False,False,440.5999999999994,446,500,4404.900000000019,4459,5000
db82ecd38817d881,warmup1000_chain3,epsilon_greedy,10.0,3.0,0.01,corrected,147,faa,0.7044290000000002,0.7500613592039822,0.08233499428760166,False,6,1.4612380294457947,10.0,0,329,0.0,1,172,0,0,,19,,False,False,False,333.89999999999964,349,500,4404.900000000019,4459,5000
db82ecd38817d881,warmup1000_chain3,epsilon_greedy,10.0,3.0,0.01,corrected,148,clean,0.6380900000000002,0.06445043905840353,0.06445043905840353,False,,,0.0,0,0,0.0,0,,0,0,,19,,False,False,False,457.0999999999999,461,500,4454.400000000012,4504,5000
db82ecd38817d881,warmup1000_chain3,epsilon_greedy,10.0,3.0,0.01,corrected,148,faa,0.6380900000000002,0.8100900000000001,0.7118819000000002,True,5,2.159923141327863,5.905678818250478,0,0,0.117,1,287,586,586,,605,,False,False,False,423.0000000000001,430,500,4453.300000000012,4503,5000
db82ecd38817d881,warmup1000_chain3,epsilon_greedy,10.0,3.0,0.01,corrected,149,clean,0.1357021700000054,0.1357021700000054,0.1357021700000054,False,,,0.0,0,0,0.0,0,,0,0,,19,,False,False,False,427.3999999999993,434,500,4421.400000000022,4474,5000
db82ecd38817d881,warmup1000_chain3,epsilon_greedy,10.0,3.0,0.01,corrected,149,faa,0.1357021700000054,0.2821902363087462,0.2821902363087462,False,6,0.8293824965506115,10.0,0,71,0.0,0,430,0,0,,19,,False,False,False,351.4999999999997,365,500,4421.400000000022,4474,5000
db82ecd38817d881,warmup1000_chain3,epsilon_greedy,10.0,3.0,0.01,corrected,150,clean,0.5480000000000002,0.5480000000000002,0.5480000000000002,False,,,0.0,0,0,0.0,0,,0,0,,19,,False,False,False,440.5999999999997,446,500,4474.200000000014,4522,5000
db82ecd38817d881,warmup1000_chain3,epsilon_greedy,10.0,3.0,0.01,corrected,150,faa,0.5480000000000002,0.8010000000000002,0.7036100000000002,True,6,2.283126444444445,8.110006300113142,0,0,0.1938,1,203,970,970,,989,,False,False,False,385.6,396,500,4473.100000000014,4521,5000
db82ecd38817d881,warmup1000_chain3,epsilon_greedy,10.0,3.0,0.01,corrected,151,clean,0.6380900000000002,0.6380900000000002,0.6380900000000002,False,,,0.0,0,0,0.0,0,,0,0,,19,,False,False,False,431.79999999999944,438,500,4458.800000000016,4508,5000
db82ecd38817d881,warmup1000_chain3,epsilon_greedy,10.0,3.0,0.01,corrected,151,faa,0.6380900000000002,0.8100900000000001,0.7118819000000002,True,6,1.6231038324550568,7.320174806083243,0,0,0.188,1,175,941,941,,960,,False,False,False,369.0999999999998,381,500,4457.700000000015,4507,5000
db82ecd38817d881,warmup1000_chain3,epsilon_greedy,10.0,3.0,0.01,corrected,152,clean,0.7044290000000002,0.7044290000000002,0.07044290000000641,False,,,0.0,0,0,0.0,1,,0,0,,19,,False,False,False,444.9999999999998,450,500,4418.100000000013,4471,5000
db82ecd38817d881,warmup1000_chain3,epsilon_greedy,10.0,3.0,0.01,corrected,152,faa,0.7044290000000002,0.8764290000000001,0.0772250397099074,True,6,1.4568760309251343,2.7697817140630066,0,0,0.218,2,18,1091,1091,,1110,,False,False,False,425.1999999999998,432,500,4417.000000000013,4470,5000
db82ecd38817d881,warmup1000_chain3,epsilon_greedy,10.0,3.0,0.01,corrected,153,clean,0.7044290000000002,0.7044290000000002,0.07044290006414389,False,,,0.0,0,0,0.0,1,,0,0,,19,,False,False,False,436.1999999999996,442,500,4402.700000000019,4457,5000
db82ecd38817d881,warmup1000_chain3,epsilon_greedy,10.0,3.0,0.01,corrected,153,faa,0.7044290000000002,0.8764290000000001,0.07722504609907493,True,8,2.2788871314444448,3.4716151114444465,0,0,0.0362,2,20,182,182,,201,,False,False,False,414.19999999999965,422,500,4401.60000000002,4456,5000
db82ecd38817d881,warmup1000_chain3,epsilon_greedy,10.0,3.0,0.01,corrected,154,clean,0.7044290000000002,0.7044290000000002,0.7044290000000002,False,,,0.0,0,0,0.0,0,,0,0,,19,,False,False,False,433.9999999999996,440,500,4507.20000000001,4552,5000
db82ecd38817d881,warmup1000_chain3,epsilon_greedy,10.0,3.0,0.01,corrected,154,faa,0.7044290000000002,0.8764290000000001,0.7722503900000003,True,6,1.6954133424444446,4.674169616112872,0,0,0.0922,1,108,462,462,,481,,False,False,False,400.99999999999955,410,500,4506.1000000000095,4551,5000
db82ecd38817d881,warmup1000_chain3,epsilon_greedy,10.0,3.0,0.01,corrected,155,clean,0.7044290000000002,0.7044290000000002,0.7044290000000002,False,,,0.0,0,0,0.0,0,,0,0,,19,,False,False,False,464.7999999999997,468,500,4447.800000000011,4498,5000
db82ecd38817d881,warmup1000_chain3,epsilon_greedy,10.0,3.0,0.01,corrected,155,faa,0.7044290000000002,0.8764290000000001,0.7044290000000002,True,6,1.4568768036204653,4.475139218779369,0,0,0.0366,0,372,184,184,,203,,False,False,False,430.6999999999996,437,500,4447.800000000011,4498,5000
db82ecd38817d881,warmup1000_chain3,epsilon_greedy,10.0,3.0,0.01,corrected,156,clean,0.7044290000000002,0.7044290000000002,0.07044289999999997,False,,,0.0,0,0,0.0,1,,0,0,,19,,False,False,False,455.9999999999995,460,500,4440.1000000000195,4491,5000
db82ecd38817d881,warmup1000_chain3,epsilon_greedy,10.0,3.0,0.01,corrected,156,faa,0.7044290000000002,0.8764290000000001,0.07722503907099071,True,6,1.4569133273216544,4.443639953018815,0,0,0.0696,2,85,349,349,,368,,False,False,False,421.8999999999995,429,500,4439.00000000002,4490,5000
db82ecd38817d881,warmup1000_chain3,epsilon_greedy,10.0,3.0,0.01,corrected,157,clean,0.6299000000000002,0.6299000000000002,0.06299000000000626,False,,,0.0,0,0,0.0,1,,0,0,,19,,False,False,False,447.1999999999998,452,500,4473.100000000017,4521,5000
db82ecd38817d881,warmup1000_chain3,epsilon_greedy,10.0,3.0,0.01,corrected,157,faa,0.6299000000000002,0.8019000000000002,0.07044290064953895,True,8,2.1878527241444448,4.892395042144443,0,0,0.1018,2,37,510,510,,529,,False,False,False,417.4999999999998,425,500,4472.000000000017,4520,5000
db82ecd38817d881,warmup1000_chain3,epsilon_greedy,10.0,3.0,0.01,corrected,158,clean,0.7044290000000002,0.7044290000000002,0.0704429641439589,False,,,0.0,0,0,0.0,1,,0,0,,19,,False,False,False,436.1999999999998,442,500,4453.300000000014,4503,5000
db82ecd38817d881,warmup1000_chain3,epsilon_greedy,10.0,3.0,0.01,corrected,158,faa,0.7044290000000002,0.8764290000000001,0.07729602974900002,True,6,1.7081579085331797,4.002730035463944,0,0,0.185,2,180,926,926,,945,,False,False,False,410.9,419,500,4452.200000000014,4502,5000
db82ecd38817d881,warmup1000_chain3,epsilon_greedy,10.0,3.0,0.01,corrected,159,clean,0.7044290000000002,0.07044296539180295,0.0007044296539180372,False,,,0.0,0,0,0.0,2,,0,0,4787,19,4806,False,False,False,443.9,449,500,4419.200000000019,4472,5000
db82ecd38817d881,warmup1000_chain3,epsilon_greedy,10.0,3.0,0.01,corrected,159,faa,0.7044290000000002,0.8764290000000001,0.007722503901419819,True,6,1.4568881955989488,8.591926360928598,0,0,0.2728,3,321,1365,1365,4970,1384,4989,False,False,False,376.80000000000024,388,500,4418.100000000019,4471,5000
db82ecd38817d881,warmup1000_chain3,epsilon_greedy,10.0,3.0,0.01,corrected,160,clean,0.7044290000000002,0.7044290000000002,0.07044290007529763,False,,,0.0,0,0,0.0,1,,0,0,,19,,False,False,False,429.59999999999957,436,500,4411.500000000015,4465,5000
db82ecd38817d881,warmup1000_chain3,epsilon_greedy,10.0,3.0,0.01,corrected,160,faa,0.7044290000000002,0.7797103317731784,0.07202095849457973,False,6,1.7284285504598116,10.0,0,68,0.0,1,433,0,0,,19,,False,False,False,325.09999999999866,341,500,4411.500000000015,4465,5000
db82ecd38817d881,warmup1000_chain3,epsilon_greedy,10.0,3.0,0.01,corrected,161,clean,0.7118819000000002,0.7118819000000002,0.7118819000000002,False,,,0.0,0,0,0.0,0,,0,0,,19,,False,False,False,455.9999999999996,460,500,4496.200000000016,4542,5000
db82ecd38817d881,warmup1000_chain3,epsilon_greedy,10.0,3.0,0.01,corrected,161,faa,0.7118819000000002,0.8838819000000001,0.7790325290000002,True,6,1.4651574731390795,3.7365566562743235,0,0,0.0866,1,398,434,434,,453,,False,False,False,432.89999999999947,439,500,4495.100000000017,4541,5000
db82ecd38817d881,warmup1000_chain3,epsilon_greedy,10.0,3.0,0.01,corrected,162,clean,0.7044290000000002,0.7044290000000002,0.00070442901924328,False,,,0.0,0,0,0.0,3,,0,0,2776,19,2795,False,False,False,438.39999999999935,444,500,4470.900000000012,4519,5000
db82ecd38817d881,warmup1000_chain3,epsilon_greedy,10.0,3.0,0.01,corrected,162,faa,0.7044290000000002,0.7796729213900002,0.0007352016272219042,False,4,1.8284557444444445,10.0,0,8,0.0,3,493,0,0,2776,19,2795,False,False,False,356.99999999999966,370,500,4470.900000000012,4519,5000
db82ecd38817d881,warmup1000_chain3,epsilon_greedy,10.0,3.0,0.01,corrected,163,clean,0.7044290000000002,0.7044290000000002,0.07044289999999997,False,,,0.0,0,0,0.0,1,,0,0,,19,,False,False,False,416.3999999999995,424,500,4332.300000000025,4393,5000
db82ecd38817d881,warmup1000_chain3,epsilon_greedy,10.0,3.0,0.01,corrected,163,faa,0.7044290000000002,0.7797853228353737,0.07044289999999997,False,5,2.2346277053465817,10.0,0,41,0.0,1,460,0,0,,19,,False,False,False,363.5999999999992,376,500,4332.300000000025,4393,5000
db82ecd38817d881,warmup1000_chain3,epsilon_greedy,10.0,3.0,0.01,corrected,164,clean,0.7044290000000002,0.7044290000000002,0.070443541439,False,,,0.0,0,0,0.0,1,,0,0,,19,,False,False,False,444.9999999999998,450,500,4440.100000000009,4491,5000
db82ecd38817d881,warmup1000_chain3,epsilon_greedy,10.0,3.0,0.01,corrected,164,faa,0.7044290000000002,0.8764290000000001,0.07115280748999997,True,7,1.8836274870444445,5.741148734044446,0,0,0.0408,1,53,205,205,,224,,False,False,False,392.1999999999997,402,500,4440.100000000009,4491,5000
db82ecd38817d881,warmup1000_chain3,epsilon_greedy,10.0,3.0,0.01,corrected,165,clean,0.7919000000000002,0.7919000000000002,0.007044360558289886,False,,,0.0,0,0,0.0,3,,0,320,2326,339,2345,False,False,False,455.9999999999998,460,500,4444.500000000022,4495,5000
db82ecd38817d881,warmup1000_chain3,epsilon_greedy,10.0,3.0,0.01,corrected,165,faa,0.7919000000000002,0.8819819000000002,0.00763158248458734,True,5,2.974774444444444,7.61879224444444,0,0,0.0638,3,65,320,320,2326,339,2345,False,False,False,382.29999999999995,393,500,4444.500000000022,4495,5000
db82ecd38817d881,warmup1000_chain3,epsilon_greedy,10.0,3.0,0.01,corrected,166,clean,0.7044290000000002,0.07685787398214461,0.07685787398214461,False,,,0.0,0,0,0.0,0,,0,0,,19,,False,False,False,441.6999999999998,447,500,4458.800000000019,4508,5000
db82ecd38817d881,warmup1000_chain3,epsilon_greedy,10.0,3.0,0.01,corrected,166,faa,0.7044290000000002,0.9500425290000001,0.8392387013900002,True,6,2.7430063675322423,4.968758243310725,0,0,0.0666,1,245,334,334,,353,,False,False,False,415.29999999999995,423,500,4457.700000000019,4507,5000
db82ecd38817d881,warmup1000_chain3,epsilon_greedy,10.0,3.0,0.01,corrected,167,clean,0.6380900000000003,0.6380900000000003,0.6380900000000003,False,,,0.0,0,0,0.0,0,,0,0,,19,,False,False,False,460.3999999999995,464,500,4436.800000000015,4488,5000
db82ecd38817d881,warmup1000_chain3,epsilon_greedy,10.0,3.0,0.01,corrected,167,faa,0.6380900000000003,0.8100900000000002,0.7118819000000003,True,4,1.7335870612177475,7.125353060905745,0,0,0.015,1,400,76,76,,95,,False,False,False,411.99999999999903,420,500,4435.700000000015,4487,5000
db82ecd38817d881,warmup1000_chain3,epsilon_greedy,10.0,3.0,0.01,corrected,168,clean,0.7044290000000002,0.7044290000000002,0.007044290000007114,False,,,0.0,0,0,0.0,2,,0,0,3863,19,3882,False,False,False,441.69999999999965,447,500,4521.500000000017,4565,5000
db82ecd38817d881,warmup1000_chain3,epsilon_greedy,10.0,3.0,0.01,corrected,168,faa,0.7044290000000002,0.8764290000000001,0.0077225039007809415,True,6,1.708157801444445,5.645623300244445,0,0,0.0248,3,84,125,125,3863,144,3882,False,False,False,394.39999999999975,404,500,4520.400000000018,4564,5000
db82ecd38817d881,warmup1000_chain3,epsilon_greedy,10.0,3.0,0.01,corrected,169,clean,0.7185158000000003,0.1366594539290002,0.1352507739290002,False,,,0.0,0,0,0.0,0,,0,0,,19,,False,False,False,448.29999999999967,453,500,4377.4000000000215,4434,5000
db82ecd38817d881,warmup1000_chain3,epsilon_greedy,10.0,3.0,0.01,corrected,169,faa,0.7185158000000003,0.9615374362668252,0.8339187082281069,True,6,2.7693860758083453,5.6219013446158606,0,0,0.0998,1,51,500,500,,519,,False,False,False,400.99999999999966,410,500,4376.300000000021,4433,5000
db82ecd38817d881,warmup1000_chain3,epsilon_greedy,10.0,3.0,0.01,corrected,170,clean,0.6380900000000003,0.6380900000000003,0.6380900000000003,False,,,0.0,0,0,0.0,0,,0,0,,19,,False,False,False,440.5999999999997,446,500,4450.000000000017,4500,5000
db82ecd38817d881,warmup1000_chain3,epsilon_greedy,10.0,3.0,0.01,corrected,170,faa,0.6380900000000003,0.8100900000000001,0.7118819000000002,True,6,1.6344478014445505,9.25619556144446,0,0,0.0756,1,489,379,379,,398,,False,False,False,354.7999999999992,368,500,4448.900000000017,4499,5000
db82ecd38817d881,warmup1000_chain3,epsilon_greedy,10.0,3.0,0.01,corrected,171,clean,0.12122900000000064,0.012181139000000007,0.012181139000000007,False,,,0.0,0,0,0.0,0,,0,0,0,19,19,False,False,False,437.2999999999995,443,500,4452.200000000014,4502,5000
db82ecd38817d881,warmup1000_chain3,epsilon_greedy,10.0,3.0,0.01,corrected,171,faa,0.12122900000000064,0.31638086549999994,0.262606587605,True,8,1.135136239844445,5.703867414661914,0,0,0.1398,1,417,700,700,,719,,False,False,False,398.7999999999995,408,500,4451.100000000014,4501,5000
db82ecd38817d881,warmup1000_chain3,epsilon_greedy,10.0,3.0,0.01,corrected,172,clean,0.7044290000000002,0.7044290000000002,0.7044290000000002,False,,,0.0,0,0,0.0,0,,0,0,,19,,False,False,False,449.3999999999997,454,500,4469.800000000007,4518,5000
db82ecd38817d881,warmup1000_chain3,epsilon_greedy,10.0,3.0,0.01,corrected,172,faa,0.7044290000000002,0.9374454900000001,0.8339678549000002,True,6,2.728995956114445,3.7839953561144473,0,0,0.2858,1,21,1430,1430,,1449,,False,False,False,425.1999999999998,432,500,4467.600000000007,4516,5000
db82ecd38817d881,warmup1000_chain3,epsilon_greedy,10.0,3.0,0.01,corrected,173,clean,0.7044290000000002,0.7044290000000002,0.007044290000712661,False,,,0.0,0,0,0.0,2,,0,0,4316,19,4335,False,False,False,444.9999999999997,450,500,4527.000000000012,4570,5000
db82ecd38817d881,warmup1000_chain3,epsilon_greedy,10.0,3.0,0.01,corrected,173,faa,0.7044290000000002,0.8764290000000001,0.007800593723900018,True,6,1.4562631870667118,4.700887459538027,0,0,0.0912,3,183,457,457,4316,476,4335,False,False,False,407.5999999999999,416,500,4525.900000000012,4569,5000
db82ecd38817d881,warmup1000_chain3,epsilon_greedy,10.0,3.0,0.01,corrected,174,clean,0.7919000000000002,0.6380900000000002,0.06380900000064138,False,0,0.0,0.0,0,0,0.0,1,,0,0,,19,,False,False,False,446.0999999999995,451,500,4486.30000000001,4533,5000
db82ecd38817d881,warmup1000_chain3,epsilon_greedy,10.0,3.0,0.01,corrected,174,faa,0.7919000000000002,0.7919000000000002,0.06953290006414392,True,0,0.0,7.638331111111105,0,0,0.0016,2,474,9,9,,28,,False,False,False,375.69999999999806,387,500,4485.20000000001,4532,5000
db82ecd38817d881,warmup1000_chain3,epsilon_greedy,10.0,3.0,0.01,corrected,175,clean,0.6299000000000002,0.6299000000000002,0.0062990063416702435,False,,,0.0,0,0,0.0,2,,0,0,4111,19,4130,False,False,False,431.7999999999996,438,500,4443.400000000016,4494,5000
db82ecd38817d881,warmup1000_chain3,epsilon_greedy,10.0,3.0,0.01,corrected,175,faa,0.6299000000000002,0.8019000000000001,0.0076938354953899335,True,6,1.378243646982797,2.9113945084059925,0,0,0.0302,3,307,152,152,4111,171,4130,False,False,False,421.89999999999975,429,500,4442.300000000016,4493,5000
db82ecd38817d881,warmup1000_chain3,epsilon_greedy,10.0,3.0,0.01,corrected,176,clean,0.7919000000000002,0.7044290000000002,0.07760258000000009,False,,,0.0,0,0,0.0,1,,0,0,,19,,False,False,False,443.89999999999975,449,500,4458.800000000008,4508,5000
db82ecd38817d881,warmup1000_chain3,epsilon_greedy,10.0,3.0,0.01,corrected,176,faa,0.7919000000000002,0.8819819000000002,0.7921356919000002,True,6,2.2337744444444443,4.5629315695344435,0,0,0.033,1,85,166,166,,185,,False,False,False,410.89999999999975,419,500,4458.800000000008,4508,5000
db82ecd38817d881,warmup1000_chain3,epsilon_greedy,10.0,3.0,0.01,corrected,177,clean,0.7044290000000002,0.7044290000000002,0.7044290000000002,False,,,0.0,0,0,0.0,0,,0,0,,19,,False,False,False,444.99999999999966,450,500,4474.20000000001,4522,5000
db82ecd38817d881,warmup1000_chain3,epsilon_greedy,10.0,3.0,0.01,corrected,177,faa,0.7044290000000002,0.8764290000000001,0.7722503900000002,True,6,1.4937677543465817,2.4876534862393616,0,0,0.1964,1,14,983,983,,1002,,False,False,False,429.5999999999997,436,500,4473.1000000000095,4521,5000
db82ecd38817d881,warmup1000_chain3,epsilon_greedy,10.0,3.0,0.01,corrected,178,clean,0.014100119007644851,0.014100119007644851,0.014100119007644851,False,,,0.0,0,0,0.0,0,,0,0,0,19,19,False,False,False,442.79999999999967,448,500,4491.800000000013,4538,5000
db82ecd38817d881,warmup1000_chain3,epsilon_greedy,10.0,3.0,0.01,corrected,178,faa,0.014100119007644851,0.27011009248078344,0.17484065567568358,False,6,0.7955311447397393,10.0,0,81,0.0,0,420,0,0,,19,,False,False,False,361.39999999999986,374,500,4491.800000000013,4538,5000
db82ecd38817d881,warmup1000_chain3,epsilon_greedy,10.0,3.0,0.01,corrected,179,clean,0.6299000000000002,0.6299000000000002,0.6299000000000002,False,,,0.0,0,0,0.0,0,,0,0,,19,,False,False,False,452.6999999999999,457,500,4410.400000000016,4464,5000
db82ecd38817d881,warmup1000_chain3,epsilon_greedy,10.0,3.0,0.01,corrected,179,faa,0.6299000000000002,0.8019000000000002,0.7044290000000002,True,5,1.9452723044444444,8.835663004441292,0,0,0.0644,1,329,323,323,,342,,False,False,False,376.8000000000004,388,500,4409.300000000016,4463,5000
db82ecd38817d881,warmup1000_chain3,epsilon_greedy,10.0,3.0,0.01,corrected,180,clean,0.7100000000000001,0.6299000000000002,0.6299000000000002,False,,,0.0,0,0,0.0,0,,0,0,,19,,False,False,False,446.0999999999997,451,500,4478.600000000015,4526,5000
db82ecd38817d881,warmup1000_chain3,epsilon_greedy,10.0,3.0,0.01,corrected,180,faa,0.7100000000000001,0.8081900000000001,0.7101529000000002,True,6,2.0854444444444447,4.8566524444444426,0,0,0.0868,1,328,435,435,,454,,False,False,False,413.0999999999998,421,500,4477.500000000015,4525,5000
db82ecd38817d881,warmup1000_chain3,epsilon_greedy,10.0,3.0,0.01,corrected,181,clean,0.7044290000000002,0.7044290000000002,0.7044290000000002,False,,,0.0,0,0,0.0,0,,0,0,,19,,False,False,False,455.99999999999966,460,500,4441.200000000012,4492,5000
db82ecd38817d881,warmup1000_chain3,epsilon_greedy,10.0,3.0,0.01,corrected,181,faa,0.7044290000000002,0.8764290000000001,0.7722503900000002,True,6,1.708157801444445,6.7155855814444445,0,0,0.148,1,491,741,741,,760,,False,False,False,393.2999999999995,403,500,4440.100000000012,4491,5000
db82ecd38817d881,warmup1000_chain3,epsilon_greedy,10.0,3.0,0.01,corrected,182,clean,0.7044290000000002,0.7044290000000002,0.07044290064143899,False,,,0.0,0,0,0.0,1,,0,0,,19,,False,False,False,438.3999999999996,444,500,4446.700000000017,4497,5000
db82ecd38817d881,warmup1000_chain3,epsilon_greedy,10.0,3.0,0.01,corrected,182,faa,0.7044290000000002,0.8764290000000002,0.07722574890749001,True,6,1.7081578026129887,4.982372282002668,0,0,0.0,2,500,1,1,,20,,False,False,False,400.9999999999992,410,500,4443.400000000017,4494,5000
db82ecd38817d881,warmup1000_chain3,epsilon_greedy,10.0,3.0,0.01,corrected,183,clean,0.13458680583982208,0.13458680583982208,0.013458680648126109,False,,,0.0,0,0,0.0,1,,0,0,2243,19,2262,False,False,False,447.1999999999997,452,500,4434.600000000019,4486,5000
db82ecd38817d881,warmup1000_chain3,epsilon_greedy,10.0,3.0,0.01,corrected,183,faa,0.13458680583982208,0.3318758682300333,0.029419154079228294,True,6,0.8606095447163556,5.227873085444942,0,0,0.0316,2,40,159,159,2243,178,2262,False,False,False,404.2999999999998,413,500,4434.600000000019,4486,5000
db82ecd38817d881,warmup1000_chain3,epsilon_greedy,10.0,3.0,0.01,corrected,184,clean,0.6453800000000002,0.6453800000000002,0.6453800000000002,False,,,0.0,0,0,0.0,0,,0,0,,19,,False,False,False,425.1999999999997,432,500,4399.4000000000215,4454,5000
db82ecd38817d881,warmup1000_chain3,epsilon_greedy,10.0,3.0,0.01,corrected,184,faa,0.6453800000000002,0.8173800000000002,0.7185158000000003,True,6,1.4250358783761943,7.762823366934762,0,0,0.0054,1,389,28,28,,47,,False,False,False,376.7999999999997,388,500,4398.300000000021,4453,5000
db82ecd38817d881,warmup1000_chain3,epsilon_greedy,10.0,3.0,0.01,corrected,185,clean,0.7044290000000002,0.7044290000000002,0.07108433900000055,False,,,0.0,0,0,0.0,1,,0,0,,19,,False,False,False,455.9999999999998,460,500,4448.9000000000215,4499,5000
db82ecd38817d881,warmup1000_chain3,epsilon_greedy,10.0,3.0,0.01,corrected,185,faa,0.7044290000000002,0.9374454900000001,0.15871062428000005,True,6,2.729007524444384,6.201932744344384,0,0,0.0032,2,130,17,17,,36,,False,False,False,415.2999999999997,423,500,4447.800000000022,4498,5000
db82ecd38817d881,warmup1000_chain3,epsilon_greedy,10.0,3.0,0.01,corrected,186,clean,0.7044290000000002,0.7044290000000002,0.07044290006414389,False,,,0.0,0,0,0.0,1,,0,0,,19,,False,False,False,436.19999999999965,442,500,4464.300000000014,4513,5000
db82ecd38817d881,warmup1000_chain3,epsilon_greedy,10.0,3.0,0.01,corrected,186,faa,0.7044290000000002,0.9279041916317944,0.07788664139522172,False,6,2.743012423832684,10.0,0,240,0.0,1,261,0,0,,19,,False,False,False,361.4000000000001,374,500,4464.300000000014,4513,5000
db82ecd38817d881,warmup1000_chain3,epsilon_greedy,10.0,3.0,0.01,corrected,187,clean,0.7044290000000002,0.7044290000000002,0.7044290000000002,False,,,0.0,0,0,0.0,0,,0,0,,19,,False,False,False,436.19999999999965,442,500,4408.200000000019,4462,5000
db82ecd38817d881,warmup1000_chain3,epsilon_greedy,10.0,3.0,0.01,corrected,187,faa,0.7044290000000002,0.8764290000000001,0.7722503900000002,True,6,1.4937675360444445,4.04229627301291,0,0,0.1214,1,149,608,608,,627,,False,False,False,410.9,419,500,4407.100000000019,4461,5000
db82ecd38817d881,warmup1000_chain3,epsilon_greedy,10.0,3.0,0.01,corrected,188,clean,0.6971390000000002,0.6380900000000003,0.6380900000000003,False,,,0.0,0,0,0.0,0,,0,0,,19,,False,False,False,449.39999999999964,454,500,4384.00000000003,4440,5000
db82ecd38817d881,warmup1000_chain3,epsilon_greedy,10.0,3.0,0.01,corrected,188,faa,0.6971390000000002,0.7953482670102803,0.7587702668187866,False,6,2.655297524444445,10.0,0,102,0.0,0,399,0,0,,19,,False,False,False,371.2999999999995,383,500,4384.00000000003,4440,5000
db82ecd38817d881,warmup1000_chain3,epsilon_greedy,10.0,3.0,0.01,corrected,189,clean,0.7044290000000002,0.7044290000000002,0.7044290000000002,False,,,0.0,0,0,0.0,0,,0,0,,19,,False,False,False,444.99999999999943,450,500,4472.000000000019,4520,5000
db82ecd38817d881,warmup1000_chain3,epsilon_greedy,10.0,3.0,0.01,corrected,189,faa,0.7044290000000002,0.9433503900000001,0.8331488549000001,True,7,3.133011818257148,8.147133774157137,0,0,0.0,1,500,1,1,,20,,False,False,False,391.0999999999991,401,500,4468.700000000019,4517,5000
db82ecd38817d881,warmup1000_chain3,epsilon_greedy,10.0,3.0,0.01,corrected,190,clean,0.7044290000000002,0.7044290000000002,0.7044290000000002,False,,,0.0,0,0,0.0,0,,0,0,,19,,False,False,False,440.5999999999996,446,500,4425.800000000017,4478,5000
db82ecd38817d881,warmup1000_chain3,epsilon_greedy,10.0,3.0,0.01,corrected,190,faa,0.7044290000000002,0.8764290000000001,0.7722503900000002,True,4,1.9485715444444445,6.564999344444441,0,0,0.0412,1,448,207,207,,226,,False,False,False,400.9999999999991,410,500,4424.700000000016,4477,5000
db82ecd38817d881,warmup1000_chain3,epsilon_greedy,10.0,3.0,0.01,corrected,191,clean,0.7044290000000002,0.7044290000000002,0.007044290134790354,False,,,0.0,0,0,0.0,2,,0,0,2762,19,2781,False,False,False,429.59999999999934,436,500,4450.000000000024,4500,5000
db82ecd38817d881,warmup1000_chain3,epsilon_greedy,10.0,3.0,0.01,corrected,191,faa,0.7044290000000002,0.8764290000000001,0.007723284798239027,True,6,1.8142806894444448,5.369382442144445,0,0,0.0144,3,459,73,73,2762,92,2781,False,False,False,399.89999999999907,409,500,4448.900000000023,4499,5000
db82ecd38817d881,warmup1000_chain3,epsilon_greedy,10.0,3.0,0.01,corrected,192,clean,0.7044290000000002,0.7044290000000002,0.007044302786399448,False,,,0.0,0,0,0.0,2,,0,0,2662,19,2681,False,False,False,455.99999999999966,460,500,4406.000000000016,4460,5000
db82ecd38817d881,warmup1000_chain3,epsilon_greedy,10.0,3.0,0.01,corrected,192,faa,0.7044290000000002,0.8764290000000001,0.008432482380749007,True,5,2.198358978204981,7.278890315238958,0,0,0.1154,3,67,578,578,2662,597,2681,False,False,False,383.3999999999998,394,500,4404.900000000016,4459,5000
db82ecd38817d881,warmup1000_chain3,epsilon_greedy,10.0,3.0,0.01,corrected,193,clean,0.7044290000000002,0.7044290000000002,0.7044290000000002,False,,,0.0,0,0,0.0,0,,0,0,,19,,False,False,False,451.5999999999997,456,500,4478.6000000000095,4526,5000
db82ecd38817d881,warmup1000_chain3,epsilon_greedy,10.0,3.0,0.01,corrected,193,faa,0.7044290000000002,0.8764290000000002,0.7722503900000003,True,8,1.775297365628445,3.314274348978447,0,0,0.1144,1,23,573,573,,592,,False,False,False,426.2999999999999,433,500,4477.50000000001,4525,5000
db82ecd38817d881,warmup1000_chain3,epsilon_greedy,10.0,3.0,0.01,corrected,194,clean,0.7044290000000002,0.7044290000000002,0.7044290000000002,False,,,0.0,0,0,0.0,0,,0,0,,19,,False,False,False,453.7999999999996,458,500,4463.2000000000135,4512,5000
db82ecd38817d881,warmup1000_chain3,epsilon_greedy,10.0,3.0,0.01,corrected,194,faa,0.7044290000000002,0.8764290000000001,0.7722503900000002,True,6,1.7081578024996174,2.900229681974082,0,0,0.1974,1,18,988,988,,1007,,False,False,False,431.79999999999967,438,500,4462.100000000014,4511,5000
db82ecd38817d881,warmup1000_chain3,epsilon_greedy,10.0,3.0,0.01,corrected,195,clean,0.7044290000000002,0.7044290000000002,0.0070443605582899416,False,,,0.0,0,0,0.0,2,,0,0,2304,19,2323,False,False,False,453.7999999999996,458,500,4432.4000000000215,4484,5000
db82ecd38817d881,warmup1000_chain3,epsilon_greedy,10.0,3.0,0.01,corrected,195,faa,0.7044290000000002,0.9433503900000001,0.007723344425197509,True,6,2.7430124244444443,2.969083724444445,0,0,0.0346,3,10,174,174,2304,193,2323,False,False,False,441.69999999999965,447,500,4431.300000000022,4483,5000
db82ecd38817d881,warmup1000_chain3,epsilon_greedy,10.0,3.0,0.01,corrected,196,clean,0.6461090000000003,0.6389090000000002,0.6389090000000002,False,,,0.0,0,0,0.0,0,,0,0,,19,,False,False,False,459.2999999999996,463,500,4377.40000000002,4434,5000
db82ecd38817d881,warmup1000_chain3,epsilon_greedy,10.0,3.0,0.01,corrected,196,faa,0.6461090000000003,0.8846271900000002,0.7797107429000003,True,5,2.900173224444445,4.767158452091845,0,0,0.0014,1,243,8,8,,27,,False,False,False,436.1999999999997,442,500,4376.300000000019,4433,5000
db82ecd38817d881,warmup1000_chain3,epsilon_greedy,10.0,3.0,0.01,corrected,197,clean,0.1353224339000001,0.1353224339000001,0.01353289218533893,False,,,0.0,0,0,0.0,1,,0,0,735,19,754,False,False,False,440.59999999999945,446,500,4402.700000000022,4457,5000
db82ecd38817d881,warmup1000_chain3,epsilon_greedy,10.0,3.0,0.01,corrected,197,faa,0.1353224339000001,0.3180120505519499,0.0521680726949354,True,6,0.8289690296658843,2.5825660042319716,0,0,0.0548,2,139,275,275,,294,,False,False,False,417.49999999999966,425,500,4401.600000000022,4456,5000
db82ecd38817d881,warmup1000_chain3,epsilon_greedy,10.0,3.0,0.01,corrected,198,clean,0.7044290000000002,0.7044290000000002,0.007044931439064206,False,,,0.0,0,0,0.0,2,,0,0,3872,19,3891,False,False,False,458.1999999999996,462,500,4430.200000000018,4482,5000
db82ecd38817d881,warmup1000_chain3,epsilon_greedy,10.0,3.0,0.01,corrected,198,faa,0.7044290000000002,0.8764290000000001,0.008432411460990719,True,6,1.7081578014551644,6.112697142321735,0,0,0.0648,3,203,325,325,3872,344,3891,False,False,False,406.4999999999999,415,500,4429.100000000019,4481,5000
db82ecd38817d881,warmup1000_chain3,epsilon_greedy,10.0,3.0,0.01,corrected,199,clean,0.7044290000000002,0.7044290000000002,0.7044290000000002,False,,,0.0,0,0,0.0,0,,0,0,,19,,False,False,False,444.9999999999996,450,500,4414.800000000019,4468,5000
db82ecd38817d881,warmup1000_chain3,epsilon_greedy,10.0,3.0,0.01,corrected,199,faa,0.7044290000000002,0.8764290000000001,0.7722503900000002,True,6,1.4612380297432281,7.6620721580773,0,0,0.0054,1,487,28,28,,47,,False,False,False,392.1999999999991,402,500,4413.70000000002,4467,5000
db82ecd38817d881,warmup1000_chain3,epsilon_greedy,10.0,3.0,0.01,corrected,200,clean,0.13517126044100014,0.13517126044100014,0.013517126050572814,False,,,0.0,0,0,0.0,1,,0,0,1602,19,1621,False,False,False,457.0999999999998,461,500,4468.700000000018,4517,5000
db82ecd38817d881,warmup1000_chain3,epsilon_greedy,10.0,3.0,0.01,corrected,200,faa,0.13517126044100014,0.3319699463355425,0.02767929200610003,True,6,1.5933373883509185,6.425261758080333,0,0,0.0528,2,281,265,265,1602,284,1621,False,False,False,415.29999999999995,423,500,4467.600000000019,4516,5000
db82ecd38817d881,warmup1000_chain3,epsilon_greedy,10.0,3.0,0.01,corrected,201,clean,0.7919000000000002,0.7044290000000002,0.7044290000000002,False,,,0.0,0,0,0.0,0,,0,0,,19,,False,False,False,441.6999999999997,447,500,4467.60000000002,4516,5000
db82ecd38817d881,warmup1000_chain3,epsilon_greedy,10.0,3.0,0.01,corrected,201,faa,0.7919000000000002,0.7147817000000002,0.7019044399999905,False,7,2.5500644444444442,10.0,0,264,0.0,0,237,0,0,,19,,False,False,False,346.00000000000006,360,500,4467.60000000002,4516,5000
db82ecd38817d881,warmup1000_chain3,epsilon_greedy,10.0,3.0,0.01,corrected,202,clean,0.007930737167916369,0.007930737167916369,0.007930737167916369,False,,,0.0,0,0,0.0,0,,0,0,0,19,19,False,False,False,420.7999999999996,428,500,4463.200000000019,4512,5000
db82ecd38817d881,warmup1000_chain3,epsilon_greedy,10.0,3.0,0.01,corrected,202,faa,0.007930737167916369,0.2721643756860926,0.14087745829430248,False,6,0.7903804947503106,10.0,0,66,0.0,0,435,0,0,,19,,False,False,False,349.2999999999998,363,500,4463.200000000019,4512,5000
db82ecd38817d881,warmup1000_chain3,epsilon_greedy,10.0,3.0,0.01,corrected,203,clean,0.7044290000000002,0.7044290000000002,0.7044290000000002,False,,,0.0,0,0,0.0,0,,0,0,,19,,False,False,False,449.3999999999998,454,500,4494.000000000012,4540,5000
db82ecd38817d881,warmup1000_chain3,epsilon_greedy,10.0,3.0,0.01,corrected,203,faa,0.7044290000000002,0.8764290000000001,0.7722503900000002,True,8,2.281672743151386,2.8708878178960253,0,0,0.3252,1,12,1627,1627,,1646,,False,False,False,433.9999999999998,440,500,4492.900000000012,4539,5000
db82ecd38817d881,warmup1000_chain3,epsilon_greedy,10.0,3.0,0.01,corrected,204,clean,0.13458680000000012,0.13458680000000012,0.13458680000000012,False,,,0.0,0,0,0.0,0,,0,0,,19,,False,False,False,444.99999999999966,450,500,4469.800000000021,4518,5000
db82ecd38817d881,warmup1000_chain3,epsilon_greedy,10.0,3.0,0.01,corrected,204,faa,0.13458680000000012,0.2758316619491,0.22247077720621755,False,6,0.8280800291944446,10.0,0,26,0.0,0,475,0,0,,19,,False,False,False,367.99999999999875,380,500,4469.800000000021,4518,5000
db82ecd38817d881,warmup1000_chain3,epsilon_greedy,10.0,3.0,0.01,corrected,205,clean,0.6299000000000002,0.6299000000000002,0.06299575099999999,False,,,0.0,0,0,0.0,1,,0,0,,19,,False,False,False,460.3999999999995,464,500,4501.700000000012,4547,5000
db82ecd38817d881,warmup1000_chain3,epsilon_greedy,10.0,3.0,0.01,corrected,205,faa,0.6299000000000002,0.8755290000000002,0.07729595684899998,True,6,2.5239044444444447,5.919114444444448,0,0,0.046,2,48,231,231,,250,,False,False,False,410.8999999999998,419,500,4499.500000000011,4545,5000
db82ecd38817d881,warmup1000_chain3,epsilon_greedy,10.0,3.0,0.01,corrected,206,clean,0.7044290000000002,0.7044290000000002,0.7044290000000002,False,,,0.0,0,0,0.0,0,,0,0,,19,,False,False,False,462.59999999999997,466,500,4472.000000000016,4520,5000
db82ecd38817d881,warmup1000_chain3,epsilon_greedy,10.0,3.0,0.01,corrected,206,faa,0.7044290000000002,0.9374454900000001,0.8277753959000002,True,6,2.7229511634444448,4.647599950229905,0,0,0.014,1,210,71,71,,90,,False,False,False,438.4,444,500,4470.900000000017,4519,5000
db82ecd38817d881,warmup1000_chain3,epsilon_greedy,10.0,3.0,0.01,corrected,207,clean,0.7044290000000002,0.7044290000000002,0.7044290000000002,False,,,0.0,0,0,0.0,0,,0,0,,19,,False,False,False,455.99999999999983,460,500,4450.000000000008,4500,5000
db82ecd38817d881,warmup1000_chain3,epsilon_greedy,10.0,3.0,0.01,corrected,207,faa,0.7044290000000002,0.8764290000000001,0.7871325290000002,True,6,1.7092309542444446,5.5708025976344455,0,0,0.169,1,83,846,846,,865,,False,False,False,409.7999999999999,418,500,4450.000000000008,4500,5000
db82ecd38817d881,warmup1000_chain3,epsilon_greedy,10.0,3.0,0.01,corrected,208,clean,0.5480000000000002,0.5480000000000002,0.5480000000000002,False,,,0.0,0,0,0.0,0,,0,0,,19,,False,False,False,416.39999999999935,424,500,4447.800000000018,4498,5000
db82ecd38817d881,warmup1000_chain3,epsilon_greedy,10.0,3.0,0.01,corrected,208,faa,0.5480000000000002,0.6389937985182291,0.6294892438413634,False,7,1.9075223389162286,10.0,0,12,0.0,0,489,0,0,,19,,False,False,False,344.89999999999895,359,500,4447.800000000018,4498,5000
db82ecd38817d881,warmup1000_chain3,epsilon_greedy,10.0,3.0,0.01,corrected,209,clean,0.7044290000000002,0.7044290000000002,0.007044354143964149,False,,,0.0,0,0,0.0,2,,0,0,4003,19,4022,False,False,False,444.99999999999966,450,500,4434.60000000002,4486,5000
db82ecd38817d881,warmup1000_chain3,epsilon_greedy,10.0,3.0,0.01,corrected,209,faa,0.7044290000000002,0.8764290000000001,0.008432412099907416,True,6,1.461238029194445,4.957428057794448,0,0,0.1026,3,47,514,514,4003,533,4022,False,False,False,391.1,401,500,4433.50000000002,4485,5000
db82ecd38817d881,warmup1000_chain3,epsilon_greedy,10.0,3.0,0.01,corrected,210,clean,0.007824402548284426,0.007824402548284426,0.007824402548284426,False,,,0.0,0,0,0.0,0,,0,0,0,19,19,False,False,False,451.5999999999998,456,500,4509.400000000009,4554,5000
db82ecd38817d881,warmup1000_chain3,epsilon_greedy,10.0,3.0,0.01,corrected,210,faa,0.007824402548284426,0.31282242556099793,0.2593684072605082,True,6,0.7902454891165962,6.183581970836844,0,0,0.256,1,442,1281,1281,,1300,,False,False,False,406.5,415,500,4508.300000000008,4553,5000
db82ecd38817d881,warmup1000_chain3,epsilon_greedy,10.0,3.0,0.01,corrected,211,clean,0.7919000000000002,0.7919000000000002,0.7044290000000002,False,,,0.0,0,0,0.0,1,,0,550,,569,,False,False,False,471.3999999999998,474,500,4431.300000000022,4483,5000
db82ecd38817d881,warmup1000_chain3,epsilon_greedy,10.0,3.0,0.01,corrected,211,faa,0.7919000000000002,0.8819819000000002,0.7631503900000003,True,6,2.2337744444444443,3.4844715444444465,0,0,0.1098,1,24,550,550,,569,,False,False,False,441.69999999999993,447,500,4431.300000000022,4483,5000
db82ecd38817d881,warmup1000_chain3,epsilon_greedy,10.0,3.0,0.01,corrected,212,clean,0.7044290000000002,0.7044290000000002,0.007044290000006392,False,,,0.0,0,0,0.0,2,,0,0,4774,19,4793,False,False,False,438.3999999999994,444,500,4445.600000000023,4496,5000
db82ecd38817d881,warmup1000_chain3,epsilon_greedy,10.0,3.0,0.01,corrected,212,faa,0.7044290000000002,0.8764290000000001,0.007722503971700656,True,6,1.4937675360444445,5.398724073044447,0,0,0.0492,3,452,247,247,4774,266,4793,False,False,False,397.6999999999992,407,500,4444.500000000024,4495,5000
db82ecd38817d881,warmup1000_chain3,epsilon_greedy,10.0,3.0,0.01,corrected,213,clean,0.7044290000000002,0.7044290000000002,0.7044290000000002,False,,,0.0,0,0,0.0,0,,0,0,,19,,False,False,False,462.59999999999957,466,500,4511.600000000006,4556,5000
db82ecd38817d881,warmup1000_chain3,epsilon_greedy,10.0,3.0,0.01,corrected,213,faa,0.7044290000000002,0.8764290000000001,0.7722503900000002,True,6,1.4612380292274927,2.2445724578117265,0,0,0.025,1,11,126,126,,145,,False,False,False,448.2999999999996,453,500,4510.5000000000055,4555,5000
db82ecd38817d881,warmup1000_chain3,epsilon_greedy,10.0,3.0,0.01,corrected,214,clean,0.7044290000000002,0.7044290000000002,0.7044290000000002,False,,,0.0,0,0,0.0,0,,0,0,,19,,False,False,False,449.39999999999964,454,500,4500.600000000005,4546,5000
db82ecd38817d881,warmup1000_chain3,epsilon_greedy,10.0,3.0,0.01,corrected,214,faa,0.7044290000000002,0.8764290000000001,0.7044290000000002,True,8,1.7742032466597446,3.539510642043747,0,0,0.263,0,26,1316,1316,,1335,,False,False,False,422.9999999999998,430,500,4500.600000000005,4546,5000
db82ecd38817d881,warmup1000_chain3,epsilon_greedy,10.0,3.0,0.01,corrected,215,clean,0.7919000000000002,0.7044290000000002,0.7044290000000002,False,,,0.0,0,0,0.0,0,,0,0,,19,,False,False,False,443.89999999999964,449,500,4423.600000000013,4476,5000
db82ecd38817d881,warmup1000_chain3,epsilon_greedy,10.0,3.0,0.01,corrected,215,faa,0.7919000000000002,0.7810781979999929,0.7099819000000003,False,8,3.013774444444444,10.0,0,87,0.0,0,414,0,0,,19,,False,False,False,354.7999999999992,368,500,4423.600000000013,4476,5000
db82ecd38817d881,warmup1000_chain3,epsilon_greedy,10.0,3.0,0.01,corrected,216,clean,0.7919000000000002,0.6299000000000002,0.6299000000000002,False,,,0.0,0,0,0.0,0,,0,0,,19,,False,False,False,420.79999999999984,428,500,4425.800000000014,4478,5000
db82ecd38817d881,warmup1000_chain3,epsilon_greedy,10.0,3.0,0.01,corrected,216,faa,0.7919000000000002,0.6199000000000002,0.6199000000000002,False,6,2.2337744444444443,10.0,0,60,0.0,0,441,0,0,,19,,False,False,False,342.69999999999936,357,500,4425.800000000014,4478,5000
db82ecd38817d881,warmup1000_chain3,epsilon_greedy,10.0,3.0,0.01,corrected,217,clean,0.7044290000000002,0.7044290000000002,0.007686376927159233,False,,,0.0,0,0,0.0,2,,0,0,3625,19,3644,False,False,False,444.9999999999998,450,500,4495.100000000012,4541,5000
db82ecd38817d881,warmup1000_chain3,epsilon_greedy,10.0,3.0,0.01,corrected,217,faa,0.7044290000000002,0.8764290000000001,0.07729602974900002,True,5,2.0501578474183635,4.372586174386461,0,0,0.0012,2,32,7,7,,26,,False,False,False,410.89999999999986,419,500,4495.100000000012,4541,5000
db82ecd38817d881,warmup1000_chain3,epsilon_greedy,10.0,3.0,0.01,corrected,218,clean,0.7044290000000002,0.7044290000000002,0.7044290000000002,False,,,0.0,0,0,0.0,0,,0,0,,19,,False,False,False,433.9999999999996,440,500,4456.600000000014,4506,5000
db82ecd38817d881,warmup1000_chain3,epsilon_greedy,10.0,3.0,0.01,corrected,218,faa,0.7044290000000002,0.9433503900000001,0.8331488549000001,True,6,2.7430124183880285,9.45310340788206,0,0,0.1028,1,338,515,515,,534,,False,False,False,376.79999999999995,388,500,4455.500000000014,4505,5000
db82ecd38817d881,warmup1000_chain3,epsilon_greedy,10.0,3.0,0.01,corrected,219,clean,0.7044290000000002,0.7044290000000002,0.7044290000000002,False,,,0.0,0,0,0.0,0,,0,0,,19,,False,False,False,462.59999999999974,466,500,4454.400000000008,4504,5000
db82ecd38817d881,warmup1000_chain3,epsilon_greedy,10.0,3.0,0.01,corrected,219,faa,0.7044290000000002,0.8764290000000001,0.7722503900000002,True,5,2.1978760747445407,5.140757317639316,0,0,0.0474,1,86,238,238,,257,,False,False,False,431.7999999999998,438,500,4453.300000000008,4503,5000
db82ecd38817d881,warmup1000_chain3,epsilon_greedy,10.0,3.0,0.01,corrected,220,clean,0.07050704389999995,0.07050704389999995,0.07050704389999995,False,,,0.0,0,0,0.0,0,,0,0,,19,,False,False,False,455.99999999999955,460,500,4465.400000000027,4514,5000
db82ecd38817d881,warmup1000_chain3,epsilon_greedy,10.0,3.0,0.01,corrected,220,faa,0.07050704389999995,0.3055324116654691,0.22678859009303243,True,6,0.7902536011600332,3.326017919853375,0,0,0.0652,1,28,327,327,,346,,False,False,False,426.29999999999956,433,500,4464.300000000027,4513,5000
db82ecd38817d881,warmup1000_chain3,epsilon_greedy,10.0,3.0,0.01,corrected,221,clean,0.6299000000000002,0.6299000000000002,0.6299000000000002,False,,,0.0,0,0,0.0,0,,0,0,,19,,False,False,False,436.1999999999996,442,500,4450.000000000016,4500,5000
db82ecd38817d881,warmup1000_chain3,epsilon_greedy,10.0,3.0,0.01,corrected,221,faa,0.6299000000000002,0.8019000000000002,0.7044290000000003,True,6,1.4076155894662947,4.1689041494557735,0,0,0.1312,1,348,657,657,,676,,False,False,False,409.7999999999996,418,500,4448.900000000016,4499,5000
db82ecd38817d881,warmup1000_chain3,epsilon_greedy,10.0,3.0,0.01,corrected,222,clean,0.7044290000000002,0.7044290000000002,0.7044290000000002,False,,,0.0,0,0,0.0,0,,0,0,,19,,False,False,False,431.7999999999997,438,500,4529.200000000013,4572,5000
db82ecd38817d881,warmup1000_chain3,epsilon_greedy,10.0,3.0,0.01,corrected,222,faa,0.7044290000000002,0.8377751574686062,0.7044290000000002,False,5,2.1974349064565897,10.0,0,45,0.0,0,456,0,0,,19,,False,False,False,356.9999999999997,370,500,4529.200000000013,4572,5000
db82ecd38817d881,warmup1000_chain3,epsilon_greedy,10.0,3.0,0.01,corrected,223,clean,0.7044290000000002,0.7044290000000002,0.07044289999999997,False,,,0.0,0,0,0.0,1,,0,0,,19,,False,False,False,442.7999999999996,448,500,4429.1000000000195,4481,5000
db82ecd38817d881,warmup1000_chain3,epsilon_greedy,10.0,3.0,0.01,corrected,223,faa,0.7044290000000002,0.8764290000000001,0.07722503900070993,True,6,1.4644153984862744,6.815159823875762,0,0,0.0146,2,499,74,74,,93,,False,False,False,381.1999999999987,392,500,4428.00000000002,4480,5000
db82ecd38817d881,warmup1000_chain3,epsilon_greedy,10.0,3.0,0.01,corrected,224,clean,0.7919000000000002,0.7044290000000002,0.7044290000000002,False,,,0.0,0,0,0.0,0,,0,0,,19,,False,False,False,439.49999999999943,445,500,4489.600000000006,4536,5000
db82ecd38817d881,warmup1000_chain3,epsilon_greedy,10.0,3.0,0.01,corrected,224,faa,0.7919000000000002,0.8819819000000002,0.7773035290000003,True,6,2.2337744444444443,4.092539594444447,0,0,0.0,1,500,1,1,,20,,False,False,False,404.2999999999995,413,500,4486.300000000006,4533,5000
db82ecd38817d881,warmup1000_chain3,epsilon_greedy,10.0,3.0,0.01,corrected,225,clean,0.7044290000000002,0.7044290000000002,0.07050704390005835,False,,,0.0,0,0,0.0,1,,0,0,,19,,False,False,False,444.99999999999966,450,500,4495.100000000011,4541,5000
db82ecd38817d881,warmup1000_chain3,epsilon_greedy,10.0,3.0,0.01,corrected,225,faa,0.7044290000000002,0.9433503900000001,0.08416089930590004,True,6,2.743012424383881,4.551582824383882,0,0,0.0486,2,31,244,244,,263,,False,False,False,411.9999999999998,420,500,4492.9000000000115,4539,5000
db82ecd38817d881,warmup1000_chain3,epsilon_greedy,10.0,3.0,0.01,corrected,226,clean,0.7919000000000002,0.7919000000000002,0.7044290000000002,False,,,0.0,0,0,0.0,1,,0,692,,711,,False,False,False,427.3999999999994,434,500,4424.700000000015,4477,5000
db82ecd38817d881,warmup1000_chain3,epsilon_greedy,10.0,3.0,0.01,corrected,226,faa,0.7919000000000002,0.8819819000000002,0.7908022780000002,True,7,2.623774444444444,5.97617444444444,0,0,0.1384,1,47,693,693,,712,,False,False,False,384.49999999999955,395,500,4424.700000000015,4477,5000
db82ecd38817d881,warmup1000_chain3,epsilon_greedy,10.0,3.0,0.01,corrected,227,clean,0.7919000000000002,0.6453800000000002,0.6380900000000002,False,0,0.0,0.0,0,0,0.0,0,,0,0,,19,,False,False,False,450.49999999999966,455,500,4483.00000000001,4530,5000
db82ecd38817d881,warmup1000_chain3,epsilon_greedy,10.0,3.0,0.01,corrected,227,faa,0.7919000000000002,0.7919000000000002,0.6953290000000002,True,0,0.0,1.1473511111111112,0,0,0.011,1,491,56,56,,75,,False,False,False,446.09999999999957,451,500,4481.90000000001,4529,5000
db82ecd38817d881,warmup1000_chain3,epsilon_greedy,10.0,3.0,0.01,corrected,228,clean,0.7044290000000002,0.7044290000000002,0.07044290006414966,False,,,0.0,0,0,0.0,1,,0,0,,19,,False,False,False,440.5999999999998,446,500,4371.9000000000215,4429,5000
db82ecd38817d881,warmup1000_chain3,epsilon_greedy,10.0,3.0,0.01,corrected,228,faa,0.7044290000000002,0.8764290000000001,0.07722504609907493,True,6,1.7081684137332447,3.9415874630112473,0,0,0.0904,2,28,453,453,,472,,False,False,False,409.79999999999984,418,500,4370.800000000021,4428,5000
db82ecd38817d881,warmup1000_chain3,epsilon_greedy,10.0,3.0,0.01,corrected,229,clean,0.7044290000000002,0.7044290000000002,0.7044290000000002,False,,,0.0,0,0,0.0,0,,0,0,,19,,False,False,False,444.9999999999998,450,500,4467.60000000001,4516,5000
db82ecd38817d881,warmup1000_chain3,epsilon_greedy,10.0,3.0,0.01,corrected,229,faa,0.7044290000000002,0.9433503900000001,0.8331488549000001,True,6,2.7430124244444443,8.80142411264033,0,0,0.0172,1,164,87,87,,106,,False,False,False,366.90000000000015,379,500,4466.500000000011,4515,5000
db82ecd38817d881,warmup1000_chain3,epsilon_greedy,10.0,3.0,0.01,corrected,230,clean,0.6299000000000002,0.6299000000000002,0.06298999999999999,False,,,0.0,0,0,0.0,1,,0,0,,19,,False,False,False,442.7999999999997,448,500,4442.300000000014,4493,5000
db82ecd38817d881,warmup1000_chain3,epsilon_greedy,10.0,3.0,0.01,corrected,230,faa,0.6299000000000002,0.8019000000000002,0.07044290000064951,True,6,1.4070456644444442,9.131939521042359,0,0,0.0564,2,220,283,283,,302,,False,False,False,363.59999999999997,376,500,4441.2000000000135,4492,5000
db82ecd38817d881,warmup1000_chain3,epsilon_greedy,10.0,3.0,0.01,corrected,231,clean,0.6299000000000002,0.06874099999999989,0.06874099999999989,False,,,0.0,0,0,0.0,0,,0,0,,19,,False,False,False,444.99999999999966,450,500,4420.300000000007,4473,5000
db82ecd38817d881,warmup1000_chain3,epsilon_greedy,10.0,3.0,0.01,corrected,231,faa,0.6299000000000002,0.7120150910000002,0.6299000000000001,False,5,2.3399735444444443,10.0,0,137,0.0,0,364,0,0,,19,,False,False,False,361.4000000000001,374,500,4420.300000000007,4473,5000
db82ecd38817d881,warmup1000_chain3,epsilon_greedy,10.0,3.0,0.01,corrected,232,clean,0.7118819000000002,0.7118819000000002,0.07118819699831963,False,,,0.0,0,0,0.0,1,,0,0,,19,,False,False,False,442.7999999999995,448,500,4448.900000000018,4499,5000
db82ecd38817d881,warmup1000_chain3,epsilon_greedy,10.0,3.0,0.01,corrected,232,faa,0.7118819000000002,0.8838819000000001,0.14949768680000003,True,5,2.2062012965847453,7.301366186317031,0,0,0.099,2,431,496,496,,515,,False,False,False,397.6999999999995,407,500,4447.800000000018,4498,5000
db82ecd38817d881,warmup1000_chain3,epsilon_greedy,10.0,3.0,0.01,corrected,233,clean,0.7185158000000003,0.7185158000000003,0.07044290000648068,False,,,0.0,0,0,0.0,1,,0,0,,19,,False,False,False,455.99999999999966,460,500,4446.700000000015,4497,5000
db82ecd38817d881,warmup1000_chain3,epsilon_greedy,10.0,3.0,0.01,corrected,233,faa,0.7185158000000003,0.9597956392006933,0.08274758086742379,True,6,2.487749764444445,10.0,0,6,0.0492,2,76,247,247,,266,,False,False,False,360.2999999999999,373,500,4445.600000000015,4496,5000
db82ecd38817d881,warmup1000_chain3,epsilon_greedy,10.0,3.0,0.01,corrected,234,clean,0.13458680000000012,0.13458680000000012,0.01345868,False,,,0.0,0,0,0.0,1,,0,0,4699,19,4718,False,False,False,440.59999999999945,446,500,4393.900000000012,4449,5000
db82ecd38817d881,warmup1000_chain3,epsilon_greedy,10.0,3.0,0.01,corrected,234,faa,0.13458680000000012,0.3087016084259999,0.025561846367016028,True,8,1.1508746465944446,2.779793744510045,0,0,0.1258,2,350,630,630,4699,649,4718,False,False,False,416.3999999999994,424,500,4392.800000000012,4448,5000
db82ecd38817d881,warmup1000_chain3,epsilon_greedy,10.0,3.0,0.01,corrected,235,clean,0.7118819000000002,0.7118819000000002,0.7118819000000002,False,,,0.0,0,0,0.0,0,,0,0,,19,,False,False,False,431.7999999999996,438,500,4452.200000000006,4502,5000
db82ecd38817d881,warmup1000_chain3,epsilon_greedy,10.0,3.0,0.01,corrected,235,faa,0.7118819000000002,0.9501170580000001,0.8393065227800002,True,6,2.6907243024754446,7.004683484475446,0,0,0.0572,1,325,287,287,,306,,False,False,False,381.19999999999993,392,500,4451.100000000006,4501,5000
db82ecd38817d881,warmup1000_chain3,epsilon_greedy,10.0,3.0,0.01,corrected,236,clean,0.7044290000000002,0.7044290000000002,0.7044290000000002,False,,,0.0,0,0,0.0,0,,0,0,,19,,False,False,False,458.19999999999993,462,500,4476.4000000000115,4524,5000
db82ecd38817d881,warmup1000_chain3,epsilon_greedy,10.0,3.0,0.01,corrected,236,faa,0.7044290000000002,0.9433503900000001,0.8331488549000001,True,6,2.7430124244444443,6.323399856292452,0,0,0.0064,1,264,33,33,,52,,False,False,False,413.1,421,500,4475.300000000011,4523,5000
db82ecd38817d881,warmup1000_chain3,epsilon_greedy,10.0,3.0,0.01,corrected,237,clean,0.7044290000000002,0.7044290000000002,0.07044931439000002,False,,,0.0,0,0,0.0,1,,0,0,,19,,False,False,False,444.9999999999993,450,500,4415.900000000014,4469,5000
db82ecd38817d881,warmup1000_chain3,epsilon_greedy,10.0,3.0,0.01,corrected,237,faa,0.7044290000000002,0.8764290000000001,0.7722503900000002,True,6,1.4611105846044445,3.120933718304414,0,0,0.0848,1,369,425,425,,444,,False,False,False,430.69999999999925,437,500,4415.900000000014,4469,5000
db82ecd38817d881,warmup1000_chain3,epsilon_greedy,10.0,3.0,0.01,corrected,238,clean,0.7044290000000002,0.7044290000000002,0.7044290000000002,False,,,0.0,0,0,0.0,0,,0,0,,19,,False,False,False,453.7999999999998,458,500,4450.000000000022,4500,5000
db82ecd38817d881,warmup1000_chain3,epsilon_greedy,10.0,3.0,0.01,corrected,238,faa,0.7044290000000002,0.8764290000000001,0.7722503900000002,True,8,2.241238029257573,5.061931562526014,0,0,0.0014,1,68,8,8,,27,,False,False,False,430.6999999999999,437,500,4448.900000000022,4499,5000
db82ecd38817d881,warmup1000_chain3,epsilon_greedy,10.0,3.0,0.01,corrected,239,clean,0.7044290000000002,0.7044290000000002,0.07044290000000641,False,,,0.0,0,0,0.0,1,,0,0,,19,,False,False,False,449.39999999999964,454,500,4464.300000000012,4513,5000
db82ecd38817d881,warmup1000_chain3,epsilon_greedy,10.0,3.0,0.01,corrected,239,faa,0.7044290000000002,0.8764290000000001,0.07722503900709904,True,6,1.7067573114444445,4.3034139914444465,0,0,0.0932,2,378,467,467,,486,,False,False,False,421.8999999999997,429,500,4463.200000000012,4512,5000
db82ecd38817d881,warmup1000_chain3,epsilon_greedy,10.0,3.0,0.01,corrected,240,clean,0.7044290000000002,0.6299000000000002,0.6299000000000002,False,,,0.0,0,0,0.0,0,,0,0,,19,,False,False,False,438.39999999999964,444,500,4403.800000000014,4458,5000
db82ecd38817d881,warmup1000_chain3,epsilon_greedy,10.0,3.0,0.01,corrected,240,faa,0.7044290000000002,0.9495474914160001,0.8387882171885602,True,6,2.6602024244444444,7.273130973238852,0,0,0.0,1,500,1,1,,20,,False,False,False,370.1999999999998,382,500,4400.5000000000155,4455,5000
db82ecd38817d881,warmup1000_chain3,epsilon_greedy,10.0,3.0,0.01,corrected,241,clean,0.7919000000000002,0.7044290000000002,0.7044290000000002,False,,,0.0,0,0,0.0,0,,0,0,,19,,False,False,False,430.69999999999976,437,500,4454.400000000018,4504,5000
db82ecd38817d881,warmup1000_chain3,epsilon_greedy,10.0,3.0,0.01,corrected,241,faa,0.7919000000000002,0.8664290000000001,0.7781225290000002,True,6,2.2337744444444443,5.0101309444440965,0,0,0.017,1,197,86,86,,105,,False,False,False,395.4999999999999,405,500,4454.400000000018,4504,5000
db82ecd38817d881,warmup1000_chain3,epsilon_greedy,10.0,3.0,0.01,corrected,242,clean,0.7044290000000002,0.7044290000000002,0.0019209680641440463,False,,,0.0,0,0,0.0,3,,0,0,988,19,1007,False,False,False,455.99999999999943,460,500,4442.300000000016,4493,5000
db82ecd38817d881,warmup1000_chain3,epsilon_greedy,10.0,3.0,0.01,corrected,242,faa,0.7044290000000002,0.9502004964960001,0.016042488382416065,True,6,2.6693024244444388,7.61454184377244,0,0,0.1508,3,83,755,755,3683,774,3702,False,False,False,367.9999999999998,380,500,4442.300000000016,4493,5000
db82ecd38817d881,warmup1000_chain3,epsilon_greedy,10.0,3.0,0.01,corrected,243,clean,0.5480000000000002,0.5480000000000002,0.5480000000000002,False,,,0.0,0,0,0.0,0,,0,0,,19,,False,False,False,444.99999999999983,450,500,4443.400000000021,4494,5000
db82ecd38817d881,warmup1000_chain3,epsilon_greedy,10.0,3.0,0.01,corrected,243,faa,0.5480000000000002,0.7200000000000001,0.6299000000000001,True,4,1.7432444444444442,9.00724444444414,0,0,0.0044,1,322,23,23,,42,,False,False,False,374.60000000000025,386,500,4442.30000000002,4493,5000
db82ecd38817d881,warmup1000_chain3,epsilon_greedy,10.0,3.0,0.01,corrected,244,clean,0.186058241,0.186058241,0.186058241,False,,,0.0,0,0,0.0,0,,0,0,,19,,False,False,False,438.3999999999994,444,500,4432.400000000014,4484,5000
db82ecd38817d881,warmup1000_chain3,epsilon_greedy,10.0,3.0,0.01,corrected,244,faa,0.186058241,0.35805824099999994,0.30053299931,True,6,0.8884792571600252,2.5793640249701424,0,0,0.0984,1,21,493,493,,512,,False,False,False,415.29999999999956,423,500,4431.300000000015,4483,5000
db82ecd38817d881,warmup1000_chain3,epsilon_greedy,10.0,3.0,0.01,corrected,245,clean,0.6299000000000002,0.6299000000000002,0.6299000000000002,False,,,0.0,0,0,0.0,0,,0,0,,19,,False,False,False,444.99999999999966,450,500,4414.800000000018,4468,5000
db82ecd38817d881,warmup1000_chain3,epsilon_greedy,10.0,3.0,0.01,corrected,245,faa,0.6299000000000002,0.8019000000000002,0.7044290000000002,True,6,1.4070456644444442,2.787034764444444,0,0,0.0834,1,19,418,418,,437,,False,False,False,424.09999999999957,431,500,4413.700000000019,4467,5000
db82ecd38817d881,warmup1000_chain3,epsilon_greedy,10.0,3.0,0.01,corrected,246,clean,0.14109001144099997,0.14109001144099997,0.14109001144099997,False,,,0.0,0,0,0.0,0,,0,0,,19,,False,False,False,460.39999999999975,464,500,4412.60000000002,4466,5000
db82ecd38817d881,warmup1000_chain3,epsilon_greedy,10.0,3.0,0.01,corrected,246,faa,0.14109001144099997,0.3336938111775418,0.25961191041130993,True,6,0.8705371783339171,1.9240651691811177,0,0,0.38,1,15,1901,1901,,1920,,False,False,False,440.59999999999985,446,500,4411.50000000002,4465,5000
db82ecd38817d881,warmup1000_chain3,epsilon_greedy,10.0,3.0,0.01,corrected,247,clean,0.7044290000000002,0.7044290000000002,0.7044290000000002,False,,,0.0,0,0,0.0,0,,0,0,,19,,False,False,False,430.6999999999995,437,500,4397.200000000022,4452,5000
db82ecd38817d881,warmup1000_chain3,epsilon_greedy,10.0,3.0,0.01,corrected,247,faa,0.7044290000000002,0.8764290000000001,0.7722503900000003,True,5,2.0512309542444447,3.092057193244446,0,0,0.0018,1,15,10,10,,29,,False,False,False,413.09999999999945,421,500,4396.100000000022,4451,5000
db82ecd38817d881,warmup1000_chain3,epsilon_greedy,10.0,3.0,0.01,corrected,248,clean,0.6453800000000002,0.6453800000000002,0.0006465464356377182,False,,,0.0,0,0,0.0,3,,0,0,2124,19,2143,False,False,False,453.7999999999996,458,500,4393.900000000014,4449,5000
db82ecd38817d881,warmup1000_chain3,epsilon_greedy,10.0,3.0,0.01,corrected,248,faa,0.6453800000000002,0.81738,0.007185820077806604,True,6,1.3984852087262747,1.9765973054157642,0,0,0.017,3,9,86,86,4435,105,4454,False,False,False,441.6999999999996,447,500,4393.900000000014,4449,5000
db82ecd38817d881,warmup1000_chain3,epsilon_greedy,10.0,3.0,0.01,corrected,249,clean,0.7044290000000002,0.7044290000000002,0.07044290000000641,False,,,0.0,0,0,0.0,1,,0,0,,19,,False,False,False,453.7999999999997,458,500,4431.300000000012,4483,5000
db82ecd38817d881,warmup1000_chain3,epsilon_greedy,10.0,3.0,0.01,corrected,249,faa,0.7044290000000002,0.8764290000000002,0.07722503900709904,True,6,1.4937697190658143,4.371582004993619,0,0,0.0426,2,39,214,214,,233,,False,False,False,413.0999999999997,421,500,4430.2000000000135,4482,5000
db82ecd38817d881,warmup1000_chain3,epsilon_greedy,10.0,3.0,0.01,corrected,250,clean,0.6380900000000003,0.6380900000000003,0.06380900000064138,False,,,0.0,0,0,0.0,1,,0,0,,19,,False,False,False,433.9999999999999,440,500,4426.900000000018,4479,5000
db82ecd38817d881,warmup1000_chain3,epsilon_greedy,10.0,3.0,0.01,corrected,250,faa,0.6380900000000003,0.8100900000000002,0.07118819065617288,True,6,1.6344478014444448,4.418726561128053,0,0,0.0802,2,146,402,402,,421,,False,False,False,408.69999999999993,417,500,4425.800000000018,4478,5000
db82ecd38817d881,warmup1000_chain3,epsilon_greedy,10.0,3.0,0.01,corrected,251,clean,0.7264198700000002,0.7264198700000002,0.0727073847800001,False,,,0.0,0,0,0.0,1,,0,0,,19,,False,False,False,457.0999999999997,461,500,4425.800000000026,4478,5000
db82ecd38817d881,warmup1000_chain3,epsilon_greedy,10.0,3.0,0.01,corrected,251,faa,0.7264198700000002,0.9674016156657002,0.08569671349447627,True,6,2.803152019444445,3.6891840923917445,0,0,0.0406,2,23,204,204,,223,,False,False,False,430.6999999999997,437,500,4424.700000000026,4477,5000
db82ecd38817d881,warmup1000_chain3,epsilon_greedy,10.0,3.0,0.01,corrected,252,clean,0.7044290000000002,0.7044290000000002,0.07044290000641451,False,,,0.0,0,0,0.0,1,,0,0,,19,,False,False,False,449.39999999999964,454,500,4429.100000000014,4481,5000
db82ecd38817d881,warmup1000_chain3,epsilon_greedy,10.0,3.0,0.01,corrected,252,faa,0.7044290000000002,0.8764290000000001,0.0772250397099074,True,6,1.708158863639162,1.708158863639162,0,0,0.0486,2,6,244,244,,263,,False,False,False,440.5999999999996,446,500,4428.000000000015,4480,5000
db82ecd38817d881,warmup1000_chain3,epsilon_greedy,10.0,3.0,0.01,corrected,253,clean,0.7044290000000002,0.7044290000000002,0.7044290000000002,False,,,0.0,0,0,0.0,0,,0,0,,19,,False,False,False,455.9999999999995,460,500,4461.000000000018,4510,5000
db82ecd38817d881,warmup1000_chain3,epsilon_greedy,10.0,3.0,0.01,corrected,253,faa,0.7044290000000002,0.8764290000000001,0.7722503900000002,True,4,1.8283747444462306,4.211945744446234,0,0,0.077,1,26,386,386,,405,,False,False,False,431.7999999999995,438,500,4459.900000000018,4509,5000
db82ecd38817d881,warmup1000_chain3,epsilon_greedy,10.0,3.0,0.01,corrected,254,clean,0.7044290000000002,0.7044290000000002,0.7044290000000002,False,,,0.0,0,0,0.0,0,,0,0,,19,,False,False,False,431.79999999999956,438,500,4478.600000000015,4526,5000
db82ecd38817d881,warmup1000_chain3,epsilon_greedy,10.0,3.0,0.01,corrected,254,faa,0.7044290000000002,0.8764290000000001,0.7722503900000002,True,6,1.4937697194737873,7.358009805205007,0,0,0.1462,1,500,732,732,,751,,False,False,False,363.59999999999866,376,500,4476.400000000014,4524,5000
db82ecd38817d881,warmup1000_chain3,epsilon_greedy,10.0,3.0,0.01,corrected,255,clean,0.7044290000000002,0.7044290000000002,0.007114912586422162,False,,,0.0,0,0,0.0,2,,0,0,1548,19,1567,False,False,False,458.1999999999997,462,500,4472.000000000012,4520,5000
db82ecd38817d881,warmup1000_chain3,epsilon_greedy,10.0,3.0,0.01,corrected,255,faa,0.7044290000000002,0.8764290000000001,0.015531486290000007,True,6,1.7082639182760835,4.092302571056087,0,0,0.0224,3,30,113,113,1548,132,1567,False,False,False,425.1999999999997,432,500,4470.900000000012,4519,5000
db82ecd38817d881,warmup1000_chain3,epsilon_greedy,10.0,3.0,0.01,corrected,256,clean,0.7044290000000002,0.7044290000000002,0.7044290000000002,False,,,0.0,0,0,0.0,0,,0,0,,19,,False,False,False,447.1999999999995,452,500,4491.800000000017,4538,5000
db82ecd38817d881,warmup1000_chain3,epsilon_greedy,10.0,3.0,0.01,corrected,256,faa,0.7044290000000002,0.9433503900000001,0.8331488549000001,True,6,2.7430063680834444,5.964941178051796,0,0,0.0,1,500,1,1,,20,,False,False,False,406.4999999999992,415,500,4488.500000000016,4535,5000
db82ecd38817d881,warmup1000_chain3,epsilon_greedy,10.0,3.0,0.01,corrected,257,clean,0.7044290000000002,0.7044290000000002,0.0006381611997289816,False,,,0.0,0,0,0.0,2,,0,0,4068,19,4087,False,False,False,451.5999999999997,456,500,4429.100000000013,4481,5000
db82ecd38817d881,warmup1000_chain3,epsilon_greedy,10.0,3.0,0.01,corrected,257,faa,0.7044290000000002,0.9502004964960001,0.0008354406843799067,True,5,3.410302424444445,7.421928618044446,0,0,0.0074,3,67,38,38,4068,57,4087,False,False,False,380.09999999999974,391,500,4428.000000000013,4480,5000
db82ecd38817d881,warmup1000_chain3,epsilon_greedy,10.0,3.0,0.01,corrected,258,clean,0.6299000000000002,0.06881448392899997,0.06881448392899997,False,,,0.0,0,0,0.0,0,,0,0,,19,,False,False,False,446.09999999999945,451,500,4445.600000000019,4496,5000
db82ecd38817d881,warmup1000_chain3,epsilon_greedy,10.0,3.0,0.01,corrected,258,faa,0.6299000000000002,0.8019000000000002,0.7044290000000002,True,6,1.6032829167332445,4.8066729167300775,0,0,0.0044,1,320,23,23,,42,,False,False,False,413.09999999999997,421,500,4444.500000000019,4495,5000
db82ecd38817d881,warmup1000_chain3,epsilon_greedy,10.0,3.0,0.01,corrected,259,clean,0.7044290000000002,0.7044290000000002,0.7044290000000002,False,,,0.0,0,0,0.0,0,,0,0,,19,,False,False,False,449.3999999999995,454,500,4465.4000000000215,4514,5000
db82ecd38817d881,warmup1000_chain3,epsilon_greedy,10.0,3.0,0.01,corrected,259,faa,0.7044290000000002,0.8764290000000001,0.7722503900000002,True,5,2.1978804570847945,2.907927238290395,0,0,0.0236,1,9,119,119,,138,,False,False,False,438.3999999999996,444,500,4464.300000000022,4513,5000
db82ecd38817d881,warmup1000_chain3,epsilon_greedy,10.0,3.0,0.01,corrected,260,clean,0.7044290000000002,0.7044290000000002,0.7044290000000002,False,,,0.0,0,0,0.0,0,,0,0,,19,,False,False,False,433.99999999999955,440,500,4403.800000000013,4458,5000
db82ecd38817d881,warmup1000_chain3,epsilon_greedy,10.0,3.0,0.01,corrected,260,faa,0.7044290000000002,0.8764290000000001,0.7722503900000002,True,6,1.4937675360446727,9.708290774130244,0,0,0.0418,1,158,210,210,,229,,False,False,False,344.8999999999995,359,500,4402.7000000000135,4457,5000
db82ecd38817d881,warmup1000_chain3,epsilon_greedy,10.0,3.0,0.01,corrected,261,clean,0.13458738392900016,0.13458738392900016,0.013458738392900016,False,,,0.0,0,0,0.0,1,,0,0,3643,19,3662,False,False,False,431.7999999999997,438,500,4440.100000000019,4491,5000
db82ecd38817d881,warmup1000_chain3,epsilon_greedy,10.0,3.0,0.01,corrected,261,faa,0.13458738392900016,0.331876019689398,0.027670717791737964,True,5,1.6016104031565814,8.822555379260631,0,0,0.0,2,500,1,1,3643,20,3662,False,False,False,378.99999999999915,390,500,4436.800000000019,4488,5000
db82ecd38817d881,warmup1000_chain3,epsilon_greedy,10.0,3.0,0.01,corrected,262,clean,0.7044290000000002,0.7044290000000002,0.7044290000000002,False,,,0.0,0,0,0.0,0,,0,0,,19,,False,False,False,453.7999999999996,458,500,4445.600000000014,4496,5000
db82ecd38817d881,warmup1000_chain3,epsilon_greedy,10.0,3.0,0.01,corrected,262,faa,0.7044290000000002,0.8764290000000001,0.7722503900000002,True,7,1.8837675360444441,7.86546551004444,0,0,0.0994,1,76,498,498,,517,,False,False,False,377.8999999999998,389,500,4444.500000000015,4495,5000
db82ecd38817d881,warmup1000_chain3,epsilon_greedy,10.0,3.0,0.01,corrected,263,clean,0.7044290000000002,0.7044290000000002,0.07044302253680002,False,,,0.0,0,0,0.0,1,,0,0,,19,,False,False,False,440.59999999999945,446,500,4477.500000000011,4525,5000
db82ecd38817d881,warmup1000_chain3,epsilon_greedy,10.0,3.0,0.01,corrected,263,faa,0.7044290000000002,0.8764290000000001,0.07793494648999999,True,6,1.8142806894383883,9.242977042138378,0,0,0.0104,2,373,53,53,,72,,False,False,False,371.2999999999985,383,500,4476.400000000011,4524,5000
db82ecd38817d881,warmup1000_chain3,epsilon_greedy,10.0,3.0,0.01,corrected,264,clean,0.7118819000000002,0.7118819000000002,0.7118819000000002,False,,,0.0,0,0,0.0,0,,0,0,,19,,False,False,False,458.1999999999999,462,500,4419.200000000019,4472,5000
db82ecd38817d881,warmup1000_chain3,epsilon_greedy,10.0,3.0,0.01,corrected,264,faa,0.7118819000000002,0.8838819000000001,0.7790325290000002,True,4,1.8367367456742765,3.0190658856742765,0,0,0.0064,1,10,33,33,,52,,False,False,False,447.1999999999999,452,500,4418.1000000000195,4471,5000
db82ecd38817d881,warmup1000_chain3,epsilon_greedy,10.0,3.0,0.01,corrected,265,clean,0.7044290000000002,0.7044290000000002,0.07044290000006415,False,,,0.0,0,0,0.0,1,,0,0,,19,,False,False,False,417.49999999999943,425,500,4433.500000000016,4485,5000
db82ecd38817d881,warmup1000_chain3,epsilon_greedy,10.0,3.0,0.01,corrected,265,faa,0.7044290000000002,0.7959761540477753,0.07626704749849372,False,5,2.6681774444444444,10.0,0,410,0.0,1,89,0,0,,19,,False,False,False,321.7999999999997,338,500,4433.500000000016,4485,5000
db82ecd38817d881,warmup1000_chain3,epsilon_greedy,10.0,3.0,0.01,corrected,266,clean,0.7044290000000002,0.7044290000000002,0.07044932022928996,False,,,0.0,0,0,0.0,1,,0,0,,19,,False,False,False,442.7999999999995,448,500,4481.9000000000115,4529,5000
db82ecd38817d881,warmup1000_chain3,epsilon_greedy,10.0,3.0,0.01,corrected,266,faa,0.7044290000000002,0.8764290000000002,0.07793494648999999,True,5,3.4839518608344453,4.963237660834436,0,0,0.068,2,301,341,341,,360,,False,False,False,427.3999999999997,434,500,4480.800000000012,4528,5000
db82ecd38817d881,warmup1000_chain3,epsilon_greedy,10.0,3.0,0.01,corrected,267,clean,0.7044290000000002,0.7044290000000002,0.7044290000000002,False,,,0.0,0,0,0.0,0,,0,0,,19,,False,False,False,414.1999999999994,422,500,4439.000000000013,4490,5000
db82ecd38817d881,warmup1000_chain3,epsilon_greedy,10.0,3.0,0.01,corrected,267,faa,0.7044290000000002,0.8764290000000001,0.7044290000000002,True,6,1.4937675360444662,6.406222573044454,0,0,0.1314,0,66,658,658,,677,,False,False,False,361.39999999999964,374,500,4439.000000000013,4490,5000
db82ecd38817d881,warmup1000_chain3,epsilon_greedy,10.0,3.0,0.01,corrected,268,clean,0.7044290000000002,0.07108433900000011,0.007114848290000031,False,,,0.0,0,0,0.0,1,,0,0,743,19,762,False,False,False,435.0999999999992,441,500,4444.500000000021,4495,5000
db82ecd38817d881,warmup1000_chain3,epsilon_greedy,10.0,3.0,0.01,corrected,268,faa,0.7044290000000002,0.8430268542042114,0.09194382357942116,False,6,2.7430124244444443,10.0,0,24,0.0,1,477,0,0,,19,,False,False,False,352.59999999999957,366,500,4444.500000000021,4495,5000
db82ecd38817d881,warmup1000_chain3,epsilon_greedy,10.0,3.0,0.01,corrected,269,clean,0.7919000000000002,0.7044290000000002,0.7044290000000002,False,,,0.0,0,0,0.0,0,,0,0,,19,,False,False,False,446.0999999999995,451,500,4476.40000000002,4524,5000
db82ecd38817d881,warmup1000_chain3,epsilon_greedy,10.0,3.0,0.01,corrected,269,faa,0.7919000000000002,0.8819819000000002,0.7773035290000003,True,6,2.2337744444444443,8.728711324441248,0,0,0.0758,1,333,380,380,,399,,False,False,False,361.4000000000001,374,500,4475.30000000002,4523,5000
db82ecd38817d881,warmup1000_chain3,epsilon_greedy,10.0,3.0,0.01,corrected,270,clean,0.13458680000000012,0.13458680000000012,0.13458680000000012,False,,,0.0,0,0,0.0,0,,0,0,,19,,False,False,False,455.9999999999998,460,500,4472.000000000015,4520,5000
db82ecd38817d881,warmup1000_chain3,epsilon_greedy,10.0,3.0,0.01,corrected,270,faa,0.13458680000000012,0.42479398800000007,0.36208152908000013,True,6,1.0749998014444448,1.4720237614444451,0,0,0.0152,1,10,77,77,,96,,False,False,False,441.69999999999993,447,500,4469.800000000015,4518,5000
db82ecd38817d881,warmup1000_chain3,epsilon_greedy,10.0,3.0,0.01,corrected,271,clean,0.7044290000000002,0.7044290000000002,0.7044290000000002,False,,,0.0,0,0,0.0,0,,0,0,,19,,False,False,False,458.19999999999965,462,500,4463.200000000015,4512,5000
db82ecd38817d881,warmup1000_chain3,epsilon_greedy,10.0,3.0,0.01,corrected,271,faa,0.7044290000000002,0.8764290000000001,0.7722503900000002,True,7,2.102069673044445,2.538705690044445,0,0,0.018,1,9,91,91,,110,,False,False,False,447.1999999999996,452,500,4462.100000000015,4511,5000
db82ecd38817d881,warmup1000_chain3,epsilon_greedy,10.0,3.0,0.01,corrected,272,clean,0.7044290000000002,0.7044290000000002,0.07044290000641451,False,,,0.0,0,0,0.0,1,,0,0,,19,,False,False,False,415.2999999999997,423,500,4502.800000000014,4548,5000
db82ecd38817d881,warmup1000_chain3,epsilon_greedy,10.0,3.0,0.01,corrected,272,faa,0.7044290000000002,0.8764290000000001,0.07722574890749001,True,6,1.7081578014445506,9.749513680743199,0,0,0.291,2,322,1456,1456,,1475,,False,False,False,336.10000000000036,351,500,4501.700000000014,4547,5000
db82ecd38817d881,warmup1000_chain3,epsilon_greedy,10.0,3.0,0.01,corrected,273,clean,0.6299000000000002,0.6299000000000002,0.006304756750999951,False,,,0.0,0,0,0.0,2,,0,0,4572,19,4591,False,False,False,440.5999999999997,446,500,4505.000000000011,4550,5000
db82ecd38817d881,warmup1000_chain3,epsilon_greedy,10.0,3.0,0.01,corrected,273,faa,0.6299000000000002,0.8755290000000002,0.008424201568490053,True,6,2.5239044444444447,4.299746769134443,0,0,0.1954,3,54,978,978,4572,997,4591,False,False,False,417.4999999999997,425,500,4503.900000000011,4549,5000
db82ecd38817d881,warmup1000_chain3,epsilon_greedy,10.0,3.0,0.01,corrected,274,clean,0.13464519821441057,0.13464519821441057,0.13464519821441057,False,,,0.0,0,0,0.0,0,,0,0,,19,,False,False,False,448.2999999999997,453,500,4512.700000000012,4557,5000
db82ecd38817d881,warmup1000_chain3,epsilon_greedy,10.0,3.0,0.01,corrected,274,faa,0.13464519821441057,0.33189164005771227,0.25374713037511365,True,6,0.8606973164753036,5.0954326821891875,0,0,0.1506,1,39,754,754,,773,,False,False,False,406.4999999999999,415,500,4511.600000000011,4556,5000
db82ecd38817d881,warmup1000_chain3,epsilon_greedy,10.0,3.0,0.01,corrected,275,clean,0.13458680000000167,0.13458680000000167,0.13458680000000167,False,,,0.0,0,0,0.0,0,,0,0,,19,,False,False,False,453.7999999999997,458,500,4384.00000000002,4440,5000
db82ecd38817d881,warmup1000_chain3,epsilon_greedy,10.0,3.0,0.01,corrected,275,faa,0.13458680000000167,0.2642851262600015,0.24739289828400474,False,6,0.860609536044447,10.0,0,102,0.0,0,399,0,0,,19,,False,False,False,371.29999999999853,383,500,4384.00000000002,4440,5000
db82ecd38817d881,warmup1000_chain3,epsilon_greedy,10.0,3.0,0.01,corrected,276,clean,0.7100000000000001,0.6380900000000003,0.6380900000000003,False,,,0.0,0,0,0.0,0,,0,0,,19,,False,False,False,441.6999999999997,447,500,4484.100000000012,4531,5000
db82ecd38817d881,warmup1000_chain3,epsilon_greedy,10.0,3.0,0.01,corrected,276,faa,0.7100000000000001,0.8081900000000002,0.7101529000000002,True,6,2.0854444444444447,5.251675444444447,0,0,0.0,1,500,1,1,,20,,False,False,False,394.39999999999907,404,500,4481.900000000012,4529,5000
db82ecd38817d881,warmup1000_chain3,epsilon_greedy,10.0,3.0,0.01,corrected,277,clean,0.7044290000000002,0.7044290000000002,0.7044290000000002,False,,,0.0,0,0,0.0,0,,0,0,,19,,False,False,False,447.19999999999953,452,500,4450.000000000018,4500,5000
db82ecd38817d881,warmup1000_chain3,epsilon_greedy,10.0,3.0,0.01,corrected,277,faa,0.7044290000000002,0.9433503900000001,0.8331488549000001,True,7,3.1328967411444446,6.887935746144434,0,0,0.107,1,377,536,536,,555,,False,False,False,407.599999999999,416,500,4448.900000000018,4499,5000
db82ecd38817d881,warmup1000_chain3,epsilon_greedy,10.0,3.0,0.01,corrected,278,clean,0.7919000000000002,0.7044290000000002,0.07108433900000011,False,,,0.0,0,0,0.0,1,,0,0,,19,,False,False,False,459.2999999999997,463,500,4468.700000000011,4517,5000
db82ecd38817d881,warmup1000_chain3,epsilon_greedy,10.0,3.0,0.01,corrected,278,faa,0.7919000000000002,0.8819819000000002,0.15065410309,True,6,2.2337744444444443,5.486701754441239,0,0,0.0536,2,406,269,269,,288,,False,False,False,415.2999999999995,423,500,4468.700000000011,4517,5000
db82ecd38817d881,warmup1000_chain3,epsilon_greedy,10.0,3.0,0.01,corrected,279,clean,0.13458680000000012,0.013465094390000043,0.0013465094389999988,False,,,0.0,0,0,0.0,1,,0,0,0,19,19,False,False,False,428.49999999999943,435,500,4464.300000000009,4513,5000
db82ecd38817d881,warmup1000_chain3,epsilon_greedy,10.0,3.0,0.01,corrected,279,faa,0.13458680000000012,0.05485161663814486,0.005485161663817184,False,6,0.8606095360444442,10.0,0,205,0.0,1,296,0,0,2243,19,2262,False,False,False,343.8,358,500,4464.300000000009,4513,5000
db82ecd38817d881,warmup1000_chain3,epsilon_greedy,10.0,3.0,0.01,corrected,280,clean,0.6299000000000002,0.6299000000000002,0.06305342073928993,False,,,0.0,0,0,0.0,1,,0,0,,19,,False,False,False,447.1999999999996,452,500,4422.50000000002,4475,5000
db82ecd38817d881,warmup1000_chain3,epsilon_greedy,10.0,3.0,0.01,corrected,280,faa,0.6299000000000002,0.6782357186101334,0.07161196372149503,False,6,1.6097156847332448,10.0,0,397,0.0,1,104,0,0,,19,,False,False,False,342.69999999999993,357,500,4422.50000000002,4475,5000
db82ecd38817d881,warmup1000_chain3,epsilon_greedy,10.0,3.0,0.01,corrected,281,clean,0.7919000000000002,0.7919000000000002,0.7044290000000002,False,,,0.0,0,0,0.0,1,,0,72,,91,,False,False,False,462.5999999999998,466,500,4503.900000000015,4549,5000
db82ecd38817d881,warmup1000_chain3,epsilon_greedy,10.0,3.0,0.01,corrected,281,faa,0.7919000000000002,0.8819819000000002,0.7631503900000003,True,6,2.2337744444444443,6.50163154444444,0,0,0.0142,1,60,72,72,,91,,False,False,False,402.0999999999998,411,500,4503.900000000015,4549,5000
db82ecd38817d881,warmup1000_chain3,epsilon_greedy,10.0,3.0,0.01,corrected,282,clean,0.7044290000000002,0.7044290000000002,0.07044290006486631,False,,,0.0,0,0,0.0,1,,0,0,,19,,False,False,False,429.59999999999957,436,500,4399.400000000012,4454,5000
db82ecd38817d881,warmup1000_chain3,epsilon_greedy,10.0,3.0,0.01,corrected,282,faa,0.7044290000000002,0.8764290000000001,0.077225109990749,True,6,1.4943195894434678,3.2415142907623964,0,0,0.0584,2,24,293,293,,312,,False,False,False,405.3999999999997,414,500,4398.300000000013,4453,5000
db82ecd38817d881,warmup1000_chain3,epsilon_greedy,10.0,3.0,0.01,corrected,283,clean,0.7044290000000002,0.7044290000000002,0.7044290000000002,False,,,0.0,0,0,0.0,0,,0,0,,19,,False,False,False,429.5999999999997,436,500,4469.800000000019,4518,5000
db82ecd38817d881,warmup1000_chain3,epsilon_greedy,10.0,3.0,0.01,corrected,283,faa,0.7044290000000002,0.8764290000000001,0.7722503900000002,True,6,1.466759283891506,6.661774089837843,0,0,0.0272,1,392,137,137,,156,,False,False,False,386.6999999999996,397,500,4468.700000000019,4517,5000
db82ecd38817d881,warmup1000_chain3,epsilon_greedy,10.0,3.0,0.01,corrected,284,clean,0.6453800000000002,0.6453800000000002,0.6453800000000002,False,,,0.0,0,0,0.0,0,,0,0,,19,,False,False,False,433.9999999999994,440,500,4467.600000000015,4516,5000
db82ecd38817d881,warmup1000_chain3,epsilon_greedy,10.0,3.0,0.01,corrected,284,faa,0.6453800000000002,0.8173800000000001,0.7185158000000001,True,6,1.7266917761964446,8.738763758322392,0,0,0.1904,1,498,953,953,,972,,False,False,False,372.39999999999907,384,500,4466.500000000015,4515,5000
db82ecd38817d881,warmup1000_chain3,epsilon_greedy,10.0,3.0,0.01,corrected,285,clean,0.5570000000000002,0.5570000000000002,0.5570000000000002,False,,,0.0,0,0,0.0,0,,0,0,,19,,False,False,False,429.59999999999985,436,500,4458.800000000018,4508,5000
db82ecd38817d881,warmup1000_chain3,epsilon_greedy,10.0,3.0,0.01,corrected,285,faa,0.5570000000000002,0.4200083013907968,0.35690755426562515,True,6,1.3003662544560357,7.8890114340632875,0,0,0.0242,1,72,122,122,,141,,False,False,False,364.6999999999998,377,500,4457.700000000018,4507,5000
db82ecd38817d881,warmup1000_chain3,epsilon_greedy,10.0,3.0,0.01,corrected,286,clean,0.7044290000000002,0.7044290000000002,0.0007044290012828691,False,,,0.0,0,0,0.0,3,,0,0,1877,19,1896,False,False,False,458.1999999999997,462,500,4426.900000000018,4479,5000
db82ecd38817d881,warmup1000_chain3,epsilon_greedy,10.0,3.0,0.01,corrected,286,faa,0.7044290000000002,0.9433503900000001,0.0008331488701822654,True,7,3.133012424444445,4.596165126444446,0,0,0.0056,4,26,29,29,1877,48,1896,False,False,False,432.8999999999998,439,500,4425.8000000000175,4478,5000
db82ecd38817d881,warmup1000_chain3,epsilon_greedy,10.0,3.0,0.01,corrected,287,clean,0.7044290000000002,0.7044290000000002,0.07050776568289996,False,,,0.0,0,0,0.0,1,,0,0,,19,,False,False,False,447.1999999999997,452,500,4444.500000000011,4495,5000
db82ecd38817d881,warmup1000_chain3,epsilon_greedy,10.0,3.0,0.01,corrected,287,faa,0.7044290000000002,0.8764290000000002,0.14821578800000007,True,7,1.8841805534181444,8.680366093396135,0,0,0.1152,2,92,577,577,,596,,False,False,False,355.8999999999998,369,500,4443.400000000011,4494,5000
db82ecd38817d881,warmup1000_chain3,epsilon_greedy,10.0,3.0,0.01,corrected,288,clean,0.0710849229290006,0.0710849229290006,0.0710849229290006,False,,,0.0,0,0,0.0,0,,0,0,,19,,False,False,False,455.9999999999999,460,500,4447.800000000014,4498,5000
db82ecd38817d881,warmup1000_chain3,epsilon_greedy,10.0,3.0,0.01,corrected,288,faa,0.0710849229290006,0.2722687282691365,0.17306601753092354,False,7,1.18025360820611,10.0,0,427,0.0,0,74,0,0,,19,,False,False,False,387.7999999999999,398,500,4447.800000000014,4498,5000
db82ecd38817d881,warmup1000_chain3,epsilon_greedy,10.0,3.0,0.01,corrected,289,clean,0.7044290000000002,0.7044290000000002,0.07108492292900004,False,,,0.0,0,0,0.0,1,,0,0,,19,,False,False,False,453.7999999999997,458,500,4391.700000000021,4447,5000
db82ecd38817d881,warmup1000_chain3,epsilon_greedy,10.0,3.0,0.01,corrected,289,faa,0.7044290000000002,0.8764290000000001,0.7722503900000003,True,6,1.7082639243324445,5.735996850722414,0,0,0.1572,1,340,787,787,,806,,False,False,False,409.79999999999967,418,500,4391.700000000021,4447,5000
db82ecd38817d881,warmup1000_chain3,epsilon_greedy,10.0,3.0,0.01,corrected,290,clean,0.7044290000000002,0.7044290000000002,0.007114280188318944,False,,,0.0,0,0,0.0,2,,0,0,1409,19,1428,False,False,False,428.49999999999966,435,500,4441.200000000021,4492,5000
db82ecd38817d881,warmup1000_chain3,epsilon_greedy,10.0,3.0,0.01,corrected,290,faa,0.7044290000000002,0.876429,0.07723213807490004,True,5,2.0607700902444384,9.399012609244428,0,0,0.0036,2,490,19,19,,38,,False,False,False,349.2999999999986,363,500,4441.200000000021,4492,5000
db82ecd38817d881,warmup1000_chain3,epsilon_greedy,10.0,3.0,0.01,corrected,291,clean,0.7100000000000001,0.6299000000000002,0.06356510000000004,False,,,0.0,0,0,0.0,1,,0,0,,19,,False,False,False,450.49999999999955,455,500,4490.700000000015,4537,5000
db82ecd38817d881,warmup1000_chain3,epsilon_greedy,10.0,3.0,0.01,corrected,291,faa,0.7100000000000001,0.8081900000000002,0.07756162900000002,True,6,2.0854444444444447,5.137820444444449,0,0,0.1006,2,464,504,504,,523,,False,False,False,410.8999999999994,419,500,4489.600000000015,4536,5000
db82ecd38817d881,warmup1000_chain3,epsilon_greedy,10.0,3.0,0.01,corrected,292,clean,0.7118819000000002,0.7118819000000002,0.007183021357102359,False,,,0.0,0,0,0.0,2,,0,0,1965,19,1984,False,False,False,447.1999999999996,452,500,4480.800000000014,4528,5000
db82ecd38817d881,warmup1000_chain3,epsilon_greedy,10.0,3.0,0.01,corrected,292,faa,0.7118819000000002,0.9440956800000001,0.08338278335175003,True,10,6.063663060834444,9.823997353381351,0,0,0.0066,2,404,34,34,,53,,False,False,False,404.2999999999994,413,500,4480.800000000014,4528,5000
db82ecd38817d881,warmup1000_chain3,epsilon_greedy,10.0,3.0,0.01,corrected,293,clean,0.7044290000000002,0.7044290000000002,0.7044290000000002,False,,,0.0,0,0,0.0,0,,0,0,,19,,False,False,False,447.19999999999976,452,500,4456.600000000015,4506,5000
db82ecd38817d881,warmup1000_chain3,epsilon_greedy,10.0,3.0,0.01,corrected,293,faa,0.7044290000000002,0.8182493809896492,0.8182493809896492,False,6,2.4592864544444444,10.0,0,167,0.0,0,91,0,0,,19,,False,False,False,350.40000000000003,364,500,4456.600000000015,4506,5000
db82ecd38817d881,warmup1000_chain3,epsilon_greedy,10.0,3.0,0.01,corrected,294,clean,0.6299000000000002,0.6299000000000002,0.6299000000000002,False,,,0.0,0,0,0.0,0,,0,0,,19,,False,False,False,458.19999999999953,462,500,4454.400000000014,4504,5000
db82ecd38817d881,warmup1000_chain3,epsilon_greedy,10.0,3.0,0.01,corrected,294,faa,0.6299000000000002,0.7119996825500001,0.6299000000000001,False,6,1.4076155894444466,10.0,0,128,0.0,0,373,0,0,,19,,False,False,False,368.0,380,500,4454.400000000014,4504,5000
db82ecd38817d881,warmup1000_chain3,epsilon_greedy,10.0,3.0,0.01,corrected,295,clean,0.7044290000000002,0.1345926392900001,0.1345926392900001,False,,,0.0,0,0,0.0,0,,0,0,,19,,False,False,False,457.0999999999998,461,500,4454.400000000011,4504,5000
db82ecd38817d881,warmup1000_chain3,epsilon_greedy,10.0,3.0,0.01,corrected,295,faa,0.7044290000000002,0.9433503900000001,0.8331488549000001,True,6,2.7430063680834444,7.426981776083434,0,0,0.035,1,442,176,176,,195,,False,False,False,387.79999999999893,398,500,4453.300000000011,4503,5000
db82ecd38817d881,warmup1000_chain3,epsilon_greedy,10.0,3.0,0.01,corrected,296,clean,0.7919000000000002,0.7044290000000002,0.07044290641438988,False,,,0.0,0,0,0.0,1,,0,0,,19,,False,False,False,461.4999999999998,465,500,4424.700000000024,4477,5000
db82ecd38817d881,warmup1000_chain3,epsilon_greedy,10.0,3.0,0.01,corrected,296,faa,0.7919000000000002,0.8819819000000002,0.06199007144053387,True,7,2.623774444444444,4.216164444444446,0,0,0.0246,1,26,124,124,,143,,False,False,False,438.39999999999986,444,500,4424.700000000024,4477,5000
db82ecd38817d881,warmup1000_chain3,epsilon_greedy,10.0,3.0,0.01,corrected,297,clean,0.7044290000000002,0.7044290000000002,0.7044290000000002,False,,,0.0,0,0,0.0,0,,0,0,,19,,False,False,False,440.5999999999996,446,500,4410.400000000016,4464,5000
db82ecd38817d881,warmup1000_chain3,epsilon_greedy,10.0,3.0,0.01,corrected,297,faa,0.7044290000000002,0.8764290000000001,0.7722503900000003,True,6,1.695413342549962,4.824852499311371,0,0,0.0918,1,149,460,460,,479,,False,False,False,407.59999999999985,416,500,4409.300000000017,4463,5000
db82ecd38817d881,warmup1000_chain3,epsilon_greedy,10.0,3.0,0.01,corrected,298,clean,0.7044290000000002,0.7044290000000002,0.7044290000000002,False,,,0.0,0,0,0.0,0,,0,0,,19,,False,False,False,442.79999999999944,448,500,4434.600000000015,4486,5000
db82ecd38817d881,warmup1000_chain3,epsilon_greedy,10.0,3.0,0.01,corrected,298,faa,0.7044290000000002,0.9433503900000001,0.8331488549000001,True,6,2.7430124244444443,6.3985431912444435,0,0,0.041,1,70,206,206,,225,,False,False,False,406.49999999999966,415,500,4433.500000000015,4485,5000
db82ecd38817d881,warmup1000_chain3,epsilon_greedy,10.0,3.0,0.01,corrected,299,clean,0.7044290000000002,0.7044290000000002,0.07044290064143888,False,,,0.0,0,0,0.0,1,,0,0,,19,,False,False,False,458.1999999999994,462,500,4402.7000000000135,4457,5000
db82ecd38817d881,warmup1000_chain3,epsilon_greedy,10.0,3.0,0.01,corrected,299,faa,0.7044290000000002,0.9433503900000001,0.08331496190138149,True,6,2.7430124244444443,5.70664282134444,0,0,0.0166,2,199,84,84,,103,,False,False,False,417.49999999999955,425,500,4401.600000000013,4456,5000
