condition_id,seed,arm,step,state,action,reward,terminated,delta,alpha,q_before,q_after,entry_error_before,entry_error_after,bootstrap_target_error,sup_error_after
cc7d03a3a03a3325,0,clean,1,2,1,1.0,True,0.0,0.9,1.0,1.0,0.0,0.0,0.0,0.0
cc7d03a3a03a3325,0,clean,2,2,1,1.0,True,0.0,0.9,1.0,1.0,0.0,0.0,0.0,0.0
cc7d03a3a03a3325,0,clean,3,2,1,1.0,True,0.0,0.9,1.0,1.0,0.0,0.0,0.0,0.0
cc7d03a3a03a3325,0,clean,4,2,1,1.0,True,0.0,0.9,1.0,1.0,0.0,0.0,0.0,0.0
cc7d03a3a03a3325,0,clean,5,2,1,1.0,True,0.0,0.9,1.0,1.0,0.0,0.0,0.0,0.0
cc7d03a3a03a3325,0,clean,6,2,1,1.0,True,0.0,0.9,1.0,1.0,0.0,0.0,0.0,0.0
cc7d03a3a03a3325,0,clean,7,2,1,1.0,True,0.0,0.9,1.0,1.0,0.0,0.0,0.0,0.0
cc7d03a3a03a3325,0,clean,8,2,0,-0.1,False,0.0,0.9,0.6200000000000001,0.6200000000000001,0.0,0.0,0.0,0.0
cc7d03a3a03a3325,0,clean,9,1,0,-0.1,False,0.0,0.9,0.4580000000000002,0.4580000000000002,0.0,0.0,0.0,0.0
cc7d03a3a03a3325,0,clean,10,0,0,-0.1,False,0.0,0.9,0.4580000000000002,0.4580000000000002,0.0,0.0,0.0,0.0
cc7d03a3a03a3325,0,clean,11,0,1,-0.1,False,0.0,0.9,0.6200000000000001,0.6200000000000001,0.0,0.0,0.0,0.0
cc7d03a3a03a3325,0,clean,12,1,1,-0.1,False,0.0,0.9,0.8,0.8,0.0,0.0,0.0,0.0
cc7d03a3a03a3325,0,clean,13,2,1,1.0,True,0.0,0.9,1.0,1.0,0.0,0.0,0.0,0.0
cc7d03a3a03a3325,0,clean,14,2,1,1.0,True,0.0,0.9,1.0,1.0,0.0,0.0,0.0,0.0
cc7d03a3a03a3325,0,clean,15,2,0,-0.1,False,0.0,0.9,0.6200000000000001,0.6200000000000001,0.0,0.0,0.0,0.0
cc7d03a3a03a3325,0,clean,16,1,1,-0.1,False,0.0,0.9,0.8,0.8,0.0,0.0,0.0,0.0
cc7d03a3a03a3325,0,clean,17,2,1,1.0,True,0.0,0.9,1.0,1.0,0.0,0.0,0.0,0.0
cc7d03a3a03a3325,0,clean,18,2,0,-0.1,False,0.0,0.9,0.6200000000000001,0.6200000000000001,0.0,0.0,0.0,0.0
cc7d03a3a03a3325,0,clean,19,1,1,-0.1,False,0.0,0.9,0.8,0.8,0.0,0.0,0.0,0.0
cc7d03a3a03a3325,0,clean,20,2,1,1.0,True,0.0,0.9,1.0,1.0,0.0,0.0,0.0,0.0
cc7d03a3a03a3325,0,clean,21,2,1,1.0,True,0.0,0.9,1.0,1.0,0.0,0.0,0.0,0.0
cc7d03a3a03a3325,0,clean,22,2,0,-0.1,False,0.0,0.9,0.6200000000000001,0.6200000000000001,0.0,0.0,0.0,0.0
cc7d03a3a03a3325,0,clean,23,1,1,-0.1,False,0.0,0.9,0.8,0.8,0.0,0.0,0.0,0.0
cc7d03a3a03a3325,0,clean,24,2,1,1.0,True,0.0,0.9,1.0,1.0,0.0,0.0,0.0,0.0
cc7d03a3a03a3325,0,clean,25,2,1,1.0,True,0.0,0.9,1.0,1.0,0.0,0.0,0.0,0.0
cc7d03a3a03a3325,0,clean,26,2,1,1.0,True,0.0,0.9,1.0,1.0,0.0,0.0,0.0,0.0
cc7d03a3a03a3325,0,clean,27,2,1,1.0,True,0.0,0.9,1.0,1.0,0.0,0.0,0.0,0.0
cc7d03a3a03a3325,0,clean,28,2,0,-0.1,False,0.0,0.9,0.6200000000000001,0.6200000000000001,0.0,0.0,0.0,0.0
cc7d03a3a03a3325,0,clean,29,1,0,-0.1,False,0.0,0.9,0.4580000000000002,0.4580000000000002,0.0,0.0,0.0,0.0
cc7d03a3a03a3325,0,clean,30,0,1,-0.1,False,0.0,0.9,0.6200000000000001,0.6200000000000001,0.0,0.0,0.0,0.0
cc7d03a3a03a3325,0,clean,31,1,1,-0.1,False,0.0,0.9,0.8,0.8,0.0,0.0,0.0,0.0
cc7d03a3a03a3325,0,clean,32,2,1,1.0,True,0.0,0.9,1.0,1.0,0.0,0.0,0.0,0.0
cc7d03a3a03a3325,0,clean,33,2,1,1.0,True,0.0,0.9,1.0,1.0,0.0,0.0,0.0,0.0
cc7d03a3a03a3325,0,clean,34,2,1,1.0,True,0.0,0.9,1.0,1.0,0.0,0.0,0.0,0.0
cc7d03a3a03a3325,0,clean,35,2,0,-0.1,False,0.0,0.9,0.6200000000000001,0.6200000000000001,0.0,0.0,0.0,0.0
cc7d03a3a03a3325,0,clean,36,1,0,-0.1,False,0.0,0.9,0.4580000000000002,0.4580000000000002,0.0,0.0,0.0,0.0
cc7d03a3a03a3325,0,clean,37,0,0,-0.1,False,0.0,0.9,0.4580000000000002,0.4580000000000002,0.0,0.0,0.0,0.0
cc7d03a3a03a3325,0,clean,38,0,1,-0.1,False,0.0,0.9,0.6200000000000001,0.6200000000000001,0.0,0.0,0.0,0.0
cc7d03a3a03a3325,0,clean,39,1,1,-0.1,False,0.0,0.9,0.8,0.8,0.0,0.0,0.0,0.0
cc7d03a3a03a3325,0,clean,40,2,1,1.0,True,0.0,0.9,1.0,1.0,0.0,0.0,0.0,0.0
cc7d03a3a03a3325,0,clean,41,2,1,1.0,True,0.0,0.9,1.0,1.0,0.0,0.0,0.0,0.0
cc7d03a3a03a3325,0,clean,42,2,1,1.0,True,0.0,0.9,1.0,1.0,0.0,0.0,0.0,0.0
cc7d03a3a03a3325,0,clean,43,2,1,1.0,True,0.0,0.9,1.0,1.0,0.0,0.0,0.0,0.0
cc7d03a3a03a3325,0,clean,44,2,1,1.0,True,0.0,0.9,1.0,1.0,0.0,0.0,0.0,0.0
cc7d03a3a03a3325,0,clean,45,2,1,1.0,True,0.0,0.9,1.0,1.0,0.0,0.0,0.0,0.0
cc7d03a3a03a3325,0,clean,46,2,1,1.0,True,0.0,0.9,1.0,1.0,0.0,0.0,0.0,0.0
cc7d03a3a03a3325,0,clean,47,2,1,1.0,True,0.0,0.9,1.0,1.0,0.0,0.0,0.0,0.0
cc7d03a3a03a3325,0,clean,48,2,1,1.0,True,0.0,0.9,1.0,1.0,0.0,0.0,0.0,0.0
cc7d03a3a03a3325,0,clean,49,2,1,1.0,True,0.0,0.9,1.0,1.0,0.0,0.0,0.0,0.0
cc7d03a3a03a3325,0,clean,50,2,1,1.0,True,0.0,0.9,1.0,1.0,0.0,0.0,0.0,0.0
cc7d03a3a03a3325,0,clean,51,2,1,1.0,True,0.0,0.9,1.0,1.0,0.0,0.0,0.0,0.0
cc7d03a3a03a3325,0,clean,52,2,1,1.0,True,0.0,0.9,1.0,1.0,0.0,0.0,0.0,0.0
cc7d03a3a03a3325,0,clean,53,2,1,1.0,True,0.0,0.9,1.0,1.0,0.0,0.0,0.0,0.0
cc7d03a3a03a3325,0,clean,54,2,1,1.0,True,0.0,0.9,1.0,1.0,0.0,0.0,0.0,0.0
cc7d03a3a03a3325,0,clean,55,2,1,1.0,True,0.0,0.9,1.0,1.0,0.0,0.0,0.0,0.0
cc7d03a3a03a3325,0,clean,56,2,1,1.0,True,0.0,0.9,1.0,1.0,0.0,0.0,0.0,0.0
cc7d03a3a03a3325,0,clean,57,2,1,1.0,True,0.0,0.9,1.0,1.0,0.0,0.0,0.0,0.0
cc7d03a3a03a3325,0,clean,58,2,0,-0.1,False,0.0,0.9,0.6200000000000001,0.6200000000000001,0.0,0.0,0.0,0.0
cc7d03a3a03a3325,0,clean,59,1,0,-0.1,False,0.0,0.9,0.4580000000000002,0.4580000000000002,0.0,0.0,0.0,0.0
cc7d03a3a03a3325,0,clean,60,0,0,-0.1,False,0.0,0.9,0.4580000000000002,0.4580000000000002,0.0,0.0,0.0,0.0
cc7d03a3a03a3325,0,clean,61,0,1,-0.1,False,0.0,0.9,0.6200000000000001,0.6200000000000001,0.0,0.0,0.0,0.0
cc7d03a3a03a3325,0,clean,62,1,0,-0.1,False,0.0,0.9,0.4580000000000002,0.4580000000000002,0.0,0.0,0.0,0.0
cc7d03a3a03a3325,0,clean,63,0,1,-0.1,False,0.0,0.9,0.6200000000000001,0.6200000000000001,0.0,0.0,0.0,0.0
cc7d03a3a03a3325,0,clean,64,1,1,-0.1,False,0.0,0.9,0.8,0.8,0.0,0.0,0.0,0.0
cc7d03a3a03a3325,0,clean,65,2,0,-0.1,False,0.0,0.9,0.6200000000000001,0.6200000000000001,0.0,0.0,0.0,0.0
cc7d03a3a03a3325,0,clean,66,1,1,-0.1,False,0.0,0.9,0.8,0.8,0.0,0.0,0.0,0.0
cc7d03a3a03a3325,0,clean,67,2,1,1.0,True,0.0,0.9,1.0,1.0,0.0,0.0,0.0,0.0
cc7d03a3a03a3325,0,clean,68,2,1,1.0,True,0.0,0.9,1.0,1.0,0.0,0.0,0.0,0.0
cc7d03a3a03a3325,0,clean,69,2,1,1.0,True,0.0,0.9,1.0,1.0,0.0,0.0,0.0,0.0
cc7d03a3a03a3325,0,clean,70,2,1,1.0,True,0.0,0.9,1.0,1.0,0.0,0.0,0.0,0.0
cc7d03a3a03a3325,0,clean,71,2,0,-0.1,False,0.0,0.9,0.6200000000000001,0.6200000000000001,0.0,0.0,0.0,0.0
cc7d03a3a03a3325,0,clean,72,1,1,-0.1,False,0.0,0.9,0.8,0.8,0.0,0.0,0.0,0.0
cc7d03a3a03a3325,0,clean,73,2,1,1.0,True,0.0,0.9,1.0,1.0,0.0,0.0,0.0,0.0
cc7d03a3a03a3325,0,clean,74,2,1,1.0,True,0.0,0.9,1.0,1.0,0.0,0.0,0.0,0.0
cc7d03a3a03a3325,0,clean,75,2,1,1.0,True,0.0,0.9,1.0,1.0,0.0,0.0,0.0,0.0
cc7d03a3a03a3325,0,clean,76,2,1,1.0,True,0.0,0.9,1.0,1.0,0.0,0.0,0.0,0.0
cc7d03a3a03a3325,0,clean,77,2,1,1.0,True,0.0,0.9,1.0,1.0,0.0,0.0,0.0,0.0
cc7d03a3a03a3325,0,clean,78,2,1,1.0,True,0.0,0.9,1.0,1.0,0.0,0.0,0.0,0.0
cc7d03a3a03a3325,0,clean,79,2,1,1.0,True,0.0,0.9,1.0,1.0,0.0,0.0,0.0,0.0
cc7d03a3a03a3325,0,clean,80,2,1,1.0,True,0.0,0.9,1.0,1.0,0.0,0.0,0.0,0.0
cc7d03a3a03a3325,0,clean,81,2,1,1.0,True,0.0,0.9,1.0,1.0,0.0,0.0,0.0,0.0
cc7d03a3a03a3325,0,clean,82,2,1,1.0,True,0.0,0.9,1.0,1.0,0.0,0.0,0.0,0.0
cc7d03a3a03a3325,0,clean,83,2,1,1.0,True,0.0,0.9,1.0,1.0,0.0,0.0,0.0,0.0
cc7d03a3a03a3325,0,clean,84,2,1,1.0,True,0.0,0.9,1.0,1.0,0.0,0.0,0.0,0.0
cc7d03a3a03a3325,0,clean,85,2,1,1.0,True,0.0,0.9,1.0,1.0,0.0,0.0,0.0,0.0
cc7d03a3a03a3325,0,clean,86,2,1,1.0,True,0.0,0.9,1.0,1.0,0.0,0.0,0.0,0.0
cc7d03a3a03a3325,0,clean,87,2,1,1.0,True,0.0,0.9,1.0,1.0,0.0,0.0,0.0,0.0
cc7d03a3a03a3325,0,clean,88,2,1,1.0,True,0.0,0.9,1.0,1.0,0.0,0.0,0.0,0.0
cc7d03a3a03a3325,0,clean,89,2,1,1.0,True,0.0,0.9,1.0,1.0,0.0,0.0,0.0,0.0
cc7d03a3a03a3325,0,clean,90,2,1,1.0,True,0.0,0.9,1.0,1.0,0.0,0.0,0.0,0.0
cc7d03a3a03a3325,0,clean,91,2,1,1.0,True,0.0,0.9,1.0,1.0,0.0,0.0,0.0,0.0
cc7d03a3a03a3325,0,clean,92,2,1,1.0,True,0.0,0.9,1.0,1.0,0.0,0.0,0.0,0.0
cc7d03a3a03a3325,0,clean,93,2,1,1.0,True,0.0,0.9,1.0,1.0,0.0,0.0,0.0,0.0
cc7d03a3a03a3325,0,clean,94,2,1,1.0,True,0.0,0.9,1.0,1.0,0.0,0.0,0.0,0.0
cc7d03a3a03a3325,0,clean,95,2,1,1.0,True,0.0,0.9,1.0,1.0,0.0,0.0,0.0,0.0
cc7d03a3a03a3325,0,clean,96,2,1,1.0,True,0.0,0.9,1.0,1.0,0.0,0.0,0.0,0.0
cc7d03a3a03a3325,0,clean,97,2,1,1.0,True,0.0,0.9,1.0,1.0,0.0,0.0,0.0,0.0
cc7d03a3a03a3325,0,clean,98,2,1,1.0,True,0.0,0.9,1.0,1.0,0.0,0.0,0.0,0.0
cc7d03a3a03a3325,0,clean,99,2,1,1.0,True,0.0,0.9,1.0,1.0,0.0,0.0,0.0,0.0
cc7d03a3a03a3325,0,clean,100,2,0,-0.1,False,0.0,0.9,0.6200000000000001,0.6200000000000001,0.0,0.0,0.0,0.0
cc7d03a3a03a3325,0,clean,101,1,1,-0.1,False,0.0,0.9,0.8,0.8,0.0,0.0,0.0,0.0
cc7d03a3a03a3325,0,clean,102,2,1,1.0,True,0.0,0.9,1.0,1.0,0.0,0.0,0.0,0.0
cc7d03a3a03a3325,0,clean,103,2,1,1.0,True,0.0,0.9,1.0,1.0,0.0,0.0,0.0,0.0
cc7d03a3a03a3325,0,clean,104,2,1,1.0,True,0.0,0.9,1.0,1.0,0.0,0.0,0.0,0.0
cc7d03a3a03a3325,0,clean,105,2,1,1.0,True,0.0,0.9,1.0,1.0,0.0,0.0,0.0,0.0
cc7d03a3a03a3325,0,clean,106,2,1,1.0,True,0.0,0.9,1.0,1.0,0.0,0.0,0.0,0.0
cc7d03a3a03a3325,0,clean,107,2,1,1.0,True,0.0,0.9,1.0,1.0,0.0,0.0,0.0,0.0
cc7d03a3a03a3325,0,clean,108,2,1,1.0,True,0.0,0.9,1.0,1.0,0.0,0.0,0.0,0.0
cc7d03a3a03a3325,0,clean,109,2,1,1.0,True,0.0,0.9,1.0,1.0,0.0,0.0,0.0,0.0
cc7d03a3a03a3325,0,clean,110,2,1,1.0,True,0.0,0.9,1.0,1.0,0.0,0.0,0.0,0.0
cc7d03a3a03a3325,0,clean,111,2,1,1.0,True,0.0,0.9,1.0,1.0,0.0,0.0,0.0,0.0
cc7d03a3a03a3325,0,clean,112,2,1,1.0,True,0.0,0.9,1.0,1.0,0.0,0.0,0.0,0.0
cc7d03a3a03a3325,0,clean,113,2,0,-0.1,False,0.0,0.9,0.6200000000000001,0.6200000000000001,0.0,0.0,0.0,0.0
cc7d03a3a03a3325,0,clean,114,1,1,-0.1,False,0.0,0.9,0.8,0.8,0.0,0.0,0.0,0.0
cc7d03a3a03a3325,0,clean,115,2,1,1.0,True,0.0,0.9,1.0,1.0,0.0,0.0,0.0,0.0
cc7d03a3a03a3325,0,clean,116,2,1,1.0,True,0.0,0.9,1.0,1.0,0.0,0.0,0.0,0.0
cc7d03a3a03a3325,0,clean,117,2,1,1.0,True,0.0,0.9,1.0,1.0,0.0,0.0,0.0,0.0
cc7d03a3a03a3325,0,clean,118,2,0,-0.1,False,0.0,0.9,0.6200000000000001,0.6200000000000001,0.0,0.0,0.0,0.0
cc7d03a3a03a3325,0,clean,119,1,1,-0.1,False,0.0,0.9,0.8,0.8,0.0,0.0,0.0,0.0
cc7d03a3a03a3325,0,clean,120,2,1,1.0,True,0.0,0.9,1.0,1.0,0.0,0.0,0.0,0.0
cc7d03a3a03a3325,0,clean,121,2,0,-0.1,False,0.0,0.9,0.6200000000000001,0.6200000000000001,0.0,0.0,0.0,0.0
cc7d03a3a03a3325,0,clean,122,1,1,-0.1,False,0.0,0.9,0.8,0.8,0.0,0.0,0.0,0.0
cc7d03a3a03a3325,0,clean,123,2,1,1.0,True,0.0,0.9,1.0,1.0,0.0,0.0,0.0,0.0
cc7d03a3a03a3325,0,clean,124,2,1,1.0,True,0.0,0.9,1.0,1.0,0.0,0.0,0.0,0.0
cc7d03a3a03a3325,0,clean,125,2,1,1.0,True,0.0,0.9,1.0,1.0,0.0,0.0,0.0,0.0
cc7d03a3a03a3325,0,clean,126,2,1,1.0,True,0.0,0.9,1.0,1.0,0.0,0.0,0.0,0.0
cc7d03a3a03a3325,0,clean,127,2,1,1.0,True,0.0,0.9,1.0,1.0,0.0,0.0,0.0,0.0
cc7d03a3a03a3325,0,clean,128,2,1,1.0,True,0.0,0.9,1.0,1.0,0.0,0.0,0.0,0.0
cc7d03a3a03a3325,0,clean,129,2,1,1.0,True,0.0,0.9,1.0,1.0,0.0,0.0,0.0,0.0
cc7d03a3a03a3325,0,clean,130,2,0,-0.1,False,0.0,0.9,0.6200000000000001,0.6200000000000001,0.0,0.0,0.0,0.0
cc7d03a3a03a3325,0,clean,131,1,1,-0.1,False,0.0,0.9,0.8,0.8,0.0,0.0,0.0,0.0
cc7d03a3a03a3325,0,clean,132,2,1,1.0,True,0.0,0.9,1.0,1.0,0.0,0.0,0.0,0.0
cc7d03a3a03a3325,0,clean,133,2,1,1.0,True,0.0,0.9,1.0,1.0,0.0,0.0,0.0,0.0
cc7d03a3a03a3325,0,clean,134,2,1,1.0,True,0.0,0.9,1.0,1.0,0.0,0.0,0.0,0.0
cc7d03a3a03a3325,0,clean,135,2,1,1.0,True,0.0,0.9,1.0,1.0,0.0,0.0,0.0,0.0
cc7d03a3a03a3325,0,clean,136,2,0,-0.1,False,0.0,0.9,0.6200000000000001,0.6200000000000001,0.0,0.0,0.0,0.0
cc7d03a3a03a3325,0,clean,137,1,0,-0.1,False,0.0,0.9,0.4580000000000002,0.4580000000000002,0.0,0.0,0.0,0.0
cc7d03a3a03a3325,0,clean,138,0,0,-0.1,False,0.0,0.9,0.4580000000000002,0.4580000000000002,0.0,0.0,0.0,0.0
cc7d03a3a03a3325,0,clean,139,0,1,-0.1,False,0.0,0.9,0.6200000000000001,0.6200000000000001,0.0,0.0,0.0,0.0
cc7d03a3a03a3325,0,clean,140,1,1,-0.1,False,0.0,0.9,0.8,0.8,0.0,0.0,0.0,0.0
cc7d03a3a03a3325,0,clean,141,2,0,-0.1,False,0.0,0.9,0.6200000000000001,0.6200000000000001,0.0,0.0,0.0,0.0
cc7d03a3a03a3325,0,clean,142,1,1,-0.1,False,0.0,0.9,0.8,0.8,0.0,0.0,0.0,0.0
cc7d03a3a03a3325,0,clean,143,2,1,1.0,True,0.0,0.9,1.0,1.0,0.0,0.0,0.0,0.0
cc7d03a3a03a3325,0,clean,144,2,1,1.0,True,0.0,0.9,1.0,1.0,0.0,0.0,0.0,0.0
cc7d03a3a03a3325,0,clean,145,2,0,-0.1,False,0.0,0.9,0.6200000000000001,0.6200000000000001,0.0,0.0,0.0,0.0
cc7d03a3a03a3325,0,clean,146,1,1,-0.1,False,0.0,0.9,0.8,0.8,0.0,0.0,0.0,0.0
cc7d03a3a03a3325,0,clean,147,2,1,1.0,True,0.0,0.9,1.0,1.0,0.0,0.0,0.0,0.0
cc7d03a3a03a3325,0,clean,148,2,1,1.0,True,0.0,0.9,1.0,1.0,0.0,0.0,0.0,0.0
cc7d03a3a03a3325,0,clean,149,2,0,-0.1,False,0.0,0.9,0.6200000000000001,0.6200000000000001,0.0,0.0,0.0,0.0
cc7d03a3a03a3325,0,clean,150,1,0,-0.1,False,0.0,0.9,0.4580000000000002,0.4580000000000002,0.0,0.0,0.0,0.0
cc7d03a3a03a3325,0,clean,151,0,0,-0.1,False,0.0,0.9,0.4580000000000002,0.4580000000000002,0.0,0.0,0.0,0.0
cc7d03a3a03a3325,0,clean,152,0,0,-0.1,False,0.0,0.9,0.4580000000000002,0.4580000000000002,0.0,0.0,0.0,0.0
cc7d03a3a03a3325,0,clean,153,0,1,-0.1,False,0.0,0.9,0.6200000000000001,0.6200000000000001,0.0,0.0,0.0,0.0
cc7d03a3a03a3325,0,clean,154,1,1,-0.1,False,0.0,0.9,0.8,0.8,0.0,0.0,0.0,0.0
cc7d03a3a03a3325,0,clean,155,2,1,1.0,True,0.0,0.9,1.0,1.0,0.0,0.0,0.0,0.0
cc7d03a3a03a3325,0,clean,156,2,1,1.0,True,0.0,0.9,1.0,1.0,0.0,0.0,0.0,0.0
cc7d03a3a03a3325,0,clean,157,2,1,1.0,True,0.0,0.9,1.0,1.0,0.0,0.0,0.0,0.0
cc7d03a3a03a3325,0,clean,158,2,1,1.0,True,0.0,0.9,1.0,1.0,0.0,0.0,0.0,0.0
cc7d03a3a03a3325,0,clean,159,2,1,1.0,True,0.0,0.9,1.0,1.0,0.0,0.0,0.0,0.0
cc7d03a3a03a3325,0,clean,160,2,1,1.0,True,0.0,0.9,1.0,1.0,0.0,0.0,0.0,0.0
cc7d03a3a03a3325,0,clean,161,2,1,1.0,True,0.0,0.9,1.0,1.0,0.0,0.0,0.0,0.0
cc7d03a3a03a3325,0,clean,162,2,0,-0.1,False,0.0,0.9,0.6200000000000001,0.6200000000000001,0.0,0.0,0.0,0.0
cc7d03a3a03a3325,0,clean,163,1,1,-0.1,False,0.0,0.9,0.8,0.8,0.0,0.0,0.0,0.0
cc7d03a3a03a3325,0,clean,164,2,1,1.0,True,0.0,0.9,1.0,1.0,0.0,0.0,0.0,0.0
cc7d03a3a03a3325,0,clean,165,2,1,1.0,True,0.0,0.9,1.0,1.0,0.0,0.0,0.0,0.0
cc7d03a3a03a3325,0,clean,166,2,0,-0.1,False,0.0,0.9,0.6200000000000001,0.6200000000000001,0.0,0.0,0.0,0.0
cc7d03a3a03a3325,0,clean,167,1,1,-0.1,False,0.0,0.9,0.8,0.8,0.0,0.0,0.0,0.0
cc7d03a3a03a3325,0,clean,168,2,1,1.0,True,0.0,0.9,1.0,1.0,0.0,0.0,0.0,0.0
cc7d03a3a03a3325,0,clean,169,2,1,1.0,True,0.0,0.9,1.0,1.0,0.0,0.0,0.0,0.0
cc7d03a3a03a3325,0,clean,170,2,1,1.0,True,0.0,0.9,1.0,1.0,0.0,0.0,0.0,0.0
cc7d03a3a03a3325,0,clean,171,2,1,1.0,True,0.0,0.9,1.0,1.0,0.0,0.0,0.0,0.0
cc7d03a3a03a3325,0,clean,172,2,1,1.0,True,0.0,0.9,1.0,1.0,0.0,0.0,0.0,0.0
cc7d03a3a03a3325,0,clean,173,2,1,1.0,True,0.0,0.9,1.0,1.0,0.0,0.0,0.0,0.0
cc7d03a3a03a3325,0,clean,174,2,1,1.0,True,0.0,0.9,1.0,1.0,0.0,0.0,0.0,0.0
cc7d03a3a03a3325,0,clean,175,2,0,-0.1,False,0.0,0.9,0.6200000000000001,0.6200000000000001,0.0,0.0,0.0,0.0
cc7d03a3a03a3325,0,clean,176,1,1,-0.1,False,0.0,0.9,0.8,0.8,0.0,0.0,0.0,0.0
cc7d03a3a03a3325,0,clean,177,2,1,1.0,True,0.0,0.9,1.0,1.0,0.0,0.0,0.0,0.0
cc7d03a3a03a3325,0,clean,178,2,0,-0.1,False,0.0,0.9,0.6200000000000001,0.6200000000000001,0.0,0.0,0.0,0.0
cc7d03a3a03a3325,0,clean,179,1,1,-0.1,False,0.0,0.9,0.8,0.8,0.0,0.0,0.0,0.0
cc7d03a3a03a3325,0,clean,180,2,0,-0.1,False,0.0,0.9,0.6200000000000001,0.6200000000000001,0.0,0.0,0.0,0.0
cc7d03a3a03a3325,0,clean,181,1,1,-0.1,False,0.0,0.9,0.8,0.8,0.0,0.0,0.0,0.0
cc7d03a3a03a3325,0,clean,182,2,1,1.0,True,0.0,0.9,1.0,1.0,0.0,0.0,0.0,0.0
cc7d03a3a03a3325,0,clean,183,2,1,1.0,True,0.0,0.9,1.0,1.0,0.0,0.0,0.0,0.0
cc7d03a3a03a3325,0,clean,184,2,1,1.0,True,0.0,0.9,1.0,1.0,0.0,0.0,0.0,0.0
cc7d03a3a03a3325,0,clean,185,2,1,1.0,True,0.0,0.9,1.0,1.0,0.0,0.0,0.0,0.0
cc7d03a3a03a3325,0,clean,186,2,1,1.0,True,0.0,0.9,1.0,1.0,0.0,0.0,0.0,0.0
cc7d03a3a03a3325,0,clean,187,2,1,1.0,True,0.0,0.9,1.0,1.0,0.0,0.0,0.0,0.0
cc7d03a3a03a3325,0,clean,188,2,1,1.0,True,0.0,0.9,1.0,1.0,0.0,0.0,0.0,0.0
cc7d03a3a03a3325,0,clean,189,2,1,1.0,True,0.0,0.9,1.0,1.0,0.0,0.0,0.0,0.0
cc7d03a3a03a3325,0,clean,190,2,1,1.0,True,0.0,0.9,1.0,1.0,0.0,0.0,0.0,0.0
cc7d03a3a03a3325,0,clean,191,2,1,1.0,True,0.0,0.9,1.0,1.0,0.0,0.0,0.0,0.0
cc7d03a3a03a3325,0,clean,192,2,1,1.0,True,0.0,0.9,1.0,1.0,0.0,0.0,0.0,0.0
cc7d03a3a03a3325,0,clean,193,2,1,1.0,True,0.0,0.9,1.0,1.0,0.0,0.0,0.0,0.0
cc7d03a3a03a3325,0,clean,194,2,1,1.0,True,0.0,0.9,1.0,1.0,0.0,0.0,0.0,0.0
cc7d03a3a03a3325,0,clean,195,2,1,1.0,True,0.0,0.9,1.0,1.0,0.0,0.0,0.0,0.0
cc7d03a3a03a3325,0,clean,196,2,1,1.0,True,0.0,0.9,1.0,1.0,0.0,0.0,0.0,0.0
cc7d03a3a03a3325,0,clean,197,2,1,1.0,True,0.0,0.9,1.0,1.0,0.0,0.0,0.0,0.0
cc7d03a3a03a3325,0,clean,198,2,1,1.0,True,0.0,0.9,1.0,1.0,0.0,0.0,0.0,0.0
cc7d03a3a03a3325,0,clean,199,2,1,1.0,True,0.0,0.9,1.0,1.0,0.0,0.0,0.0,0.0
cc7d03a3a03a3325,0,clean,200,2,1,1.0,True,0.0,0.9,1.0,1.0,0.0,0.0,0.0,0.0
cc7d03a3a03a3325,0,clean,201,2,0,-0.1,False,0.0,0.9,0.6200000000000001,0.6200000000000001,0.0,0.0,0.0,0.0
cc7d03a3a03a3325,0,clean,202,1,1,-0.1,False,0.0,0.9,0.8,0.8,0.0,0.0,0.0,0.0
cc7d03a3a03a3325,0,clean,203,2,1,1.0,True,0.0,0.9,1.0,1.0,0.0,0.0,0.0,0.0
cc7d03a3a03a3325,0,clean,204,2,1,1.0,True,0.0,0.9,1.0,1.0,0.0,0.0,0.0,0.0
cc7d03a3a03a3325,0,clean,205,2,1,1.0,True,0.0,0.9,1.0,1.0,0.0,0.0,0.0,0.0
cc7d03a3a03a3325,0,clean,206,2,1,1.0,True,0.0,0.9,1.0,1.0,0.0,0.0,0.0,0.0
cc7d03a3a03a3325,0,clean,207,2,1,1.0,True,0.0,0.9,1.0,1.0,0.0,0.0,0.0,0.0
cc7d03a3a03a3325,0,clean,208,2,1,1.0,True,0.0,0.9,1.0,1.0,0.0,0.0,0.0,0.0
cc7d03a3a03a3325,0,clean,209,2,1,1.0,True,0.0,0.9,1.0,1.0,0.0,0.0,0.0,0.0
cc7d03a3a03a3325,0,clean,210,2,1,1.0,True,0.0,0.9,1.0,1.0,0.0,0.0,0.0,0.0
cc7d03a3a03a3325,0,clean,211,2,0,-0.1,False,0.0,0.9,0.6200000000000001,0.6200000000000001,0.0,0.0,0.0,0.0
cc7d03a3a03a3325,0,clean,212,1,1,-0.1,False,0.0,0.9,0.8,0.8,0.0,0.0,0.0,0.0
cc7d03a3a03a3325,0,clean,213,2,1,1.0,True,0.0,0.9,1.0,1.0,0.0,0.0,0.0,0.0
cc7d03a3a03a3325,0,clean,214,2,1,1.0,True,0.0,0.9,1.0,1.0,0.0,0.0,0.0,0.0
cc7d03a3a03a3325,0,clean,215,2,1,1.0,True,0.0,0.9,1.0,1.0,0.0,0.0,0.0,0.0
cc7d03a3a03a3325,0,clean,216,2,1,1.0,True,0.0,0.9,1.0,1.0,0.0,0.0,0.0,0.0
cc7d03a3a03a3325,0,clean,217,2,1,1.0,True,0.0,0.9,1.0,1.0,0.0,0.0,0.0,0.0
cc7d03a3a03a3325,0,clean,218,2,0,-0.1,False,0.0,0.9,0.6200000000000001,0.6200000000000001,0.0,0.0,0.0,0.0
cc7d03a3a03a3325,0,clean,219,1,1,-0.1,False,0.0,0.9,0.8,0.8,0.0,0.0,0.0,0.0
cc7d03a3a03a3325,0,clean,220,2,1,1.0,True,0.0,0.9,1.0,1.0,0.0,0.0,0.0,0.0
cc7d03a3a03a3325,0,clean,221,2,0,-0.1,False,0.0,0.9,0.6200000000000001,0.6200000000000001,0.0,0.0,0.0,0.0
cc7d03a3a03a3325,0,clean,222,1,1,-0.1,False,0.0,0.9,0.8,0.8,0.0,0.0,0.0,0.0
cc7d03a3a03a3325,0,clean,223,2,1,1.0,True,0.0,0.9,1.0,1.0,0.0,0.0,0.0,0.0
cc7d03a3a03a3325,0,clean,224,2,1,1.0,True,0.0,0.9,1.0,1.0,0.0,0.0,0.0,0.0
cc7d03a3a03a3325,0,clean,225,2,1,1.0,True,0.0,0.9,1.0,1.0,0.0,0.0,0.0,0.0
cc7d03a3a03a3325,0,clean,226,2,1,1.0,True,0.0,0.9,1.0,1.0,0.0,0.0,0.0,0.0
cc7d03a3a03a3325,0,clean,227,2,1,1.0,True,0.0,0.9,1.0,1.0,0.0,0.0,0.0,0.0
cc7d03a3a03a3325,0,clean,228,2,1,1.0,True,0.0,0.9,1.0,1.0,0.0,0.0,0.0,0.0
cc7d03a3a03a3325,0,clean,229,2,1,1.0,True,0.0,0.9,1.0,1.0,0.0,0.0,0.0,0.0
cc7d03a3a03a3325,0,clean,230,2,1,1.0,True,0.0,0.9,1.0,1.0,0.0,0.0,0.0,0.0
cc7d03a3a03a3325,0,clean,231,2,0,-0.1,False,0.0,0.9,0.6200000000000001,0.6200000000000001,0.0,0.0,0.0,0.0
cc7d03a3a03a3325,0,clean,232,1,0,-0.1,False,0.0,0.9,0.4580000000000002,0.4580000000000002,0.0,0.0,0.0,0.0
cc7d03a3a03a3325,0,clean,233,0,1,-0.1,False,0.0,0.9,0.6200000000000001,0.6200000000000001,0.0,0.0,0.0,0.0
cc7d03a3a03a3325,0,clean,234,1,1,-0.1,False,0.0,0.9,0.8,0.8,0.0,0.0,0.0,0.0
cc7d03a3a03a3325,0,clean,235,2,1,1.0,True,0.0,0.9,1.0,1.0,0.0,0.0,0.0,0.0
cc7d03a3a03a3325,0,clean,236,2,1,1.0,True,0.0,0.9,1.0,1.0,0.0,0.0,0.0,0.0
cc7d03a3a03a3325,0,clean,237,2,1,1.0,True,0.0,0.9,1.0,1.0,0.0,0.0,0.0,0.0
cc7d03a3a03a3325,0,clean,238,2,1,1.0,True,0.0,0.9,1.0,1.0,0.0,0.0,0.0,0.0
cc7d03a3a03a3325,0,clean,239,2,1,1.0,True,0.0,0.9,1.0,1.0,0.0,0.0,0.0,0.0
cc7d03a3a03a3325,0,clean,240,2,1,1.0,True,0.0,0.9,1.0,1.0,0.0,0.0,0.0,0.0
cc7d03a3a03a3325,0,clean,241,2,1,1.0,True,0.0,0.9,1.0,1.0,0.0,0.0,0.0,0.0
cc7d03a3a03a3325,0,clean,242,2,1,1.0,True,0.0,0.9,1.0,1.0,0.0,0.0,0.0,0.0
cc7d03a3a03a3325,0,clean,243,2,1,1.0,True,0.0,0.9,1.0,1.0,0.0,0.0,0.0,0.0
cc7d03a3a03a3325,0,clean,244,2,1,1.0,True,0.0,0.9,1.0,1.0,0.0,0.0,0.0,0.0
cc7d03a3a03a3325,0,clean,245,2,1,1.0,True,0.0,0.9,1.0,1.0,0.0,0.0,0.0,0.0
cc7d03a3a03a3325,0,clean,246,2,1,1.0,True,0.0,0.9,1.0,1.0,0.0,0.0,0.0,0.0
cc7d03a3a03a3325,0,clean,247,2,1,1.0,True,0.0,0.9,1.0,1.0,0.0,0.0,0.0,0.0
cc7d03a3a03a3325,0,clean,248,2,1,1.0,True,0.0,0.9,1.0,1.0,0.0,0.0,0.0,0.0
cc7d03a3a03a3325,0,clean,249,2,1,1.0,True,0.0,0.9,1.0,1.0,0.0,0.0,0.0,0.0
cc7d03a3a03a3325,0,clean,250,2,1,1.0,True,0.0,0.9,1.0,1.0,0.0,0.0,0.0,0.0
cc7d03a3a03a3325,0,clean,251,2,1,1.0,True,0.0,0.9,1.0,1.0,0.0,0.0,0.0,0.0
cc7d03a3a03a3325,0,clean,252,2,1,1.0,True,0.0,0.9,1.0,1.0,0.0,0.0,0.0,0.0
cc7d03a3a03a3325,0,clean,253,2,1,1.0,True,0.0,0.9,1.0,1.0,0.0,0.0,0.0,0.0
cc7d03a3a03a3325,0,clean,254,2,1,1.0,True,0.0,0.9,1.0,1.0,0.0,0.0,0.0,0.0
cc7d03a3a03a3325,0,clean,255,2,1,1.0,True,0.0,0.9,1.0,1.0,0.0,0.0,0.0,0.0
cc7d03a3a03a3325,0,clean,256,2,1,1.0,True,0.0,0.9,1.0,1.0,0.0,0.0,0.0,0.0
cc7d03a3a03a3325,0,clean,257,2,1,1.0,True,0.0,0.9,1.0,1.0,0.0,0.0,0.0,0.0
cc7d03a3a03a3325,0,clean,258,2,0,-0.1,False,0.0,0.9,0.6200000000000001,0.6200000000000001,0.0,0.0,0.0,0.0
cc7d03a3a03a3325,0,clean,259,1,1,-0.1,False,0.0,0.9,0.8,0.8,0.0,0.0,0.0,0.0
cc7d03a3a03a3325,0,clean,260,2,1,1.0,True,0.0,0.9,1.0,1.0,0.0,0.0,0.0,0.0
cc7d03a3a03a3325,0,clean,261,2,1,1.0,True,0.0,0.9,1.0,1.0,0.0,0.0,0.0,0.0
cc7d03a3a03a3325,0,clean,262,2,1,1.0,True,0.0,0.9,1.0,1.0,0.0,0.0,0.0,0.0
cc7d03a3a03a3325,0,clean,263,2,1,1.0,True,0.0,0.9,1.0,1.0,0.0,0.0,0.0,0.0
cc7d03a3a03a3325,0,clean,264,2,1,1.0,True,0.0,0.9,1.0,1.0,0.0,0.0,0.0,0.0
cc7d03a3a03a3325,0,clean,265,2,1,1.0,True,0.0,0.9,1.0,1.0,0.0,0.0,0.0,0.0
cc7d03a3a03a3325,0,clean,266,2,1,1.0,True,0.0,0.9,1.0,1.0,0.0,0.0,0.0,0.0
cc7d03a3a03a3325,0,clean,267,2,0,-0.1,False,0.0,0.9,0.6200000000000001,0.6200000000000001,0.0,0.0,0.0,0.0
cc7d03a3a03a3325,0,clean,268,1,1,-0.1,False,0.0,0.9,0.8,0.8,0.0,0.0,0.0,0.0
cc7d03a3a03a3325,0,clean,269,2,1,1.0,True,0.0,0.9,1.0,1.0,0.0,0.0,0.0,0.0
cc7d03a3a03a3325,0,clean,270,2,1,1.0,True,0.0,0.9,1.0,1.0,0.0,0.0,0.0,0.0
cc7d03a3a03a3325,0,clean,271,2,1,1.0,True,0.0,0.9,1.0,1.0,0.0,0.0,0.0,0.0
cc7d03a3a03a3325,0,clean,272,2,1,1.0,True,0.0,0.9,1.0,1.0,0.0,0.0,0.0,0.0
cc7d03a3a03a3325,0,clean,273,2,1,1.0,True,0.0,0.9,1.0,1.0,0.0,0.0,0.0,0.0
cc7d03a3a03a3325,0,clean,274,2,1,1.0,True,0.0,0.9,1.0,1.0,0.0,0.0,0.0,0.0
cc7d03a3a03a3325,0,clean,275,2,1,1.0,True,0.0,0.9,1.0,1.0,0.0,0.0,0.0,0.0
cc7d03a3a03a3325,0,clean,276,2,1,1.0,True,0.0,0.9,1.0,1.0,0.0,0.0,0.0,0.0
cc7d03a3a03a3325,0,clean,277,2,1,1.0,True,0.0,0.9,1.0,1.0,0.0,0.0,0.0,0.0
cc7d03a3a03a3325,0,clean,278,2,1,1.0,True,0.0,0.9,1.0,1.0,0.0,0.0,0.0,0.0
cc7d03a3a03a3325,0,clean,279,2,1,1.0,True,0.0,0.9,1.0,1.0,0.0,0.0,0.0,0.0
cc7d03a3a03a3325,0,clean,280,2,1,1.0,True,0.0,0.9,1.0,1.0,0.0,0.0,0.0,0.0
cc7d03a3a03a3325,0,clean,281,2,1,1.0,True,0.0,0.9,1.0,1.0,0.0,0.0,0.0,0.0
cc7d03a3a03a3325,0,clean,282,2,1,1.0,True,0.0,0.9,1.0,1.0,0.0,0.0,0.0,0.0
cc7d03a3a03a3325,0,clean,283,2,1,1.0,True,0.0,0.9,1.0,1.0,0.0,0.0,0.0,0.0
cc7d03a3a03a3325,0,clean,284,2,1,1.0,True,0.0,0.9,1.0,1.0,0.0,0.0,0.0,0.0
cc7d03a3a03a3325,0,clean,285,2,1,1.0,True,0.0,0.9,1.0,1.0,0.0,0.0,0.0,0.0
cc7d03a3a03a3325,0,clean,286,2,1,1.0,True,0.0,0.9,1.0,1.0,0.0,0.0,0.0,0.0
cc7d03a3a03a3325,0,clean,287,2,1,1.0,True,0.0,0.9,1.0,1.0,0.0,0.0,0.0,0.0
cc7d03a3a03a3325,0,clean,288,2,0,-0.1,False,0.0,0.9,0.6200000000000001,0.6200000000000001,0.0,0.0,0.0,0.0
cc7d03a3a03a3325,0,clean,289,1,1,-0.1,False,0.0,0.9,0.8,0.8,0.0,0.0,0.0,0.0
cc7d03a3a03a3325,0,clean,290,2,0,-0.1,False,0.0,0.9,0.6200000000000001,0.6200000000000001,0.0,0.0,0.0,0.0
cc7d03a3a03a3325,0,clean,291,1,1,-0.1,False,0.0,0.9,0.8,0.8,0.0,0.0,0.0,0.0
cc7d03a3a03a3325,0,clean,292,2,0,-0.1,False,0.0,0.9,0.6200000000000001,0.6200000000000001,0.0,0.0,0.0,0.0
cc7d03a3a03a3325,0,clean,293,1,1,-0.1,False,0.0,0.9,0.8,0.8,0.0,0.0,0.0,0.0
cc7d03a3a03a3325,0,clean,294,2,1,1.0,True,0.0,0.9,1.0,1.0,0.0,0.0,0.0,0.0
cc7d03a3a03a3325,0,clean,295,2,0,-0.1,False,0.0,0.9,0.6200000000000001,0.6200000000000001,0.0,0.0,0.0,0.0
cc7d03a3a03a3325,0,clean,296,1,1,-0.1,False,0.0,0.9,0.8,0.8,0.0,0.0,0.0,0.0
cc7d03a3a03a3325,0,clean,297,2,1,1.0,True,0.0,0.9,1.0,1.0,0.0,0.0,0.0,0.0
cc7d03a3a03a3325,0,clean,298,2,1,1.0,True,0.0,0.9,1.0,1.0,0.0,0.0,0.0,0.0
cc7d03a3a03a3325,0,clean,299,2,1,1.0,True,0.0,0.9,1.0,1.0,0.0,0.0,0.0,0.0
cc7d03a3a03a3325,0,clean,300,2,1,1.0,True,0.0,0.9,1.0,1.0,0.0,0.0,0.0,0.0
cc7d03a3a03a3325,0,clean,301,2,1,1.0,True,0.0,0.9,1.0,1.0,0.0,0.0,0.0,0.0
cc7d03a3a03a3325,0,clean,302,2,1,1.0,True,0.0,0.9,1.0,1.0,0.0,0.0,0.0,0.0
cc7d03a3a03a3325,0,clean,303,2,1,1.0,True,0.0,0.9,1.0,1.0,0.0,0.0,0.0,0.0
cc7d03a3a03a3325,0,clean,304,2,1,1.0,True,0.0,0.9,1.0,1.0,0.0,0.0,0.0,0.0
cc7d03a3a03a3325,0,clean,305,2,0,-0.1,False,0.0,0.9,0.6200000000000001,0.6200000000000001,0.0,0.0,0.0,0.0
cc7d03a3a03a3325,0,clean,306,1,1,-0.1,False,0.0,0.9,0.8,0.8,0.0,0.0,0.0,0.0
cc7d03a3a03a3325,0,clean,307,2,1,1.0,True,0.0,0.9,1.0,1.0,0.0,0.0,0.0,0.0
cc7d03a3a03a3325,0,clean,308,2,0,-0.1,False,0.0,0.9,0.6200000000000001,0.6200000000000001,0.0,0.0,0.0,0.0
cc7d03a3a03a3325,0,clean,309,1,1,-0.1,False,0.0,0.9,0.8,0.8,0.0,0.0,0.0,0.0
cc7d03a3a03a3325,0,clean,310,2,1,1.0,True,0.0,0.9,1.0,1.0,0.0,0.0,0.0,0.0
cc7d03a3a03a3325,0,clean,311,2,1,1.0,True,0.0,0.9,1.0,1.0,0.0,0.0,0.0,0.0
cc7d03a3a03a3325,0,clean,312,2,0,-0.1,False,0.0,0.9,0.6200000000000001,0.6200000000000001,0.0,0.0,0.0,0.0
cc7d03a3a03a3325,0,clean,313,1,1,-0.1,False,0.0,0.9,0.8,0.8,0.0,0.0,0.0,0.0
cc7d03a3a03a3325,0,clean,314,2,1,1.0,True,0.0,0.9,1.0,1.0,0.0,0.0,0.0,0.0
cc7d03a3a03a3325,0,clean,315,2,1,1.0,True,0.0,0.9,1.0,1.0,0.0,0.0,0.0,0.0
cc7d03a3a03a3325,0,clean,316,2,1,1.0,True,0.0,0.9,1.0,1.0,0.0,0.0,0.0,0.0
cc7d03a3a03a3325,0,clean,317,2,1,1.0,True,0.0,0.9,1.0,1.0,0.0,0.0,0.0,0.0
cc7d03a3a03a3325,0,clean,318,2,1,1.0,True,0.0,0.9,1.0,1.0,0.0,0.0,0.0,0.0
cc7d03a3a03a3325,0,clean,319,2,1,1.0,True,0.0,0.9,1.0,1.0,0.0,0.0,0.0,0.0
cc7d03a3a03a3325,0,clean,320,2,1,1.0,True,0.0,0.9,1.0,1.0,0.0,0.0,0.0,0.0
cc7d03a3a03a3325,0,clean,321,2,1,1.0,True,0.0,0.9,1.0,1.0,0.0,0.0,0.0,0.0
cc7d03a3a03a3325,0,clean,322,2,1,1.0,True,0.0,0.9,1.0,1.0,0.0,0.0,0.0,0.0
cc7d03a3a03a3325,0,clean,323,2,1,1.0,True,0.0,0.9,1.0,1.0,0.0,0.0,0.0,0.0
cc7d03a3a03a3325,0,clean,324,2,1,1.0,True,0.0,0.9,1.0,1.0,0.0,0.0,0.0,0.0
cc7d03a3a03a3325,0,clean,325,2,1,1.0,True,0.0,0.9,1.0,1.0,0.0,0.0,0.0,0.0
cc7d03a3a03a3325,0,clean,326,2,1,1.0,True,0.0,0.9,1.0,1.0,0.0,0.0,0.0,0.0
cc7d03a3a03a3325,0,clean,327,2,1,1.0,True,0.0,0.9,1.0,1.0,0.0,0.0,0.0,0.0
cc7d03a3a03a3325,0,clean,328,2,0,-0.1,False,0.0,0.9,0.6200000000000001,0.6200000000000001,0.0,0.0,0.0,0.0
cc7d03a3a03a3325,0,clean,329,1,1,-0.1,False,0.0,0.9,0.8,0.8,0.0,0.0,0.0,0.0
cc7d03a3a03a3325,0,clean,330,2,1,1.0,True,0.0,0.9,1.0,1.0,0.0,0.0,0.0,0.0
cc7d03a3a03a3325,0,clean,331,2,1,1.0,True,0.0,0.9,1.0,1.0,0.0,0.0,0.0,0.0
cc7d03a3a03a3325,0,clean,332,2,1,1.0,True,0.0,0.9,1.0,1.0,0.0,0.0,0.0,0.0
cc7d03a3a03a3325,0,clean,333,2,1,1.0,True,0.0,0.9,1.0,1.0,0.0,0.0,0.0,0.0
cc7d03a3a03a3325,0,clean,334,2,1,1.0,True,0.0,0.9,1.0,1.0,0.0,0.0,0.0,0.0
cc7d03a3a03a3325,0,clean,335,2,1,1.0,True,0.0,0.9,1.0,1.0,0.0,0.0,0.0,0.0
cc7d03a3a03a3325,0,clean,336,2,1,1.0,True,0.0,0.9,1.0,1.0,0.0,0.0,0.0,0.0
cc7d03a3a03a3325,0,clean,337,2,1,1.0,True,0.0,0.9,1.0,1.0,0.0,0.0,0.0,0.0
cc7d03a3a03a3325,0,clean,338,2,1,1.0,True,0.0,0.9,1.0,1.0,0.0,0.0,0.0,0.0
cc7d03a3a03a3325,0,clean,339,2,1,1.0,True,0.0,0.9,1.0,1.0,0.0,0.0,0.0,0.0
cc7d03a3a03a3325,0,clean,340,2,1,1.0,True,0.0,0.9,1.0,1.0,0.0,0.0,0.0,0.0
cc7d03a3a03a3325,0,clean,341,2,1,1.0,True,0.0,0.9,1.0,1.0,0.0,0.0,0.0,0.0
cc7d03a3a03a3325,0,clean,342,2,1,1.0,True,0.0,0.9,1.0,1.0,0.0,0.0,0.0,0.0
cc7d03a3a03a3325,0,clean,343,2,1,1.0,True,0.0,0.9,1.0,1.0,0.0,0.0,0.0,0.0
cc7d03a3a03a3325,0,clean,344,2,1,1.0,True,0.0,0.9,1.0,1.0,0.0,0.0,0.0,0.0
cc7d03a3a03a3325,0,clean,345,2,1,1.0,True,0.0,0.9,1.0,1.0,0.0,0.0,0.0,0.0
cc7d03a3a03a3325,0,clean,346,2,1,1.0,True,0.0,0.9,1.0,1.0,0.0,0.0,0.0,0.0
cc7d03a3a03a3325,0,clean,347,2,1,1.0,True,0.0,0.9,1.0,1.0,0.0,0.0,0.0,0.0
cc7d03a3a03a3325,0,clean,348,2,1,1.0,True,0.0,0.9,1.0,1.0,0.0,0.0,0.0,0.0
cc7d03a3a03a3325,0,clean,349,2,1,1.0,True,0.0,0.9,1.0,1.0,0.0,0.0,0.0,0.0
cc7d03a3a03a3325,0,clean,350,2,1,1.0,True,0.0,0.9,1.0,1.0,0.0,0.0,0.0,0.0
cc7d03a3a03a3325,0,clean,351,2,1,1.0,True,0.0,0.9,1.0,1.0,0.0,0.0,0.0,0.0
cc7d03a3a03a3325,0,clean,352,2,1,1.0,True,0.0,0.9,1.0,1.0,0.0,0.0,0.0,0.0
cc7d03a3a03a3325,0,clean,353,2,1,1.0,True,0.0,0.9,1.0,1.0,0.0,0.0,0.0,0.0
cc7d03a3a03a3325,0,clean,354,2,1,1.0,True,0.0,0.9,1.0,1.0,0.0,0.0,0.0,0.0
cc7d03a3a03a3325,0,clean,355,2,1,1.0,True,0.0,0.9,1.0,1.0,0.0,0.0,0.0,0.0
cc7d03a3a03a3325,0,clean,356,2,1,1.0,True,0.0,0.9,1.0,1.0,0.0,0.0,0.0,0.0
cc7d03a3a03a3325,0,clean,357,2,1,1.0,True,0.0,0.9,1.0,1.0,0.0,0.0,0.0,0.0
cc7d03a3a03a3325,0,clean,358,2,0,-0.1,False,0.0,0.9,0.6200000000000001,0.6200000000000001,0.0,0.0,0.0,0.0
cc7d03a3a03a3325,0,clean,359,1,1,-0.1,False,0.0,0.9,0.8,0.8,0.0,0.0,0.0,0.0
cc7d03a3a03a3325,0,clean,360,2,1,1.0,True,0.0,0.9,1.0,1.0,0.0,0.0,0.0,0.0
cc7d03a3a03a3325,0,clean,361,2,1,1.0,True,0.0,0.9,1.0,1.0,0.0,0.0,0.0,0.0
cc7d03a3a03a3325,0,clean,362,2,1,1.0,True,0.0,0.9,1.0,1.0,0.0,0.0,0.0,0.0
cc7d03a3a03a3325,0,clean,363,2,1,1.0,True,0.0,0.9,1.0,1.0,0.0,0.0,0.0,0.0
cc7d03a3a03a3325,0,clean,364,2,1,1.0,True,0.0,0.9,1.0,1.0,0.0,0.0,0.0,0.0
cc7d03a3a03a3325,0,clean,365,2,1,1.0,True,0.0,0.9,1.0,1.0,0.0,0.0,0.0,0.0
cc7d03a3a03a3325,0,clean,366,2,1,1.0,True,0.0,0.9,1.0,1.0,0.0,0.0,0.0,0.0
cc7d03a3a03a3325,0,clean,367,2,1,1.0,True,0.0,0.9,1.0,1.0,0.0,0.0,0.0,0.0
cc7d03a3a03a3325,0,clean,368,2,1,1.0,True,0.0,0.9,1.0,1.0,0.0,0.0,0.0,0.0
cc7d03a3a03a3325,0,clean,369,2,1,1.0,True,0.0,0.9,1.0,1.0,0.0,0.0,0.0,0.0
cc7d03a3a03a3325,0,clean,370,2,1,1.0,True,0.0,0.9,1.0,1.0,0.0,0.0,0.0,0.0
cc7d03a3a03a3325,0,clean,371,2,1,1.0,True,0.0,0.9,1.0,1.0,0.0,0.0,0.0,0.0
cc7d03a3a03a3325,0,clean,372,2,1,1.0,True,0.0,0.9,1.0,1.0,0.0,0.0,0.0,0.0
cc7d03a3a03a3325,0,clean,373,2,1,1.0,True,0.0,0.9,1.0,1.0,0.0,0.0,0.0,0.0
cc7d03a3a03a3325,0,clean,374,2,0,-0.1,False,0.0,0.9,0.6200000000000001,0.6200000000000001,0.0,0.0,0.0,0.0
cc7d03a3a03a3325,0,clean,375,1,1,-0.1,False,0.0,0.9,0.8,0.8,0.0,0.0,0.0,0.0
cc7d03a3a03a3325,0,clean,376,2,0,-0.1,False,0.0,0.9,0.6200000000000001,0.6200000000000001,0.0,0.0,0.0,0.0
cc7d03a3a03a3325,0,clean,377,1,0,-0.1,False,0.0,0.9,0.4580000000000002,0.4580000000000002,0.0,0.0,0.0,0.0
cc7d03a3a03a3325,0,clean,378,0,1,-0.1,False,0.0,0.9,0.6200000000000001,0.6200000000000001,0.0,0.0,0.0,0.0
cc7d03a3a03a3325,0,clean,379,1,1,-0.1,False,0.0,0.9,0.8,0.8,0.0,0.0,0.0,0.0
cc7d03a3a03a3325,0,clean,380,2,1,1.0,True,0.0,0.9,1.0,1.0,0.0,0.0,0.0,0.0
cc7d03a3a03a3325,0,clean,381,2,1,1.0,True,0.0,0.9,1.0,1.0,0.0,0.0,0.0,0.0
cc7d03a3a03a3325,0,clean,382,2,1,1.0,True,0.0,0.9,1.0,1.0,0.0,0.0,0.0,0.0
cc7d03a3a03a3325,0,clean,383,2,1,1.0,True,0.0,0.9,1.0,1.0,0.0,0.0,0.0,0.0
cc7d03a3a03a3325,0,clean,384,2,1,1.0,True,0.0,0.9,1.0,1.0,0.0,0.0,0.0,0.0
cc7d03a3a03a3325,0,clean,385,2,0,-0.1,False,0.0,0.9,0.6200000000000001,0.6200000000000001,0.0,0.0,0.0,0.0
cc7d03a3a03a3325,0,clean,386,1,1,-0.1,False,0.0,0.9,0.8,0.8,0.0,0.0,0.0,0.0
cc7d03a3a03a3325,0,clean,387,2,1,1.0,True,0.0,0.9,1.0,1.0,0.0,0.0,0.0,0.0
cc7d03a3a03a3325,0,clean,388,2,1,1.0,True,0.0,0.9,1.0,1.0,0.0,0.0,0.0,0.0
cc7d03a3a03a3325,0,clean,389,2,1,1.0,True,0.0,0.9,1.0,1.0,0.0,0.0,0.0,0.0
cc7d03a3a03a3325,0,clean,390,2,1,1.0,True,0.0,0.9,1.0,1.0,0.0,0.0,0.0,0.0
cc7d03a3a03a3325,0,clean,391,2,1,1.0,True,0.0,0.9,1.0,1.0,0.0,0.0,0.0,0.0
cc7d03a3a03a3325,0,clean,392,2,1,1.0,True,0.0,0.9,1.0,1.0,0.0,0.0,0.0,0.0
cc7d03a3a03a3325,0,clean,393,2,1,1.0,True,0.0,0.9,1.0,1.0,0.0,0.0,0.0,0.0
cc7d03a3a03a3325,0,clean,394,2,1,1.0,True,0.0,0.9,1.0,1.0,0.0,0.0,0.0,0.0
cc7d03a3a03a3325,0,clean,395,2,1,1.0,True,0.0,0.9,1.0,1.0,0.0,0.0,0.0,0.0
cc7d03a3a03a3325,0,clean,396,2,0,-0.1,False,0.0,0.9,0.6200000000000001,0.6200000000000001,0.0,0.0,0.0,0.0
cc7d03a3a03a3325,0,clean,397,1,1,-0.1,False,0.0,0.9,0.8,0.8,0.0,0.0,0.0,0.0
cc7d03a3a03a3325,0,clean,398,2,1,1.0,True,0.0,0.9,1.0,1.0,0.0,0.0,0.0,0.0
cc7d03a3a03a3325,0,clean,399,2,1,1.0,True,0.0,0.9,1.0,1.0,0.0,0.0,0.0,0.0
cc7d03a3a03a3325,0,clean,400,2,1,1.0,True,0.0,0.9,1.0,1.0,0.0,0.0,0.0,0.0
cc7d03a3a03a3325,0,clean,401,2,1,1.0,True,0.0,0.9,1.0,1.0,0.0,0.0,0.0,0.0
cc7d03a3a03a3325,0,clean,402,2,1,1.0,True,0.0,0.9,1.0,1.0,0.0,0.0,0.0,0.0
cc7d03a3a03a3325,0,clean,403,2,1,1.0,True,0.0,0.9,1.0,1.0,0.0,0.0,0.0,0.0
cc7d03a3a03a3325,0,clean,404,2,1,1.0,True,0.0,0.9,1.0,1.0,0.0,0.0,0.0,0.0
cc7d03a3a03a3325,0,clean,405,2,0,-0.1,False,0.0,0.9,0.6200000000000001,0.6200000000000001,0.0,0.0,0.0,0.0
cc7d03a3a03a3325,0,clean,406,1,1,-0.1,False,0.0,0.9,0.8,0.8,0.0,0.0,0.0,0.0
cc7d03a3a03a3325,0,clean,407,2,1,1.0,True,0.0,0.9,1.0,1.0,0.0,0.0,0.0,0.0
cc7d03a3a03a3325,0,clean,408,2,1,1.0,True,0.0,0.9,1.0,1.0,0.0,0.0,0.0,0.0
cc7d03a3a03a3325,0,clean,409,2,1,1.0,True,0.0,0.9,1.0,1.0,0.0,0.0,0.0,0.0
cc7d03a3a03a3325,0,clean,410,2,1,1.0,True,0.0,0.9,1.0,1.0,0.0,0.0,0.0,0.0
cc7d03a3a03a3325,0,clean,411,2,1,1.0,True,0.0,0.9,1.0,1.0,0.0,0.0,0.0,0.0
cc7d03a3a03a3325,0,clean,412,2,1,1.0,True,0.0,0.9,1.0,1.0,0.0,0.0,0.0,0.0
cc7d03a3a03a3325,0,clean,413,2,0,-0.1,False,0.0,0.9,0.6200000000000001,0.6200000000000001,0.0,0.0,0.0,0.0
cc7d03a3a03a3325,0,clean,414,1,1,-0.1,False,0.0,0.9,0.8,0.8,0.0,0.0,0.0,0.0
cc7d03a3a03a3325,0,clean,415,2,1,1.0,True,0.0,0.9,1.0,1.0,0.0,0.0,0.0,0.0
cc7d03a3a03a3325,0,clean,416,2,1,1.0,True,0.0,0.9,1.0,1.0,0.0,0.0,0.0,0.0
cc7d03a3a03a3325,0,clean,417,2,0,-0.1,False,0.0,0.9,0.6200000000000001,0.6200000000000001,0.0,0.0,0.0,0.0
cc7d03a3a03a3325,0,clean,418,1,1,-0.1,False,0.0,0.9,0.8,0.8,0.0,0.0,0.0,0.0
cc7d03a3a03a3325,0,clean,419,2,1,1.0,True,0.0,0.9,1.0,1.0,0.0,0.0,0.0,0.0
cc7d03a3a03a3325,0,clean,420,2,1,1.0,True,0.0,0.9,1.0,1.0,0.0,0.0,0.0,0.0
cc7d03a3a03a3325,0,clean,421,2,1,1.0,True,0.0,0.9,1.0,1.0,0.0,0.0,0.0,0.0
cc7d03a3a03a3325,0,clean,422,2,1,1.0,True,0.0,0.9,1.0,1.0,0.0,0.0,0.0,0.0
cc7d03a3a03a3325,0,clean,423,2,1,1.0,True,0.0,0.9,1.0,1.0,0.0,0.0,0.0,0.0
cc7d03a3a03a3325,0,clean,424,2,1,1.0,True,0.0,0.9,1.0,1.0,0.0,0.0,0.0,0.0
cc7d03a3a03a3325,0,clean,425,2,1,1.0,True,0.0,0.9,1.0,1.0,0.0,0.0,0.0,0.0
cc7d03a3a03a3325,0,clean,426,2,1,1.0,True,0.0,0.9,1.0,1.0,0.0,0.0,0.0,0.0
cc7d03a3a03a3325,0,clean,427,2,1,1.0,True,0.0,0.9,1.0,1.0,0.0,0.0,0.0,0.0
cc7d03a3a03a3325,0,clean,428,2,1,1.0,True,0.0,0.9,1.0,1.0,0.0,0.0,0.0,0.0
cc7d03a3a03a3325,0,clean,429,2,1,1.0,True,0.0,0.9,1.0,1.0,0.0,0.0,0.0,0.0
cc7d03a3a03a3325,0,clean,430,2,1,1.0,True,0.0,0.9,1.0,1.0,0.0,0.0,0.0,0.0
cc7d03a3a03a3325,0,clean,431,2,1,1.0,True,0.0,0.9,1.0,1.0,0.0,0.0,0.0,0.0
cc7d03a3a03a3325,0,clean,432,2,1,1.0,True,0.0,0.9,1.0,1.0,0.0,0.0,0.0,0.0
cc7d03a3a03a3325,0,clean,433,2,1,1.0,True,0.0,0.9,1.0,1.0,0.0,0.0,0.0,0.0
cc7d03a3a03a3325,0,clean,434,2,1,1.0,True,0.0,0.9,1.0,1.0,0.0,0.0,0.0,0.0
cc7d03a3a03a3325,0,clean,435,2,0,-0.1,False,0.0,0.9,0.6200000000000001,0.6200000000000001,0.0,0.0,0.0,0.0
cc7d03a3a03a3325,0,clean,436,1,0,-0.1,False,0.0,0.9,0.4580000000000002,0.4580000000000002,0.0,0.0,0.0,0.0
cc7d03a3a03a3325,0,clean,437,0,1,-0.1,False,0.0,0.9,0.6200000000000001,0.6200000000000001,0.0,0.0,0.0,0.0
cc7d03a3a03a3325,0,clean,438,1,0,-0.1,False,0.0,0.9,0.4580000000000002,0.4580000000000002,0.0,0.0,0.0,0.0
cc7d03a3a03a3325,0,clean,439,0,1,-0.1,False,0.0,0.9,0.6200000000000001,0.6200000000000001,0.0,0.0,0.0,0.0
cc7d03a3a03a3325,0,clean,440,1,1,-0.1,False,0.0,0.9,0.8,0.8,0.0,0.0,0.0,0.0
cc7d03a3a03a3325,0,clean,441,2,1,1.0,True,0.0,0.9,1.0,1.0,0.0,0.0,0.0,0.0
cc7d03a3a03a3325,0,clean,442,2,1,1.0,True,0.0,0.9,1.0,1.0,0.0,0.0,0.0,0.0
cc7d03a3a03a3325,0,clean,443,2,1,1.0,True,0.0,0.9,1.0,1.0,0.0,0.0,0.0,0.0
cc7d03a3a03a3325,0,clean,444,2,1,1.0,True,0.0,0.9,1.0,1.0,0.0,0.0,0.0,0.0
cc7d03a3a03a3325,0,clean,445,2,1,1.0,True,0.0,0.9,1.0,1.0,0.0,0.0,0.0,0.0
cc7d03a3a03a3325,0,clean,446,2,0,-0.1,False,0.0,0.9,0.6200000000000001,0.6200000000000001,0.0,0.0,0.0,0.0
cc7d03a3a03a3325,0,clean,447,1,0,-0.1,False,0.0,0.9,0.4580000000000002,0.4580000000000002,0.0,0.0,0.0,0.0
cc7d03a3a03a3325,0,clean,448,0,1,-0.1,False,0.0,0.9,0.6200000000000001,0.6200000000000001,0.0,0.0,0.0,0.0
cc7d03a3a03a3325,0,clean,449,1,1,-0.1,False,0.0,0.9,0.8,0.8,0.0,0.0,0.0,0.0
cc7d03a3a03a3325,0,clean,450,2,1,1.0,True,0.0,0.9,1.0,1.0,0.0,0.0,0.0,0.0
cc7d03a3a03a3325,0,clean,451,2,1,1.0,True,0.0,0.9,1.0,1.0,0.0,0.0,0.0,0.0
cc7d03a3a03a3325,0,clean,452,2,1,1.0,True,0.0,0.9,1.0,1.0,0.0,0.0,0.0,0.0
cc7d03a3a03a3325,0,clean,453,2,1,1.0,True,0.0,0.9,1.0,1.0,0.0,0.0,0.0,0.0
cc7d03a3a03a3325,0,clean,454,2,1,1.0,True,0.0,0.9,1.0,1.0,0.0,0.0,0.0,0.0
cc7d03a3a03a3325,0,clean,455,2,1,1.0,True,0.0,0.9,1.0,1.0,0.0,0.0,0.0,0.0
cc7d03a3a03a3325,0,clean,456,2,1,1.0,True,0.0,0.9,1.0,1.0,0.0,0.0,0.0,0.0
cc7d03a3a03a3325,0,clean,457,2,1,1.0,True,0.0,0.9,1.0,1.0,0.0,0.0,0.0,0.0
cc7d03a3a03a3325,0,clean,458,2,1,1.0,True,0.0,0.9,1.0,1.0,0.0,0.0,0.0,0.0
cc7d03a3a03a3325,0,clean,459,2,1,1.0,True,0.0,0.9,1.0,1.0,0.0,0.0,0.0,0.0
cc7d03a3a03a3325,0,clean,460,2,1,1.0,True,0.0,0.9,1.0,1.0,0.0,0.0,0.0,0.0
cc7d03a3a03a3325,0,clean,461,2,0,-0.1,False,0.0,0.9,0.6200000000000001,0.6200000000000001,0.0,0.0,0.0,0.0
cc7d03a3a03a3325,0,clean,462,1,1,-0.1,False,0.0,0.9,0.8,0.8,0.0,0.0,0.0,0.0
cc7d03a3a03a3325,0,clean,463,2,1,1.0,True,0.0,0.9,1.0,1.0,0.0,0.0,0.0,0.0
cc7d03a3a03a3325,0,clean,464,2,0,-0.1,False,0.0,0.9,0.6200000000000001,0.6200000000000001,0.0,0.0,0.0,0.0
cc7d03a3a03a3325,0,clean,465,1,1,-0.1,False,0.0,0.9,0.8,0.8,0.0,0.0,0.0,0.0
cc7d03a3a03a3325,0,clean,466,2,1,1.0,True,0.0,0.9,1.0,1.0,0.0,0.0,0.0,0.0
cc7d03a3a03a3325,0,clean,467,2,0,-0.1,False,0.0,0.9,0.6200000000000001,0.6200000000000001,0.0,0.0,0.0,0.0
cc7d03a3a03a3325,0,clean,468,1,1,-0.1,False,0.0,0.9,0.8,0.8,0.0,0.0,0.0,0.0
cc7d03a3a03a3325,0,clean,469,2,1,1.0,True,0.0,0.9,1.0,1.0,0.0,0.0,0.0,0.0
cc7d03a3a03a3325,0,clean,470,2,1,1.0,True,0.0,0.9,1.0,1.0,0.0,0.0,0.0,0.0
cc7d03a3a03a3325,0,clean,471,2,0,-0.1,False,0.0,0.9,0.6200000000000001,0.6200000000000001,0.0,0.0,0.0,0.0
cc7d03a3a03a3325,0,clean,472,1,1,-0.1,False,0.0,0.9,0.8,0.8,0.0,0.0,0.0,0.0
cc7d03a3a03a3325,0,clean,473,2,1,1.0,True,0.0,0.9,1.0,1.0,0.0,0.0,0.0,0.0
cc7d03a3a03a3325,0,clean,474,2,1,1.0,True,0.0,0.9,1.0,1.0,0.0,0.0,0.0,0.0
cc7d03a3a03a3325,0,clean,475,2,1,1.0,True,0.0,0.9,1.0,1.0,0.0,0.0,0.0,0.0
cc7d03a3a03a3325,0,clean,476,2,1,1.0,True,0.0,0.9,1.0,1.0,0.0,0.0,0.0,0.0
cc7d03a3a03a3325,0,clean,477,2,1,1.0,True,0.0,0.9,1.0,1.0,0.0,0.0,0.0,0.0
cc7d03a3a03a3325,0,clean,478,2,1,1.0,True,0.0,0.9,1.0,1.0,0.0,0.0,0.0,0.0
cc7d03a3a03a3325,0,clean,479,2,1,1.0,True,0.0,0.9,1.0,1.0,0.0,0.0,0.0,0.0
cc7d03a3a03a3325,0,clean,480,2,1,1.0,True,0.0,0.9,1.0,1.0,0.0,0.0,0.0,0.0
cc7d03a3a03a3325,0,clean,481,2,1,1.0,True,0.0,0.9,1.0,1.0,0.0,0.0,0.0,0.0
cc7d03a3a03a3325,0,clean,482,2,1,1.0,True,0.0,0.9,1.0,1.0,0.0,0.0,0.0,0.0
cc7d03a3a03a3325,0,clean,483,2,1,1.0,True,0.0,0.9,1.0,1.0,0.0,0.0,0.0,0.0
cc7d03a3a03a3325,0,clean,484,2,0,-0.1,False,0.0,0.9,0.6200000000000001,0.6200000000000001,0.0,0.0,0.0,0.0
cc7d03a3a03a3325,0,clean,485,1,1,-0.1,False,0.0,0.9,0.8,0.8,0.0,0.0,0.0,0.0
cc7d03a3a03a3325,0,clean,486,2,1,1.0,True,0.0,0.9,1.0,1.0,0.0,0.0,0.0,0.0
cc7d03a3a03a3325,0,clean,487,2,1,1.0,True,0.0,0.9,1.0,1.0,0.0,0.0,0.0,0.0
cc7d03a3a03a3325,0,clean,488,2,1,1.0,True,0.0,0.9,1.0,1.0,0.0,0.0,0.0,0.0
cc7d03a3a03a3325,0,clean,489,2,1,1.0,True,0.0,0.9,1.0,1.0,0.0,0.0,0.0,0.0
cc7d03a3a03a3325,0,clean,490,2,1,1.0,True,0.0,0.9,1.0,1.0,0.0,0.0,0.0,0.0
cc7d03a3a03a3325,0,clean,491,2,1,1.0,True,0.0,0.9,1.0,1.0,0.0,0.0,0.0,0.0
cc7d03a3a03a3325,0,clean,492,2,1,1.0,True,0.0,0.9,1.0,1.0,0.0,0.0,0.0,0.0
cc7d03a3a03a3325,0,clean,493,2,1,1.0,True,0.0,0.9,1.0,1.0,0.0,0.0,0.0,0.0
cc7d03a3a03a3325,0,clean,494,2,1,1.0,True,0.0,0.9,1.0,1.0,0.0,0.0,0.0,0.0
cc7d03a3a03a3325,0,clean,495,2,1,1.0,True,0.0,0.9,1.0,1.0,0.0,0.0,0.0,0.0
cc7d03a3a03a3325,0,clean,496,2,1,1.0,True,0.0,0.9,1.0,1.0,0.0,0.0,0.0,0.0
cc7d03a3a03a3325,0,clean,497,2,1,1.0,True,0.0,0.9,1.0,1.0,0.0,0.0,0.0,0.0
cc7d03a3a03a3325,0,clean,498,2,1,1.0,True,0.0,0.9,1.0,1.0,0.0,0.0,0.0,0.0
cc7d03a3a03a3325,0,clean,499,2,1,1.0,True,0.0,0.9,1.0,1.0,0.0,0.0,0.0,0.0
cc7d03a3a03a3325,0,clean,500,2,1,1.0,True,0.0,0.9,1.0,1.0,0.0,0.0,0.0,0.0
cc7d03a3a03a3325,0,clean,501,2,1,1.0,True,0.0,0.9,1.0,1.0,0.0,0.0,0.0,0.0
cc7d03a3a03a3325,0,clean,502,2,0,-0.1,False,0.0,0.9,0.6200000000000001,0.6200000000000001,0.0,0.0,0.0,0.0
cc7d03a3a03a3325,0,clean,503,1,1,-0.1,False,0.0,0.9,0.8,0.8,0.0,0.0,0.0,0.0
cc7d03a3a03a3325,0,clean,504,2,1,1.0,True,0.0,0.9,1.0,1.0,0.0,0.0,0.0,0.0
cc7d03a3a03a3325,0,clean,505,2,1,1.0,True,0.0,0.9,1.0,1.0,0.0,0.0,0.0,0.0
cc7d03a3a03a3325,0,clean,506,2,1,1.0,True,0.0,0.9,1.0,1.0,0.0,0.0,0.0,0.0
cc7d03a3a03a3325,0,clean,507,2,1,1.0,True,0.0,0.9,1.0,1.0,0.0,0.0,0.0,0.0
cc7d03a3a03a3325,0,clean,508,2,1,1.0,True,0.0,0.9,1.0,1.0,0.0,0.0,0.0,0.0
cc7d03a3a03a3325,0,clean,509,2,1,1.0,True,0.0,0.9,1.0,1.0,0.0,0.0,0.0,0.0
cc7d03a3a03a3325,0,clean,510,2,1,1.0,True,0.0,0.9,1.0,1.0,0.0,0.0,0.0,0.0
cc7d03a3a03a3325,0,clean,511,2,1,1.0,True,0.0,0.9,1.0,1.0,0.0,0.0,0.0,0.0
cc7d03a3a03a3325,0,clean,512,2,1,1.0,True,0.0,0.9,1.0,1.0,0.0,0.0,0.0,0.0
cc7d03a3a03a3325,0,clean,513,2,1,1.0,True,0.0,0.9,1.0,1.0,0.0,0.0,0.0,0.0
cc7d03a3a03a3325,0,clean,514,2,0,-0.1,False,0.0,0.9,0.6200000000000001,0.6200000000000001,0.0,0.0,0.0,0.0
cc7d03a3a03a3325,0,clean,515,1,0,-0.1,False,0.0,0.9,0.4580000000000002,0.4580000000000002,0.0,0.0,0.0,0.0
cc7d03a3a03a3325,0,clean,516,0,0,-0.1,False,0.0,0.9,0.4580000000000002,0.4580000000000002,0.0,0.0,0.0,0.0
cc7d03a3a03a3325,0,clean,517,0,1,-0.1,False,0.0,0.9,0.6200000000000001,0.6200000000000001,0.0,0.0,0.0,0.0
cc7d03a3a03a3325,0,clean,518,1,1,-0.1,False,0.0,0.9,0.8,0.8,0.0,0.0,0.0,0.0
cc7d03a3a03a3325,0,clean,519,2,0,-0.1,False,0.0,0.9,0.6200000000000001,0.6200000000000001,0.0,0.0,0.0,0.0
cc7d03a3a03a3325,0,clean,520,1,1,-0.1,False,0.0,0.9,0.8,0.8,0.0,0.0,0.0,0.0
cc7d03a3a03a3325,0,clean,521,2,1,1.0,True,0.0,0.9,1.0,1.0,0.0,0.0,0.0,0.0
cc7d03a3a03a3325,0,clean,522,2,1,1.0,True,0.0,0.9,1.0,1.0,0.0,0.0,0.0,0.0
cc7d03a3a03a3325,0,clean,523,2,0,-0.1,False,0.0,0.9,0.6200000000000001,0.6200000000000001,0.0,0.0,0.0,0.0
cc7d03a3a03a3325,0,clean,524,1,1,-0.1,False,0.0,0.9,0.8,0.8,0.0,0.0,0.0,0.0
cc7d03a3a03a3325,0,clean,525,2,0,-0.1,False,0.0,0.9,0.6200000000000001,0.6200000000000001,0.0,0.0,0.0,0.0
cc7d03a3a03a3325,0,clean,526,1,1,-0.1,False,0.0,0.9,0.8,0.8,0.0,0.0,0.0,0.0
cc7d03a3a03a3325,0,clean,527,2,1,1.0,True,0.0,0.9,1.0,1.0,0.0,0.0,0.0,0.0
cc7d03a3a03a3325,0,clean,528,2,1,1.0,True,0.0,0.9,1.0,1.0,0.0,0.0,0.0,0.0
cc7d03a3a03a3325,0,clean,529,2,1,1.0,True,0.0,0.9,1.0,1.0,0.0,0.0,0.0,0.0
cc7d03a3a03a3325,0,clean,530,2,0,-0.1,False,0.0,0.9,0.6200000000000001,0.6200000000000001,0.0,0.0,0.0,0.0
cc7d03a3a03a3325,0,clean,531,1,1,-0.1,False,0.0,0.9,0.8,0.8,0.0,0.0,0.0,0.0
cc7d03a3a03a3325,0,clean,532,2,1,1.0,True,0.0,0.9,1.0,1.0,0.0,0.0,0.0,0.0
cc7d03a3a03a3325,0,clean,533,2,1,1.0,True,0.0,0.9,1.0,1.0,0.0,0.0,0.0,0.0
cc7d03a3a03a3325,0,clean,534,2,1,1.0,True,0.0,0.9,1.0,1.0,0.0,0.0,0.0,0.0
cc7d03a3a03a3325,0,clean,535,2,1,1.0,True,0.0,0.9,1.0,1.0,0.0,0.0,0.0,0.0
cc7d03a3a03a3325,0,clean,536,2,0,-0.1,False,0.0,0.9,0.6200000000000001,0.6200000000000001,0.0,0.0,0.0,0.0
cc7d03a3a03a3325,0,clean,537,1,1,-0.1,False,0.0,0.9,0.8,0.8,0.0,0.0,0.0,0.0
cc7d03a3a03a3325,0,clean,538,2,1,1.0,True,0.0,0.9,1.0,1.0,0.0,0.0,0.0,0.0
cc7d03a3a03a3325,0,clean,539,2,0,-0.1,False,0.0,0.9,0.6200000000000001,0.6200000000000001,0.0,0.0,0.0,0.0
cc7d03a3a03a3325,0,clean,540,1,1,-0.1,False,0.0,0.9,0.8,0.8,0.0,0.0,0.0,0.0
cc7d03a3a03a3325,0,clean,541,2,1,1.0,True,0.0,0.9,1.0,1.0,0.0,0.0,0.0,0.0
cc7d03a3a03a3325,0,clean,542,2,1,1.0,True,0.0,0.9,1.0,1.0,0.0,0.0,0.0,0.0
cc7d03a3a03a3325,0,clean,543,2,1,1.0,True,0.0,0.9,1.0,1.0,0.0,0.0,0.0,0.0
cc7d03a3a03a3325,0,clean,544,2,0,-0.1,False,0.0,0.9,0.6200000000000001,0.6200000000000001,0.0,0.0,0.0,0.0
cc7d03a3a03a3325,0,clean,545,1,1,-0.1,False,0.0,0.9,0.8,0.8,0.0,0.0,0.0,0.0
cc7d03a3a03a3325,0,clean,546,2,1,1.0,True,0.0,0.9,1.0,1.0,0.0,0.0,0.0,0.0
cc7d03a3a03a3325,0,clean,547,2,1,1.0,True,0.0,0.9,1.0,1.0,0.0,0.0,0.0,0.0
cc7d03a3a03a3325,0,clean,548,2,1,1.0,True,0.0,0.9,1.0,1.0,0.0,0.0,0.0,0.0
cc7d03a3a03a3325,0,clean,549,2,1,1.0,True,0.0,0.9,1.0,1.0,0.0,0.0,0.0,0.0
cc7d03a3a03a3325,0,clean,550,2,1,1.0,True,0.0,0.9,1.0,1.0,0.0,0.0,0.0,0.0
cc7d03a3a03a3325,0,clean,551,2,1,1.0,True,0.0,0.9,1.0,1.0,0.0,0.0,0.0,0.0
cc7d03a3a03a3325,0,clean,552,2,1,1.0,True,0.0,0.9,1.0,1.0,0.0,0.0,0.0,0.0
cc7d03a3a03a3325,0,clean,553,2,1,1.0,True,0.0,0.9,1.0,1.0,0.0,0.0,0.0,0.0
cc7d03a3a03a3325,0,clean,554,2,1,1.0,True,0.0,0.9,1.0,1.0,0.0,0.0,0.0,0.0
cc7d03a3a03a3325,0,clean,555,2,0,-0.1,False,0.0,0.9,0.6200000000000001,0.6200000000000001,0.0,0.0,0.0,0.0
cc7d03a3a03a3325,0,clean,556,1,0,-0.1,False,0.0,0.9,0.4580000000000002,0.4580000000000002,0.0,0.0,0.0,0.0
cc7d03a3a03a3325,0,clean,557,0,1,-0.1,False,0.0,0.9,0.6200000000000001,0.6200000000000001,0.0,0.0,0.0,0.0
cc7d03a3a03a3325,0,clean,558,1,1,-0.1,False,0.0,0.9,0.8,0.8,0.0,0.0,0.0,0.0
cc7d03a3a03a3325,0,clean,559,2,1,1.0,True,0.0,0.9,1.0,1.0,0.0,0.0,0.0,0.0
cc7d03a3a03a3325,0,clean,560,2,1,1.0,True,0.0,0.9,1.0,1.0,0.0,0.0,0.0,0.0
cc7d03a3a03a3325,0,clean,561,2,1,1.0,True,0.0,0.9,1.0,1.0,0.0,0.0,0.0,0.0
cc7d03a3a03a3325,0,clean,562,2,1,1.0,True,0.0,0.9,1.0,1.0,0.0,0.0,0.0,0.0
cc7d03a3a03a3325,0,clean,563,2,0,-0.1,False,0.0,0.9,0.6200000000000001,0.6200000000000001,0.0,0.0,0.0,0.0
cc7d03a3a03a3325,0,clean,564,1,1,-0.1,False,0.0,0.9,0.8,0.8,0.0,0.0,0.0,0.0
cc7d03a3a03a3325,0,clean,565,2,1,1.0,True,0.0,0.9,1.0,1.0,0.0,0.0,0.0,0.0
cc7d03a3a03a3325,0,clean,566,2,1,1.0,True,0.0,0.9,1.0,1.0,0.0,0.0,0.0,0.0
cc7d03a3a03a3325,0,clean,567,2,1,1.0,True,0.0,0.9,1.0,1.0,0.0,0.0,0.0,0.0
cc7d03a3a03a3325,0,clean,568,2,0,-0.1,False,0.0,0.9,0.6200000000000001,0.6200000000000001,0.0,0.0,0.0,0.0
cc7d03a3a03a3325,0,clean,569,1,1,-0.1,False,0.0,0.9,0.8,0.8,0.0,0.0,0.0,0.0
cc7d03a3a03a3325,0,clean,570,2,1,1.0,True,0.0,0.9,1.0,1.0,0.0,0.0,0.0,0.0
cc7d03a3a03a3325,0,clean,571,2,1,1.0,True,0.0,0.9,1.0,1.0,0.0,0.0,0.0,0.0
cc7d03a3a03a3325,0,clean,572,2,1,1.0,True,0.0,0.9,1.0,1.0,0.0,0.0,0.0,0.0
cc7d03a3a03a3325,0,clean,573,2,0,-0.1,False,0.0,0.9,0.6200000000000001,0.6200000000000001,0.0,0.0,0.0,0.0
cc7d03a3a03a3325,0,clean,574,1,1,-0.1,False,0.0,0.9,0.8,0.8,0.0,0.0,0.0,0.0
cc7d03a3a03a3325,0,clean,575,2,1,1.0,True,0.0,0.9,1.0,1.0,0.0,0.0,0.0,0.0
cc7d03a3a03a3325,0,clean,576,2,1,1.0,True,0.0,0.9,1.0,1.0,0.0,0.0,0.0,0.0
cc7d03a3a03a3325,0,clean,577,2,1,1.0,True,0.0,0.9,1.0,1.0,0.0,0.0,0.0,0.0
cc7d03a3a03a3325,0,clean,578,2,0,-0.1,False,0.0,0.9,0.6200000000000001,0.6200000000000001,0.0,0.0,0.0,0.0
cc7d03a3a03a3325,0,clean,579,1,0,-0.1,False,0.0,0.9,0.4580000000000002,0.4580000000000002,0.0,0.0,0.0,0.0
cc7d03a3a03a3325,0,clean,580,0,1,-0.1,False,0.0,0.9,0.6200000000000001,0.6200000000000001,0.0,0.0,0.0,0.0
cc7d03a3a03a3325,0,clean,581,1,1,-0.1,False,0.0,0.9,0.8,0.8,0.0,0.0,0.0,0.0
cc7d03a3a03a3325,0,clean,582,2,1,1.0,True,0.0,0.9,1.0,1.0,0.0,0.0,0.0,0.0
cc7d03a3a03a3325,0,clean,583,2,1,1.0,True,0.0,0.9,1.0,1.0,0.0,0.0,0.0,0.0
cc7d03a3a03a3325,0,clean,584,2,1,1.0,True,0.0,0.9,1.0,1.0,0.0,0.0,0.0,0.0
cc7d03a3a03a3325,0,clean,585,2,1,1.0,True,0.0,0.9,1.0,1.0,0.0,0.0,0.0,0.0
cc7d03a3a03a3325,0,clean,586,2,1,1.0,True,0.0,0.9,1.0,1.0,0.0,0.0,0.0,0.0
cc7d03a3a03a3325,0,clean,587,2,1,1.0,True,0.0,0.9,1.0,1.0,0.0,0.0,0.0,0.0
cc7d03a3a03a3325,0,clean,588,2,0,-0.1,False,0.0,0.9,0.6200000000000001,0.6200000000000001,0.0,0.0,0.0,0.0
cc7d03a3a03a3325,0,clean,589,1,1,-0.1,False,0.0,0.9,0.8,0.8,0.0,0.0,0.0,0.0
cc7d03a3a03a3325,0,clean,590,2,1,1.0,True,0.0,0.9,1.0,1.0,0.0,0.0,0.0,0.0
cc7d03a3a03a3325,0,clean,591,2,0,-0.1,False,0.0,0.9,0.6200000000000001,0.6200000000000001,0.0,0.0,0.0,0.0
cc7d03a3a03a3325,0,clean,592,1,0,-0.1,False,0.0,0.9,0.4580000000000002,0.4580000000000002,0.0,0.0,0.0,0.0
cc7d03a3a03a3325,0,clean,593,0,1,-0.1,False,0.0,0.9,0.6200000000000001,0.6200000000000001,0.0,0.0,0.0,0.0
cc7d03a3a03a3325,0,clean,594,1,1,-0.1,False,0.0,0.9,0.8,0.8,0.0,0.0,0.0,0.0
cc7d03a3a03a3325,0,clean,595,2,1,1.0,True,0.0,0.9,1.0,1.0,0.0,0.0,0.0,0.0
cc7d03a3a03a3325,0,clean,596,2,1,1.0,True,0.0,0.9,1.0,1.0,0.0,0.0,0.0,0.0
cc7d03a3a03a3325,0,clean,597,2,1,1.0,True,0.0,0.9,1.0,1.0,0.0,0.0,0.0,0.0
cc7d03a3a03a3325,0,clean,598,2,1,1.0,True,0.0,0.9,1.0,1.0,0.0,0.0,0.0,0.0
cc7d03a3a03a3325,0,clean,599,2,0,-0.1,False,0.0,0.9,0.6200000000000001,0.6200000000000001,0.0,0.0,0.0,0.0
cc7d03a3a03a3325,0,clean,600,1,1,-0.1,False,0.0,0.9,0.8,0.8,0.0,0.0,0.0,0.0
cc7d03a3a03a3325,0,clean,601,2,1,1.0,True,0.0,0.9,1.0,1.0,0.0,0.0,0.0,0.0
cc7d03a3a03a3325,0,clean,602,2,1,1.0,True,0.0,0.9,1.0,1.0,0.0,0.0,0.0,0.0
cc7d03a3a03a3325,0,clean,603,2,1,1.0,True,0.0,0.9,1.0,1.0,0.0,0.0,0.0,0.0
cc7d03a3a03a3325,0,clean,604,2,0,-0.1,False,0.0,0.9,0.6200000000000001,0.6200000000000001,0.0,0.0,0.0,0.0
cc7d03a3a03a3325,0,clean,605,1,1,-0.1,False,0.0,0.9,0.8,0.8,0.0,0.0,0.0,0.0
cc7d03a3a03a3325,0,clean,606,2,1,1.0,True,0.0,0.9,1.0,1.0,0.0,0.0,0.0,0.0
cc7d03a3a03a3325,0,clean,607,2,1,1.0,True,0.0,0.9,1.0,1.0,0.0,0.0,0.0,0.0
cc7d03a3a03a3325,0,clean,608,2,1,1.0,True,0.0,0.9,1.0,1.0,0.0,0.0,0.0,0.0
cc7d03a3a03a3325,0,clean,609,2,1,1.0,True,0.0,0.9,1.0,1.0,0.0,0.0,0.0,0.0
cc7d03a3a03a3325,0,clean,610,2,1,1.0,True,0.0,0.9,1.0,1.0,0.0,0.0,0.0,0.0
cc7d03a3a03a3325,0,clean,611,2,1,1.0,True,0.0,0.9,1.0,1.0,0.0,0.0,0.0,0.0
cc7d03a3a03a3325,0,clean,612,2,1,1.0,True,0.0,0.9,1.0,1.0,0.0,0.0,0.0,0.0
cc7d03a3a03a3325,0,clean,613,2,1,1.0,True,0.0,0.9,1.0,1.0,0.0,0.0,0.0,0.0
cc7d03a3a03a3325,0,clean,614,2,1,1.0,True,0.0,0.9,1.0,1.0,0.0,0.0,0.0,0.0
cc7d03a3a03a3325,0,clean,615,2,1,1.0,True,0.0,0.9,1.0,1.0,0.0,0.0,0.0,0.0
cc7d03a3a03a3325,0,clean,616,2,1,1.0,True,0.0,0.9,1.0,1.0,0.0,0.0,0.0,0.0
cc7d03a3a03a3325,0,clean,617,2,1,1.0,True,0.0,0.9,1.0,1.0,0.0,0.0,0.0,0.0
cc7d03a3a03a3325,0,clean,618,2,1,1.0,True,0.0,0.9,1.0,1.0,0.0,0.0,0.0,0.0
cc7d03a3a03a3325,0,clean,619,2,1,1.0,True,0.0,0.9,1.0,1.0,0.0,0.0,0.0,0.0
cc7d03a3a03a3325,0,clean,620,2,1,1.0,True,0.0,0.9,1.0,1.0,0.0,0.0,0.0,0.0
cc7d03a3a03a3325,0,clean,621,2,1,1.0,True,0.0,0.9,1.0,1.0,0.0,0.0,0.0,0.0
cc7d03a3a03a3325,0,clean,622,2,1,1.0,True,0.0,0.9,1.0,1.0,0.0,0.0,0.0,0.0
cc7d03a3a03a3325,0,clean,623,2,0,-0.1,False,0.0,0.9,0.6200000000000001,0.6200000000000001,0.0,0.0,0.0,0.0
cc7d03a3a03a3325,0,clean,624,1,1,-0.1,False,0.0,0.9,0.8,0.8,0.0,0.0,0.0,0.0
cc7d03a3a03a3325,0,clean,625,2,1,1.0,True,0.0,0.9,1.0,1.0,0.0,0.0,0.0,0.0
cc7d03a3a03a3325,0,clean,626,2,1,1.0,True,0.0,0.9,1.0,1.0,0.0,0.0,0.0,0.0
cc7d03a3a03a3325,0,clean,627,2,1,1.0,True,0.0,0.9,1.0,1.0,0.0,0.0,0.0,0.0
cc7d03a3a03a3325,0,clean,628,2,1,1.0,True,0.0,0.9,1.0,1.0,0.0,0.0,0.0,0.0
cc7d03a3a03a3325,0,clean,629,2,0,-0.1,False,0.0,0.9,0.6200000000000001,0.6200000000000001,0.0,0.0,0.0,0.0
cc7d03a3a03a3325,0,clean,630,1,1,-0.1,False,0.0,0.9,0.8,0.8,0.0,0.0,0.0,0.0
cc7d03a3a03a3325,0,clean,631,2,1,1.0,True,0.0,0.9,1.0,1.0,0.0,0.0,0.0,0.0
cc7d03a3a03a3325,0,clean,632,2,1,1.0,True,0.0,0.9,1.0,1.0,0.0,0.0,0.0,0.0
cc7d03a3a03a3325,0,clean,633,2,1,1.0,True,0.0,0.9,1.0,1.0,0.0,0.0,0.0,0.0
cc7d03a3a03a3325,0,clean,634,2,1,1.0,True,0.0,0.9,1.0,1.0,0.0,0.0,0.0,0.0
cc7d03a3a03a3325,0,clean,635,2,1,1.0,True,0.0,0.9,1.0,1.0,0.0,0.0,0.0,0.0
cc7d03a3a03a3325,0,clean,636,2,1,1.0,True,0.0,0.9,1.0,1.0,0.0,0.0,0.0,0.0
cc7d03a3a03a3325,0,clean,637,2,1,1.0,True,0.0,0.9,1.0,1.0,0.0,0.0,0.0,0.0
cc7d03a3a03a3325,0,clean,638,2,1,1.0,True,0.0,0.9,1.0,1.0,0.0,0.0,0.0,0.0
cc7d03a3a03a3325,0,clean,639,2,1,1.0,True,0.0,0.9,1.0,1.0,0.0,0.0,0.0,0.0
cc7d03a3a03a3325,0,clean,640,2,0,-0.1,False,0.0,0.9,0.6200000000000001,0.6200000000000001,0.0,0.0,0.0,0.0
cc7d03a3a03a3325,0,clean,641,1,1,-0.1,False,0.0,0.9,0.8,0.8,0.0,0.0,0.0,0.0
cc7d03a3a03a3325,0,clean,642,2,0,-0.1,False,0.0,0.9,0.6200000000000001,0.6200000000000001,0.0,0.0,0.0,0.0
cc7d03a3a03a3325,0,clean,643,1,1,-0.1,False,0.0,0.9,0.8,0.8,0.0,0.0,0.0,0.0
cc7d03a3a03a3325,0,clean,644,2,1,1.0,True,0.0,0.9,1.0,1.0,0.0,0.0,0.0,0.0
cc7d03a3a03a3325,0,clean,645,2,1,1.0,True,0.0,0.9,1.0,1.0,0.0,0.0,0.0,0.0
cc7d03a3a03a3325,0,clean,646,2,1,1.0,True,0.0,0.9,1.0,1.0,0.0,0.0,0.0,0.0
cc7d03a3a03a3325,0,clean,647,2,0,-0.1,False,0.0,0.9,0.6200000000000001,0.6200000000000001,0.0,0.0,0.0,0.0
cc7d03a3a03a3325,0,clean,648,1,1,-0.1,False,0.0,0.9,0.8,0.8,0.0,0.0,0.0,0.0
cc7d03a3a03a3325,0,clean,649,2,1,1.0,True,0.0,0.9,1.0,1.0,0.0,0.0,0.0,0.0
cc7d03a3a03a3325,0,clean,650,2,1,1.0,True,0.0,0.9,1.0,1.0,0.0,0.0,0.0,0.0
cc7d03a3a03a3325,0,clean,651,2,1,1.0,True,0.0,0.9,1.0,1.0,0.0,0.0,0.0,0.0
cc7d03a3a03a3325,0,clean,652,2,1,1.0,True,0.0,0.9,1.0,1.0,0.0,0.0,0.0,0.0
cc7d03a3a03a3325,0,clean,653,2,0,-0.1,False,0.0,0.9,0.6200000000000001,0.6200000000000001,0.0,0.0,0.0,0.0
cc7d03a3a03a3325,0,clean,654,1,1,-0.1,False,0.0,0.9,0.8,0.8,0.0,0.0,0.0,0.0
cc7d03a3a03a3325,0,clean,655,2,1,1.0,True,0.0,0.9,1.0,1.0,0.0,0.0,0.0,0.0
cc7d03a3a03a3325,0,clean,656,2,1,1.0,True,0.0,0.9,1.0,1.0,0.0,0.0,0.0,0.0
cc7d03a3a03a3325,0,clean,657,2,1,1.0,True,0.0,0.9,1.0,1.0,0.0,0.0,0.0,0.0
cc7d03a3a03a3325,0,clean,658,2,1,1.0,True,0.0,0.9,1.0,1.0,0.0,0.0,0.0,0.0
cc7d03a3a03a3325,0,clean,659,2,1,1.0,True,0.0,0.9,1.0,1.0,0.0,0.0,0.0,0.0
cc7d03a3a03a3325,0,clean,660,2,0,-0.1,False,0.0,0.9,0.6200000000000001,0.6200000000000001,0.0,0.0,0.0,0.0
cc7d03a3a03a3325,0,clean,661,1,1,-0.1,False,0.0,0.9,0.8,0.8,0.0,0.0,0.0,0.0
cc7d03a3a03a3325,0,clean,662,2,1,1.0,True,0.0,0.9,1.0,1.0,0.0,0.0,0.0,0.0
cc7d03a3a03a3325,0,clean,663,2,1,1.0,True,0.0,0.9,1.0,1.0,0.0,0.0,0.0,0.0
cc7d03a3a03a3325,0,clean,664,2,1,1.0,True,0.0,0.9,1.0,1.0,0.0,0.0,0.0,0.0
cc7d03a3a03a3325,0,clean,665,2,0,-0.1,False,0.0,0.9,0.6200000000000001,0.6200000000000001,0.0,0.0,0.0,0.0
cc7d03a3a03a3325,0,clean,666,1,1,-0.1,False,0.0,0.9,0.8,0.8,0.0,0.0,0.0,0.0
cc7d03a3a03a3325,0,clean,667,2,1,1.0,True,0.0,0.9,1.0,1.0,0.0,0.0,0.0,0.0
cc7d03a3a03a3325,0,clean,668,2,1,1.0,True,0.0,0.9,1.0,1.0,0.0,0.0,0.0,0.0
cc7d03a3a03a3325,0,clean,669,2,0,-0.1,False,0.0,0.9,0.6200000000000001,0.6200000000000001,0.0,0.0,0.0,0.0
cc7d03a3a03a3325,0,clean,670,1,1,-0.1,False,0.0,0.9,0.8,0.8,0.0,0.0,0.0,0.0
cc7d03a3a03a3325,0,clean,671,2,1,1.0,True,0.0,0.9,1.0,1.0,0.0,0.0,0.0,0.0
cc7d03a3a03a3325,0,clean,672,2,1,1.0,True,0.0,0.9,1.0,1.0,0.0,0.0,0.0,0.0
cc7d03a3a03a3325,0,clean,673,2,1,1.0,True,0.0,0.9,1.0,1.0,0.0,0.0,0.0,0.0
cc7d03a3a03a3325,0,clean,674,2,1,1.0,True,0.0,0.9,1.0,1.0,0.0,0.0,0.0,0.0
cc7d03a3a03a3325,0,clean,675,2,1,1.0,True,0.0,0.9,1.0,1.0,0.0,0.0,0.0,0.0
cc7d03a3a03a3325,0,clean,676,2,0,-0.1,False,0.0,0.9,0.6200000000000001,0.6200000000000001,0.0,0.0,0.0,0.0
cc7d03a3a03a3325,0,clean,677,1,1,-0.1,False,0.0,0.9,0.8,0.8,0.0,0.0,0.0,0.0
cc7d03a3a03a3325,0,clean,678,2,1,1.0,True,0.0,0.9,1.0,1.0,0.0,0.0,0.0,0.0
cc7d03a3a03a3325,0,clean,679,2,1,1.0,True,0.0,0.9,1.0,1.0,0.0,0.0,0.0,0.0
cc7d03a3a03a3325,0,clean,680,2,1,1.0,True,0.0,0.9,1.0,1.0,0.0,0.0,0.0,0.0
cc7d03a3a03a3325,0,clean,681,2,1,1.0,True,0.0,0.9,1.0,1.0,0.0,0.0,0.0,0.0
cc7d03a3a03a3325,0,clean,682,2,1,1.0,True,0.0,0.9,1.0,1.0,0.0,0.0,0.0,0.0
cc7d03a3a03a3325,0,clean,683,2,1,1.0,True,0.0,0.9,1.0,1.0,0.0,0.0,0.0,0.0
cc7d03a3a03a3325,0,clean,684,2,1,1.0,True,0.0,0.9,1.0,1.0,0.0,0.0,0.0,0.0
cc7d03a3a03a3325,0,clean,685,2,1,1.0,True,0.0,0.9,1.0,1.0,0.0,0.0,0.0,0.0
cc7d03a3a03a3325,0,clean,686,2,1,1.0,True,0.0,0.9,1.0,1.0,0.0,0.0,0.0,0.0
cc7d03a3a03a3325,0,clean,687,2,1,1.0,True,0.0,0.9,1.0,1.0,0.0,0.0,0.0,0.0
cc7d03a3a03a3325,0,clean,688,2,1,1.0,True,0.0,0.9,1.0,1.0,0.0,0.0,0.0,0.0
cc7d03a3a03a3325,0,clean,689,2,1,1.0,True,0.0,0.9,1.0,1.0,0.0,0.0,0.0,0.0
cc7d03a3a03a3325,0,clean,690,2,1,1.0,True,0.0,0.9,1.0,1.0,0.0,0.0,0.0,0.0
cc7d03a3a03a3325,0,clean,691,2,1,1.0,True,0.0,0.9,1.0,1.0,0.0,0.0,0.0,0.0
cc7d03a3a03a3325,0,clean,692,2,1,1.0,True,0.0,0.9,1.0,1.0,0.0,0.0,0.0,0.0
cc7d03a3a03a3325,0,clean,693,2,1,1.0,True,0.0,0.9,1.0,1.0,0.0,0.0,0.0,0.0
cc7d03a3a03a3325,0,clean,694,2,1,1.0,True,0.0,0.9,1.0,1.0,0.0,0.0,0.0,0.0
cc7d03a3a03a3325,0,clean,695,2,1,1.0,True,0.0,0.9,1.0,1.0,0.0,0.0,0.0,0.0
cc7d03a3a03a3325,0,clean,696,2,1,1.0,True,0.0,0.9,1.0,1.0,0.0,0.0,0.0,0.0
cc7d03a3a03a3325,0,clean,697,2,1,1.0,True,0.0,0.9,1.0,1.0,0.0,0.0,0.0,0.0
cc7d03a3a03a3325,0,clean,698,2,1,1.0,True,0.0,0.9,1.0,1.0,0.0,0.0,0.0,0.0
cc7d03a3a03a3325,0,clean,699,2,1,1.0,True,0.0,0.9,1.0,1.0,0.0,0.0,0.0,0.0
cc7d03a3a03a3325,0,clean,700,2,1,1.0,True,0.0,0.9,1.0,1.0,0.0,0.0,0.0,0.0
cc7d03a3a03a3325,0,clean,701,2,1,1.0,True,0.0,0.9,1.0,1.0,0.0,0.0,0.0,0.0
cc7d03a3a03a3325,0,clean,702,2,1,1.0,True,0.0,0.9,1.0,1.0,0.0,0.0,0.0,0.0
cc7d03a3a03a3325,0,clean,703,2,1,1.0,True,0.0,0.9,1.0,1.0,0.0,0.0,0.0,0.0
cc7d03a3a03a3325,0,clean,704,2,0,-0.1,False,0.0,0.9,0.6200000000000001,0.6200000000000001,0.0,0.0,0.0,0.0
cc7d03a3a03a3325,0,clean,705,1,1,-0.1,False,0.0,0.9,0.8,0.8,0.0,0.0,0.0,0.0
cc7d03a3a03a3325,0,clean,706,2,1,1.0,True,0.0,0.9,1.0,1.0,0.0,0.0,0.0,0.0
cc7d03a3a03a3325,0,clean,707,2,1,1.0,True,0.0,0.9,1.0,1.0,0.0,0.0,0.0,0.0
cc7d03a3a03a3325,0,clean,708,2,1,1.0,True,0.0,0.9,1.0,1.0,0.0,0.0,0.0,0.0
cc7d03a3a03a3325,0,clean,709,2,1,1.0,True,0.0,0.9,1.0,1.0,0.0,0.0,0.0,0.0
cc7d03a3a03a3325,0,clean,710,2,1,1.0,True,0.0,0.9,1.0,1.0,0.0,0.0,0.0,0.0
cc7d03a3a03a3325,0,clean,711,2,1,1.0,True,0.0,0.9,1.0,1.0,0.0,0.0,0.0,0.0
cc7d03a3a03a3325,0,clean,712,2,1,1.0,True,0.0,0.9,1.0,1.0,0.0,0.0,0.0,0.0
cc7d03a3a03a3325,0,clean,713,2,1,1.0,True,0.0,0.9,1.0,1.0,0.0,0.0,0.0,0.0
cc7d03a3a03a3325,0,clean,714,2,1,1.0,True,0.0,0.9,1.0,1.0,0.0,0.0,0.0,0.0
cc7d03a3a03a3325,0,clean,715,2,1,1.0,True,0.0,0.9,1.0,1.0,0.0,0.0,0.0,0.0
cc7d03a3a03a3325,0,clean,716,2,1,1.0,True,0.0,0.9,1.0,1.0,0.0,0.0,0.0,0.0
cc7d03a3a03a3325,0,clean,717,2,1,1.0,True,0.0,0.9,1.0,1.0,0.0,0.0,0.0,0.0
cc7d03a3a03a3325,0,clean,718,2,1,1.0,True,0.0,0.9,1.0,1.0,0.0,0.0,0.0,0.0
cc7d03a3a03a3325,0,clean,719,2,1,1.0,True,0.0,0.9,1.0,1.0,0.0,0.0,0.0,0.0
cc7d03a3a03a3325,0,clean,720,2,0,-0.1,False,0.0,0.9,0.6200000000000001,0.6200000000000001,0.0,0.0,0.0,0.0
cc7d03a3a03a3325,0,clean,721,1,1,-0.1,False,0.0,0.9,0.8,0.8,0.0,0.0,0.0,0.0
cc7d03a3a03a3325,0,clean,722,2,1,1.0,True,0.0,0.9,1.0,1.0,0.0,0.0,0.0,0.0
cc7d03a3a03a3325,0,clean,723,2,1,1.0,True,0.0,0.9,1.0,1.0,0.0,0.0,0.0,0.0
cc7d03a3a03a3325,0,clean,724,2,1,1.0,True,0.0,0.9,1.0,1.0,0.0,0.0,0.0,0.0
cc7d03a3a03a3325,0,clean,725,2,1,1.0,True,0.0,0.9,1.0,1.0,0.0,0.0,0.0,0.0
cc7d03a3a03a3325,0,clean,726,2,1,1.0,True,0.0,0.9,1.0,1.0,0.0,0.0,0.0,0.0
cc7d03a3a03a3325,0,clean,727,2,1,1.0,True,0.0,0.9,1.0,1.0,0.0,0.0,0.0,0.0
cc7d03a3a03a3325,0,clean,728,2,1,1.0,True,0.0,0.9,1.0,1.0,0.0,0.0,0.0,0.0
cc7d03a3a03a3325,0,clean,729,2,1,1.0,True,0.0,0.9,1.0,1.0,0.0,0.0,0.0,0.0
cc7d03a3a03a3325,0,clean,730,2,1,1.0,True,0.0,0.9,1.0,1.0,0.0,0.0,0.0,0.0
cc7d03a3a03a3325,0,clean,731,2,0,-0.1,False,0.0,0.9,0.6200000000000001,0.6200000000000001,0.0,0.0,0.0,0.0
cc7d03a3a03a3325,0,clean,732,1,0,-0.1,False,0.0,0.9,0.4580000000000002,0.4580000000000002,0.0,0.0,0.0,0.0
cc7d03a3a03a3325,0,clean,733,0,0,-0.1,False,0.0,0.9,0.4580000000000002,0.4580000000000002,0.0,0.0,0.0,0.0
cc7d03a3a03a3325,0,clean,734,0,1,-0.1,False,0.0,0.9,0.6200000000000001,0.6200000000000001,0.0,0.0,0.0,0.0
cc7d03a3a03a3325,0,clean,735,1,1,-0.1,False,0.0,0.9,0.8,0.8,0.0,0.0,0.0,0.0
cc7d03a3a03a3325,0,clean,736,2,1,1.0,True,0.0,0.9,1.0,1.0,0.0,0.0,0.0,0.0
cc7d03a3a03a3325,0,clean,737,2,0,-0.1,False,0.0,0.9,0.6200000000000001,0.6200000000000001,0.0,0.0,0.0,0.0
cc7d03a3a03a3325,0,clean,738,1,0,-0.1,False,0.0,0.9,0.4580000000000002,0.4580000000000002,0.0,0.0,0.0,0.0
cc7d03a3a03a3325,0,clean,739,0,0,-0.1,False,0.0,0.9,0.4580000000000002,0.4580000000000002,0.0,0.0,0.0,0.0
cc7d03a3a03a3325,0,clean,740,0,1,-0.1,False,0.0,0.9,0.6200000000000001,0.6200000000000001,0.0,0.0,0.0,0.0
cc7d03a3a03a3325,0,clean,741,1,1,-0.1,False,0.0,0.9,0.8,0.8,0.0,0.0,0.0,0.0
cc7d03a3a03a3325,0,clean,742,2,1,1.0,True,0.0,0.9,1.0,1.0,0.0,0.0,0.0,0.0
cc7d03a3a03a3325,0,clean,743,2,1,1.0,True,0.0,0.9,1.0,1.0,0.0,0.0,0.0,0.0
cc7d03a3a03a3325,0,clean,744,2,0,-0.1,False,0.0,0.9,0.6200000000000001,0.6200000000000001,0.0,0.0,0.0,0.0
cc7d03a3a03a3325,0,clean,745,1,1,-0.1,False,0.0,0.9,0.8,0.8,0.0,0.0,0.0,0.0
cc7d03a3a03a3325,0,clean,746,2,1,1.0,True,0.0,0.9,1.0,1.0,0.0,0.0,0.0,0.0
cc7d03a3a03a3325,0,clean,747,2,1,1.0,True,0.0,0.9,1.0,1.0,0.0,0.0,0.0,0.0
cc7d03a3a03a3325,0,clean,748,2,1,1.0,True,0.0,0.9,1.0,1.0,0.0,0.0,0.0,0.0
cc7d03a3a03a3325,0,clean,749,2,1,1.0,True,0.0,0.9,1.0,1.0,0.0,0.0,0.0,0.0
cc7d03a3a03a3325,0,clean,750,2,1,1.0,True,0.0,0.9,1.0,1.0,0.0,0.0,0.0,0.0
cc7d03a3a03a3325,0,clean,751,2,1,1.0,True,0.0,0.9,1.0,1.0,0.0,0.0,0.0,0.0
cc7d03a3a03a3325,0,clean,752,2,1,1.0,True,0.0,0.9,1.0,1.0,0.0,0.0,0.0,0.0
cc7d03a3a03a3325,0,clean,753,2,1,1.0,True,0.0,0.9,1.0,1.0,0.0,0.0,0.0,0.0
cc7d03a3a03a3325,0,clean,754,2,1,1.0,True,0.0,0.9,1.0,1.0,0.0,0.0,0.0,0.0
cc7d03a3a03a3325,0,clean,755,2,1,1.0,True,0.0,0.9,1.0,1.0,0.0,0.0,0.0,0.0
cc7d03a3a03a3325,0,clean,756,2,1,1.0,True,0.0,0.9,1.0,1.0,0.0,0.0,0.0,0.0
cc7d03a3a03a3325,0,clean,757,2,1,1.0,True,0.0,0.9,1.0,1.0,0.0,0.0,0.0,0.0
cc7d03a3a03a3325,0,clean,758,2,1,1.0,True,0.0,0.9,1.0,1.0,0.0,0.0,0.0,0.0
cc7d03a3a03a3325,0,clean,759,2,1,1.0,True,0.0,0.9,1.0,1.0,0.0,0.0,0.0,0.0
cc7d03a3a03a3325,0,clean,760,2,1,1.0,True,0.0,0.9,1.0,1.0,0.0,0.0,0.0,0.0
cc7d03a3a03a3325,0,clean,761,2,1,1.0,True,0.0,0.9,1.0,1.0,0.0,0.0,0.0,0.0
cc7d03a3a03a3325,0,clean,762,2,1,1.0,True,0.0,0.9,1.0,1.0,0.0,0.0,0.0,0.0
cc7d03a3a03a3325,0,clean,763,2,0,-0.1,False,0.0,0.9,0.6200000000000001,0.6200000000000001,0.0,0.0,0.0,0.0
cc7d03a3a03a3325,0,clean,764,1,1,-0.1,False,0.0,0.9,0.8,0.8,0.0,0.0,0.0,0.0
cc7d03a3a03a3325,0,clean,765,2,1,1.0,True,0.0,0.9,1.0,1.0,0.0,0.0,0.0,0.0
cc7d03a3a03a3325,0,clean,766,2,0,-0.1,False,0.0,0.9,0.6200000000000001,0.6200000000000001,0.0,0.0,0.0,0.0
cc7d03a3a03a3325,0,clean,767,1,1,-0.1,False,0.0,0.9,0.8,0.8,0.0,0.0,0.0,0.0
cc7d03a3a03a3325,0,clean,768,2,1,1.0,True,0.0,0.9,1.0,1.0,0.0,0.0,0.0,0.0
cc7d03a3a03a3325,0,clean,769,2,1,1.0,True,0.0,0.9,1.0,1.0,0.0,0.0,0.0,0.0
cc7d03a3a03a3325,0,clean,770,2,1,1.0,True,0.0,0.9,1.0,1.0,0.0,0.0,0.0,0.0
cc7d03a3a03a3325,0,clean,771,2,1,1.0,True,0.0,0.9,1.0,1.0,0.0,0.0,0.0,0.0
cc7d03a3a03a3325,0,clean,772,2,1,1.0,True,0.0,0.9,1.0,1.0,0.0,0.0,0.0,0.0
cc7d03a3a03a3325,0,clean,773,2,1,1.0,True,0.0,0.9,1.0,1.0,0.0,0.0,0.0,0.0
cc7d03a3a03a3325,0,clean,774,2,1,1.0,True,0.0,0.9,1.0,1.0,0.0,0.0,0.0,0.0
cc7d03a3a03a3325,0,clean,775,2,1,1.0,True,0.0,0.9,1.0,1.0,0.0,0.0,0.0,0.0
cc7d03a3a03a3325,0,clean,776,2,0,-0.1,False,0.0,0.9,0.6200000000000001,0.6200000000000001,0.0,0.0,0.0,0.0
cc7d03a3a03a3325,0,clean,777,1,1,-0.1,False,0.0,0.9,0.8,0.8,0.0,0.0,0.0,0.0
cc7d03a3a03a3325,0,clean,778,2,1,1.0,True,0.0,0.9,1.0,1.0,0.0,0.0,0.0,0.0
cc7d03a3a03a3325,0,clean,779,2,1,1.0,True,0.0,0.9,1.0,1.0,0.0,0.0,0.0,0.0
cc7d03a3a03a3325,0,clean,780,2,1,1.0,True,0.0,0.9,1.0,1.0,0.0,0.0,0.0,0.0
cc7d03a3a03a3325,0,clean,781,2,0,-0.1,False,0.0,0.9,0.6200000000000001,0.6200000000000001,0.0,0.0,0.0,0.0
cc7d03a3a03a3325,0,clean,782,1,1,-0.1,False,0.0,0.9,0.8,0.8,0.0,0.0,0.0,0.0
cc7d03a3a03a3325,0,clean,783,2,1,1.0,True,0.0,0.9,1.0,1.0,0.0,0.0,0.0,0.0
cc7d03a3a03a3325,0,clean,784,2,1,1.0,True,0.0,0.9,1.0,1.0,0.0,0.0,0.0,0.0
cc7d03a3a03a3325,0,clean,785,2,1,1.0,True,0.0,0.9,1.0,1.0,0.0,0.0,0.0,0.0
cc7d03a3a03a3325,0,clean,786,2,1,1.0,True,0.0,0.9,1.0,1.0,0.0,0.0,0.0,0.0
cc7d03a3a03a3325,0,clean,787,2,1,1.0,True,0.0,0.9,1.0,1.0,0.0,0.0,0.0,0.0
cc7d03a3a03a3325,0,clean,788,2,1,1.0,True,0.0,0.9,1.0,1.0,0.0,0.0,0.0,0.0
cc7d03a3a03a3325,0,clean,789,2,1,1.0,True,0.0,0.9,1.0,1.0,0.0,0.0,0.0,0.0
cc7d03a3a03a3325,0,clean,790,2,1,1.0,True,0.0,0.9,1.0,1.0,0.0,0.0,0.0,0.0
cc7d03a3a03a3325,0,clean,791,2,1,1.0,True,0.0,0.9,1.0,1.0,0.0,0.0,0.0,0.0
cc7d03a3a03a3325,0,clean,792,2,1,1.0,True,0.0,0.9,1.0,1.0,0.0,0.0,0.0,0.0
cc7d03a3a03a3325,0,clean,793,2,1,1.0,True,0.0,0.9,1.0,1.0,0.0,0.0,0.0,0.0
cc7d03a3a03a3325,0,clean,794,2,1,1.0,True,0.0,0.9,1.0,1.0,0.0,0.0,0.0,0.0
cc7d03a3a03a3325,0,clean,795,2,1,1.0,True,0.0,0.9,1.0,1.0,0.0,0.0,0.0,0.0
cc7d03a3a03a3325,0,clean,796,2,1,1.0,True,0.0,0.9,1.0,1.0,0.0,0.0,0.0,0.0
cc7d03a3a03a3325,0,clean,797,2,0,-0.1,False,0.0,0.9,0.6200000000000001,0.6200000000000001,0.0,0.0,0.0,0.0
cc7d03a3a03a3325,0,clean,798,1,0,-0.1,False,0.0,0.9,0.4580000000000002,0.4580000000000002,0.0,0.0,0.0,0.0
cc7d03a3a03a3325,0,clean,799,0,1,-0.1,False,0.0,0.9,0.6200000000000001,0.6200000000000001,0.0,0.0,0.0,0.0
cc7d03a3a03a3325,0,clean,800,1,1,-0.1,False,0.0,0.9,0.8,0.8,0.0,0.0,0.0,0.0
cc7d03a3a03a3325,0,clean,801,2,1,1.0,True,0.0,0.9,1.0,1.0,0.0,0.0,0.0,0.0
cc7d03a3a03a3325,0,clean,802,2,1,1.0,True,0.0,0.9,1.0,1.0,0.0,0.0,0.0,0.0
cc7d03a3a03a3325,0,clean,803,2,1,1.0,True,0.0,0.9,1.0,1.0,0.0,0.0,0.0,0.0
cc7d03a3a03a3325,0,clean,804,2,1,1.0,True,0.0,0.9,1.0,1.0,0.0,0.0,0.0,0.0
cc7d03a3a03a3325,0,clean,805,2,1,1.0,True,0.0,0.9,1.0,1.0,0.0,0.0,0.0,0.0
cc7d03a3a03a3325,0,clean,806,2,1,1.0,True,0.0,0.9,1.0,1.0,0.0,0.0,0.0,0.0
cc7d03a3a03a3325,0,clean,807,2,1,1.0,True,0.0,0.9,1.0,1.0,0.0,0.0,0.0,0.0
cc7d03a3a03a3325,0,clean,808,2,1,1.0,True,0.0,0.9,1.0,1.0,0.0,0.0,0.0,0.0
cc7d03a3a03a3325,0,clean,809,2,1,1.0,True,0.0,0.9,1.0,1.0,0.0,0.0,0.0,0.0
cc7d03a3a03a3325,0,clean,810,2,1,1.0,True,0.0,0.9,1.0,1.0,0.0,0.0,0.0,0.0
cc7d03a3a03a3325,0,clean,811,2,1,1.0,True,0.0,0.9,1.0,1.0,0.0,0.0,0.0,0.0
cc7d03a3a03a3325,0,clean,812,2,0,-0.1,False,0.0,0.9,0.6200000000000001,0.6200000000000001,0.0,0.0,0.0,0.0
cc7d03a3a03a3325,0,clean,813,1,1,-0.1,False,0.0,0.9,0.8,0.8,0.0,0.0,0.0,0.0
cc7d03a3a03a3325,0,clean,814,2,1,1.0,True,0.0,0.9,1.0,1.0,0.0,0.0,0.0,0.0
cc7d03a3a03a3325,0,clean,815,2,1,1.0,True,0.0,0.9,1.0,1.0,0.0,0.0,0.0,0.0
cc7d03a3a03a3325,0,clean,816,2,1,1.0,True,0.0,0.9,1.0,1.0,0.0,0.0,0.0,0.0
cc7d03a3a03a3325,0,clean,817,2,1,1.0,True,0.0,0.9,1.0,1.0,0.0,0.0,0.0,0.0
cc7d03a3a03a3325,0,clean,818,2,1,1.0,True,0.0,0.9,1.0,1.0,0.0,0.0,0.0,0.0
cc7d03a3a03a3325,0,clean,819,2,0,-0.1,False,0.0,0.9,0.6200000000000001,0.6200000000000001,0.0,0.0,0.0,0.0
cc7d03a3a03a3325,0,clean,820,1,1,-0.1,False,0.0,0.9,0.8,0.8,0.0,0.0,0.0,0.0
cc7d03a3a03a3325,0,clean,821,2,1,1.0,True,0.0,0.9,1.0,1.0,0.0,0.0,0.0,0.0
cc7d03a3a03a3325,0,clean,822,2,1,1.0,True,0.0,0.9,1.0,1.0,0.0,0.0,0.0,0.0
cc7d03a3a03a3325,0,clean,823,2,1,1.0,True,0.0,0.9,1.0,1.0,0.0,0.0,0.0,0.0
cc7d03a3a03a3325,0,clean,824,2,1,1.0,True,0.0,0.9,1.0,1.0,0.0,0.0,0.0,0.0
cc7d03a3a03a3325,0,clean,825,2,1,1.0,True,0.0,0.9,1.0,1.0,0.0,0.0,0.0,0.0
cc7d03a3a03a3325,0,clean,826,2,1,1.0,True,0.0,0.9,1.0,1.0,0.0,0.0,0.0,0.0
cc7d03a3a03a3325,0,clean,827,2,1,1.0,True,0.0,0.9,1.0,1.0,0.0,0.0,0.0,0.0
cc7d03a3a03a3325,0,clean,828,2,1,1.0,True,0.0,0.9,1.0,1.0,0.0,0.0,0.0,0.0
cc7d03a3a03a3325,0,clean,829,2,1,1.0,True,0.0,0.9,1.0,1.0,0.0,0.0,0.0,0.0
cc7d03a3a03a3325,0,clean,830,2,1,1.0,True,0.0,0.9,1.0,1.0,0.0,0.0,0.0,0.0
cc7d03a3a03a3325,0,clean,831,2,1,1.0,True,0.0,0.9,1.0,1.0,0.0,0.0,0.0,0.0
cc7d03a3a03a3325,0,clean,832,2,1,1.0,True,0.0,0.9,1.0,1.0,0.0,0.0,0.0,0.0
cc7d03a3a03a3325,0,clean,833,2,1,1.0,True,0.0,0.9,1.0,1.0,0.0,0.0,0.0,0.0
cc7d03a3a03a3325,0,clean,834,2,1,1.0,True,0.0,0.9,1.0,1.0,0.0,0.0,0.0,0.0
cc7d03a3a03a3325,0,clean,835,2,1,1.0,True,0.0,0.9,1.0,1.0,0.0,0.0,0.0,0.0
cc7d03a3a03a3325,0,clean,836,2,1,1.0,True,0.0,0.9,1.0,1.0,0.0,0.0,0.0,0.0
cc7d03a3a03a3325,0,clean,837,2,1,1.0,True,0.0,0.9,1.0,1.0,0.0,0.0,0.0,0.0
cc7d03a3a03a3325,0,clean,838,2,1,1.0,True,0.0,0.9,1.0,1.0,0.0,0.0,0.0,0.0
cc7d03a3a03a3325,0,clean,839,2,1,1.0,True,0.0,0.9,1.0,1.0,0.0,0.0,0.0,0.0
cc7d03a3a03a3325,0,clean,840,2,0,-0.1,False,0.0,0.9,0.6200000000000001,0.6200000000000001,0.0,0.0,0.0,0.0
cc7d03a3a03a3325,0,clean,841,1,1,-0.1,False,0.0,0.9,0.8,0.8,0.0,0.0,0.0,0.0
cc7d03a3a03a3325,0,clean,842,2,1,1.0,True,0.0,0.9,1.0,1.0,0.0,0.0,0.0,0.0
cc7d03a3a03a3325,0,clean,843,2,0,-0.1,False,0.0,0.9,0.6200000000000001,0.6200000000000001,0.0,0.0,0.0,0.0
cc7d03a3a03a3325,0,clean,844,1,1,-0.1,False,0.0,0.9,0.8,0.8,0.0,0.0,0.0,0.0
cc7d03a3a03a3325,0,clean,845,2,0,-0.1,False,0.0,0.9,0.6200000000000001,0.6200000000000001,0.0,0.0,0.0,0.0
cc7d03a3a03a3325,0,clean,846,1,1,-0.1,False,0.0,0.9,0.8,0.8,0.0,0.0,0.0,0.0
cc7d03a3a03a3325,0,clean,847,2,1,1.0,True,0.0,0.9,1.0,1.0,0.0,0.0,0.0,0.0
cc7d03a3a03a3325,0,clean,848,2,1,1.0,True,0.0,0.9,1.0,1.0,0.0,0.0,0.0,0.0
cc7d03a3a03a3325,0,clean,849,2,1,1.0,True,0.0,0.9,1.0,1.0,0.0,0.0,0.0,0.0
cc7d03a3a03a3325,0,clean,850,2,0,-0.1,False,0.0,0.9,0.6200000000000001,0.6200000000000001,0.0,0.0,0.0,0.0
cc7d03a3a03a3325,0,clean,851,1,1,-0.1,False,0.0,0.9,0.8,0.8,0.0,0.0,0.0,0.0
cc7d03a3a03a3325,0,clean,852,2,1,1.0,True,0.0,0.9,1.0,1.0,0.0,0.0,0.0,0.0
cc7d03a3a03a3325,0,clean,853,2,1,1.0,True,0.0,0.9,1.0,1.0,0.0,0.0,0.0,0.0
cc7d03a3a03a3325,0,clean,854,2,1,1.0,True,0.0,0.9,1.0,1.0,0.0,0.0,0.0,0.0
cc7d03a3a03a3325,0,clean,855,2,1,1.0,True,0.0,0.9,1.0,1.0,0.0,0.0,0.0,0.0
cc7d03a3a03a3325,0,clean,856,2,1,1.0,True,0.0,0.9,1.0,1.0,0.0,0.0,0.0,0.0
cc7d03a3a03a3325,0,clean,857,2,1,1.0,True,0.0,0.9,1.0,1.0,0.0,0.0,0.0,0.0
cc7d03a3a03a3325,0,clean,858,2,1,1.0,True,0.0,0.9,1.0,1.0,0.0,0.0,0.0,0.0
cc7d03a3a03a3325,0,clean,859,2,1,1.0,True,0.0,0.9,1.0,1.0,0.0,0.0,0.0,0.0
cc7d03a3a03a3325,0,clean,860,2,1,1.0,True,0.0,0.9,1.0,1.0,0.0,0.0,0.0,0.0
cc7d03a3a03a3325,0,clean,861,2,1,1.0,True,0.0,0.9,1.0,1.0,0.0,0.0,0.0,0.0
cc7d03a3a03a3325,0,clean,862,2,1,1.0,True,0.0,0.9,1.0,1.0,0.0,0.0,0.0,0.0
cc7d03a3a03a3325,0,clean,863,2,1,1.0,True,0.0,0.9,1.0,1.0,0.0,0.0,0.0,0.0
cc7d03a3a03a3325,0,clean,864,2,1,1.0,True,0.0,0.9,1.0,1.0,0.0,0.0,0.0,0.0
cc7d03a3a03a3325,0,clean,865,2,1,1.0,True,0.0,0.9,1.0,1.0,0.0,0.0,0.0,0.0
cc7d03a3a03a3325,0,clean,866,2,1,1.0,True,0.0,0.9,1.0,1.0,0.0,0.0,0.0,0.0
cc7d03a3a03a3325,0,clean,867,2,1,1.0,True,0.0,0.9,1.0,1.0,0.0,0.0,0.0,0.0
cc7d03a3a03a3325,0,clean,868,2,1,1.0,True,0.0,0.9,1.0,1.0,0.0,0.0,0.0,0.0
cc7d03a3a03a3325,0,clean,869,2,0,-0.1,False,0.0,0.9,0.6200000000000001,0.6200000000000001,0.0,0.0,0.0,0.0
cc7d03a3a03a3325,0,clean,870,1,0,-0.1,False,0.0,0.9,0.4580000000000002,0.4580000000000002,0.0,0.0,0.0,0.0
cc7d03a3a03a3325,0,clean,871,0,1,-0.1,False,0.0,0.9,0.6200000000000001,0.6200000000000001,0.0,0.0,0.0,0.0
cc7d03a3a03a3325,0,clean,872,1,1,-0.1,False,0.0,0.9,0.8,0.8,0.0,0.0,0.0,0.0
cc7d03a3a03a3325,0,clean,873,2,1,1.0,True,0.0,0.9,1.0,1.0,0.0,0.0,0.0,0.0
cc7d03a3a03a3325,0,clean,874,2,1,1.0,True,0.0,0.9,1.0,1.0,0.0,0.0,0.0,0.0
cc7d03a3a03a3325,0,clean,875,2,1,1.0,True,0.0,0.9,1.0,1.0,0.0,0.0,0.0,0.0
cc7d03a3a03a3325,0,clean,876,2,1,1.0,True,0.0,0.9,1.0,1.0,0.0,0.0,0.0,0.0
cc7d03a3a03a3325,0,clean,877,2,1,1.0,True,0.0,0.9,1.0,1.0,0.0,0.0,0.0,0.0
cc7d03a3a03a3325,0,clean,878,2,1,1.0,True,0.0,0.9,1.0,1.0,0.0,0.0,0.0,0.0
cc7d03a3a03a3325,0,clean,879,2,1,1.0,True,0.0,0.9,1.0,1.0,0.0,0.0,0.0,0.0
cc7d03a3a03a3325,0,clean,880,2,1,1.0,True,0.0,0.9,1.0,1.0,0.0,0.0,0.0,0.0
cc7d03a3a03a3325,0,clean,881,2,1,1.0,True,0.0,0.9,1.0,1.0,0.0,0.0,0.0,0.0
cc7d03a3a03a3325,0,clean,882,2,1,1.0,True,0.0,0.9,1.0,1.0,0.0,0.0,0.0,0.0
cc7d03a3a03a3325,0,clean,883,2,1,1.0,True,0.0,0.9,1.0,1.0,0.0,0.0,0.0,0.0
cc7d03a3a03a3325,0,clean,884,2,0,-0.1,False,0.0,0.9,0.6200000000000001,0.6200000000000001,0.0,0.0,0.0,0.0
cc7d03a3a03a3325,0,clean,885,1,1,-0.1,False,0.0,0.9,0.8,0.8,0.0,0.0,0.0,0.0
cc7d03a3a03a3325,0,clean,886,2,1,1.0,True,0.0,0.9,1.0,1.0,0.0,0.0,0.0,0.0
cc7d03a3a03a3325,0,clean,887,2,1,1.0,True,0.0,0.9,1.0,1.0,0.0,0.0,0.0,0.0
cc7d03a3a03a3325,0,clean,888,2,1,1.0,True,0.0,0.9,1.0,1.0,0.0,0.0,0.0,0.0
cc7d03a3a03a3325,0,clean,889,2,1,1.0,True,0.0,0.9,1.0,1.0,0.0,0.0,0.0,0.0
cc7d03a3a03a3325,0,clean,890,2,1,1.0,True,0.0,0.9,1.0,1.0,0.0,0.0,0.0,0.0
cc7d03a3a03a3325,0,clean,891,2,1,1.0,True,0.0,0.9,1.0,1.0,0.0,0.0,0.0,0.0
cc7d03a3a03a3325,0,clean,892,2,1,1.0,True,0.0,0.9,1.0,1.0,0.0,0.0,0.0,0.0
cc7d03a3a03a3325,0,clean,893,2,1,1.0,True,0.0,0.9,1.0,1.0,0.0,0.0,0.0,0.0
cc7d03a3a03a3325,0,clean,894,2,1,1.0,True,0.0,0.9,1.0,1.0,0.0,0.0,0.0,0.0
cc7d03a3a03a3325,0,clean,895,2,1,1.0,True,0.0,0.9,1.0,1.0,0.0,0.0,0.0,0.0
cc7d03a3a03a3325,0,clean,896,2,1,1.0,True,0.0,0.9,1.0,1.0,0.0,0.0,0.0,0.0
cc7d03a3a03a3325,0,clean,897,2,1,1.0,True,0.0,0.9,1.0,1.0,0.0,0.0,0.0,0.0
cc7d03a3a03a3325,0,clean,898,2,1,1.0,True,0.0,0.9,1.0,1.0,0.0,0.0,0.0,0.0
cc7d03a3a03a3325,0,clean,899,2,1,1.0,True,0.0,0.9,1.0,1.0,0.0,0.0,0.0,0.0
cc7d03a3a03a3325,0,clean,900,2,1,1.0,True,0.0,0.9,1.0,1.0,0.0,0.0,0.0,0.0
cc7d03a3a03a3325,0,clean,901,2,1,1.0,True,0.0,0.9,1.0,1.0,0.0,0.0,0.0,0.0
cc7d03a3a03a3325,0,clean,902,2,1,1.0,True,0.0,0.9,1.0,1.0,0.0,0.0,0.0,0.0
cc7d03a3a03a3325,0,clean,903,2,1,1.0,True,0.0,0.9,1.0,1.0,0.0,0.0,0.0,0.0
cc7d03a3a03a3325,0,clean,904,2,1,1.0,True,0.0,0.9,1.0,1.0,0.0,0.0,0.0,0.0
cc7d03a3a03a3325,0,clean,905,2,1,1.0,True,0.0,0.9,1.0,1.0,0.0,0.0,0.0,0.0
cc7d03a3a03a3325,0,clean,906,2,1,1.0,True,0.0,0.9,1.0,1.0,0.0,0.0,0.0,0.0
cc7d03a3a03a3325,0,clean,907,2,0,-0.1,False,0.0,0.9,0.6200000000000001,0.6200000000000001,0.0,0.0,0.0,0.0
cc7d03a3a03a3325,0,clean,908,1,1,-0.1,False,0.0,0.9,0.8,0.8,0.0,0.0,0.0,0.0
cc7d03a3a03a3325,0,clean,909,2,1,1.0,True,0.0,0.9,1.0,1.0,0.0,0.0,0.0,0.0
cc7d03a3a03a3325,0,clean,910,2,1,1.0,True,0.0,0.9,1.0,1.0,0.0,0.0,0.0,0.0
cc7d03a3a03a3325,0,clean,911,2,0,-0.1,False,0.0,0.9,0.6200000000000001,0.6200000000000001,0.0,0.0,0.0,0.0
cc7d03a3a03a3325,0,clean,912,1,1,-0.1,False,0.0,0.9,0.8,0.8,0.0,0.0,0.0,0.0
cc7d03a3a03a3325,0,clean,913,2,1,1.0,True,0.0,0.9,1.0,1.0,0.0,0.0,0.0,0.0
cc7d03a3a03a3325,0,clean,914,2,1,1.0,True,0.0,0.9,1.0,1.0,0.0,0.0,0.0,0.0
cc7d03a3a03a3325,0,clean,915,2,1,1.0,True,0.0,0.9,1.0,1.0,0.0,0.0,0.0,0.0
cc7d03a3a03a3325,0,clean,916,2,1,1.0,True,0.0,0.9,1.0,1.0,0.0,0.0,0.0,0.0
cc7d03a3a03a3325,0,clean,917,2,1,1.0,True,0.0,0.9,1.0,1.0,0.0,0.0,0.0,0.0
cc7d03a3a03a3325,0,clean,918,2,1,1.0,True,0.0,0.9,1.0,1.0,0.0,0.0,0.0,0.0
cc7d03a3a03a3325,0,clean,919,2,1,1.0,True,0.0,0.9,1.0,1.0,0.0,0.0,0.0,0.0
cc7d03a3a03a3325,0,clean,920,2,1,1.0,True,0.0,0.9,1.0,1.0,0.0,0.0,0.0,0.0
cc7d03a3a03a3325,0,clean,921,2,1,1.0,True,0.0,0.9,1.0,1.0,0.0,0.0,0.0,0.0
cc7d03a3a03a3325,0,clean,922,2,1,1.0,True,0.0,0.9,1.0,1.0,0.0,0.0,0.0,0.0
cc7d03a3a03a3325,0,clean,923,2,1,1.0,True,0.0,0.9,1.0,1.0,0.0,0.0,0.0,0.0
cc7d03a3a03a3325,0,clean,924,2,1,1.0,True,0.0,0.9,1.0,1.0,0.0,0.0,0.0,0.0
cc7d03a3a03a3325,0,clean,925,2,1,1.0,True,0.0,0.9,1.0,1.0,0.0,0.0,0.0,0.0
cc7d03a3a03a3325,0,clean,926,2,1,1.0,True,0.0,0.9,1.0,1.0,0.0,0.0,0.0,0.0
cc7d03a3a03a3325,0,clean,927,2,0,-0.1,False,0.0,0.9,0.6200000000000001,0.6200000000000001,0.0,0.0,0.0,0.0
cc7d03a3a03a3325,0,clean,928,1,1,-0.1,False,0.0,0.9,0.8,0.8,0.0,0.0,0.0,0.0
cc7d03a3a03a3325,0,clean,929,2,1,1.0,True,0.0,0.9,1.0,1.0,0.0,0.0,0.0,0.0
cc7d03a3a03a3325,0,clean,930,2,1,1.0,True,0.0,0.9,1.0,1.0,0.0,0.0,0.0,0.0
cc7d03a3a03a3325,0,clean,931,2,0,-0.1,False,0.0,0.9,0.6200000000000001,0.6200000000000001,0.0,0.0,0.0,0.0
cc7d03a3a03a3325,0,clean,932,1,1,-0.1,False,0.0,0.9,0.8,0.8,0.0,0.0,0.0,0.0
cc7d03a3a03a3325,0,clean,933,2,1,1.0,True,0.0,0.9,1.0,1.0,0.0,0.0,0.0,0.0
cc7d03a3a03a3325,0,clean,934,2,0,-0.1,False,0.0,0.9,0.6200000000000001,0.6200000000000001,0.0,0.0,0.0,0.0
cc7d03a3a03a3325,0,clean,935,1,1,-0.1,False,0.0,0.9,0.8,0.8,0.0,0.0,0.0,0.0
cc7d03a3a03a3325,0,clean,936,2,1,1.0,True,0.0,0.9,1.0,1.0,0.0,0.0,0.0,0.0
cc7d03a3a03a3325,0,clean,937,2,1,1.0,True,0.0,0.9,1.0,1.0,0.0,0.0,0.0,0.0
cc7d03a3a03a3325,0,clean,938,2,1,1.0,True,0.0,0.9,1.0,1.0,0.0,0.0,0.0,0.0
cc7d03a3a03a3325,0,clean,939,2,1,1.0,True,0.0,0.9,1.0,1.0,0.0,0.0,0.0,0.0
cc7d03a3a03a3325,0,clean,940,2,1,1.0,True,0.0,0.9,1.0,1.0,0.0,0.0,0.0,0.0
cc7d03a3a03a3325,0,clean,941,2,1,1.0,True,0.0,0.9,1.0,1.0,0.0,0.0,0.0,0.0
cc7d03a3a03a3325,0,clean,942,2,1,1.0,True,0.0,0.9,1.0,1.0,0.0,0.0,0.0,0.0
cc7d03a3a03a3325,0,clean,943,2,1,1.0,True,0.0,0.9,1.0,1.0,0.0,0.0,0.0,0.0
cc7d03a3a03a3325,0,clean,944,2,0,-0.1,False,0.0,0.9,0.6200000000000001,0.6200000000000001,0.0,0.0,0.0,0.0
cc7d03a3a03a3325,0,clean,945,1,1,-0.1,False,0.0,0.9,0.8,0.8,0.0,0.0,0.0,0.0
cc7d03a3a03a3325,0,clean,946,2,1,1.0,True,0.0,0.9,1.0,1.0,0.0,0.0,0.0,0.0
cc7d03a3a03a3325,0,clean,947,2,1,1.0,True,0.0,0.9,1.0,1.0,0.0,0.0,0.0,0.0
cc7d03a3a03a3325,0,clean,948,2,1,1.0,True,0.0,0.9,1.0,1.0,0.0,0.0,0.0,0.0
cc7d03a3a03a3325,0,clean,949,2,1,1.0,True,0.0,0.9,1.0,1.0,0.0,0.0,0.0,0.0
cc7d03a3a03a3325,0,clean,950,2,1,1.0,True,0.0,0.9,1.0,1.0,0.0,0.0,0.0,0.0
cc7d03a3a03a3325,0,clean,951,2,1,1.0,True,0.0,0.9,1.0,1.0,0.0,0.0,0.0,0.0
cc7d03a3a03a3325,0,clean,952,2,0,-0.1,False,0.0,0.9,0.6200000000000001,0.6200000000000001,0.0,0.0,0.0,0.0
cc7d03a3a03a3325,0,clean,953,1,1,-0.1,False,0.0,0.9,0.8,0.8,0.0,0.0,0.0,0.0
cc7d03a3a03a3325,0,clean,954,2,1,1.0,True,0.0,0.9,1.0,1.0,0.0,0.0,0.0,0.0
cc7d03a3a03a3325,0,clean,955,2,1,1.0,True,0.0,0.9,1.0,1.0,0.0,0.0,0.0,0.0
cc7d03a3a03a3325,0,clean,956,2,1,1.0,True,0.0,0.9,1.0,1.0,0.0,0.0,0.0,0.0
cc7d03a3a03a3325,0,clean,957,2,1,1.0,True,0.0,0.9,1.0,1.0,0.0,0.0,0.0,0.0
cc7d03a3a03a3325,0,clean,958,2,1,1.0,True,0.0,0.9,1.0,1.0,0.0,0.0,0.0,0.0
cc7d03a3a03a3325,0,clean,959,2,1,1.0,True,0.0,0.9,1.0,1.0,0.0,0.0,0.0,0.0
cc7d03a3a03a3325,0,clean,960,2,1,1.0,True,0.0,0.9,1.0,1.0,0.0,0.0,0.0,0.0
cc7d03a3a03a3325,0,clean,961,2,0,-0.1,False,0.0,0.9,0.6200000000000001,0.6200000000000001,0.0,0.0,0.0,0.0
cc7d03a3a03a3325,0,clean,962,1,1,-0.1,False,0.0,0.9,0.8,0.8,0.0,0.0,0.0,0.0
cc7d03a3a03a3325,0,clean,963,2,1,1.0,True,0.0,0.9,1.0,1.0,0.0,0.0,0.0,0.0
cc7d03a3a03a3325,0,clean,964,2,1,1.0,True,0.0,0.9,1.0,1.0,0.0,0.0,0.0,0.0
cc7d03a3a03a3325,0,clean,965,2,1,1.0,True,0.0,0.9,1.0,1.0,0.0,0.0,0.0,0.0
cc7d03a3a03a3325,0,clean,966,2,1,1.0,True,0.0,0.9,1.0,1.0,0.0,0.0,0.0,0.0
cc7d03a3a03a3325,0,clean,967,2,1,1.0,True,0.0,0.9,1.0,1.0,0.0,0.0,0.0,0.0
cc7d03a3a03a3325,0,clean,968,2,1,1.0,True,0.0,0.9,1.0,1.0,0.0,0.0,0.0,0.0
cc7d03a3a03a3325,0,clean,969,2,0,-0.1,False,0.0,0.9,0.6200000000000001,0.6200000000000001,0.0,0.0,0.0,0.0
cc7d03a3a03a3325,0,clean,970,1,1,-0.1,False,0.0,0.9,0.8,0.8,0.0,0.0,0.0,0.0
cc7d03a3a03a3325,0,clean,971,2,1,1.0,True,0.0,0.9,1.0,1.0,0.0,0.0,0.0,0.0
cc7d03a3a03a3325,0,clean,972,2,1,1.0,True,0.0,0.9,1.0,1.0,0.0,0.0,0.0,0.0
cc7d03a3a03a3325,0,clean,973,2,1,1.0,True,0.0,0.9,1.0,1.0,0.0,0.0,0.0,0.0
cc7d03a3a03a3325,0,clean,974,2,1,1.0,True,0.0,0.9,1.0,1.0,0.0,0.0,0.0,0.0
cc7d03a3a03a3325,0,clean,975,2,1,1.0,True,0.0,0.9,1.0,1.0,0.0,0.0,0.0,0.0
cc7d03a3a03a3325,0,clean,976,2,1,1.0,True,0.0,0.9,1.0,1.0,0.0,0.0,0.0,0.0
cc7d03a3a03a3325,0,clean,977,2,1,1.0,True,0.0,0.9,1.0,1.0,0.0,0.0,0.0,0.0
cc7d03a3a03a3325,0,clean,978,2,1,1.0,True,0.0,0.9,1.0,1.0,0.0,0.0,0.0,0.0
cc7d03a3a03a3325,0,clean,979,2,1,1.0,True,0.0,0.9,1.0,1.0,0.0,0.0,0.0,0.0
cc7d03a3a03a3325,0,clean,980,2,1,1.0,True,0.0,0.9,1.0,1.0,0.0,0.0,0.0,0.0
cc7d03a3a03a3325,0,clean,981,2,1,1.0,True,0.0,0.9,1.0,1.0,0.0,0.0,0.0,0.0
cc7d03a3a03a3325,0,clean,982,2,1,1.0,True,0.0,0.9,1.0,1.0,0.0,0.0,0.0,0.0
cc7d03a3a03a3325,0,clean,983,2,1,1.0,True,0.0,0.9,1.0,1.0,0.0,0.0,0.0,0.0
cc7d03a3a03a3325,0,clean,984,2,1,1.0,True,0.0,0.9,1.0,1.0,0.0,0.0,0.0,0.0
cc7d03a3a03a3325,0,clean,985,2,1,1.0,True,0.0,0.9,1.0,1.0,0.0,0.0,0.0,0.0
cc7d03a3a03a3325,0,clean,986,2,1,1.0,True,0.0,0.9,1.0,1.0,0.0,0.0,0.0,0.0
cc7d03a3a03a3325,0,clean,987,2,1,1.0,True,0.0,0.9,1.0,1.0,0.0,0.0,0.0,0.0
cc7d03a3a03a3325,0,clean,988,2,1,1.0,True,0.0,0.9,1.0,1.0,0.0,0.0,0.0,0.0
cc7d03a3a03a3325,0,clean,989,2,1,1.0,True,0.0,0.9,1.0,1.0,0.0,0.0,0.0,0.0
cc7d03a3a03a3325,0,clean,990,2,1,1.0,True,0.0,0.9,1.0,1.0,0.0,0.0,0.0,0.0
cc7d03a3a03a3325,0,clean,991,2,1,1.0,True,0.0,0.9,1.0,1.0,0.0,0.0,0.0,0.0
cc7d03a3a03a3325,0,clean,992,2,1,1.0,True,0.0,0.9,1.0,1.0,0.0,0.0,0.0,0.0
cc7d03a3a03a3325,0,clean,993,2,1,1.0,True,0.0,0.9,1.0,1.0,0.0,0.0,0.0,0.0
cc7d03a3a03a3325,0,clean,994,2,1,1.0,True,0.0,0.9,1.0,1.0,0.0,0.0,0.0,0.0
cc7d03a3a03a3325,0,clean,995,2,0,-0.1,False,0.0,0.9,0.6200000000000001,0.6200000000000001,0.0,0.0,0.0,0.0
cc7d03a3a03a3325,0,clean,996,1,1,-0.1,False,0.0,0.9,0.8,0.8,0.0,0.0,0.0,0.0
cc7d03a3a03a3325,0,clean,997,2,1,1.0,True,0.0,0.9,1.0,1.0,0.0,0.0,0.0,0.0
cc7d03a3a03a3325,0,clean,998,2,1,1.0,True,0.0,0.9,1.0,1.0,0.0,0.0,0.0,0.0
cc7d03a3a03a3325,0,clean,999,2,1,1.0,True,0.0,0.9,1.0,1.0,0.0,0.0,0.0,0.0
cc7d03a3a03a3325,0,clean,1000,2,1,1.0,True,0.0,0.9,1.0,1.0,0.0,0.0,0.0,0.0
cc7d03a3a03a3325,0,clean,1001,2,0,-0.1,False,0.0,0.9,0.6200000000000001,0.6200000000000001,0.0,0.0,0.0,0.0
cc7d03a3a03a3325,0,clean,1002,1,1,-0.1,False,0.0,0.9,0.8,0.8,0.0,0.0,0.0,0.0
cc7d03a3a03a3325,0,clean,1003,2,1,1.0,True,0.0,0.9,1.0,1.0,0.0,0.0,0.0,0.0
cc7d03a3a03a3325,0,clean,1004,2,1,1.0,True,0.0,0.9,1.0,1.0,0.0,0.0,0.0,0.0
cc7d03a3a03a3325,0,clean,1005,2,1,1.0,True,0.0,0.9,1.0,1.0,0.0,0.0,0.0,0.0
cc7d03a3a03a3325,0,clean,1006,2,1,1.0,True,0.0,0.9,1.0,1.0,0.0,0.0,0.0,0.0
cc7d03a3a03a3325,0,clean,1007,2,1,1.0,True,0.0,0.9,1.0,1.0,0.0,0.0,0.0,0.0
cc7d03a3a03a3325,0,clean,1008,2,1,1.0,True,0.0,0.9,1.0,1.0,0.0,0.0,0.0,0.0
cc7d03a3a03a3325,0,clean,1009,2,1,1.0,True,0.0,0.9,1.0,1.0,0.0,0.0,0.0,0.0
cc7d03a3a03a3325,0,clean,1010,2,1,1.0,True,0.0,0.9,1.0,1.0,0.0,0.0,0.0,0.0
cc7d03a3a03a3325,0,clean,1011,2,0,-0.1,False,0.0,0.9,0.6200000000000001,0.6200000000000001,0.0,0.0,0.0,0.0
cc7d03a3a03a3325,0,clean,1012,1,0,-0.1,False,0.0,0.9,0.4580000000000002,0.4580000000000002,0.0,0.0,0.0,0.0
cc7d03a3a03a3325,0,clean,1013,0,1,-0.1,False,0.0,0.9,0.6200000000000001,0.6200000000000001,0.0,0.0,0.0,0.0
cc7d03a3a03a3325,0,clean,1014,1,1,-0.1,False,0.0,0.9,0.8,0.8,0.0,0.0,0.0,0.0
cc7d03a3a03a3325,0,clean,1015,2,1,1.0,True,0.0,0.9,1.0,1.0,0.0,0.0,0.0,0.0
cc7d03a3a03a3325,0,clean,1016,2,1,1.0,True,0.0,0.9,1.0,1.0,0.0,0.0,0.0,0.0
cc7d03a3a03a3325,0,clean,1017,2,0,-0.1,False,0.0,0.9,0.6200000000000001,0.6200000000000001,0.0,0.0,0.0,0.0
cc7d03a3a03a3325,0,clean,1018,1,1,-0.1,False,0.0,0.9,0.8,0.8,0.0,0.0,0.0,0.0
cc7d03a3a03a3325,0,clean,1019,2,1,1.0,True,0.0,0.9,1.0,1.0,0.0,0.0,0.0,0.0
cc7d03a3a03a3325,0,clean,1020,2,1,1.0,True,0.0,0.9,1.0,1.0,0.0,0.0,0.0,0.0
cc7d03a3a03a3325,0,clean,1021,2,1,1.0,True,0.0,0.9,1.0,1.0,0.0,0.0,0.0,0.0
cc7d03a3a03a3325,0,clean,1022,2,1,1.0,True,0.0,0.9,1.0,1.0,0.0,0.0,0.0,0.0
cc7d03a3a03a3325,0,clean,1023,2,1,1.0,True,0.0,0.9,1.0,1.0,0.0,0.0,0.0,0.0
cc7d03a3a03a3325,0,clean,1024,2,1,1.0,True,0.0,0.9,1.0,1.0,0.0,0.0,0.0,0.0
cc7d03a3a03a3325,0,clean,1025,2,1,1.0,True,0.0,0.9,1.0,1.0,0.0,0.0,0.0,0.0
cc7d03a3a03a3325,0,clean,1026,2,0,-0.1,False,0.0,0.9,0.6200000000000001,0.6200000000000001,0.0,0.0,0.0,0.0
cc7d03a3a03a3325,0,clean,1027,1,1,-0.1,False,0.0,0.9,0.8,0.8,0.0,0.0,0.0,0.0
cc7d03a3a03a3325,0,clean,1028,2,1,1.0,True,0.0,0.9,1.0,1.0,0.0,0.0,0.0,0.0
cc7d03a3a03a3325,0,clean,1029,2,1,1.0,True,0.0,0.9,1.0,1.0,0.0,0.0,0.0,0.0
cc7d03a3a03a3325,0,clean,1030,2,1,1.0,True,0.0,0.9,1.0,1.0,0.0,0.0,0.0,0.0
cc7d03a3a03a3325,0,clean,1031,2,1,1.0,True,0.0,0.9,1.0,1.0,0.0,0.0,0.0,0.0
cc7d03a3a03a3325,0,clean,1032,2,1,1.0,True,0.0,0.9,1.0,1.0,0.0,0.0,0.0,0.0
cc7d03a3a03a3325,0,clean,1033,2,1,1.0,True,0.0,0.9,1.0,1.0,0.0,0.0,0.0,0.0
cc7d03a3a03a3325,0,clean,1034,2,1,1.0,True,0.0,0.9,1.0,1.0,0.0,0.0,0.0,0.0
cc7d03a3a03a3325,0,clean,1035,2,1,1.0,True,0.0,0.9,1.0,1.0,0.0,0.0,0.0,0.0
cc7d03a3a03a3325,0,clean,1036,2,1,1.0,True,0.0,0.9,1.0,1.0,0.0,0.0,0.0,0.0
cc7d03a3a03a3325,0,clean,1037,2,1,1.0,True,0.0,0.9,1.0,1.0,0.0,0.0,0.0,0.0
cc7d03a3a03a3325,0,clean,1038,2,1,1.0,True,0.0,0.9,1.0,1.0,0.0,0.0,0.0,0.0
cc7d03a3a03a3325,0,clean,1039,2,1,1.0,True,0.0,0.9,1.0,1.0,0.0,0.0,0.0,0.0
cc7d03a3a03a3325,0,clean,1040,2,1,1.0,True,0.0,0.9,1.0,1.0,0.0,0.0,0.0,0.0
cc7d03a3a03a3325,0,clean,1041,2,0,-0.1,False,0.0,0.9,0.6200000000000001,0.6200000000000001,0.0,0.0,0.0,0.0
cc7d03a3a03a3325,0,clean,1042,1,1,-0.1,False,0.0,0.9,0.8,0.8,0.0,0.0,0.0,0.0
cc7d03a3a03a3325,0,clean,1043,2,1,1.0,True,0.0,0.9,1.0,1.0,0.0,0.0,0.0,0.0
cc7d03a3a03a3325,0,clean,1044,2,0,-0.1,False,0.0,0.9,0.6200000000000001,0.6200000000000001,0.0,0.0,0.0,0.0
cc7d03a3a03a3325,0,clean,1045,1,1,-0.1,False,0.0,0.9,0.8,0.8,0.0,0.0,0.0,0.0
cc7d03a3a03a3325,0,clean,1046,2,1,1.0,True,0.0,0.9,1.0,1.0,0.0,0.0,0.0,0.0
cc7d03a3a03a3325,0,clean,1047,2,1,1.0,True,0.0,0.9,1.0,1.0,0.0,0.0,0.0,0.0
cc7d03a3a03a3325,0,clean,1048,2,1,1.0,True,0.0,0.9,1.0,1.0,0.0,0.0,0.0,0.0
cc7d03a3a03a3325,0,clean,1049,2,1,1.0,True,0.0,0.9,1.0,1.0,0.0,0.0,0.0,0.0
cc7d03a3a03a3325,0,clean,1050,2,0,-0.1,False,0.0,0.9,0.6200000000000001,0.6200000000000001,0.0,0.0,0.0,0.0
cc7d03a3a03a3325,0,clean,1051,1,1,-0.1,False,0.0,0.9,0.8,0.8,0.0,0.0,0.0,0.0
cc7d03a3a03a3325,0,clean,1052,2,0,-0.1,False,0.0,0.9,0.6200000000000001,0.6200000000000001,0.0,0.0,0.0,0.0
cc7d03a3a03a3325,0,clean,1053,1,0,-0.1,False,0.0,0.9,0.4580000000000002,0.4580000000000002,0.0,0.0,0.0,0.0
cc7d03a3a03a3325,0,clean,1054,0,1,-0.1,False,0.0,0.9,0.6200000000000001,0.6200000000000001,0.0,0.0,0.0,0.0
cc7d03a3a03a3325,0,clean,1055,1,1,-0.1,False,0.0,0.9,0.8,0.8,0.0,0.0,0.0,0.0
cc7d03a3a03a3325,0,clean,1056,2,1,1.0,True,0.0,0.9,1.0,1.0,0.0,0.0,0.0,0.0
cc7d03a3a03a3325,0,clean,1057,2,1,1.0,True,0.0,0.9,1.0,1.0,0.0,0.0,0.0,0.0
cc7d03a3a03a3325,0,clean,1058,2,1,1.0,True,0.0,0.9,1.0,1.0,0.0,0.0,0.0,0.0
cc7d03a3a03a3325,0,clean,1059,2,1,1.0,True,0.0,0.9,1.0,1.0,0.0,0.0,0.0,0.0
cc7d03a3a03a3325,0,clean,1060,2,1,1.0,True,0.0,0.9,1.0,1.0,0.0,0.0,0.0,0.0
cc7d03a3a03a3325,0,clean,1061,2,1,1.0,True,0.0,0.9,1.0,1.0,0.0,0.0,0.0,0.0
cc7d03a3a03a3325,0,clean,1062,2,1,1.0,True,0.0,0.9,1.0,1.0,0.0,0.0,0.0,0.0
cc7d03a3a03a3325,0,clean,1063,2,1,1.0,True,0.0,0.9,1.0,1.0,0.0,0.0,0.0,0.0
cc7d03a3a03a3325,0,clean,1064,2,1,1.0,True,0.0,0.9,1.0,1.0,0.0,0.0,0.0,0.0
cc7d03a3a03a3325,0,clean,1065,2,1,1.0,True,0.0,0.9,1.0,1.0,0.0,0.0,0.0,0.0
cc7d03a3a03a3325,0,clean,1066,2,1,1.0,True,0.0,0.9,1.0,1.0,0.0,0.0,0.0,0.0
cc7d03a3a03a3325,0,clean,1067,2,0,-0.1,False,0.0,0.9,0.6200000000000001,0.6200000000000001,0.0,0.0,0.0,0.0
cc7d03a3a03a3325,0,clean,1068,1,1,-0.1,False,0.0,0.9,0.8,0.8,0.0,0.0,0.0,0.0
cc7d03a3a03a3325,0,clean,1069,2,1,1.0,True,0.0,0.9,1.0,1.0,0.0,0.0,0.0,0.0
cc7d03a3a03a3325,0,clean,1070,2,1,1.0,True,0.0,0.9,1.0,1.0,0.0,0.0,0.0,0.0
cc7d03a3a03a3325,0,clean,1071,2,1,1.0,True,0.0,0.9,1.0,1.0,0.0,0.0,0.0,0.0
cc7d03a3a03a3325,0,clean,1072,2,1,1.0,True,0.0,0.9,1.0,1.0,0.0,0.0,0.0,0.0
cc7d03a3a03a3325,0,clean,1073,2,1,1.0,True,0.0,0.9,1.0,1.0,0.0,0.0,0.0,0.0
cc7d03a3a03a3325,0,clean,1074,2,1,1.0,True,0.0,0.9,1.0,1.0,0.0,0.0,0.0,0.0
cc7d03a3a03a3325,0,clean,1075,2,1,1.0,True,0.0,0.9,1.0,1.0,0.0,0.0,0.0,0.0
cc7d03a3a03a3325,0,clean,1076,2,1,1.0,True,0.0,0.9,1.0,1.0,0.0,0.0,0.0,0.0
cc7d03a3a03a3325,0,clean,1077,2,1,1.0,True,0.0,0.9,1.0,1.0,0.0,0.0,0.0,0.0
cc7d03a3a03a3325,0,clean,1078,2,1,1.0,True,0.0,0.9,1.0,1.0,0.0,0.0,0.0,0.0
cc7d03a3a03a3325,0,clean,1079,2,1,1.0,True,0.0,0.9,1.0,1.0,0.0,0.0,0.0,0.0
cc7d03a3a03a3325,0,clean,1080,2,0,-0.1,False,0.0,0.9,0.6200000000000001,0.6200000000000001,0.0,0.0,0.0,0.0
cc7d03a3a03a3325,0,clean,1081,1,1,-0.1,False,0.0,0.9,0.8,0.8,0.0,0.0,0.0,0.0
cc7d03a3a03a3325,0,clean,1082,2,0,-0.1,False,0.0,0.9,0.6200000000000001,0.6200000000000001,0.0,0.0,0.0,0.0
cc7d03a3a03a3325,0,clean,1083,1,1,-0.1,False,0.0,0.9,0.8,0.8,0.0,0.0,0.0,0.0
cc7d03a3a03a3325,0,clean,1084,2,0,-0.1,False,0.0,0.9,0.6200000000000001,0.6200000000000001,0.0,0.0,0.0,0.0
cc7d03a3a03a3325,0,clean,1085,1,1,-0.1,False,0.0,0.9,0.8,0.8,0.0,0.0,0.0,0.0
cc7d03a3a03a3325,0,clean,1086,2,1,1.0,True,0.0,0.9,1.0,1.0,0.0,0.0,0.0,0.0
cc7d03a3a03a3325,0,clean,1087,2,1,1.0,True,0.0,0.9,1.0,1.0,0.0,0.0,0.0,0.0
cc7d03a3a03a3325,0,clean,1088,2,1,1.0,True,0.0,0.9,1.0,1.0,0.0,0.0,0.0,0.0
cc7d03a3a03a3325,0,clean,1089,2,1,1.0,True,0.0,0.9,1.0,1.0,0.0,0.0,0.0,0.0
cc7d03a3a03a3325,0,clean,1090,2,1,1.0,True,0.0,0.9,1.0,1.0,0.0,0.0,0.0,0.0
cc7d03a3a03a3325,0,clean,1091,2,1,1.0,True,0.0,0.9,1.0,1.0,0.0,0.0,0.0,0.0
cc7d03a3a03a3325,0,clean,1092,2,1,1.0,True,0.0,0.9,1.0,1.0,0.0,0.0,0.0,0.0
cc7d03a3a03a3325,0,clean,1093,2,0,-0.1,False,0.0,0.9,0.6200000000000001,0.6200000000000001,0.0,0.0,0.0,0.0
cc7d03a3a03a3325,0,clean,1094,1,1,-0.1,False,0.0,0.9,0.8,0.8,0.0,0.0,0.0,0.0
cc7d03a3a03a3325,0,clean,1095,2,1,1.0,True,0.0,0.9,1.0,1.0,0.0,0.0,0.0,0.0
cc7d03a3a03a3325,0,clean,1096,2,1,1.0,True,0.0,0.9,1.0,1.0,0.0,0.0,0.0,0.0
cc7d03a3a03a3325,0,clean,1097,2,1,1.0,True,0.0,0.9,1.0,1.0,0.0,0.0,0.0,0.0
cc7d03a3a03a3325,0,clean,1098,2,1,1.0,True,0.0,0.9,1.0,1.0,0.0,0.0,0.0,0.0
cc7d03a3a03a3325,0,clean,1099,2,1,1.0,True,0.0,0.9,1.0,1.0,0.0,0.0,0.0,0.0
cc7d03a3a03a3325,0,clean,1100,2,1,1.0,True,0.0,0.9,1.0,1.0,0.0,0.0,0.0,0.0
cc7d03a3a03a3325,0,clean,1101,2,1,1.0,True,0.0,0.9,1.0,1.0,0.0,0.0,0.0,0.0
cc7d03a3a03a3325,0,clean,1102,2,1,1.0,True,0.0,0.9,1.0,1.0,0.0,0.0,0.0,0.0
cc7d03a3a03a3325,0,clean,1103,2,0,-0.1,False,0.0,0.9,0.6200000000000001,0.6200000000000001,0.0,0.0,0.0,0.0
cc7d03a3a03a3325,0,clean,1104,1,1,-0.1,False,0.0,0.9,0.8,0.8,0.0,0.0,0.0,0.0
cc7d03a3a03a3325,0,clean,1105,2,1,1.0,True,0.0,0.9,1.0,1.0,0.0,0.0,0.0,0.0
cc7d03a3a03a3325,0,clean,1106,2,1,1.0,True,0.0,0.9,1.0,1.0,0.0,0.0,0.0,0.0
cc7d03a3a03a3325,0,clean,1107,2,0,-0.1,False,0.0,0.9,0.6200000000000001,0.6200000000000001,0.0,0.0,0.0,0.0
cc7d03a3a03a3325,0,clean,1108,1,1,-0.1,False,0.0,0.9,0.8,0.8,0.0,0.0,0.0,0.0
cc7d03a3a03a3325,0,clean,1109,2,0,-0.1,False,0.0,0.9,0.6200000000000001,0.6200000000000001,0.0,0.0,0.0,0.0
cc7d03a3a03a3325,0,clean,1110,1,1,-0.1,False,0.0,0.9,0.8,0.8,0.0,0.0,0.0,0.0
cc7d03a3a03a3325,0,clean,1111,2,0,-0.1,False,0.0,0.9,0.6200000000000001,0.6200000000000001,0.0,0.0,0.0,0.0
cc7d03a3a03a3325,0,clean,1112,1,1,-0.1,False,0.0,0.9,0.8,0.8,0.0,0.0,0.0,0.0
cc7d03a3a03a3325,0,clean,1113,2,1,1.0,True,0.0,0.9,1.0,1.0,0.0,0.0,0.0,0.0
cc7d03a3a03a3325,0,clean,1114,2,1,1.0,True,0.0,0.9,1.0,1.0,0.0,0.0,0.0,0.0
cc7d03a3a03a3325,0,clean,1115,2,1,1.0,True,0.0,0.9,1.0,1.0,0.0,0.0,0.0,0.0
cc7d03a3a03a3325,0,clean,1116,2,1,1.0,True,0.0,0.9,1.0,1.0,0.0,0.0,0.0,0.0
cc7d03a3a03a3325,0,clean,1117,2,1,1.0,True,0.0,0.9,1.0,1.0,0.0,0.0,0.0,0.0
cc7d03a3a03a3325,0,clean,1118,2,1,1.0,True,0.0,0.9,1.0,1.0,0.0,0.0,0.0,0.0
cc7d03a3a03a3325,0,clean,1119,2,1,1.0,True,0.0,0.9,1.0,1.0,0.0,0.0,0.0,0.0
cc7d03a3a03a3325,0,clean,1120,2,1,1.0,True,0.0,0.9,1.0,1.0,0.0,0.0,0.0,0.0
cc7d03a3a03a3325,0,clean,1121,2,1,1.0,True,0.0,0.9,1.0,1.0,0.0,0.0,0.0,0.0
cc7d03a3a03a3325,0,clean,1122,2,0,-0.1,False,0.0,0.9,0.6200000000000001,0.6200000000000001,0.0,0.0,0.0,0.0
cc7d03a3a03a3325,0,clean,1123,1,0,-0.1,False,0.0,0.9,0.4580000000000002,0.4580000000000002,0.0,0.0,0.0,0.0
cc7d03a3a03a3325,0,clean,1124,0,0,-0.1,False,0.0,0.9,0.4580000000000002,0.4580000000000002,0.0,0.0,0.0,0.0
cc7d03a3a03a3325,0,clean,1125,0,1,-0.1,False,0.0,0.9,0.6200000000000001,0.6200000000000001,0.0,0.0,0.0,0.0
cc7d03a3a03a3325,0,clean,1126,1,1,-0.1,False,0.0,0.9,0.8,0.8,0.0,0.0,0.0,0.0
cc7d03a3a03a3325,0,clean,1127,2,1,1.0,True,0.0,0.9,1.0,1.0,0.0,0.0,0.0,0.0
cc7d03a3a03a3325,0,clean,1128,2,1,1.0,True,0.0,0.9,1.0,1.0,0.0,0.0,0.0,0.0
cc7d03a3a03a3325,0,clean,1129,2,1,1.0,True,0.0,0.9,1.0,1.0,0.0,0.0,0.0,0.0
cc7d03a3a03a3325,0,clean,1130,2,0,-0.1,False,0.0,0.9,0.6200000000000001,0.6200000000000001,0.0,0.0,0.0,0.0
cc7d03a3a03a3325,0,clean,1131,1,1,-0.1,False,0.0,0.9,0.8,0.8,0.0,0.0,0.0,0.0
cc7d03a3a03a3325,0,clean,1132,2,0,-0.1,False,0.0,0.9,0.6200000000000001,0.6200000000000001,0.0,0.0,0.0,0.0
cc7d03a3a03a3325,0,clean,1133,1,1,-0.1,False,0.0,0.9,0.8,0.8,0.0,0.0,0.0,0.0
cc7d03a3a03a3325,0,clean,1134,2,0,-0.1,False,0.0,0.9,0.6200000000000001,0.6200000000000001,0.0,0.0,0.0,0.0
cc7d03a3a03a3325,0,clean,1135,1,1,-0.1,False,0.0,0.9,0.8,0.8,0.0,0.0,0.0,0.0
cc7d03a3a03a3325,0,clean,1136,2,1,1.0,True,0.0,0.9,1.0,1.0,0.0,0.0,0.0,0.0
cc7d03a3a03a3325,0,clean,1137,2,1,1.0,True,0.0,0.9,1.0,1.0,0.0,0.0,0.0,0.0
cc7d03a3a03a3325,0,clean,1138,2,1,1.0,True,0.0,0.9,1.0,1.0,0.0,0.0,0.0,0.0
cc7d03a3a03a3325,0,clean,1139,2,1,1.0,True,0.0,0.9,1.0,1.0,0.0,0.0,0.0,0.0
cc7d03a3a03a3325,0,clean,1140,2,1,1.0,True,0.0,0.9,1.0,1.0,0.0,0.0,0.0,0.0
cc7d03a3a03a3325,0,clean,1141,2,1,1.0,True,0.0,0.9,1.0,1.0,0.0,0.0,0.0,0.0
cc7d03a3a03a3325,0,clean,1142,2,1,1.0,True,0.0,0.9,1.0,1.0,0.0,0.0,0.0,0.0
cc7d03a3a03a3325,0,clean,1143,2,1,1.0,True,0.0,0.9,1.0,1.0,0.0,0.0,0.0,0.0
cc7d03a3a03a3325,0,clean,1144,2,1,1.0,True,0.0,0.9,1.0,1.0,0.0,0.0,0.0,0.0
cc7d03a3a03a3325,0,clean,1145,2,1,1.0,True,0.0,0.9,1.0,1.0,0.0,0.0,0.0,0.0
cc7d03a3a03a3325,0,clean,1146,2,1,1.0,True,0.0,0.9,1.0,1.0,0.0,0.0,0.0,0.0
cc7d03a3a03a3325,0,clean,1147,2,1,1.0,True,0.0,0.9,1.0,1.0,0.0,0.0,0.0,0.0
cc7d03a3a03a3325,0,clean,1148,2,1,1.0,True,0.0,0.9,1.0,1.0,0.0,0.0,0.0,0.0
cc7d03a3a03a3325,0,clean,1149,2,0,-0.1,False,0.0,0.9,0.6200000000000001,0.6200000000000001,0.0,0.0,0.0,0.0
cc7d03a3a03a3325,0,clean,1150,1,1,-0.1,False,0.0,0.9,0.8,0.8,0.0,0.0,0.0,0.0
cc7d03a3a03a3325,0,clean,1151,2,1,1.0,True,0.0,0.9,1.0,1.0,0.0,0.0,0.0,0.0
cc7d03a3a03a3325,0,clean,1152,2,1,1.0,True,0.0,0.9,1.0,1.0,0.0,0.0,0.0,0.0
cc7d03a3a03a3325,0,clean,1153,2,1,1.0,True,0.0,0.9,1.0,1.0,0.0,0.0,0.0,0.0
cc7d03a3a03a3325,0,clean,1154,2,1,1.0,True,0.0,0.9,1.0,1.0,0.0,0.0,0.0,0.0
cc7d03a3a03a3325,0,clean,1155,2,0,-0.1,False,0.0,0.9,0.6200000000000001,0.6200000000000001,0.0,0.0,0.0,0.0
cc7d03a3a03a3325,0,clean,1156,1,0,-0.1,False,0.0,0.9,0.4580000000000002,0.4580000000000002,0.0,0.0,0.0,0.0
cc7d03a3a03a3325,0,clean,1157,0,1,-0.1,False,0.0,0.9,0.6200000000000001,0.6200000000000001,0.0,0.0,0.0,0.0
cc7d03a3a03a3325,0,clean,1158,1,0,-0.1,False,0.0,0.9,0.4580000000000002,0.4580000000000002,0.0,0.0,0.0,0.0
cc7d03a3a03a3325,0,clean,1159,0,1,-0.1,False,0.0,0.9,0.6200000000000001,0.6200000000000001,0.0,0.0,0.0,0.0
cc7d03a3a03a3325,0,clean,1160,1,1,-0.1,False,0.0,0.9,0.8,0.8,0.0,0.0,0.0,0.0
cc7d03a3a03a3325,0,clean,1161,2,1,1.0,True,0.0,0.9,1.0,1.0,0.0,0.0,0.0,0.0
cc7d03a3a03a3325,0,clean,1162,2,1,1.0,True,0.0,0.9,1.0,1.0,0.0,0.0,0.0,0.0
cc7d03a3a03a3325,0,clean,1163,2,1,1.0,True,0.0,0.9,1.0,1.0,0.0,0.0,0.0,0.0
cc7d03a3a03a3325,0,clean,1164,2,1,1.0,True,0.0,0.9,1.0,1.0,0.0,0.0,0.0,0.0
cc7d03a3a03a3325,0,clean,1165,2,1,1.0,True,0.0,0.9,1.0,1.0,0.0,0.0,0.0,0.0
cc7d03a3a03a3325,0,clean,1166,2,1,1.0,True,0.0,0.9,1.0,1.0,0.0,0.0,0.0,0.0
cc7d03a3a03a3325,0,clean,1167,2,1,1.0,True,0.0,0.9,1.0,1.0,0.0,0.0,0.0,0.0
cc7d03a3a03a3325,0,clean,1168,2,1,1.0,True,0.0,0.9,1.0,1.0,0.0,0.0,0.0,0.0
cc7d03a3a03a3325,0,clean,1169,2,1,1.0,True,0.0,0.9,1.0,1.0,0.0,0.0,0.0,0.0
cc7d03a3a03a3325,0,clean,1170,2,1,1.0,True,0.0,0.9,1.0,1.0,0.0,0.0,0.0,0.0
cc7d03a3a03a3325,0,clean,1171,2,1,1.0,True,0.0,0.9,1.0,1.0,0.0,0.0,0.0,0.0
cc7d03a3a03a3325,0,clean,1172,2,1,1.0,True,0.0,0.9,1.0,1.0,0.0,0.0,0.0,0.0
cc7d03a3a03a3325,0,clean,1173,2,1,1.0,True,0.0,0.9,1.0,1.0,0.0,0.0,0.0,0.0
cc7d03a3a03a3325,0,clean,1174,2,1,1.0,True,0.0,0.9,1.0,1.0,0.0,0.0,0.0,0.0
cc7d03a3a03a3325,0,clean,1175,2,0,-0.1,False,0.0,0.9,0.6200000000000001,0.6200000000000001,0.0,0.0,0.0,0.0
cc7d03a3a03a3325,0,clean,1176,1,0,-0.1,False,0.0,0.9,0.4580000000000002,0.4580000000000002,0.0,0.0,0.0,0.0
cc7d03a3a03a3325,0,clean,1177,0,1,-0.1,False,0.0,0.9,0.6200000000000001,0.6200000000000001,0.0,0.0,0.0,0.0
cc7d03a3a03a3325,0,clean,1178,1,1,-0.1,False,0.0,0.9,0.8,0.8,0.0,0.0,0.0,0.0
cc7d03a3a03a3325,0,clean,1179,2,1,1.0,True,0.0,0.9,1.0,1.0,0.0,0.0,0.0,0.0
cc7d03a3a03a3325,0,clean,1180,2,1,1.0,True,0.0,0.9,1.0,1.0,0.0,0.0,0.0,0.0
cc7d03a3a03a3325,0,clean,1181,2,1,1.0,True,0.0,0.9,1.0,1.0,0.0,0.0,0.0,0.0
cc7d03a3a03a3325,0,clean,1182,2,1,1.0,True,0.0,0.9,1.0,1.0,0.0,0.0,0.0,0.0
cc7d03a3a03a3325,0,clean,1183,2,1,1.0,True,0.0,0.9,1.0,1.0,0.0,0.0,0.0,0.0
cc7d03a3a03a3325,0,clean,1184,2,1,1.0,True,0.0,0.9,1.0,1.0,0.0,0.0,0.0,0.0
cc7d03a3a03a3325,0,clean,1185,2,1,1.0,True,0.0,0.9,1.0,1.0,0.0,0.0,0.0,0.0
cc7d03a3a03a3325,0,clean,1186,2,1,1.0,True,0.0,0.9,1.0,1.0,0.0,0.0,0.0,0.0
cc7d03a3a03a3325,0,clean,1187,2,1,1.0,True,0.0,0.9,1.0,1.0,0.0,0.0,0.0,0.0
cc7d03a3a03a3325,0,clean,1188,2,1,1.0,True,0.0,0.9,1.0,1.0,0.0,0.0,0.0,0.0
cc7d03a3a03a3325,0,clean,1189,2,0,-0.1,False,0.0,0.9,0.6200000000000001,0.6200000000000001,0.0,0.0,0.0,0.0
cc7d03a3a03a3325,0,clean,1190,1,0,-0.1,False,0.0,0.9,0.4580000000000002,0.4580000000000002,0.0,0.0,0.0,0.0
cc7d03a3a03a3325,0,clean,1191,0,1,-0.1,False,0.0,0.9,0.6200000000000001,0.6200000000000001,0.0,0.0,0.0,0.0
cc7d03a3a03a3325,0,clean,1192,1,1,-0.1,False,0.0,0.9,0.8,0.8,0.0,0.0,0.0,0.0
cc7d03a3a03a3325,0,clean,1193,2,1,1.0,True,0.0,0.9,1.0,1.0,0.0,0.0,0.0,0.0
cc7d03a3a03a3325,0,clean,1194,2,1,1.0,True,0.0,0.9,1.0,1.0,0.0,0.0,0.0,0.0
cc7d03a3a03a3325,0,clean,1195,2,1,1.0,True,0.0,0.9,1.0,1.0,0.0,0.0,0.0,0.0
cc7d03a3a03a3325,0,clean,1196,2,1,1.0,True,0.0,0.9,1.0,1.0,0.0,0.0,0.0,0.0
cc7d03a3a03a3325,0,clean,1197,2,1,1.0,True,0.0,0.9,1.0,1.0,0.0,0.0,0.0,0.0
cc7d03a3a03a3325,0,clean,1198,2,1,1.0,True,0.0,0.9,1.0,1.0,0.0,0.0,0.0,0.0
cc7d03a3a03a3325,0,clean,1199,2,0,-0.1,False,0.0,0.9,0.6200000000000001,0.6200000000000001,0.0,0.0,0.0,0.0
cc7d03a3a03a3325,0,clean,1200,1,1,-0.1,False,0.0,0.9,0.8,0.8,0.0,0.0,0.0,0.0
cc7d03a3a03a3325,0,clean,1201,2,0,-0.1,False,0.0,0.9,0.6200000000000001,0.6200000000000001,0.0,0.0,0.0,0.0
cc7d03a3a03a3325,0,clean,1202,1,1,-0.1,False,0.0,0.9,0.8,0.8,0.0,0.0,0.0,0.0
cc7d03a3a03a3325,0,clean,1203,2,1,1.0,True,0.0,0.9,1.0,1.0,0.0,0.0,0.0,0.0
cc7d03a3a03a3325,0,clean,1204,2,1,1.0,True,0.0,0.9,1.0,1.0,0.0,0.0,0.0,0.0
cc7d03a3a03a3325,0,clean,1205,2,1,1.0,True,0.0,0.9,1.0,1.0,0.0,0.0,0.0,0.0
cc7d03a3a03a3325,0,clean,1206,2,1,1.0,True,0.0,0.9,1.0,1.0,0.0,0.0,0.0,0.0
cc7d03a3a03a3325,0,clean,1207,2,0,-0.1,False,0.0,0.9,0.6200000000000001,0.6200000000000001,0.0,0.0,0.0,0.0
cc7d03a3a03a3325,0,clean,1208,1,1,-0.1,False,0.0,0.9,0.8,0.8,0.0,0.0,0.0,0.0
cc7d03a3a03a3325,0,clean,1209,2,1,1.0,True,0.0,0.9,1.0,1.0,0.0,0.0,0.0,0.0
cc7d03a3a03a3325,0,clean,1210,2,1,1.0,True,0.0,0.9,1.0,1.0,0.0,0.0,0.0,0.0
cc7d03a3a03a3325,0,clean,1211,2,1,1.0,True,0.0,0.9,1.0,1.0,0.0,0.0,0.0,0.0
cc7d03a3a03a3325,0,clean,1212,2,1,1.0,True,0.0,0.9,1.0,1.0,0.0,0.0,0.0,0.0
cc7d03a3a03a3325,0,clean,1213,2,1,1.0,True,0.0,0.9,1.0,1.0,0.0,0.0,0.0,0.0
cc7d03a3a03a3325,0,clean,1214,2,1,1.0,True,0.0,0.9,1.0,1.0,0.0,0.0,0.0,0.0
cc7d03a3a03a3325,0,clean,1215,2,1,1.0,True,0.0,0.9,1.0,1.0,0.0,0.0,0.0,0.0
cc7d03a3a03a3325,0,clean,1216,2,1,1.0,True,0.0,0.9,1.0,1.0,0.0,0.0,0.0,0.0
cc7d03a3a03a3325,0,clean,1217,2,1,1.0,True,0.0,0.9,1.0,1.0,0.0,0.0,0.0,0.0
cc7d03a3a03a3325,0,clean,1218,2,1,1.0,True,0.0,0.9,1.0,1.0,0.0,0.0,0.0,0.0
cc7d03a3a03a3325,0,clean,1219,2,1,1.0,True,0.0,0.9,1.0,1.0,0.0,0.0,0.0,0.0
cc7d03a3a03a3325,0,clean,1220,2,1,1.0,True,0.0,0.9,1.0,1.0,0.0,0.0,0.0,0.0
cc7d03a3a03a3325,0,clean,1221,2,1,1.0,True,0.0,0.9,1.0,1.0,0.0,0.0,0.0,0.0
cc7d03a3a03a3325,0,clean,1222,2,1,1.0,True,0.0,0.9,1.0,1.0,0.0,0.0,0.0,0.0
cc7d03a3a03a3325,0,clean,1223,2,1,1.0,True,0.0,0.9,1.0,1.0,0.0,0.0,0.0,0.0
cc7d03a3a03a3325,0,clean,1224,2,1,1.0,True,0.0,0.9,1.0,1.0,0.0,0.0,0.0,0.0
cc7d03a3a03a3325,0,clean,1225,2,1,1.0,True,0.0,0.9,1.0,1.0,0.0,0.0,0.0,0.0
cc7d03a3a03a3325,0,clean,1226,2,1,1.0,True,0.0,0.9,1.0,1.0,0.0,0.0,0.0,0.0
cc7d03a3a03a3325,0,clean,1227,2,1,1.0,True,0.0,0.9,1.0,1.0,0.0,0.0,0.0,0.0
cc7d03a3a03a3325,0,clean,1228,2,1,1.0,True,0.0,0.9,1.0,1.0,0.0,0.0,0.0,0.0
cc7d03a3a03a3325,0,clean,1229,2,0,-0.1,False,0.0,0.9,0.6200000000000001,0.6200000000000001,0.0,0.0,0.0,0.0
cc7d03a3a03a3325,0,clean,1230,1,1,-0.1,False,0.0,0.9,0.8,0.8,0.0,0.0,0.0,0.0
cc7d03a3a03a3325,0,clean,1231,2,1,1.0,True,0.0,0.9,1.0,1.0,0.0,0.0,0.0,0.0
cc7d03a3a03a3325,0,clean,1232,2,1,1.0,True,0.0,0.9,1.0,1.0,0.0,0.0,0.0,0.0
cc7d03a3a03a3325,0,clean,1233,2,1,1.0,True,0.0,0.9,1.0,1.0,0.0,0.0,0.0,0.0
cc7d03a3a03a3325,0,clean,1234,2,1,1.0,True,0.0,0.9,1.0,1.0,0.0,0.0,0.0,0.0
cc7d03a3a03a3325,0,clean,1235,2,0,-0.1,False,0.0,0.9,0.6200000000000001,0.6200000000000001,0.0,0.0,0.0,0.0
cc7d03a3a03a3325,0,clean,1236,1,0,-0.1,False,0.0,0.9,0.4580000000000002,0.4580000000000002,0.0,0.0,0.0,0.0
cc7d03a3a03a3325,0,clean,1237,0,0,-0.1,False,0.0,0.9,0.4580000000000002,0.4580000000000002,0.0,0.0,0.0,0.0
cc7d03a3a03a3325,0,clean,1238,0,0,-0.1,False,0.0,0.9,0.4580000000000002,0.4580000000000002,0.0,0.0,0.0,0.0
cc7d03a3a03a3325,0,clean,1239,0,1,-0.1,False,0.0,0.9,0.6200000000000001,0.6200000000000001,0.0,0.0,0.0,0.0
cc7d03a3a03a3325,0,clean,1240,1,1,-0.1,False,0.0,0.9,0.8,0.8,0.0,0.0,0.0,0.0
cc7d03a3a03a3325,0,clean,1241,2,1,1.0,True,0.0,0.9,1.0,1.0,0.0,0.0,0.0,0.0
cc7d03a3a03a3325,0,clean,1242,2,1,1.0,True,0.0,0.9,1.0,1.0,0.0,0.0,0.0,0.0
cc7d03a3a03a3325,0,clean,1243,2,0,-0.1,False,0.0,0.9,0.6200000000000001,0.6200000000000001,0.0,0.0,0.0,0.0
cc7d03a3a03a3325,0,clean,1244,1,1,-0.1,False,0.0,0.9,0.8,0.8,0.0,0.0,0.0,0.0
cc7d03a3a03a3325,0,clean,1245,2,0,-0.1,False,0.0,0.9,0.6200000000000001,0.6200000000000001,0.0,0.0,0.0,0.0
cc7d03a3a03a3325,0,clean,1246,1,0,-0.1,False,0.0,0.9,0.4580000000000002,0.4580000000000002,0.0,0.0,0.0,0.0
cc7d03a3a03a3325,0,clean,1247,0,1,-0.1,False,0.0,0.9,0.6200000000000001,0.6200000000000001,0.0,0.0,0.0,0.0
cc7d03a3a03a3325,0,clean,1248,1,0,-0.1,False,0.0,0.9,0.4580000000000002,0.4580000000000002,0.0,0.0,0.0,0.0
cc7d03a3a03a3325,0,clean,1249,0,0,-0.1,False,0.0,0.9,0.4580000000000002,0.4580000000000002,0.0,0.0,0.0,0.0
cc7d03a3a03a3325,0,clean,1250,0,1,-0.1,False,0.0,0.9,0.6200000000000001,0.6200000000000001,0.0,0.0,0.0,0.0
cc7d03a3a03a3325,0,clean,1251,1,1,-0.1,False,0.0,0.9,0.8,0.8,0.0,0.0,0.0,0.0
cc7d03a3a03a3325,0,clean,1252,2,1,1.0,True,0.0,0.9,1.0,1.0,0.0,0.0,0.0,0.0
cc7d03a3a03a3325,0,clean,1253,2,1,1.0,True,0.0,0.9,1.0,1.0,0.0,0.0,0.0,0.0
cc7d03a3a03a3325,0,clean,1254,2,1,1.0,True,0.0,0.9,1.0,1.0,0.0,0.0,0.0,0.0
cc7d03a3a03a3325,0,clean,1255,2,1,1.0,True,0.0,0.9,1.0,1.0,0.0,0.0,0.0,0.0
cc7d03a3a03a3325,0,clean,1256,2,1,1.0,True,0.0,0.9,1.0,1.0,0.0,0.0,0.0,0.0
cc7d03a3a03a3325,0,clean,1257,2,1,1.0,True,0.0,0.9,1.0,1.0,0.0,0.0,0.0,0.0
cc7d03a3a03a3325,0,clean,1258,2,1,1.0,True,0.0,0.9,1.0,1.0,0.0,0.0,0.0,0.0
cc7d03a3a03a3325,0,clean,1259,2,1,1.0,True,0.0,0.9,1.0,1.0,0.0,0.0,0.0,0.0
cc7d03a3a03a3325,0,clean,1260,2,0,-0.1,False,0.0,0.9,0.6200000000000001,0.6200000000000001,0.0,0.0,0.0,0.0
cc7d03a3a03a3325,0,clean,1261,1,1,-0.1,False,0.0,0.9,0.8,0.8,0.0,0.0,0.0,0.0
cc7d03a3a03a3325,0,clean,1262,2,1,1.0,True,0.0,0.9,1.0,1.0,0.0,0.0,0.0,0.0
cc7d03a3a03a3325,0,clean,1263,2,1,1.0,True,0.0,0.9,1.0,1.0,0.0,0.0,0.0,0.0
cc7d03a3a03a3325,0,clean,1264,2,0,-0.1,False,0.0,0.9,0.6200000000000001,0.6200000000000001,0.0,0.0,0.0,0.0
cc7d03a3a03a3325,0,clean,1265,1,1,-0.1,False,0.0,0.9,0.8,0.8,0.0,0.0,0.0,0.0
cc7d03a3a03a3325,0,clean,1266,2,0,-0.1,False,0.0,0.9,0.6200000000000001,0.6200000000000001,0.0,0.0,0.0,0.0
cc7d03a3a03a3325,0,clean,1267,1,1,-0.1,False,0.0,0.9,0.8,0.8,0.0,0.0,0.0,0.0
cc7d03a3a03a3325,0,clean,1268,2,1,1.0,True,0.0,0.9,1.0,1.0,0.0,0.0,0.0,0.0
cc7d03a3a03a3325,0,clean,1269,2,1,1.0,True,0.0,0.9,1.0,1.0,0.0,0.0,0.0,0.0
cc7d03a3a03a3325,0,clean,1270,2,1,1.0,True,0.0,0.9,1.0,1.0,0.0,0.0,0.0,0.0
cc7d03a3a03a3325,0,clean,1271,2,1,1.0,True,0.0,0.9,1.0,1.0,0.0,0.0,0.0,0.0
cc7d03a3a03a3325,0,clean,1272,2,1,1.0,True,0.0,0.9,1.0,1.0,0.0,0.0,0.0,0.0
cc7d03a3a03a3325,0,clean,1273,2,1,1.0,True,0.0,0.9,1.0,1.0,0.0,0.0,0.0,0.0
cc7d03a3a03a3325,0,clean,1274,2,1,1.0,True,0.0,0.9,1.0,1.0,0.0,0.0,0.0,0.0
cc7d03a3a03a3325,0,clean,1275,2,1,1.0,True,0.0,0.9,1.0,1.0,0.0,0.0,0.0,0.0
cc7d03a3a03a3325,0,clean,1276,2,1,1.0,True,0.0,0.9,1.0,1.0,0.0,0.0,0.0,0.0
cc7d03a3a03a3325,0,clean,1277,2,1,1.0,True,0.0,0.9,1.0,1.0,0.0,0.0,0.0,0.0
cc7d03a3a03a3325,0,clean,1278,2,1,1.0,True,0.0,0.9,1.0,1.0,0.0,0.0,0.0,0.0
cc7d03a3a03a3325,0,clean,1279,2,1,1.0,True,0.0,0.9,1.0,1.0,0.0,0.0,0.0,0.0
cc7d03a3a03a3325,0,clean,1280,2,1,1.0,True,0.0,0.9,1.0,1.0,0.0,0.0,0.0,0.0
cc7d03a3a03a3325,0,clean,1281,2,1,1.0,True,0.0,0.9,1.0,1.0,0.0,0.0,0.0,0.0
cc7d03a3a03a3325,0,clean,1282,2,1,1.0,True,0.0,0.9,1.0,1.0,0.0,0.0,0.0,0.0
cc7d03a3a03a3325,0,clean,1283,2,1,1.0,True,0.0,0.9,1.0,1.0,0.0,0.0,0.0,0.0
cc7d03a3a03a3325,0,clean,1284,2,0,-0.1,False,0.0,0.9,0.6200000000000001,0.6200000000000001,0.0,0.0,0.0,0.0
cc7d03a3a03a3325,0,clean,1285,1,1,-0.1,False,0.0,0.9,0.8,0.8,0.0,0.0,0.0,0.0
cc7d03a3a03a3325,0,clean,1286,2,1,1.0,True,0.0,0.9,1.0,1.0,0.0,0.0,0.0,0.0
cc7d03a3a03a3325,0,clean,1287,2,1,1.0,True,0.0,0.9,1.0,1.0,0.0,0.0,0.0,0.0
cc7d03a3a03a3325,0,clean,1288,2,1,1.0,True,0.0,0.9,1.0,1.0,0.0,0.0,0.0,0.0
cc7d03a3a03a3325,0,clean,1289,2,1,1.0,True,0.0,0.9,1.0,1.0,0.0,0.0,0.0,0.0
cc7d03a3a03a3325,0,clean,1290,2,1,1.0,True,0.0,0.9,1.0,1.0,0.0,0.0,0.0,0.0
cc7d03a3a03a3325,0,clean,1291,2,0,-0.1,False,0.0,0.9,0.6200000000000001,0.6200000000000001,0.0,0.0,0.0,0.0
cc7d03a3a03a3325,0,clean,1292,1,1,-0.1,False,0.0,0.9,0.8,0.8,0.0,0.0,0.0,0.0
cc7d03a3a03a3325,0,clean,1293,2,1,1.0,True,0.0,0.9,1.0,1.0,0.0,0.0,0.0,0.0
cc7d03a3a03a3325,0,clean,1294,2,1,1.0,True,0.0,0.9,1.0,1.0,0.0,0.0,0.0,0.0
cc7d03a3a03a3325,0,clean,1295,2,0,-0.1,False,0.0,0.9,0.6200000000000001,0.6200000000000001,0.0,0.0,0.0,0.0
cc7d03a3a03a3325,0,clean,1296,1,1,-0.1,False,0.0,0.9,0.8,0.8,0.0,0.0,0.0,0.0
cc7d03a3a03a3325,0,clean,1297,2,1,1.0,True,0.0,0.9,1.0,1.0,0.0,0.0,0.0,0.0
cc7d03a3a03a3325,0,clean,1298,2,1,1.0,True,0.0,0.9,1.0,1.0,0.0,0.0,0.0,0.0
cc7d03a3a03a3325,0,clean,1299,2,1,1.0,True,0.0,0.9,1.0,1.0,0.0,0.0,0.0,0.0
cc7d03a3a03a3325,0,clean,1300,2,1,1.0,True,0.0,0.9,1.0,1.0,0.0,0.0,0.0,0.0
cc7d03a3a03a3325,0,clean,1301,2,1,1.0,True,0.0,0.9,1.0,1.0,0.0,0.0,0.0,0.0
cc7d03a3a03a3325,0,clean,1302,2,1,1.0,True,0.0,0.9,1.0,1.0,0.0,0.0,0.0,0.0
cc7d03a3a03a3325,0,clean,1303,2,0,-0.1,False,0.0,0.9,0.6200000000000001,0.6200000000000001,0.0,0.0,0.0,0.0
cc7d03a3a03a3325,0,clean,1304,1,1,-0.1,False,0.0,0.9,0.8,0.8,0.0,0.0,0.0,0.0
cc7d03a3a03a3325,0,clean,1305,2,1,1.0,True,0.0,0.9,1.0,1.0,0.0,0.0,0.0,0.0
cc7d03a3a03a3325,0,clean,1306,2,1,1.0,True,0.0,0.9,1.0,1.0,0.0,0.0,0.0,0.0
cc7d03a3a03a3325,0,clean,1307,2,1,1.0,True,0.0,0.9,1.0,1.0,0.0,0.0,0.0,0.0
cc7d03a3a03a3325,0,clean,1308,2,0,-0.1,False,0.0,0.9,0.6200000000000001,0.6200000000000001,0.0,0.0,0.0,0.0
cc7d03a3a03a3325,0,clean,1309,1,1,-0.1,False,0.0,0.9,0.8,0.8,0.0,0.0,0.0,0.0
cc7d03a3a03a3325,0,clean,1310,2,0,-0.1,False,0.0,0.9,0.6200000000000001,0.6200000000000001,0.0,0.0,0.0,0.0
cc7d03a3a03a3325,0,clean,1311,1,1,-0.1,False,0.0,0.9,0.8,0.8,0.0,0.0,0.0,0.0
cc7d03a3a03a3325,0,clean,1312,2,1,1.0,True,0.0,0.9,1.0,1.0,0.0,0.0,0.0,0.0
cc7d03a3a03a3325,0,clean,1313,2,1,1.0,True,0.0,0.9,1.0,1.0,0.0,0.0,0.0,0.0
cc7d03a3a03a3325,0,clean,1314,2,1,1.0,True,0.0,0.9,1.0,1.0,0.0,0.0,0.0,0.0
cc7d03a3a03a3325,0,clean,1315,2,1,1.0,True,0.0,0.9,1.0,1.0,0.0,0.0,0.0,0.0
cc7d03a3a03a3325,0,clean,1316,2,1,1.0,True,0.0,0.9,1.0,1.0,0.0,0.0,0.0,0.0
cc7d03a3a03a3325,0,clean,1317,2,1,1.0,True,0.0,0.9,1.0,1.0,0.0,0.0,0.0,0.0
cc7d03a3a03a3325,0,clean,1318,2,0,-0.1,False,0.0,0.9,0.6200000000000001,0.6200000000000001,0.0,0.0,0.0,0.0
cc7d03a3a03a3325,0,clean,1319,1,1,-0.1,False,0.0,0.9,0.8,0.8,0.0,0.0,0.0,0.0
cc7d03a3a03a3325,0,clean,1320,2,1,1.0,True,0.0,0.9,1.0,1.0,0.0,0.0,0.0,0.0
cc7d03a3a03a3325,0,clean,1321,2,1,1.0,True,0.0,0.9,1.0,1.0,0.0,0.0,0.0,0.0
cc7d03a3a03a3325,0,clean,1322,2,1,1.0,True,0.0,0.9,1.0,1.0,0.0,0.0,0.0,0.0
cc7d03a3a03a3325,0,clean,1323,2,1,1.0,True,0.0,0.9,1.0,1.0,0.0,0.0,0.0,0.0
cc7d03a3a03a3325,0,clean,1324,2,0,-0.1,False,0.0,0.9,0.6200000000000001,0.6200000000000001,0.0,0.0,0.0,0.0
cc7d03a3a03a3325,0,clean,1325,1,1,-0.1,False,0.0,0.9,0.8,0.8,0.0,0.0,0.0,0.0
cc7d03a3a03a3325,0,clean,1326,2,1,1.0,True,0.0,0.9,1.0,1.0,0.0,0.0,0.0,0.0
cc7d03a3a03a3325,0,clean,1327,2,1,1.0,True,0.0,0.9,1.0,1.0,0.0,0.0,0.0,0.0
cc7d03a3a03a3325,0,clean,1328,2,1,1.0,True,0.0,0.9,1.0,1.0,0.0,0.0,0.0,0.0
cc7d03a3a03a3325,0,clean,1329,2,1,1.0,True,0.0,0.9,1.0,1.0,0.0,0.0,0.0,0.0
cc7d03a3a03a3325,0,clean,1330,2,1,1.0,True,0.0,0.9,1.0,1.0,0.0,0.0,0.0,0.0
cc7d03a3a03a3325,0,clean,1331,2,1,1.0,True,0.0,0.9,1.0,1.0,0.0,0.0,0.0,0.0
cc7d03a3a03a3325,0,clean,1332,2,1,1.0,True,0.0,0.9,1.0,1.0,0.0,0.0,0.0,0.0
cc7d03a3a03a3325,0,clean,1333,2,1,1.0,True,0.0,0.9,1.0,1.0,0.0,0.0,0.0,0.0
cc7d03a3a03a3325,0,clean,1334,2,1,1.0,True,0.0,0.9,1.0,1.0,0.0,0.0,0.0,0.0
cc7d03a3a03a3325,0,clean,1335,2,0,-0.1,False,0.0,0.9,0.6200000000000001,0.6200000000000001,0.0,0.0,0.0,0.0
cc7d03a3a03a3325,0,clean,1336,1,1,-0.1,False,0.0,0.9,0.8,0.8,0.0,0.0,0.0,0.0
cc7d03a3a03a3325,0,clean,1337,2,1,1.0,True,0.0,0.9,1.0,1.0,0.0,0.0,0.0,0.0
cc7d03a3a03a3325,0,clean,1338,2,1,1.0,True,0.0,0.9,1.0,1.0,0.0,0.0,0.0,0.0
cc7d03a3a03a3325,0,clean,1339,2,1,1.0,True,0.0,0.9,1.0,1.0,0.0,0.0,0.0,0.0
cc7d03a3a03a3325,0,clean,1340,2,1,1.0,True,0.0,0.9,1.0,1.0,0.0,0.0,0.0,0.0
cc7d03a3a03a3325,0,clean,1341,2,1,1.0,True,0.0,0.9,1.0,1.0,0.0,0.0,0.0,0.0
cc7d03a3a03a3325,0,clean,1342,2,0,-0.1,False,0.0,0.9,0.6200000000000001,0.6200000000000001,0.0,0.0,0.0,0.0
cc7d03a3a03a3325,0,clean,1343,1,1,-0.1,False,0.0,0.9,0.8,0.8,0.0,0.0,0.0,0.0
cc7d03a3a03a3325,0,clean,1344,2,1,1.0,True,0.0,0.9,1.0,1.0,0.0,0.0,0.0,0.0
cc7d03a3a03a3325,0,clean,1345,2,0,-0.1,False,0.0,0.9,0.6200000000000001,0.6200000000000001,0.0,0.0,0.0,0.0
cc7d03a3a03a3325,0,clean,1346,1,1,-0.1,False,0.0,0.9,0.8,0.8,0.0,0.0,0.0,0.0
cc7d03a3a03a3325,0,clean,1347,2,1,1.0,True,0.0,0.9,1.0,1.0,0.0,0.0,0.0,0.0
cc7d03a3a03a3325,0,clean,1348,2,1,1.0,True,0.0,0.9,1.0,1.0,0.0,0.0,0.0,0.0
cc7d03a3a03a3325,0,clean,1349,2,1,1.0,True,0.0,0.9,1.0,1.0,0.0,0.0,0.0,0.0
cc7d03a3a03a3325,0,clean,1350,2,1,1.0,True,0.0,0.9,1.0,1.0,0.0,0.0,0.0,0.0
cc7d03a3a03a3325,0,clean,1351,2,1,1.0,True,0.0,0.9,1.0,1.0,0.0,0.0,0.0,0.0
cc7d03a3a03a3325,0,clean,1352,2,1,1.0,True,0.0,0.9,1.0,1.0,0.0,0.0,0.0,0.0
cc7d03a3a03a3325,0,clean,1353,2,1,1.0,True,0.0,0.9,1.0,1.0,0.0,0.0,0.0,0.0
cc7d03a3a03a3325,0,clean,1354,2,1,1.0,True,0.0,0.9,1.0,1.0,0.0,0.0,0.0,0.0
cc7d03a3a03a3325,0,clean,1355,2,0,-0.1,False,0.0,0.9,0.6200000000000001,0.6200000000000001,0.0,0.0,0.0,0.0
cc7d03a3a03a3325,0,clean,1356,1,1,-0.1,False,0.0,0.9,0.8,0.8,0.0,0.0,0.0,0.0
cc7d03a3a03a3325,0,clean,1357,2,1,1.0,True,0.0,0.9,1.0,1.0,0.0,0.0,0.0,0.0
cc7d03a3a03a3325,0,clean,1358,2,1,1.0,True,0.0,0.9,1.0,1.0,0.0,0.0,0.0,0.0
cc7d03a3a03a3325,0,clean,1359,2,1,1.0,True,0.0,0.9,1.0,1.0,0.0,0.0,0.0,0.0
cc7d03a3a03a3325,0,clean,1360,2,1,1.0,True,0.0,0.9,1.0,1.0,0.0,0.0,0.0,0.0
cc7d03a3a03a3325,0,clean,1361,2,1,1.0,True,0.0,0.9,1.0,1.0,0.0,0.0,0.0,0.0
cc7d03a3a03a3325,0,clean,1362,2,1,1.0,True,0.0,0.9,1.0,1.0,0.0,0.0,0.0,0.0
cc7d03a3a03a3325,0,clean,1363,2,1,1.0,True,0.0,0.9,1.0,1.0,0.0,0.0,0.0,0.0
cc7d03a3a03a3325,0,clean,1364,2,0,-0.1,False,0.0,0.9,0.6200000000000001,0.6200000000000001,0.0,0.0,0.0,0.0
cc7d03a3a03a3325,0,clean,1365,1,1,-0.1,False,0.0,0.9,0.8,0.8,0.0,0.0,0.0,0.0
cc7d03a3a03a3325,0,clean,1366,2,1,1.0,True,0.0,0.9,1.0,1.0,0.0,0.0,0.0,0.0
cc7d03a3a03a3325,0,clean,1367,2,1,1.0,True,0.0,0.9,1.0,1.0,0.0,0.0,0.0,0.0
cc7d03a3a03a3325,0,clean,1368,2,1,1.0,True,0.0,0.9,1.0,1.0,0.0,0.0,0.0,0.0
cc7d03a3a03a3325,0,clean,1369,2,1,1.0,True,0.0,0.9,1.0,1.0,0.0,0.0,0.0,0.0
cc7d03a3a03a3325,0,clean,1370,2,1,1.0,True,0.0,0.9,1.0,1.0,0.0,0.0,0.0,0.0
cc7d03a3a03a3325,0,clean,1371,2,1,1.0,True,0.0,0.9,1.0,1.0,0.0,0.0,0.0,0.0
cc7d03a3a03a3325,0,clean,1372,2,0,-0.1,False,0.0,0.9,0.6200000000000001,0.6200000000000001,0.0,0.0,0.0,0.0
cc7d03a3a03a3325,0,clean,1373,1,1,-0.1,False,0.0,0.9,0.8,0.8,0.0,0.0,0.0,0.0
cc7d03a3a03a3325,0,clean,1374,2,1,1.0,True,0.0,0.9,1.0,1.0,0.0,0.0,0.0,0.0
cc7d03a3a03a3325,0,clean,1375,2,1,1.0,True,0.0,0.9,1.0,1.0,0.0,0.0,0.0,0.0
cc7d03a3a03a3325,0,clean,1376,2,0,-0.1,False,0.0,0.9,0.6200000000000001,0.6200000000000001,0.0,0.0,0.0,0.0
cc7d03a3a03a3325,0,clean,1377,1,1,-0.1,False,0.0,0.9,0.8,0.8,0.0,0.0,0.0,0.0
cc7d03a3a03a3325,0,clean,1378,2,1,1.0,True,0.0,0.9,1.0,1.0,0.0,0.0,0.0,0.0
cc7d03a3a03a3325,0,clean,1379,2,1,1.0,True,0.0,0.9,1.0,1.0,0.0,0.0,0.0,0.0
cc7d03a3a03a3325,0,clean,1380,2,1,1.0,True,0.0,0.9,1.0,1.0,0.0,0.0,0.0,0.0
cc7d03a3a03a3325,0,clean,1381,2,1,1.0,True,0.0,0.9,1.0,1.0,0.0,0.0,0.0,0.0
cc7d03a3a03a3325,0,clean,1382,2,1,1.0,True,0.0,0.9,1.0,1.0,0.0,0.0,0.0,0.0
cc7d03a3a03a3325,0,clean,1383,2,1,1.0,True,0.0,0.9,1.0,1.0,0.0,0.0,0.0,0.0
cc7d03a3a03a3325,0,clean,1384,2,1,1.0,True,0.0,0.9,1.0,1.0,0.0,0.0,0.0,0.0
cc7d03a3a03a3325,0,clean,1385,2,1,1.0,True,0.0,0.9,1.0,1.0,0.0,0.0,0.0,0.0
cc7d03a3a03a3325,0,clean,1386,2,1,1.0,True,0.0,0.9,1.0,1.0,0.0,0.0,0.0,0.0
cc7d03a3a03a3325,0,clean,1387,2,1,1.0,True,0.0,0.9,1.0,1.0,0.0,0.0,0.0,0.0
cc7d03a3a03a3325,0,clean,1388,2,1,1.0,True,0.0,0.9,1.0,1.0,0.0,0.0,0.0,0.0
cc7d03a3a03a3325,0,clean,1389,2,1,1.0,True,0.0,0.9,1.0,1.0,0.0,0.0,0.0,0.0
cc7d03a3a03a3325,0,clean,1390,2,1,1.0,True,0.0,0.9,1.0,1.0,0.0,0.0,0.0,0.0
cc7d03a3a03a3325,0,clean,1391,2,1,1.0,True,0.0,0.9,1.0,1.0,0.0,0.0,0.0,0.0
cc7d03a3a03a3325,0,clean,1392,2,1,1.0,True,0.0,0.9,1.0,1.0,0.0,0.0,0.0,0.0
cc7d03a3a03a3325,0,clean,1393,2,1,1.0,True,0.0,0.9,1.0,1.0,0.0,0.0,0.0,0.0
cc7d03a3a03a3325,0,clean,1394,2,1,1.0,True,0.0,0.9,1.0,1.0,0.0,0.0,0.0,0.0
cc7d03a3a03a3325,0,clean,1395,2,1,1.0,True,0.0,0.9,1.0,1.0,0.0,0.0,0.0,0.0
cc7d03a3a03a3325,0,clean,1396,2,1,1.0,True,0.0,0.9,1.0,1.0,0.0,0.0,0.0,0.0
cc7d03a3a03a3325,0,clean,1397,2,1,1.0,True,0.0,0.9,1.0,1.0,0.0,0.0,0.0,0.0
cc7d03a3a03a3325,0,clean,1398,2,1,1.0,True,0.0,0.9,1.0,1.0,0.0,0.0,0.0,0.0
cc7d03a3a03a3325,0,clean,1399,2,1,1.0,True,0.0,0.9,1.0,1.0,0.0,0.0,0.0,0.0
cc7d03a3a03a3325,0,clean,1400,2,1,1.0,True,0.0,0.9,1.0,1.0,0.0,0.0,0.0,0.0
cc7d03a3a03a3325,0,clean,1401,2,1,1.0,True,0.0,0.9,1.0,1.0,0.0,0.0,0.0,0.0
cc7d03a3a03a3325,0,clean,1402,2,1,1.0,True,0.0,0.9,1.0,1.0,0.0,0.0,0.0,0.0
cc7d03a3a03a3325,0,clean,1403,2,1,1.0,True,0.0,0.9,1.0,1.0,0.0,0.0,0.0,0.0
cc7d03a3a03a3325,0,clean,1404,2,1,1.0,True,0.0,0.9,1.0,1.0,0.0,0.0,0.0,0.0
cc7d03a3a03a3325,0,clean,1405,2,1,1.0,True,0.0,0.9,1.0,1.0,0.0,0.0,0.0,0.0
cc7d03a3a03a3325,0,clean,1406,2,1,1.0,True,0.0,0.9,1.0,1.0,0.0,0.0,0.0,0.0
cc7d03a3a03a3325,0,clean,1407,2,1,1.0,True,0.0,0.9,1.0,1.0,0.0,0.0,0.0,0.0
cc7d03a3a03a3325,0,clean,1408,2,1,1.0,True,0.0,0.9,1.0,1.0,0.0,0.0,0.0,0.0
cc7d03a3a03a3325,0,clean,1409,2,1,1.0,True,0.0,0.9,1.0,1.0,0.0,0.0,0.0,0.0
cc7d03a3a03a3325,0,clean,1410,2,0,-0.1,False,0.0,0.9,0.6200000000000001,0.6200000000000001,0.0,0.0,0.0,0.0
cc7d03a3a03a3325,0,clean,1411,1,1,-0.1,False,0.0,0.9,0.8,0.8,0.0,0.0,0.0,0.0
cc7d03a3a03a3325,0,clean,1412,2,1,1.0,True,0.0,0.9,1.0,1.0,0.0,0.0,0.0,0.0
cc7d03a3a03a3325,0,clean,1413,2,0,-0.1,False,0.0,0.9,0.6200000000000001,0.6200000000000001,0.0,0.0,0.0,0.0
cc7d03a3a03a3325,0,clean,1414,1,1,-0.1,False,0.0,0.9,0.8,0.8,0.0,0.0,0.0,0.0
cc7d03a3a03a3325,0,clean,1415,2,1,1.0,True,0.0,0.9,1.0,1.0,0.0,0.0,0.0,0.0
cc7d03a3a03a3325,0,clean,1416,2,1,1.0,True,0.0,0.9,1.0,1.0,0.0,0.0,0.0,0.0
cc7d03a3a03a3325,0,clean,1417,2,1,1.0,True,0.0,0.9,1.0,1.0,0.0,0.0,0.0,0.0
cc7d03a3a03a3325,0,clean,1418,2,0,-0.1,False,0.0,0.9,0.6200000000000001,0.6200000000000001,0.0,0.0,0.0,0.0
cc7d03a3a03a3325,0,clean,1419,1,1,-0.1,False,0.0,0.9,0.8,0.8,0.0,0.0,0.0,0.0
cc7d03a3a03a3325,0,clean,1420,2,1,1.0,True,0.0,0.9,1.0,1.0,0.0,0.0,0.0,0.0
cc7d03a3a03a3325,0,clean,1421,2,1,1.0,True,0.0,0.9,1.0,1.0,0.0,0.0,0.0,0.0
cc7d03a3a03a3325,0,clean,1422,2,1,1.0,True,0.0,0.9,1.0,1.0,0.0,0.0,0.0,0.0
cc7d03a3a03a3325,0,clean,1423,2,1,1.0,True,0.0,0.9,1.0,1.0,0.0,0.0,0.0,0.0
cc7d03a3a03a3325,0,clean,1424,2,1,1.0,True,0.0,0.9,1.0,1.0,0.0,0.0,0.0,0.0
cc7d03a3a03a3325,0,clean,1425,2,1,1.0,True,0.0,0.9,1.0,1.0,0.0,0.0,0.0,0.0
cc7d03a3a03a3325,0,clean,1426,2,1,1.0,True,0.0,0.9,1.0,1.0,0.0,0.0,0.0,0.0
cc7d03a3a03a3325,0,clean,1427,2,0,-0.1,False,0.0,0.9,0.6200000000000001,0.6200000000000001,0.0,0.0,0.0,0.0
cc7d03a3a03a3325,0,clean,1428,1,1,-0.1,False,0.0,0.9,0.8,0.8,0.0,0.0,0.0,0.0
cc7d03a3a03a3325,0,clean,1429,2,1,1.0,True,0.0,0.9,1.0,1.0,0.0,0.0,0.0,0.0
cc7d03a3a03a3325,0,clean,1430,2,1,1.0,True,0.0,0.9,1.0,1.0,0.0,0.0,0.0,0.0
cc7d03a3a03a3325,0,clean,1431,2,1,1.0,True,0.0,0.9,1.0,1.0,0.0,0.0,0.0,0.0
cc7d03a3a03a3325,0,clean,1432,2,1,1.0,True,0.0,0.9,1.0,1.0,0.0,0.0,0.0,0.0
cc7d03a3a03a3325,0,clean,1433,2,1,1.0,True,0.0,0.9,1.0,1.0,0.0,0.0,0.0,0.0
cc7d03a3a03a3325,0,clean,1434,2,1,1.0,True,0.0,0.9,1.0,1.0,0.0,0.0,0.0,0.0
cc7d03a3a03a3325,0,clean,1435,2,1,1.0,True,0.0,0.9,1.0,1.0,0.0,0.0,0.0,0.0
cc7d03a3a03a3325,0,clean,1436,2,1,1.0,True,0.0,0.9,1.0,1.0,0.0,0.0,0.0,0.0
cc7d03a3a03a3325,0,clean,1437,2,0,-0.1,False,0.0,0.9,0.6200000000000001,0.6200000000000001,0.0,0.0,0.0,0.0
cc7d03a3a03a3325,0,clean,1438,1,1,-0.1,False,0.0,0.9,0.8,0.8,0.0,0.0,0.0,0.0
cc7d03a3a03a3325,0,clean,1439,2,1,1.0,True,0.0,0.9,1.0,1.0,0.0,0.0,0.0,0.0
cc7d03a3a03a3325,0,clean,1440,2,0,-0.1,False,0.0,0.9,0.6200000000000001,0.6200000000000001,0.0,0.0,0.0,0.0
cc7d03a3a03a3325,0,clean,1441,1,1,-0.1,False,0.0,0.9,0.8,0.8,0.0,0.0,0.0,0.0
cc7d03a3a03a3325,0,clean,1442,2,1,1.0,True,0.0,0.9,1.0,1.0,0.0,0.0,0.0,0.0
cc7d03a3a03a3325,0,clean,1443,2,1,1.0,True,0.0,0.9,1.0,1.0,0.0,0.0,0.0,0.0
cc7d03a3a03a3325,0,clean,1444,2,1,1.0,True,0.0,0.9,1.0,1.0,0.0,0.0,0.0,0.0
cc7d03a3a03a3325,0,clean,1445,2,1,1.0,True,0.0,0.9,1.0,1.0,0.0,0.0,0.0,0.0
cc7d03a3a03a3325,0,clean,1446,2,1,1.0,True,0.0,0.9,1.0,1.0,0.0,0.0,0.0,0.0
cc7d03a3a03a3325,0,clean,1447,2,1,1.0,True,0.0,0.9,1.0,1.0,0.0,0.0,0.0,0.0
cc7d03a3a03a3325,0,clean,1448,2,1,1.0,True,0.0,0.9,1.0,1.0,0.0,0.0,0.0,0.0
cc7d03a3a03a3325,0,clean,1449,2,1,1.0,True,0.0,0.9,1.0,1.0,0.0,0.0,0.0,0.0
cc7d03a3a03a3325,0,clean,1450,2,1,1.0,True,0.0,0.9,1.0,1.0,0.0,0.0,0.0,0.0
cc7d03a3a03a3325,0,clean,1451,2,0,-0.1,False,0.0,0.9,0.6200000000000001,0.6200000000000001,0.0,0.0,0.0,0.0
cc7d03a3a03a3325,0,clean,1452,1,1,-0.1,False,0.0,0.9,0.8,0.8,0.0,0.0,0.0,0.0
cc7d03a3a03a3325,0,clean,1453,2,1,1.0,True,0.0,0.9,1.0,1.0,0.0,0.0,0.0,0.0
cc7d03a3a03a3325,0,clean,1454,2,1,1.0,True,0.0,0.9,1.0,1.0,0.0,0.0,0.0,0.0
cc7d03a3a03a3325,0,clean,1455,2,0,-0.1,False,0.0,0.9,0.6200000000000001,0.6200000000000001,0.0,0.0,0.0,0.0
cc7d03a3a03a3325,0,clean,1456,1,1,-0.1,False,0.0,0.9,0.8,0.8,0.0,0.0,0.0,0.0
cc7d03a3a03a3325,0,clean,1457,2,1,1.0,True,0.0,0.9,1.0,1.0,0.0,0.0,0.0,0.0
cc7d03a3a03a3325,0,clean,1458,2,1,1.0,True,0.0,0.9,1.0,1.0,0.0,0.0,0.0,0.0
cc7d03a3a03a3325,0,clean,1459,2,1,1.0,True,0.0,0.9,1.0,1.0,0.0,0.0,0.0,0.0
cc7d03a3a03a3325,0,clean,1460,2,0,-0.1,False,0.0,0.9,0.6200000000000001,0.6200000000000001,0.0,0.0,0.0,0.0
cc7d03a3a03a3325,0,clean,1461,1,0,-0.1,False,0.0,0.9,0.4580000000000002,0.4580000000000002,0.0,0.0,0.0,0.0
cc7d03a3a03a3325,0,clean,1462,0,1,-0.1,False,0.0,0.9,0.6200000000000001,0.6200000000000001,0.0,0.0,0.0,0.0
cc7d03a3a03a3325,0,clean,1463,1,1,-0.1,False,0.0,0.9,0.8,0.8,0.0,0.0,0.0,0.0
cc7d03a3a03a3325,0,clean,1464,2,1,1.0,True,0.0,0.9,1.0,1.0,0.0,0.0,0.0,0.0
cc7d03a3a03a3325,0,clean,1465,2,1,1.0,True,0.0,0.9,1.0,1.0,0.0,0.0,0.0,0.0
cc7d03a3a03a3325,0,clean,1466,2,1,1.0,True,0.0,0.9,1.0,1.0,0.0,0.0,0.0,0.0
cc7d03a3a03a3325,0,clean,1467,2,0,-0.1,False,0.0,0.9,0.6200000000000001,0.6200000000000001,0.0,0.0,0.0,0.0
cc7d03a3a03a3325,0,clean,1468,1,1,-0.1,False,0.0,0.9,0.8,0.8,0.0,0.0,0.0,0.0
cc7d03a3a03a3325,0,clean,1469,2,1,1.0,True,0.0,0.9,1.0,1.0,0.0,0.0,0.0,0.0
cc7d03a3a03a3325,0,clean,1470,2,1,1.0,True,0.0,0.9,1.0,1.0,0.0,0.0,0.0,0.0
cc7d03a3a03a3325,0,clean,1471,2,1,1.0,True,0.0,0.9,1.0,1.0,0.0,0.0,0.0,0.0
cc7d03a3a03a3325,0,clean,1472,2,1,1.0,True,0.0,0.9,1.0,1.0,0.0,0.0,0.0,0.0
cc7d03a3a03a3325,0,clean,1473,2,1,1.0,True,0.0,0.9,1.0,1.0,0.0,0.0,0.0,0.0
cc7d03a3a03a3325,0,clean,1474,2,1,1.0,True,0.0,0.9,1.0,1.0,0.0,0.0,0.0,0.0
cc7d03a3a03a3325,0,clean,1475,2,1,1.0,True,0.0,0.9,1.0,1.0,0.0,0.0,0.0,0.0
cc7d03a3a03a3325,0,clean,1476,2,0,-0.1,False,0.0,0.9,0.6200000000000001,0.6200000000000001,0.0,0.0,0.0,0.0
cc7d03a3a03a3325,0,clean,1477,1,1,-0.1,False,0.0,0.9,0.8,0.8,0.0,0.0,0.0,0.0
cc7d03a3a03a3325,0,clean,1478,2,1,1.0,True,0.0,0.9,1.0,1.0,0.0,0.0,0.0,0.0
cc7d03a3a03a3325,0,clean,1479,2,1,1.0,True,0.0,0.9,1.0,1.0,0.0,0.0,0.0,0.0
cc7d03a3a03a3325,0,clean,1480,2,0,-0.1,False,0.0,0.9,0.6200000000000001,0.6200000000000001,0.0,0.0,0.0,0.0
cc7d03a3a03a3325,0,clean,1481,1,0,-0.1,False,0.0,0.9,0.4580000000000002,0.4580000000000002,0.0,0.0,0.0,0.0
cc7d03a3a03a3325,0,clean,1482,0,1,-0.1,False,0.0,0.9,0.6200000000000001,0.6200000000000001,0.0,0.0,0.0,0.0
cc7d03a3a03a3325,0,clean,1483,1,1,-0.1,False,0.0,0.9,0.8,0.8,0.0,0.0,0.0,0.0
cc7d03a3a03a3325,0,clean,1484,2,1,1.0,True,0.0,0.9,1.0,1.0,0.0,0.0,0.0,0.0
cc7d03a3a03a3325,0,clean,1485,2,1,1.0,True,0.0,0.9,1.0,1.0,0.0,0.0,0.0,0.0
cc7d03a3a03a3325,0,clean,1486,2,1,1.0,True,0.0,0.9,1.0,1.0,0.0,0.0,0.0,0.0
cc7d03a3a03a3325,0,clean,1487,2,0,-0.1,False,0.0,0.9,0.6200000000000001,0.6200000000000001,0.0,0.0,0.0,0.0
cc7d03a3a03a3325,0,clean,1488,1,1,-0.1,False,0.0,0.9,0.8,0.8,0.0,0.0,0.0,0.0
cc7d03a3a03a3325,0,clean,1489,2,0,-0.1,False,0.0,0.9,0.6200000000000001,0.6200000000000001,0.0,0.0,0.0,0.0
cc7d03a3a03a3325,0,clean,1490,1,1,-0.1,False,0.0,0.9,0.8,0.8,0.0,0.0,0.0,0.0
cc7d03a3a03a3325,0,clean,1491,2,1,1.0,True,0.0,0.9,1.0,1.0,0.0,0.0,0.0,0.0
cc7d03a3a03a3325,0,clean,1492,2,1,1.0,True,0.0,0.9,1.0,1.0,0.0,0.0,0.0,0.0
cc7d03a3a03a3325,0,clean,1493,2,1,1.0,True,0.0,0.9,1.0,1.0,0.0,0.0,0.0,0.0
cc7d03a3a03a3325,0,clean,1494,2,1,1.0,True,0.0,0.9,1.0,1.0,0.0,0.0,0.0,0.0
cc7d03a3a03a3325,0,clean,1495,2,1,1.0,True,0.0,0.9,1.0,1.0,0.0,0.0,0.0,0.0
cc7d03a3a03a3325,0,clean,1496,2,0,-0.1,False,0.0,0.9,0.6200000000000001,0.6200000000000001,0.0,0.0,0.0,0.0
cc7d03a3a03a3325,0,clean,1497,1,0,-0.1,False,0.0,0.9,0.4580000000000002,0.4580000000000002,0.0,0.0,0.0,0.0
cc7d03a3a03a3325,0,clean,1498,0,1,-0.1,False,0.0,0.9,0.6200000000000001,0.6200000000000001,0.0,0.0,0.0,0.0
cc7d03a3a03a3325,0,clean,1499,1,1,-0.1,False,0.0,0.9,0.8,0.8,0.0,0.0,0.0,0.0
cc7d03a3a03a3325,0,clean,1500,2,0,-0.1,False,0.0,0.9,0.6200000000000001,0.6200000000000001,0.0,0.0,0.0,0.0
cc7d03a3a03a3325,0,clean,1501,1,1,-0.1,False,0.0,0.9,0.8,0.8,0.0,0.0,0.0,0.0
cc7d03a3a03a3325,0,clean,1502,2,1,1.0,True,0.0,0.9,1.0,1.0,0.0,0.0,0.0,0.0
cc7d03a3a03a3325,0,clean,1503,2,0,-0.1,False,0.0,0.9,0.6200000000000001,0.6200000000000001,0.0,0.0,0.0,0.0
cc7d03a3a03a3325,0,clean,1504,1,0,-0.1,False,0.0,0.9,0.4580000000000002,0.4580000000000002,0.0,0.0,0.0,0.0
cc7d03a3a03a3325,0,clean,1505,0,0,-0.1,False,0.0,0.9,0.4580000000000002,0.4580000000000002,0.0,0.0,0.0,0.0
cc7d03a3a03a3325,0,clean,1506,0,1,-0.1,False,0.0,0.9,0.6200000000000001,0.6200000000000001,0.0,0.0,0.0,0.0
cc7d03a3a03a3325,0,clean,1507,1,1,-0.1,False,0.0,0.9,0.8,0.8,0.0,0.0,0.0,0.0
cc7d03a3a03a3325,0,clean,1508,2,0,-0.1,False,0.0,0.9,0.6200000000000001,0.6200000000000001,0.0,0.0,0.0,0.0
cc7d03a3a03a3325,0,clean,1509,1,1,-0.1,False,0.0,0.9,0.8,0.8,0.0,0.0,0.0,0.0
cc7d03a3a03a3325,0,clean,1510,2,1,1.0,True,0.0,0.9,1.0,1.0,0.0,0.0,0.0,0.0
cc7d03a3a03a3325,0,clean,1511,2,1,1.0,True,0.0,0.9,1.0,1.0,0.0,0.0,0.0,0.0
cc7d03a3a03a3325,0,clean,1512,2,0,-0.1,False,0.0,0.9,0.6200000000000001,0.6200000000000001,0.0,0.0,0.0,0.0
cc7d03a3a03a3325,0,clean,1513,1,0,-0.1,False,0.0,0.9,0.4580000000000002,0.4580000000000002,0.0,0.0,0.0,0.0
cc7d03a3a03a3325,0,clean,1514,0,1,-0.1,False,0.0,0.9,0.6200000000000001,0.6200000000000001,0.0,0.0,0.0,0.0
cc7d03a3a03a3325,0,clean,1515,1,1,-0.1,False,0.0,0.9,0.8,0.8,0.0,0.0,0.0,0.0
cc7d03a3a03a3325,0,clean,1516,2,1,1.0,True,0.0,0.9,1.0,1.0,0.0,0.0,0.0,0.0
cc7d03a3a03a3325,0,clean,1517,2,1,1.0,True,0.0,0.9,1.0,1.0,0.0,0.0,0.0,0.0
cc7d03a3a03a3325,0,clean,1518,2,0,-0.1,False,0.0,0.9,0.6200000000000001,0.6200000000000001,0.0,0.0,0.0,0.0
cc7d03a3a03a3325,0,clean,1519,1,1,-0.1,False,0.0,0.9,0.8,0.8,0.0,0.0,0.0,0.0
cc7d03a3a03a3325,0,clean,1520,2,1,1.0,True,0.0,0.9,1.0,1.0,0.0,0.0,0.0,0.0
cc7d03a3a03a3325,0,clean,1521,2,1,1.0,True,0.0,0.9,1.0,1.0,0.0,0.0,0.0,0.0
cc7d03a3a03a3325,0,clean,1522,2,1,1.0,True,0.0,0.9,1.0,1.0,0.0,0.0,0.0,0.0
cc7d03a3a03a3325,0,clean,1523,2,1,1.0,True,0.0,0.9,1.0,1.0,0.0,0.0,0.0,0.0
cc7d03a3a03a3325,0,clean,1524,2,1,1.0,True,0.0,0.9,1.0,1.0,0.0,0.0,0.0,0.0
cc7d03a3a03a3325,0,clean,1525,2,1,1.0,True,0.0,0.9,1.0,1.0,0.0,0.0,0.0,0.0
cc7d03a3a03a3325,0,clean,1526,2,1,1.0,True,0.0,0.9,1.0,1.0,0.0,0.0,0.0,0.0
cc7d03a3a03a3325,0,clean,1527,2,1,1.0,True,0.0,0.9,1.0,1.0,0.0,0.0,0.0,0.0
cc7d03a3a03a3325,0,clean,1528,2,1,1.0,True,0.0,0.9,1.0,1.0,0.0,0.0,0.0,0.0
cc7d03a3a03a3325,0,clean,1529,2,1,1.0,True,0.0,0.9,1.0,1.0,0.0,0.0,0.0,0.0
cc7d03a3a03a3325,0,clean,1530,2,1,1.0,True,0.0,0.9,1.0,1.0,0.0,0.0,0.0,0.0
cc7d03a3a03a3325,0,clean,1531,2,1,1.0,True,0.0,0.9,1.0,1.0,0.0,0.0,0.0,0.0
cc7d03a3a03a3325,0,clean,1532,2,1,1.0,True,0.0,0.9,1.0,1.0,0.0,0.0,0.0,0.0
cc7d03a3a03a3325,0,clean,1533,2,1,1.0,True,0.0,0.9,1.0,1.0,0.0,0.0,0.0,0.0
cc7d03a3a03a3325,0,clean,1534,2,1,1.0,True,0.0,0.9,1.0,1.0,0.0,0.0,0.0,0.0
cc7d03a3a03a3325,0,clean,1535,2,1,1.0,True,0.0,0.9,1.0,1.0,0.0,0.0,0.0,0.0
cc7d03a3a03a3325,0,clean,1536,2,1,1.0,True,0.0,0.9,1.0,1.0,0.0,0.0,0.0,0.0
cc7d03a3a03a3325,0,clean,1537,2,1,1.0,True,0.0,0.9,1.0,1.0,0.0,0.0,0.0,0.0
cc7d03a3a03a3325,0,clean,1538,2,1,1.0,True,0.0,0.9,1.0,1.0,0.0,0.0,0.0,0.0
cc7d03a3a03a3325,0,clean,1539,2,1,1.0,True,0.0,0.9,1.0,1.0,0.0,0.0,0.0,0.0
cc7d03a3a03a3325,0,clean,1540,2,1,1.0,True,0.0,0.9,1.0,1.0,0.0,0.0,0.0,0.0
cc7d03a3a03a3325,0,clean,1541,2,1,1.0,True,0.0,0.9,1.0,1.0,0.0,0.0,0.0,0.0
cc7d03a3a03a3325,0,clean,1542,2,0,-0.1,False,0.0,0.9,0.6200000000000001,0.6200000000000001,0.0,0.0,0.0,0.0
cc7d03a3a03a3325,0,clean,1543,1,1,-0.1,False,0.0,0.9,0.8,0.8,0.0,0.0,0.0,0.0
cc7d03a3a03a3325,0,clean,1544,2,1,1.0,True,0.0,0.9,1.0,1.0,0.0,0.0,0.0,0.0
cc7d03a3a03a3325,0,clean,1545,2,1,1.0,True,0.0,0.9,1.0,1.0,0.0,0.0,0.0,0.0
cc7d03a3a03a3325,0,clean,1546,2,1,1.0,True,0.0,0.9,1.0,1.0,0.0,0.0,0.0,0.0
cc7d03a3a03a3325,0,clean,1547,2,1,1.0,True,0.0,0.9,1.0,1.0,0.0,0.0,0.0,0.0
cc7d03a3a03a3325,0,clean,1548,2,1,1.0,True,0.0,0.9,1.0,1.0,0.0,0.0,0.0,0.0
cc7d03a3a03a3325,0,clean,1549,2,1,1.0,True,0.0,0.9,1.0,1.0,0.0,0.0,0.0,0.0
cc7d03a3a03a3325,0,clean,1550,2,1,1.0,True,0.0,0.9,1.0,1.0,0.0,0.0,0.0,0.0
cc7d03a3a03a3325,0,clean,1551,2,1,1.0,True,0.0,0.9,1.0,1.0,0.0,0.0,0.0,0.0
cc7d03a3a03a3325,0,clean,1552,2,1,1.0,True,0.0,0.9,1.0,1.0,0.0,0.0,0.0,0.0
cc7d03a3a03a3325,0,clean,1553,2,1,1.0,True,0.0,0.9,1.0,1.0,0.0,0.0,0.0,0.0
cc7d03a3a03a3325,0,clean,1554,2,0,-0.1,False,0.0,0.9,0.6200000000000001,0.6200000000000001,0.0,0.0,0.0,0.0
cc7d03a3a03a3325,0,clean,1555,1,1,-0.1,False,0.0,0.9,0.8,0.8,0.0,0.0,0.0,0.0
cc7d03a3a03a3325,0,clean,1556,2,1,1.0,True,0.0,0.9,1.0,1.0,0.0,0.0,0.0,0.0
cc7d03a3a03a3325,0,clean,1557,2,1,1.0,True,0.0,0.9,1.0,1.0,0.0,0.0,0.0,0.0
cc7d03a3a03a3325,0,clean,1558,2,1,1.0,True,0.0,0.9,1.0,1.0,0.0,0.0,0.0,0.0
cc7d03a3a03a3325,0,clean,1559,2,1,1.0,True,0.0,0.9,1.0,1.0,0.0,0.0,0.0,0.0
cc7d03a3a03a3325,0,clean,1560,2,1,1.0,True,0.0,0.9,1.0,1.0,0.0,0.0,0.0,0.0
cc7d03a3a03a3325,0,clean,1561,2,1,1.0,True,0.0,0.9,1.0,1.0,0.0,0.0,0.0,0.0
cc7d03a3a03a3325,0,clean,1562,2,1,1.0,True,0.0,0.9,1.0,1.0,0.0,0.0,0.0,0.0
cc7d03a3a03a3325,0,clean,1563,2,1,1.0,True,0.0,0.9,1.0,1.0,0.0,0.0,0.0,0.0
cc7d03a3a03a3325,0,clean,1564,2,1,1.0,True,0.0,0.9,1.0,1.0,0.0,0.0,0.0,0.0
cc7d03a3a03a3325,0,clean,1565,2,0,-0.1,False,0.0,0.9,0.6200000000000001,0.6200000000000001,0.0,0.0,0.0,0.0
cc7d03a3a03a3325,0,clean,1566,1,1,-0.1,False,0.0,0.9,0.8,0.8,0.0,0.0,0.0,0.0
cc7d03a3a03a3325,0,clean,1567,2,1,1.0,True,0.0,0.9,1.0,1.0,0.0,0.0,0.0,0.0
cc7d03a3a03a3325,0,clean,1568,2,0,-0.1,False,0.0,0.9,0.6200000000000001,0.6200000000000001,0.0,0.0,0.0,0.0
cc7d03a3a03a3325,0,clean,1569,1,1,-0.1,False,0.0,0.9,0.8,0.8,0.0,0.0,0.0,0.0
cc7d03a3a03a3325,0,clean,1570,2,1,1.0,True,0.0,0.9,1.0,1.0,0.0,0.0,0.0,0.0
cc7d03a3a03a3325,0,clean,1571,2,1,1.0,True,0.0,0.9,1.0,1.0,0.0,0.0,0.0,0.0
cc7d03a3a03a3325,0,clean,1572,2,1,1.0,True,0.0,0.9,1.0,1.0,0.0,0.0,0.0,0.0
cc7d03a3a03a3325,0,clean,1573,2,1,1.0,True,0.0,0.9,1.0,1.0,0.0,0.0,0.0,0.0
cc7d03a3a03a3325,0,clean,1574,2,0,-0.1,False,0.0,0.9,0.6200000000000001,0.6200000000000001,0.0,0.0,0.0,0.0
cc7d03a3a03a3325,0,clean,1575,1,1,-0.1,False,0.0,0.9,0.8,0.8,0.0,0.0,0.0,0.0
cc7d03a3a03a3325,0,clean,1576,2,1,1.0,True,0.0,0.9,1.0,1.0,0.0,0.0,0.0,0.0
cc7d03a3a03a3325,0,clean,1577,2,1,1.0,True,0.0,0.9,1.0,1.0,0.0,0.0,0.0,0.0
cc7d03a3a03a3325,0,clean,1578,2,1,1.0,True,0.0,0.9,1.0,1.0,0.0,0.0,0.0,0.0
cc7d03a3a03a3325,0,clean,1579,2,1,1.0,True,0.0,0.9,1.0,1.0,0.0,0.0,0.0,0.0
cc7d03a3a03a3325,0,clean,1580,2,1,1.0,True,0.0,0.9,1.0,1.0,0.0,0.0,0.0,0.0
cc7d03a3a03a3325,0,clean,1581,2,1,1.0,True,0.0,0.9,1.0,1.0,0.0,0.0,0.0,0.0
cc7d03a3a03a3325,0,clean,1582,2,1,1.0,True,0.0,0.9,1.0,1.0,0.0,0.0,0.0,0.0
cc7d03a3a03a3325,0,clean,1583,2,1,1.0,True,0.0,0.9,1.0,1.0,0.0,0.0,0.0,0.0
cc7d03a3a03a3325,0,clean,1584,2,0,-0.1,False,0.0,0.9,0.6200000000000001,0.6200000000000001,0.0,0.0,0.0,0.0
cc7d03a3a03a3325,0,clean,1585,1,1,-0.1,False,0.0,0.9,0.8,0.8,0.0,0.0,0.0,0.0
cc7d03a3a03a3325,0,clean,1586,2,1,1.0,True,0.0,0.9,1.0,1.0,0.0,0.0,0.0,0.0
cc7d03a3a03a3325,0,clean,1587,2,1,1.0,True,0.0,0.9,1.0,1.0,0.0,0.0,0.0,0.0
cc7d03a3a03a3325,0,clean,1588,2,1,1.0,True,0.0,0.9,1.0,1.0,0.0,0.0,0.0,0.0
cc7d03a3a03a3325,0,clean,1589,2,1,1.0,True,0.0,0.9,1.0,1.0,0.0,0.0,0.0,0.0
cc7d03a3a03a3325,0,clean,1590,2,1,1.0,True,0.0,0.9,1.0,1.0,0.0,0.0,0.0,0.0
cc7d03a3a03a3325,0,clean,1591,2,1,1.0,True,0.0,0.9,1.0,1.0,0.0,0.0,0.0,0.0
cc7d03a3a03a3325,0,clean,1592,2,1,1.0,True,0.0,0.9,1.0,1.0,0.0,0.0,0.0,0.0
cc7d03a3a03a3325,0,clean,1593,2,1,1.0,True,0.0,0.9,1.0,1.0,0.0,0.0,0.0,0.0
cc7d03a3a03a3325,0,clean,1594,2,1,1.0,True,0.0,0.9,1.0,1.0,0.0,0.0,0.0,0.0
cc7d03a3a03a3325,0,clean,1595,2,1,1.0,True,0.0,0.9,1.0,1.0,0.0,0.0,0.0,0.0
cc7d03a3a03a3325,0,clean,1596,2,1,1.0,True,0.0,0.9,1.0,1.0,0.0,0.0,0.0,0.0
cc7d03a3a03a3325,0,clean,1597,2,1,1.0,True,0.0,0.9,1.0,1.0,0.0,0.0,0.0,0.0
cc7d03a3a03a3325,0,clean,1598,2,1,1.0,True,0.0,0.9,1.0,1.0,0.0,0.0,0.0,0.0
cc7d03a3a03a3325,0,clean,1599,2,0,-0.1,False,0.0,0.9,0.6200000000000001,0.6200000000000001,0.0,0.0,0.0,0.0
cc7d03a3a03a3325,0,clean,1600,1,1,-0.1,False,0.0,0.9,0.8,0.8,0.0,0.0,0.0,0.0
cc7d03a3a03a3325,0,clean,1601,2,1,1.0,True,0.0,0.9,1.0,1.0,0.0,0.0,0.0,0.0
cc7d03a3a03a3325,0,clean,1602,2,1,1.0,True,0.0,0.9,1.0,1.0,0.0,0.0,0.0,0.0
cc7d03a3a03a3325,0,clean,1603,2,1,1.0,True,0.0,0.9,1.0,1.0,0.0,0.0,0.0,0.0
cc7d03a3a03a3325,0,clean,1604,2,0,-0.1,False,0.0,0.9,0.6200000000000001,0.6200000000000001,0.0,0.0,0.0,0.0
cc7d03a3a03a3325,0,clean,1605,1,1,-0.1,False,0.0,0.9,0.8,0.8,0.0,0.0,0.0,0.0
cc7d03a3a03a3325,0,clean,1606,2,1,1.0,True,0.0,0.9,1.0,1.0,0.0,0.0,0.0,0.0
cc7d03a3a03a3325,0,clean,1607,2,1,1.0,True,0.0,0.9,1.0,1.0,0.0,0.0,0.0,0.0
cc7d03a3a03a3325,0,clean,1608,2,1,1.0,True,0.0,0.9,1.0,1.0,0.0,0.0,0.0,0.0
cc7d03a3a03a3325,0,clean,1609,2,1,1.0,True,0.0,0.9,1.0,1.0,0.0,0.0,0.0,0.0
cc7d03a3a03a3325,0,clean,1610,2,1,1.0,True,0.0,0.9,1.0,1.0,0.0,0.0,0.0,0.0
cc7d03a3a03a3325,0,clean,1611,2,1,1.0,True,0.0,0.9,1.0,1.0,0.0,0.0,0.0,0.0
cc7d03a3a03a3325,0,clean,1612,2,1,1.0,True,0.0,0.9,1.0,1.0,0.0,0.0,0.0,0.0
cc7d03a3a03a3325,0,clean,1613,2,1,1.0,True,0.0,0.9,1.0,1.0,0.0,0.0,0.0,0.0
cc7d03a3a03a3325,0,clean,1614,2,1,1.0,True,0.0,0.9,1.0,1.0,0.0,0.0,0.0,0.0
cc7d03a3a03a3325,0,clean,1615,2,0,-0.1,False,0.0,0.9,0.6200000000000001,0.6200000000000001,0.0,0.0,0.0,0.0
cc7d03a3a03a3325,0,clean,1616,1,1,-0.1,False,0.0,0.9,0.8,0.8,0.0,0.0,0.0,0.0
cc7d03a3a03a3325,0,clean,1617,2,1,1.0,True,0.0,0.9,1.0,1.0,0.0,0.0,0.0,0.0
cc7d03a3a03a3325,0,clean,1618,2,1,1.0,True,0.0,0.9,1.0,1.0,0.0,0.0,0.0,0.0
cc7d03a3a03a3325,0,clean,1619,2,1,1.0,True,0.0,0.9,1.0,1.0,0.0,0.0,0.0,0.0
cc7d03a3a03a3325,0,clean,1620,2,1,1.0,True,0.0,0.9,1.0,1.0,0.0,0.0,0.0,0.0
cc7d03a3a03a3325,0,clean,1621,2,1,1.0,True,0.0,0.9,1.0,1.0,0.0,0.0,0.0,0.0
cc7d03a3a03a3325,0,clean,1622,2,1,1.0,True,0.0,0.9,1.0,1.0,0.0,0.0,0.0,0.0
cc7d03a3a03a3325,0,clean,1623,2,1,1.0,True,0.0,0.9,1.0,1.0,0.0,0.0,0.0,0.0
cc7d03a3a03a3325,0,clean,1624,2,1,1.0,True,0.0,0.9,1.0,1.0,0.0,0.0,0.0,0.0
cc7d03a3a03a3325,0,clean,1625,2,1,1.0,True,0.0,0.9,1.0,1.0,0.0,0.0,0.0,0.0
cc7d03a3a03a3325,0,clean,1626,2,1,1.0,True,0.0,0.9,1.0,1.0,0.0,0.0,0.0,0.0
cc7d03a3a03a3325,0,clean,1627,2,1,1.0,True,0.0,0.9,1.0,1.0,0.0,0.0,0.0,0.0
cc7d03a3a03a3325,0,clean,1628,2,1,1.0,True,0.0,0.9,1.0,1.0,0.0,0.0,0.0,0.0
cc7d03a3a03a3325,0,clean,1629,2,1,1.0,True,0.0,0.9,1.0,1.0,0.0,0.0,0.0,0.0
cc7d03a3a03a3325,0,clean,1630,2,1,1.0,True,0.0,0.9,1.0,1.0,0.0,0.0,0.0,0.0
cc7d03a3a03a3325,0,clean,1631,2,1,1.0,True,0.0,0.9,1.0,1.0,0.0,0.0,0.0,0.0
cc7d03a3a03a3325,0,clean,1632,2,1,1.0,True,0.0,0.9,1.0,1.0,0.0,0.0,0.0,0.0
cc7d03a3a03a3325,0,clean,1633,2,0,-0.1,False,0.0,0.9,0.6200000000000001,0.6200000000000001,0.0,0.0,0.0,0.0
cc7d03a3a03a3325,0,clean,1634,1,1,-0.1,False,0.0,0.9,0.8,0.8,0.0,0.0,0.0,0.0
cc7d03a3a03a3325,0,clean,1635,2,1,1.0,True,0.0,0.9,1.0,1.0,0.0,0.0,0.0,0.0
cc7d03a3a03a3325,0,clean,1636,2,1,1.0,True,0.0,0.9,1.0,1.0,0.0,0.0,0.0,0.0
cc7d03a3a03a3325,0,clean,1637,2,1,1.0,True,0.0,0.9,1.0,1.0,0.0,0.0,0.0,0.0
cc7d03a3a03a3325,0,clean,1638,2,1,1.0,True,0.0,0.9,1.0,1.0,0.0,0.0,0.0,0.0
cc7d03a3a03a3325,0,clean,1639,2,0,-0.1,False,0.0,0.9,0.6200000000000001,0.6200000000000001,0.0,0.0,0.0,0.0
cc7d03a3a03a3325,0,clean,1640,1,1,-0.1,False,0.0,0.9,0.8,0.8,0.0,0.0,0.0,0.0
cc7d03a3a03a3325,0,clean,1641,2,1,1.0,True,0.0,0.9,1.0,1.0,0.0,0.0,0.0,0.0
cc7d03a3a03a3325,0,clean,1642,2,1,1.0,True,0.0,0.9,1.0,1.0,0.0,0.0,0.0,0.0
cc7d03a3a03a3325,0,clean,1643,2,1,1.0,True,0.0,0.9,1.0,1.0,0.0,0.0,0.0,0.0
cc7d03a3a03a3325,0,clean,1644,2,1,1.0,True,0.0,0.9,1.0,1.0,0.0,0.0,0.0,0.0
cc7d03a3a03a3325,0,clean,1645,2,1,1.0,True,0.0,0.9,1.0,1.0,0.0,0.0,0.0,0.0
cc7d03a3a03a3325,0,clean,1646,2,1,1.0,True,0.0,0.9,1.0,1.0,0.0,0.0,0.0,0.0
cc7d03a3a03a3325,0,clean,1647,2,1,1.0,True,0.0,0.9,1.0,1.0,0.0,0.0,0.0,0.0
cc7d03a3a03a3325,0,clean,1648,2,1,1.0,True,0.0,0.9,1.0,1.0,0.0,0.0,0.0,0.0
cc7d03a3a03a3325,0,clean,1649,2,1,1.0,True,0.0,0.9,1.0,1.0,0.0,0.0,0.0,0.0
cc7d03a3a03a3325,0,clean,1650,2,1,1.0,True,0.0,0.9,1.0,1.0,0.0,0.0,0.0,0.0
cc7d03a3a03a3325,0,clean,1651,2,1,1.0,True,0.0,0.9,1.0,1.0,0.0,0.0,0.0,0.0
cc7d03a3a03a3325,0,clean,1652,2,1,1.0,True,0.0,0.9,1.0,1.0,0.0,0.0,0.0,0.0
cc7d03a3a03a3325,0,clean,1653,2,1,1.0,True,0.0,0.9,1.0,1.0,0.0,0.0,0.0,0.0
cc7d03a3a03a3325,0,clean,1654,2,1,1.0,True,0.0,0.9,1.0,1.0,0.0,0.0,0.0,0.0
cc7d03a3a03a3325,0,clean,1655,2,1,1.0,True,0.0,0.9,1.0,1.0,0.0,0.0,0.0,0.0
cc7d03a3a03a3325,0,clean,1656,2,1,1.0,True,0.0,0.9,1.0,1.0,0.0,0.0,0.0,0.0
cc7d03a3a03a3325,0,clean,1657,2,1,1.0,True,0.0,0.9,1.0,1.0,0.0,0.0,0.0,0.0
cc7d03a3a03a3325,0,clean,1658,2,1,1.0,True,0.0,0.9,1.0,1.0,0.0,0.0,0.0,0.0
cc7d03a3a03a3325,0,clean,1659,2,1,1.0,True,0.0,0.9,1.0,1.0,0.0,0.0,0.0,0.0
cc7d03a3a03a3325,0,clean,1660,2,1,1.0,True,0.0,0.9,1.0,1.0,0.0,0.0,0.0,0.0
cc7d03a3a03a3325,0,clean,1661,2,1,1.0,True,0.0,0.9,1.0,1.0,0.0,0.0,0.0,0.0
cc7d03a3a03a3325,0,clean,1662,2,1,1.0,True,0.0,0.9,1.0,1.0,0.0,0.0,0.0,0.0
cc7d03a3a03a3325,0,clean,1663,2,1,1.0,True,0.0,0.9,1.0,1.0,0.0,0.0,0.0,0.0
cc7d03a3a03a3325,0,clean,1664,2,1,1.0,True,0.0,0.9,1.0,1.0,0.0,0.0,0.0,0.0
cc7d03a3a03a3325,0,clean,1665,2,1,1.0,True,0.0,0.9,1.0,1.0,0.0,0.0,0.0,0.0
cc7d03a3a03a3325,0,clean,1666,2,1,1.0,True,0.0,0.9,1.0,1.0,0.0,0.0,0.0,0.0
cc7d03a3a03a3325,0,clean,1667,2,1,1.0,True,0.0,0.9,1.0,1.0,0.0,0.0,0.0,0.0
cc7d03a3a03a3325,0,clean,1668,2,1,1.0,True,0.0,0.9,1.0,1.0,0.0,0.0,0.0,0.0
cc7d03a3a03a3325,0,clean,1669,2,1,1.0,True,0.0,0.9,1.0,1.0,0.0,0.0,0.0,0.0
cc7d03a3a03a3325,0,clean,1670,2,1,1.0,True,0.0,0.9,1.0,1.0,0.0,0.0,0.0,0.0
cc7d03a3a03a3325,0,clean,1671,2,0,-0.1,False,0.0,0.9,0.6200000000000001,0.6200000000000001,0.0,0.0,0.0,0.0
cc7d03a3a03a3325,0,clean,1672,1,1,-0.1,False,0.0,0.9,0.8,0.8,0.0,0.0,0.0,0.0
cc7d03a3a03a3325,0,clean,1673,2,1,1.0,True,0.0,0.9,1.0,1.0,0.0,0.0,0.0,0.0
cc7d03a3a03a3325,0,clean,1674,2,1,1.0,True,0.0,0.9,1.0,1.0,0.0,0.0,0.0,0.0
cc7d03a3a03a3325,0,clean,1675,2,1,1.0,True,0.0,0.9,1.0,1.0,0.0,0.0,0.0,0.0
cc7d03a3a03a3325,0,clean,1676,2,0,-0.1,False,0.0,0.9,0.6200000000000001,0.6200000000000001,0.0,0.0,0.0,0.0
cc7d03a3a03a3325,0,clean,1677,1,1,-0.1,False,0.0,0.9,0.8,0.8,0.0,0.0,0.0,0.0
cc7d03a3a03a3325,0,clean,1678,2,1,1.0,True,0.0,0.9,1.0,1.0,0.0,0.0,0.0,0.0
cc7d03a3a03a3325,0,clean,1679,2,1,1.0,True,0.0,0.9,1.0,1.0,0.0,0.0,0.0,0.0
cc7d03a3a03a3325,0,clean,1680,2,1,1.0,True,0.0,0.9,1.0,1.0,0.0,0.0,0.0,0.0
cc7d03a3a03a3325,0,clean,1681,2,0,-0.1,False,0.0,0.9,0.6200000000000001,0.6200000000000001,0.0,0.0,0.0,0.0
cc7d03a3a03a3325,0,clean,1682,1,0,-0.1,False,0.0,0.9,0.4580000000000002,0.4580000000000002,0.0,0.0,0.0,0.0
cc7d03a3a03a3325,0,clean,1683,0,0,-0.1,False,0.0,0.9,0.4580000000000002,0.4580000000000002,0.0,0.0,0.0,0.0
cc7d03a3a03a3325,0,clean,1684,0,1,-0.1,False,0.0,0.9,0.6200000000000001,0.6200000000000001,0.0,0.0,0.0,0.0
cc7d03a3a03a3325,0,clean,1685,1,1,-0.1,False,0.0,0.9,0.8,0.8,0.0,0.0,0.0,0.0
cc7d03a3a03a3325,0,clean,1686,2,1,1.0,True,0.0,0.9,1.0,1.0,0.0,0.0,0.0,0.0
cc7d03a3a03a3325,0,clean,1687,2,1,1.0,True,0.0,0.9,1.0,1.0,0.0,0.0,0.0,0.0
cc7d03a3a03a3325,0,clean,1688,2,1,1.0,True,0.0,0.9,1.0,1.0,0.0,0.0,0.0,0.0
cc7d03a3a03a3325,0,clean,1689,2,1,1.0,True,0.0,0.9,1.0,1.0,0.0,0.0,0.0,0.0
cc7d03a3a03a3325,0,clean,1690,2,1,1.0,True,0.0,0.9,1.0,1.0,0.0,0.0,0.0,0.0
cc7d03a3a03a3325,0,clean,1691,2,1,1.0,True,0.0,0.9,1.0,1.0,0.0,0.0,0.0,0.0
cc7d03a3a03a3325,0,clean,1692,2,1,1.0,True,0.0,0.9,1.0,1.0,0.0,0.0,0.0,0.0
cc7d03a3a03a3325,0,clean,1693,2,1,1.0,True,0.0,0.9,1.0,1.0,0.0,0.0,0.0,0.0
cc7d03a3a03a3325,0,clean,1694,2,1,1.0,True,0.0,0.9,1.0,1.0,0.0,0.0,0.0,0.0
cc7d03a3a03a3325,0,clean,1695,2,1,1.0,True,0.0,0.9,1.0,1.0,0.0,0.0,0.0,0.0
cc7d03a3a03a3325,0,clean,1696,2,1,1.0,True,0.0,0.9,1.0,1.0,0.0,0.0,0.0,0.0
cc7d03a3a03a3325,0,clean,1697,2,1,1.0,True,0.0,0.9,1.0,1.0,0.0,0.0,0.0,0.0
cc7d03a3a03a3325,0,clean,1698,2,1,1.0,True,0.0,0.9,1.0,1.0,0.0,0.0,0.0,0.0
cc7d03a3a03a3325,0,clean,1699,2,1,1.0,True,0.0,0.9,1.0,1.0,0.0,0.0,0.0,0.0
cc7d03a3a03a3325,0,clean,1700,2,1,1.0,True,0.0,0.9,1.0,1.0,0.0,0.0,0.0,0.0
cc7d03a3a03a3325,0,clean,1701,2,1,1.0,True,0.0,0.9,1.0,1.0,0.0,0.0,0.0,0.0
cc7d03a3a03a3325,0,clean,1702,2,1,1.0,True,0.0,0.9,1.0,1.0,0.0,0.0,0.0,0.0
cc7d03a3a03a3325,0,clean,1703,2,0,-0.1,False,0.0,0.9,0.6200000000000001,0.6200000000000001,0.0,0.0,0.0,0.0
cc7d03a3a03a3325,0,clean,1704,1,1,-0.1,False,0.0,0.9,0.8,0.8,0.0,0.0,0.0,0.0
cc7d03a3a03a3325,0,clean,1705,2,1,1.0,True,0.0,0.9,1.0,1.0,0.0,0.0,0.0,0.0
cc7d03a3a03a3325,0,clean,1706,2,0,-0.1,False,0.0,0.9,0.6200000000000001,0.6200000000000001,0.0,0.0,0.0,0.0
cc7d03a3a03a3325,0,clean,1707,1,0,-0.1,False,0.0,0.9,0.4580000000000002,0.4580000000000002,0.0,0.0,0.0,0.0
cc7d03a3a03a3325,0,clean,1708,0,1,-0.1,False,0.0,0.9,0.6200000000000001,0.6200000000000001,0.0,0.0,0.0,0.0
cc7d03a3a03a3325,0,clean,1709,1,1,-0.1,False,0.0,0.9,0.8,0.8,0.0,0.0,0.0,0.0
cc7d03a3a03a3325,0,clean,1710,2,1,1.0,True,0.0,0.9,1.0,1.0,0.0,0.0,0.0,0.0
cc7d03a3a03a3325,0,clean,1711,2,1,1.0,True,0.0,0.9,1.0,1.0,0.0,0.0,0.0,0.0
cc7d03a3a03a3325,0,clean,1712,2,1,1.0,True,0.0,0.9,1.0,1.0,0.0,0.0,0.0,0.0
cc7d03a3a03a3325,0,clean,1713,2,1,1.0,True,0.0,0.9,1.0,1.0,0.0,0.0,0.0,0.0
cc7d03a3a03a3325,0,clean,1714,2,1,1.0,True,0.0,0.9,1.0,1.0,0.0,0.0,0.0,0.0
cc7d03a3a03a3325,0,clean,1715,2,1,1.0,True,0.0,0.9,1.0,1.0,0.0,0.0,0.0,0.0
cc7d03a3a03a3325,0,clean,1716,2,1,1.0,True,0.0,0.9,1.0,1.0,0.0,0.0,0.0,0.0
cc7d03a3a03a3325,0,clean,1717,2,1,1.0,True,0.0,0.9,1.0,1.0,0.0,0.0,0.0,0.0
cc7d03a3a03a3325,0,clean,1718,2,1,1.0,True,0.0,0.9,1.0,1.0,0.0,0.0,0.0,0.0
cc7d03a3a03a3325,0,clean,1719,2,1,1.0,True,0.0,0.9,1.0,1.0,0.0,0.0,0.0,0.0
cc7d03a3a03a3325,0,clean,1720,2,1,1.0,True,0.0,0.9,1.0,1.0,0.0,0.0,0.0,0.0
cc7d03a3a03a3325,0,clean,1721,2,1,1.0,True,0.0,0.9,1.0,1.0,0.0,0.0,0.0,0.0
cc7d03a3a03a3325,0,clean,1722,2,1,1.0,True,0.0,0.9,1.0,1.0,0.0,0.0,0.0,0.0
cc7d03a3a03a3325,0,clean,1723,2,1,1.0,True,0.0,0.9,1.0,1.0,0.0,0.0,0.0,0.0
cc7d03a3a03a3325,0,clean,1724,2,1,1.0,True,0.0,0.9,1.0,1.0,0.0,0.0,0.0,0.0
cc7d03a3a03a3325,0,clean,1725,2,1,1.0,True,0.0,0.9,1.0,1.0,0.0,0.0,0.0,0.0
cc7d03a3a03a3325,0,clean,1726,2,1,1.0,True,0.0,0.9,1.0,1.0,0.0,0.0,0.0,0.0
cc7d03a3a03a3325,0,clean,1727,2,1,1.0,True,0.0,0.9,1.0,1.0,0.0,0.0,0.0,0.0
cc7d03a3a03a3325,0,clean,1728,2,1,1.0,True,0.0,0.9,1.0,1.0,0.0,0.0,0.0,0.0
cc7d03a3a03a3325,0,clean,1729,2,1,1.0,True,0.0,0.9,1.0,1.0,0.0,0.0,0.0,0.0
cc7d03a3a03a3325,0,clean,1730,2,1,1.0,True,0.0,0.9,1.0,1.0,0.0,0.0,0.0,0.0
cc7d03a3a03a3325,0,clean,1731,2,1,1.0,True,0.0,0.9,1.0,1.0,0.0,0.0,0.0,0.0
cc7d03a3a03a3325,0,clean,1732,2,1,1.0,True,0.0,0.9,1.0,1.0,0.0,0.0,0.0,0.0
cc7d03a3a03a3325,0,clean,1733,2,1,1.0,True,0.0,0.9,1.0,1.0,0.0,0.0,0.0,0.0
cc7d03a3a03a3325,0,clean,1734,2,1,1.0,True,0.0,0.9,1.0,1.0,0.0,0.0,0.0,0.0
cc7d03a3a03a3325,0,clean,1735,2,1,1.0,True,0.0,0.9,1.0,1.0,0.0,0.0,0.0,0.0
cc7d03a3a03a3325,0,clean,1736,2,1,1.0,True,0.0,0.9,1.0,1.0,0.0,0.0,0.0,0.0
cc7d03a3a03a3325,0,clean,1737,2,1,1.0,True,0.0,0.9,1.0,1.0,0.0,0.0,0.0,0.0
cc7d03a3a03a3325,0,clean,1738,2,1,1.0,True,0.0,0.9,1.0,1.0,0.0,0.0,0.0,0.0
cc7d03a3a03a3325,0,clean,1739,2,1,1.0,True,0.0,0.9,1.0,1.0,0.0,0.0,0.0,0.0
cc7d03a3a03a3325,0,clean,1740,2,1,1.0,True,0.0,0.9,1.0,1.0,0.0,0.0,0.0,0.0
cc7d03a3a03a3325,0,clean,1741,2,1,1.0,True,0.0,0.9,1.0,1.0,0.0,0.0,0.0,0.0
cc7d03a3a03a3325,0,clean,1742,2,1,1.0,True,0.0,0.9,1.0,1.0,0.0,0.0,0.0,0.0
cc7d03a3a03a3325,0,clean,1743,2,1,1.0,True,0.0,0.9,1.0,1.0,0.0,0.0,0.0,0.0
cc7d03a3a03a3325,0,clean,1744,2,1,1.0,True,0.0,0.9,1.0,1.0,0.0,0.0,0.0,0.0
cc7d03a3a03a3325,0,clean,1745,2,1,1.0,True,0.0,0.9,1.0,1.0,0.0,0.0,0.0,0.0
cc7d03a3a03a3325,0,clean,1746,2,1,1.0,True,0.0,0.9,1.0,1.0,0.0,0.0,0.0,0.0
cc7d03a3a03a3325,0,clean,1747,2,0,-0.1,False,0.0,0.9,0.6200000000000001,0.6200000000000001,0.0,0.0,0.0,0.0
cc7d03a3a03a3325,0,clean,1748,1,0,-0.1,False,0.0,0.9,0.4580000000000002,0.4580000000000002,0.0,0.0,0.0,0.0
cc7d03a3a03a3325,0,clean,1749,0,0,-0.1,False,0.0,0.9,0.4580000000000002,0.4580000000000002,0.0,0.0,0.0,0.0
cc7d03a3a03a3325,0,clean,1750,0,1,-0.1,False,0.0,0.9,0.6200000000000001,0.6200000000000001,0.0,0.0,0.0,0.0
cc7d03a3a03a3325,0,clean,1751,1,1,-0.1,False,0.0,0.9,0.8,0.8,0.0,0.0,0.0,0.0
cc7d03a3a03a3325,0,clean,1752,2,1,1.0,True,0.0,0.9,1.0,1.0,0.0,0.0,0.0,0.0
cc7d03a3a03a3325,0,clean,1753,2,1,1.0,True,0.0,0.9,1.0,1.0,0.0,0.0,0.0,0.0
cc7d03a3a03a3325,0,clean,1754,2,1,1.0,True,0.0,0.9,1.0,1.0,0.0,0.0,0.0,0.0
cc7d03a3a03a3325,0,clean,1755,2,1,1.0,True,0.0,0.9,1.0,1.0,0.0,0.0,0.0,0.0
cc7d03a3a03a3325,0,clean,1756,2,1,1.0,True,0.0,0.9,1.0,1.0,0.0,0.0,0.0,0.0
cc7d03a3a03a3325,0,clean,1757,2,1,1.0,True,0.0,0.9,1.0,1.0,0.0,0.0,0.0,0.0
cc7d03a3a03a3325,0,clean,1758,2,1,1.0,True,0.0,0.9,1.0,1.0,0.0,0.0,0.0,0.0
cc7d03a3a03a3325,0,clean,1759,2,1,1.0,True,0.0,0.9,1.0,1.0,0.0,0.0,0.0,0.0
cc7d03a3a03a3325,0,clean,1760,2,1,1.0,True,0.0,0.9,1.0,1.0,0.0,0.0,0.0,0.0
cc7d03a3a03a3325,0,clean,1761,2,1,1.0,True,0.0,0.9,1.0,1.0,0.0,0.0,0.0,0.0
cc7d03a3a03a3325,0,clean,1762,2,1,1.0,True,0.0,0.9,1.0,1.0,0.0,0.0,0.0,0.0
cc7d03a3a03a3325,0,clean,1763,2,1,1.0,True,0.0,0.9,1.0,1.0,0.0,0.0,0.0,0.0
cc7d03a3a03a3325,0,clean,1764,2,1,1.0,True,0.0,0.9,1.0,1.0,0.0,0.0,0.0,0.0
cc7d03a3a03a3325,0,clean,1765,2,0,-0.1,False,0.0,0.9,0.6200000000000001,0.6200000000000001,0.0,0.0,0.0,0.0
cc7d03a3a03a3325,0,clean,1766,1,0,-0.1,False,0.0,0.9,0.4580000000000002,0.4580000000000002,0.0,0.0,0.0,0.0
cc7d03a3a03a3325,0,clean,1767,0,1,-0.1,False,0.0,0.9,0.6200000000000001,0.6200000000000001,0.0,0.0,0.0,0.0
cc7d03a3a03a3325,0,clean,1768,1,1,-0.1,False,0.0,0.9,0.8,0.8,0.0,0.0,0.0,0.0
cc7d03a3a03a3325,0,clean,1769,2,0,-0.1,False,0.0,0.9,0.6200000000000001,0.6200000000000001,0.0,0.0,0.0,0.0
cc7d03a3a03a3325,0,clean,1770,1,0,-0.1,False,0.0,0.9,0.4580000000000002,0.4580000000000002,0.0,0.0,0.0,0.0
cc7d03a3a03a3325,0,clean,1771,0,0,-0.1,False,0.0,0.9,0.4580000000000002,0.4580000000000002,0.0,0.0,0.0,0.0
cc7d03a3a03a3325,0,clean,1772,0,1,-0.1,False,0.0,0.9,0.6200000000000001,0.6200000000000001,0.0,0.0,0.0,0.0
cc7d03a3a03a3325,0,clean,1773,1,1,-0.1,False,0.0,0.9,0.8,0.8,0.0,0.0,0.0,0.0
cc7d03a3a03a3325,0,clean,1774,2,1,1.0,True,0.0,0.9,1.0,1.0,0.0,0.0,0.0,0.0
cc7d03a3a03a3325,0,clean,1775,2,0,-0.1,False,0.0,0.9,0.6200000000000001,0.6200000000000001,0.0,0.0,0.0,0.0
cc7d03a3a03a3325,0,clean,1776,1,0,-0.1,False,0.0,0.9,0.4580000000000002,0.4580000000000002,0.0,0.0,0.0,0.0
cc7d03a3a03a3325,0,clean,1777,0,0,-0.1,False,0.0,0.9,0.4580000000000002,0.4580000000000002,0.0,0.0,0.0,0.0
cc7d03a3a03a3325,0,clean,1778,0,0,-0.1,False,0.0,0.9,0.4580000000000002,0.4580000000000002,0.0,0.0,0.0,0.0
cc7d03a3a03a3325,0,clean,1779,0,1,-0.1,False,0.0,0.9,0.6200000000000001,0.6200000000000001,0.0,0.0,0.0,0.0
cc7d03a3a03a3325,0,clean,1780,1,1,-0.1,False,0.0,0.9,0.8,0.8,0.0,0.0,0.0,0.0
cc7d03a3a03a3325,0,clean,1781,2,1,1.0,True,0.0,0.9,1.0,1.0,0.0,0.0,0.0,0.0
cc7d03a3a03a3325,0,clean,1782,2,1,1.0,True,0.0,0.9,1.0,1.0,0.0,0.0,0.0,0.0
cc7d03a3a03a3325,0,clean,1783,2,1,1.0,True,0.0,0.9,1.0,1.0,0.0,0.0,0.0,0.0
cc7d03a3a03a3325,0,clean,1784,2,1,1.0,True,0.0,0.9,1.0,1.0,0.0,0.0,0.0,0.0
cc7d03a3a03a3325,0,clean,1785,2,1,1.0,True,0.0,0.9,1.0,1.0,0.0,0.0,0.0,0.0
cc7d03a3a03a3325,0,clean,1786,2,0,-0.1,False,0.0,0.9,0.6200000000000001,0.6200000000000001,0.0,0.0,0.0,0.0
cc7d03a3a03a3325,0,clean,1787,1,1,-0.1,False,0.0,0.9,0.8,0.8,0.0,0.0,0.0,0.0
cc7d03a3a03a3325,0,clean,1788,2,1,1.0,True,0.0,0.9,1.0,1.0,0.0,0.0,0.0,0.0
cc7d03a3a03a3325,0,clean,1789,2,1,1.0,True,0.0,0.9,1.0,1.0,0.0,0.0,0.0,0.0
cc7d03a3a03a3325,0,clean,1790,2,1,1.0,True,0.0,0.9,1.0,1.0,0.0,0.0,0.0,0.0
cc7d03a3a03a3325,0,clean,1791,2,1,1.0,True,0.0,0.9,1.0,1.0,0.0,0.0,0.0,0.0
cc7d03a3a03a3325,0,clean,1792,2,1,1.0,True,0.0,0.9,1.0,1.0,0.0,0.0,0.0,0.0
cc7d03a3a03a3325,0,clean,1793,2,1,1.0,True,0.0,0.9,1.0,1.0,0.0,0.0,0.0,0.0
cc7d03a3a03a3325,0,clean,1794,2,1,1.0,True,0.0,0.9,1.0,1.0,0.0,0.0,0.0,0.0
cc7d03a3a03a3325,0,clean,1795,2,1,1.0,True,0.0,0.9,1.0,1.0,0.0,0.0,0.0,0.0
cc7d03a3a03a3325,0,clean,1796,2,1,1.0,True,0.0,0.9,1.0,1.0,0.0,0.0,0.0,0.0
cc7d03a3a03a3325,0,clean,1797,2,1,1.0,True,0.0,0.9,1.0,1.0,0.0,0.0,0.0,0.0
cc7d03a3a03a3325,0,clean,1798,2,1,1.0,True,0.0,0.9,1.0,1.0,0.0,0.0,0.0,0.0
cc7d03a3a03a3325,0,clean,1799,2,1,1.0,True,0.0,0.9,1.0,1.0,0.0,0.0,0.0,0.0
cc7d03a3a03a3325,0,clean,1800,2,1,1.0,True,0.0,0.9,1.0,1.0,0.0,0.0,0.0,0.0
cc7d03a3a03a3325,0,clean,1801,2,1,1.0,True,0.0,0.9,1.0,1.0,0.0,0.0,0.0,0.0
cc7d03a3a03a3325,0,clean,1802,2,1,1.0,True,0.0,0.9,1.0,1.0,0.0,0.0,0.0,0.0
cc7d03a3a03a3325,0,clean,1803,2,1,1.0,True,0.0,0.9,1.0,1.0,0.0,0.0,0.0,0.0
cc7d03a3a03a3325,0,clean,1804,2,1,1.0,True,0.0,0.9,1.0,1.0,0.0,0.0,0.0,0.0
cc7d03a3a03a3325,0,clean,1805,2,1,1.0,True,0.0,0.9,1.0,1.0,0.0,0.0,0.0,0.0
cc7d03a3a03a3325,0,clean,1806,2,1,1.0,True,0.0,0.9,1.0,1.0,0.0,0.0,0.0,0.0
cc7d03a3a03a3325,0,clean,1807,2,1,1.0,True,0.0,0.9,1.0,1.0,0.0,0.0,0.0,0.0
cc7d03a3a03a3325,0,clean,1808,2,1,1.0,True,0.0,0.9,1.0,1.0,0.0,0.0,0.0,0.0
cc7d03a3a03a3325,0,clean,1809,2,1,1.0,True,0.0,0.9,1.0,1.0,0.0,0.0,0.0,0.0
cc7d03a3a03a3325,0,clean,1810,2,1,1.0,True,0.0,0.9,1.0,1.0,0.0,0.0,0.0,0.0
cc7d03a3a03a3325,0,clean,1811,2,1,1.0,True,0.0,0.9,1.0,1.0,0.0,0.0,0.0,0.0
cc7d03a3a03a3325,0,clean,1812,2,1,1.0,True,0.0,0.9,1.0,1.0,0.0,0.0,0.0,0.0
cc7d03a3a03a3325,0,clean,1813,2,1,1.0,True,0.0,0.9,1.0,1.0,0.0,0.0,0.0,0.0
cc7d03a3a03a3325,0,clean,1814,2,0,-0.1,False,0.0,0.9,0.6200000000000001,0.6200000000000001,0.0,0.0,0.0,0.0
cc7d03a3a03a3325,0,clean,1815,1,1,-0.1,False,0.0,0.9,0.8,0.8,0.0,0.0,0.0,0.0
cc7d03a3a03a3325,0,clean,1816,2,1,1.0,True,0.0,0.9,1.0,1.0,0.0,0.0,0.0,0.0
cc7d03a3a03a3325,0,clean,1817,2,1,1.0,True,0.0,0.9,1.0,1.0,0.0,0.0,0.0,0.0
cc7d03a3a03a3325,0,clean,1818,2,1,1.0,True,0.0,0.9,1.0,1.0,0.0,0.0,0.0,0.0
cc7d03a3a03a3325,0,clean,1819,2,1,1.0,True,0.0,0.9,1.0,1.0,0.0,0.0,0.0,0.0
cc7d03a3a03a3325,0,clean,1820,2,1,1.0,True,0.0,0.9,1.0,1.0,0.0,0.0,0.0,0.0
cc7d03a3a03a3325,0,clean,1821,2,1,1.0,True,0.0,0.9,1.0,1.0,0.0,0.0,0.0,0.0
cc7d03a3a03a3325,0,clean,1822,2,1,1.0,True,0.0,0.9,1.0,1.0,0.0,0.0,0.0,0.0
cc7d03a3a03a3325,0,clean,1823,2,1,1.0,True,0.0,0.9,1.0,1.0,0.0,0.0,0.0,0.0
cc7d03a3a03a3325,0,clean,1824,2,1,1.0,True,0.0,0.9,1.0,1.0,0.0,0.0,0.0,0.0
cc7d03a3a03a3325,0,clean,1825,2,1,1.0,True,0.0,0.9,1.0,1.0,0.0,0.0,0.0,0.0
cc7d03a3a03a3325,0,clean,1826,2,1,1.0,True,0.0,0.9,1.0,1.0,0.0,0.0,0.0,0.0
cc7d03a3a03a3325,0,clean,1827,2,0,-0.1,False,0.0,0.9,0.6200000000000001,0.6200000000000001,0.0,0.0,0.0,0.0
cc7d03a3a03a3325,0,clean,1828,1,1,-0.1,False,0.0,0.9,0.8,0.8,0.0,0.0,0.0,0.0
cc7d03a3a03a3325,0,clean,1829,2,1,1.0,True,0.0,0.9,1.0,1.0,0.0,0.0,0.0,0.0
cc7d03a3a03a3325,0,clean,1830,2,1,1.0,True,0.0,0.9,1.0,1.0,0.0,0.0,0.0,0.0
cc7d03a3a03a3325,0,clean,1831,2,1,1.0,True,0.0,0.9,1.0,1.0,0.0,0.0,0.0,0.0
cc7d03a3a03a3325,0,clean,1832,2,1,1.0,True,0.0,0.9,1.0,1.0,0.0,0.0,0.0,0.0
cc7d03a3a03a3325,0,clean,1833,2,1,1.0,True,0.0,0.9,1.0,1.0,0.0,0.0,0.0,0.0
cc7d03a3a03a3325,0,clean,1834,2,1,1.0,True,0.0,0.9,1.0,1.0,0.0,0.0,0.0,0.0
cc7d03a3a03a3325,0,clean,1835,2,1,1.0,True,0.0,0.9,1.0,1.0,0.0,0.0,0.0,0.0
cc7d03a3a03a3325,0,clean,1836,2,1,1.0,True,0.0,0.9,1.0,1.0,0.0,0.0,0.0,0.0
cc7d03a3a03a3325,0,clean,1837,2,1,1.0,True,0.0,0.9,1.0,1.0,0.0,0.0,0.0,0.0
cc7d03a3a03a3325,0,clean,1838,2,1,1.0,True,0.0,0.9,1.0,1.0,0.0,0.0,0.0,0.0
cc7d03a3a03a3325,0,clean,1839,2,1,1.0,True,0.0,0.9,1.0,1.0,0.0,0.0,0.0,0.0
cc7d03a3a03a3325,0,clean,1840,2,1,1.0,True,0.0,0.9,1.0,1.0,0.0,0.0,0.0,0.0
cc7d03a3a03a3325,0,clean,1841,2,1,1.0,True,0.0,0.9,1.0,1.0,0.0,0.0,0.0,0.0
cc7d03a3a03a3325,0,clean,1842,2,1,1.0,True,0.0,0.9,1.0,1.0,0.0,0.0,0.0,0.0
cc7d03a3a03a3325,0,clean,1843,2,1,1.0,True,0.0,0.9,1.0,1.0,0.0,0.0,0.0,0.0
cc7d03a3a03a3325,0,clean,1844,2,0,-0.1,False,0.0,0.9,0.6200000000000001,0.6200000000000001,0.0,0.0,0.0,0.0
cc7d03a3a03a3325,0,clean,1845,1,1,-0.1,False,0.0,0.9,0.8,0.8,0.0,0.0,0.0,0.0
cc7d03a3a03a3325,0,clean,1846,2,0,-0.1,False,0.0,0.9,0.6200000000000001,0.6200000000000001,0.0,0.0,0.0,0.0
cc7d03a3a03a3325,0,clean,1847,1,1,-0.1,False,0.0,0.9,0.8,0.8,0.0,0.0,0.0,0.0
cc7d03a3a03a3325,0,clean,1848,2,1,1.0,True,0.0,0.9,1.0,1.0,0.0,0.0,0.0,0.0
cc7d03a3a03a3325,0,clean,1849,2,1,1.0,True,0.0,0.9,1.0,1.0,0.0,0.0,0.0,0.0
cc7d03a3a03a3325,0,clean,1850,2,1,1.0,True,0.0,0.9,1.0,1.0,0.0,0.0,0.0,0.0
cc7d03a3a03a3325,0,clean,1851,2,1,1.0,True,0.0,0.9,1.0,1.0,0.0,0.0,0.0,0.0
cc7d03a3a03a3325,0,clean,1852,2,1,1.0,True,0.0,0.9,1.0,1.0,0.0,0.0,0.0,0.0
cc7d03a3a03a3325,0,clean,1853,2,1,1.0,True,0.0,0.9,1.0,1.0,0.0,0.0,0.0,0.0
cc7d03a3a03a3325,0,clean,1854,2,1,1.0,True,0.0,0.9,1.0,1.0,0.0,0.0,0.0,0.0
cc7d03a3a03a3325,0,clean,1855,2,1,1.0,True,0.0,0.9,1.0,1.0,0.0,0.0,0.0,0.0
cc7d03a3a03a3325,0,clean,1856,2,1,1.0,True,0.0,0.9,1.0,1.0,0.0,0.0,0.0,0.0
cc7d03a3a03a3325,0,clean,1857,2,0,-0.1,False,0.0,0.9,0.6200000000000001,0.6200000000000001,0.0,0.0,0.0,0.0
cc7d03a3a03a3325,0,clean,1858,1,1,-0.1,False,0.0,0.9,0.8,0.8,0.0,0.0,0.0,0.0
cc7d03a3a03a3325,0,clean,1859,2,1,1.0,True,0.0,0.9,1.0,1.0,0.0,0.0,0.0,0.0
cc7d03a3a03a3325,0,clean,1860,2,1,1.0,True,0.0,0.9,1.0,1.0,0.0,0.0,0.0,0.0
cc7d03a3a03a3325,0,clean,1861,2,1,1.0,True,0.0,0.9,1.0,1.0,0.0,0.0,0.0,0.0
cc7d03a3a03a3325,0,clean,1862,2,1,1.0,True,0.0,0.9,1.0,1.0,0.0,0.0,0.0,0.0
cc7d03a3a03a3325,0,clean,1863,2,1,1.0,True,0.0,0.9,1.0,1.0,0.0,0.0,0.0,0.0
cc7d03a3a03a3325,0,clean,1864,2,0,-0.1,False,0.0,0.9,0.6200000000000001,0.6200000000000001,0.0,0.0,0.0,0.0
cc7d03a3a03a3325,0,clean,1865,1,1,-0.1,False,0.0,0.9,0.8,0.8,0.0,0.0,0.0,0.0
cc7d03a3a03a3325,0,clean,1866,2,1,1.0,True,0.0,0.9,1.0,1.0,0.0,0.0,0.0,0.0
cc7d03a3a03a3325,0,clean,1867,2,1,1.0,True,0.0,0.9,1.0,1.0,0.0,0.0,0.0,0.0
cc7d03a3a03a3325,0,clean,1868,2,0,-0.1,False,0.0,0.9,0.6200000000000001,0.6200000000000001,0.0,0.0,0.0,0.0
cc7d03a3a03a3325,0,clean,1869,1,1,-0.1,False,0.0,0.9,0.8,0.8,0.0,0.0,0.0,0.0
cc7d03a3a03a3325,0,clean,1870,2,1,1.0,True,0.0,0.9,1.0,1.0,0.0,0.0,0.0,0.0
cc7d03a3a03a3325,0,clean,1871,2,1,1.0,True,0.0,0.9,1.0,1.0,0.0,0.0,0.0,0.0
cc7d03a3a03a3325,0,clean,1872,2,0,-0.1,False,0.0,0.9,0.6200000000000001,0.6200000000000001,0.0,0.0,0.0,0.0
cc7d03a3a03a3325,0,clean,1873,1,0,-0.1,False,0.0,0.9,0.4580000000000002,0.4580000000000002,0.0,0.0,0.0,0.0
cc7d03a3a03a3325,0,clean,1874,0,0,-0.1,False,0.0,0.9,0.4580000000000002,0.4580000000000002,0.0,0.0,0.0,0.0
cc7d03a3a03a3325,0,clean,1875,0,0,-0.1,False,0.0,0.9,0.4580000000000002,0.4580000000000002,0.0,0.0,0.0,0.0
cc7d03a3a03a3325,0,clean,1876,0,1,-0.1,False,0.0,0.9,0.6200000000000001,0.6200000000000001,0.0,0.0,0.0,0.0
cc7d03a3a03a3325,0,clean,1877,1,1,-0.1,False,0.0,0.9,0.8,0.8,0.0,0.0,0.0,0.0
cc7d03a3a03a3325,0,clean,1878,2,1,1.0,True,0.0,0.9,1.0,1.0,0.0,0.0,0.0,0.0
cc7d03a3a03a3325,0,clean,1879,2,1,1.0,True,0.0,0.9,1.0,1.0,0.0,0.0,0.0,0.0
cc7d03a3a03a3325,0,clean,1880,2,1,1.0,True,0.0,0.9,1.0,1.0,0.0,0.0,0.0,0.0
cc7d03a3a03a3325,0,clean,1881,2,1,1.0,True,0.0,0.9,1.0,1.0,0.0,0.0,0.0,0.0
cc7d03a3a03a3325,0,clean,1882,2,1,1.0,True,0.0,0.9,1.0,1.0,0.0,0.0,0.0,0.0
cc7d03a3a03a3325,0,clean,1883,2,0,-0.1,False,0.0,0.9,0.6200000000000001,0.6200000000000001,0.0,0.0,0.0,0.0
cc7d03a3a03a3325,0,clean,1884,1,1,-0.1,False,0.0,0.9,0.8,0.8,0.0,0.0,0.0,0.0
cc7d03a3a03a3325,0,clean,1885,2,1,1.0,True,0.0,0.9,1.0,1.0,0.0,0.0,0.0,0.0
cc7d03a3a03a3325,0,clean,1886,2,1,1.0,True,0.0,0.9,1.0,1.0,0.0,0.0,0.0,0.0
cc7d03a3a03a3325,0,clean,1887,2,1,1.0,True,0.0,0.9,1.0,1.0,0.0,0.0,0.0,0.0
cc7d03a3a03a3325,0,clean,1888,2,1,1.0,True,0.0,0.9,1.0,1.0,0.0,0.0,0.0,0.0
cc7d03a3a03a3325,0,clean,1889,2,1,1.0,True,0.0,0.9,1.0,1.0,0.0,0.0,0.0,0.0
cc7d03a3a03a3325,0,clean,1890,2,1,1.0,True,0.0,0.9,1.0,1.0,0.0,0.0,0.0,0.0
cc7d03a3a03a3325,0,clean,1891,2,1,1.0,True,0.0,0.9,1.0,1.0,0.0,0.0,0.0,0.0
cc7d03a3a03a3325,0,clean,1892,2,0,-0.1,False,0.0,0.9,0.6200000000000001,0.6200000000000001,0.0,0.0,0.0,0.0
cc7d03a3a03a3325,0,clean,1893,1,0,-0.1,False,0.0,0.9,0.4580000000000002,0.4580000000000002,0.0,0.0,0.0,0.0
cc7d03a3a03a3325,0,clean,1894,0,0,-0.1,False,0.0,0.9,0.4580000000000002,0.4580000000000002,0.0,0.0,0.0,0.0
cc7d03a3a03a3325,0,clean,1895,0,1,-0.1,False,0.0,0.9,0.6200000000000001,0.6200000000000001,0.0,0.0,0.0,0.0
cc7d03a3a03a3325,0,clean,1896,1,0,-0.1,False,0.0,0.9,0.4580000000000002,0.4580000000000002,0.0,0.0,0.0,0.0
cc7d03a3a03a3325,0,clean,1897,0,1,-0.1,False,0.0,0.9,0.6200000000000001,0.6200000000000001,0.0,0.0,0.0,0.0
cc7d03a3a03a3325,0,clean,1898,1,0,-0.1,False,0.0,0.9,0.4580000000000002,0.4580000000000002,0.0,0.0,0.0,0.0
cc7d03a3a03a3325,0,clean,1899,0,1,-0.1,False,0.0,0.9,0.6200000000000001,0.6200000000000001,0.0,0.0,0.0,0.0
cc7d03a3a03a3325,0,clean,1900,1,1,-0.1,False,0.0,0.9,0.8,0.8,0.0,0.0,0.0,0.0
cc7d03a3a03a3325,0,clean,1901,2,1,1.0,True,0.0,0.9,1.0,1.0,0.0,0.0,0.0,0.0
cc7d03a3a03a3325,0,clean,1902,2,1,1.0,True,0.0,0.9,1.0,1.0,0.0,0.0,0.0,0.0
cc7d03a3a03a3325,0,clean,1903,2,0,-0.1,False,0.0,0.9,0.6200000000000001,0.6200000000000001,0.0,0.0,0.0,0.0
cc7d03a3a03a3325,0,clean,1904,1,1,-0.1,False,0.0,0.9,0.8,0.8,0.0,0.0,0.0,0.0
cc7d03a3a03a3325,0,clean,1905,2,1,1.0,True,0.0,0.9,1.0,1.0,0.0,0.0,0.0,0.0
cc7d03a3a03a3325,0,clean,1906,2,1,1.0,True,0.0,0.9,1.0,1.0,0.0,0.0,0.0,0.0
cc7d03a3a03a3325,0,clean,1907,2,0,-0.1,False,0.0,0.9,0.6200000000000001,0.6200000000000001,0.0,0.0,0.0,0.0
cc7d03a3a03a3325,0,clean,1908,1,1,-0.1,False,0.0,0.9,0.8,0.8,0.0,0.0,0.0,0.0
cc7d03a3a03a3325,0,clean,1909,2,1,1.0,True,0.0,0.9,1.0,1.0,0.0,0.0,0.0,0.0
cc7d03a3a03a3325,0,clean,1910,2,1,1.0,True,0.0,0.9,1.0,1.0,0.0,0.0,0.0,0.0
cc7d03a3a03a3325,0,clean,1911,2,1,1.0,True,0.0,0.9,1.0,1.0,0.0,0.0,0.0,0.0
cc7d03a3a03a3325,0,clean,1912,2,0,-0.1,False,0.0,0.9,0.6200000000000001,0.6200000000000001,0.0,0.0,0.0,0.0
cc7d03a3a03a3325,0,clean,1913,1,1,-0.1,False,0.0,0.9,0.8,0.8,0.0,0.0,0.0,0.0
cc7d03a3a03a3325,0,clean,1914,2,1,1.0,True,0.0,0.9,1.0,1.0,0.0,0.0,0.0,0.0
cc7d03a3a03a3325,0,clean,1915,2,1,1.0,True,0.0,0.9,1.0,1.0,0.0,0.0,0.0,0.0
cc7d03a3a03a3325,0,clean,1916,2,1,1.0,True,0.0,0.9,1.0,1.0,0.0,0.0,0.0,0.0
cc7d03a3a03a3325,0,clean,1917,2,0,-0.1,False,0.0,0.9,0.6200000000000001,0.6200000000000001,0.0,0.0,0.0,0.0
cc7d03a3a03a3325,0,clean,1918,1,1,-0.1,False,0.0,0.9,0.8,0.8,0.0,0.0,0.0,0.0
cc7d03a3a03a3325,0,clean,1919,2,1,1.0,True,0.0,0.9,1.0,1.0,0.0,0.0,0.0,0.0
cc7d03a3a03a3325,0,clean,1920,2,1,1.0,True,0.0,0.9,1.0,1.0,0.0,0.0,0.0,0.0
cc7d03a3a03a3325,0,clean,1921,2,0,-0.1,False,0.0,0.9,0.6200000000000001,0.6200000000000001,0.0,0.0,0.0,0.0
cc7d03a3a03a3325,0,clean,1922,1,1,-0.1,False,0.0,0.9,0.8,0.8,0.0,0.0,0.0,0.0
cc7d03a3a03a3325,0,clean,1923,2,1,1.0,True,0.0,0.9,1.0,1.0,0.0,0.0,0.0,0.0
cc7d03a3a03a3325,0,clean,1924,2,1,1.0,True,0.0,0.9,1.0,1.0,0.0,0.0,0.0,0.0
cc7d03a3a03a3325,0,clean,1925,2,1,1.0,True,0.0,0.9,1.0,1.0,0.0,0.0,0.0,0.0
cc7d03a3a03a3325,0,clean,1926,2,1,1.0,True,0.0,0.9,1.0,1.0,0.0,0.0,0.0,0.0
cc7d03a3a03a3325,0,clean,1927,2,1,1.0,True,0.0,0.9,1.0,1.0,0.0,0.0,0.0,0.0
cc7d03a3a03a3325,0,clean,1928,2,0,-0.1,False,0.0,0.9,0.6200000000000001,0.6200000000000001,0.0,0.0,0.0,0.0
cc7d03a3a03a3325,0,clean,1929,1,1,-0.1,False,0.0,0.9,0.8,0.8,0.0,0.0,0.0,0.0
cc7d03a3a03a3325,0,clean,1930,2,1,1.0,True,0.0,0.9,1.0,1.0,0.0,0.0,0.0,0.0
cc7d03a3a03a3325,0,clean,1931,2,0,-0.1,False,0.0,0.9,0.6200000000000001,0.6200000000000001,0.0,0.0,0.0,0.0
cc7d03a3a03a3325,0,clean,1932,1,1,-0.1,False,0.0,0.9,0.8,0.8,0.0,0.0,0.0,0.0
cc7d03a3a03a3325,0,clean,1933,2,1,1.0,True,0.0,0.9,1.0,1.0,0.0,0.0,0.0,0.0
cc7d03a3a03a3325,0,clean,1934,2,1,1.0,True,0.0,0.9,1.0,1.0,0.0,0.0,0.0,0.0
cc7d03a3a03a3325,0,clean,1935,2,1,1.0,True,0.0,0.9,1.0,1.0,0.0,0.0,0.0,0.0
cc7d03a3a03a3325,0,clean,1936,2,1,1.0,True,0.0,0.9,1.0,1.0,0.0,0.0,0.0,0.0
cc7d03a3a03a3325,0,clean,1937,2,1,1.0,True,0.0,0.9,1.0,1.0,0.0,0.0,0.0,0.0
cc7d03a3a03a3325,0,clean,1938,2,1,1.0,True,0.0,0.9,1.0,1.0,0.0,0.0,0.0,0.0
cc7d03a3a03a3325,0,clean,1939,2,1,1.0,True,0.0,0.9,1.0,1.0,0.0,0.0,0.0,0.0
cc7d03a3a03a3325,0,clean,1940,2,0,-0.1,False,0.0,0.9,0.6200000000000001,0.6200000000000001,0.0,0.0,0.0,0.0
cc7d03a3a03a3325,0,clean,1941,1,0,-0.1,False,0.0,0.9,0.4580000000000002,0.4580000000000002,0.0,0.0,0.0,0.0
cc7d03a3a03a3325,0,clean,1942,0,0,-0.1,False,0.0,0.9,0.4580000000000002,0.4580000000000002,0.0,0.0,0.0,0.0
cc7d03a3a03a3325,0,clean,1943,0,1,-0.1,False,0.0,0.9,0.6200000000000001,0.6200000000000001,0.0,0.0,0.0,0.0
cc7d03a3a03a3325,0,clean,1944,1,1,-0.1,False,0.0,0.9,0.8,0.8,0.0,0.0,0.0,0.0
cc7d03a3a03a3325,0,clean,1945,2,0,-0.1,False,0.0,0.9,0.6200000000000001,0.6200000000000001,0.0,0.0,0.0,0.0
cc7d03a3a03a3325,0,clean,1946,1,1,-0.1,False,0.0,0.9,0.8,0.8,0.0,0.0,0.0,0.0
cc7d03a3a03a3325,0,clean,1947,2,0,-0.1,False,0.0,0.9,0.6200000000000001,0.6200000000000001,0.0,0.0,0.0,0.0
cc7d03a3a03a3325,0,clean,1948,1,0,-0.1,False,0.0,0.9,0.4580000000000002,0.4580000000000002,0.0,0.0,0.0,0.0
cc7d03a3a03a3325,0,clean,1949,0,1,-0.1,False,0.0,0.9,0.6200000000000001,0.6200000000000001,0.0,0.0,0.0,0.0
cc7d03a3a03a3325,0,clean,1950,1,0,-0.1,False,0.0,0.9,0.4580000000000002,0.4580000000000002,0.0,0.0,0.0,0.0
cc7d03a3a03a3325,0,clean,1951,0,1,-0.1,False,0.0,0.9,0.6200000000000001,0.6200000000000001,0.0,0.0,0.0,0.0
cc7d03a3a03a3325,0,clean,1952,1,1,-0.1,False,0.0,0.9,0.8,0.8,0.0,0.0,0.0,0.0
cc7d03a3a03a3325,0,clean,1953,2,1,1.0,True,0.0,0.9,1.0,1.0,0.0,0.0,0.0,0.0
cc7d03a3a03a3325,0,clean,1954,2,1,1.0,True,0.0,0.9,1.0,1.0,0.0,0.0,0.0,0.0
cc7d03a3a03a3325,0,clean,1955,2,1,1.0,True,0.0,0.9,1.0,1.0,0.0,0.0,0.0,0.0
cc7d03a3a03a3325,0,clean,1956,2,0,-0.1,False,0.0,0.9,0.6200000000000001,0.6200000000000001,0.0,0.0,0.0,0.0
cc7d03a3a03a3325,0,clean,1957,1,1,-0.1,False,0.0,0.9,0.8,0.8,0.0,0.0,0.0,0.0
cc7d03a3a03a3325,0,clean,1958,2,1,1.0,True,0.0,0.9,1.0,1.0,0.0,0.0,0.0,0.0
cc7d03a3a03a3325,0,clean,1959,2,1,1.0,True,0.0,0.9,1.0,1.0,0.0,0.0,0.0,0.0
cc7d03a3a03a3325,0,clean,1960,2,0,-0.1,False,0.0,0.9,0.6200000000000001,0.6200000000000001,0.0,0.0,0.0,0.0
cc7d03a3a03a3325,0,clean,1961,1,0,-0.1,False,0.0,0.9,0.4580000000000002,0.4580000000000002,0.0,0.0,0.0,0.0
cc7d03a3a03a3325,0,clean,1962,0,0,-0.1,False,0.0,0.9,0.4580000000000002,0.4580000000000002,0.0,0.0,0.0,0.0
cc7d03a3a03a3325,0,clean,1963,0,0,-0.1,False,0.0,0.9,0.4580000000000002,0.4580000000000002,0.0,0.0,0.0,0.0
cc7d03a3a03a3325,0,clean,1964,0,0,-0.1,False,0.0,0.9,0.4580000000000002,0.4580000000000002,0.0,0.0,0.0,0.0
cc7d03a3a03a3325,0,clean,1965,0,1,-0.1,False,0.0,0.9,0.6200000000000001,0.6200000000000001,0.0,0.0,0.0,0.0
cc7d03a3a03a3325,0,clean,1966,1,1,-0.1,False,0.0,0.9,0.8,0.8,0.0,0.0,0.0,0.0
cc7d03a3a03a3325,0,clean,1967,2,1,1.0,True,0.0,0.9,1.0,1.0,0.0,0.0,0.0,0.0
cc7d03a3a03a3325,0,clean,1968,2,1,1.0,True,0.0,0.9,1.0,1.0,0.0,0.0,0.0,0.0
cc7d03a3a03a3325,0,clean,1969,2,1,1.0,True,0.0,0.9,1.0,1.0,0.0,0.0,0.0,0.0
cc7d03a3a03a3325,0,clean,1970,2,1,1.0,True,0.0,0.9,1.0,1.0,0.0,0.0,0.0,0.0
cc7d03a3a03a3325,0,clean,1971,2,1,1.0,True,0.0,0.9,1.0,1.0,0.0,0.0,0.0,0.0
cc7d03a3a03a3325,0,clean,1972,2,1,1.0,True,0.0,0.9,1.0,1.0,0.0,0.0,0.0,0.0
cc7d03a3a03a3325,0,clean,1973,2,1,1.0,True,0.0,0.9,1.0,1.0,0.0,0.0,0.0,0.0
cc7d03a3a03a3325,0,clean,1974,2,1,1.0,True,0.0,0.9,1.0,1.0,0.0,0.0,0.0,0.0
cc7d03a3a03a3325,0,clean,1975,2,1,1.0,True,0.0,0.9,1.0,1.0,0.0,0.0,0.0,0.0
cc7d03a3a03a3325,0,clean,1976,2,1,1.0,True,0.0,0.9,1.0,1.0,0.0,0.0,0.0,0.0
cc7d03a3a03a3325,0,clean,1977,2,1,1.0,True,0.0,0.9,1.0,1.0,0.0,0.0,0.0,0.0
cc7d03a3a03a3325,0,clean,1978,2,1,1.0,True,0.0,0.9,1.0,1.0,0.0,0.0,0.0,0.0
cc7d03a3a03a3325,0,clean,1979,2,1,1.0,True,0.0,0.9,1.0,1.0,0.0,0.0,0.0,0.0
cc7d03a3a03a3325,0,clean,1980,2,1,1.0,True,0.0,0.9,1.0,1.0,0.0,0.0,0.0,0.0
cc7d03a3a03a3325,0,clean,1981,2,0,-0.1,False,0.0,0.9,0.6200000000000001,0.6200000000000001,0.0,0.0,0.0,0.0
cc7d03a3a03a3325,0,clean,1982,1,0,-0.1,False,0.0,0.9,0.4580000000000002,0.4580000000000002,0.0,0.0,0.0,0.0
cc7d03a3a03a3325,0,clean,1983,0,1,-0.1,False,0.0,0.9,0.6200000000000001,0.6200000000000001,0.0,0.0,0.0,0.0
cc7d03a3a03a3325,0,clean,1984,1,0,-0.1,False,0.0,0.9,0.4580000000000002,0.4580000000000002,0.0,0.0,0.0,0.0
cc7d03a3a03a3325,0,clean,1985,0,1,-0.1,False,0.0,0.9,0.6200000000000001,0.6200000000000001,0.0,0.0,0.0,0.0
cc7d03a3a03a3325,0,clean,1986,1,1,-0.1,False,0.0,0.9,0.8,0.8,0.0,0.0,0.0,0.0
cc7d03a3a03a3325,0,clean,1987,2,1,1.0,True,0.0,0.9,1.0,1.0,0.0,0.0,0.0,0.0
cc7d03a3a03a3325,0,clean,1988,2,1,1.0,True,0.0,0.9,1.0,1.0,0.0,0.0,0.0,0.0
cc7d03a3a03a3325,0,clean,1989,2,1,1.0,True,0.0,0.9,1.0,1.0,0.0,0.0,0.0,0.0
cc7d03a3a03a3325,0,clean,1990,2,1,1.0,True,0.0,0.9,1.0,1.0,0.0,0.0,0.0,0.0
cc7d03a3a03a3325,0,clean,1991,2,1,1.0,True,0.0,0.9,1.0,1.0,0.0,0.0,0.0,0.0
cc7d03a3a03a3325,0,clean,1992,2,0,-0.1,False,0.0,0.9,0.6200000000000001,0.6200000000000001,0.0,0.0,0.0,0.0
cc7d03a3a03a3325,0,clean,1993,1,1,-0.1,False,0.0,0.9,0.8,0.8,0.0,0.0,0.0,0.0
cc7d03a3a03a3325,0,clean,1994,2,1,1.0,True,0.0,0.9,1.0,1.0,0.0,0.0,0.0,0.0
cc7d03a3a03a3325,0,clean,1995,2,1,1.0,True,0.0,0.9,1.0,1.0,0.0,0.0,0.0,0.0
cc7d03a3a03a3325,0,clean,1996,2,1,1.0,True,0.0,0.9,1.0,1.0,0.0,0.0,0.0,0.0
cc7d03a3a03a3325,0,clean,1997,2,1,1.0,True,0.0,0.9,1.0,1.0,0.0,0.0,0.0,0.0
cc7d03a3a03a3325,0,clean,1998,2,1,1.0,True,0.0,0.9,1.0,1.0,0.0,0.0,0.0,0.0
cc7d03a3a03a3325,0,clean,1999,2,0,-0.1,False,0.0,0.9,0.6200000000000001,0.6200000000000001,0.0,0.0,0.0,0.0
cc7d03a3a03a3325,0,clean,2000,1,0,-0.1,False,0.0,0.9,0.4580000000000002,0.4580000000000002,0.0,0.0,0.0,0.0
cc7d03a3a03a3325,0,clean,2001,0,1,-0.1,False,0.0,0.9,0.6200000000000001,0.6200000000000001,0.0,0.0,0.0,0.0
cc7d03a3a03a3325,0,clean,2002,1,1,-0.1,False,0.0,0.9,0.8,0.8,0.0,0.0,0.0,0.0
cc7d03a3a03a3325,0,clean,2003,2,1,1.0,True,0.0,0.9,1.0,1.0,0.0,0.0,0.0,0.0
cc7d03a3a03a3325,0,clean,2004,2,1,1.0,True,0.0,0.9,1.0,1.0,0.0,0.0,0.0,0.0
cc7d03a3a03a3325,0,clean,2005,2,1,1.0,True,0.0,0.9,1.0,1.0,0.0,0.0,0.0,0.0
cc7d03a3a03a3325,0,clean,2006,2,0,-0.1,False,0.0,0.9,0.6200000000000001,0.6200000000000001,0.0,0.0,0.0,0.0
cc7d03a3a03a3325,0,clean,2007,1,0,-0.1,False,0.0,0.9,0.4580000000000002,0.4580000000000002,0.0,0.0,0.0,0.0
cc7d03a3a03a3325,0,clean,2008,0,1,-0.1,False,0.0,0.9,0.6200000000000001,0.6200000000000001,0.0,0.0,0.0,0.0
cc7d03a3a03a3325,0,clean,2009,1,1,-0.1,False,0.0,0.9,0.8,0.8,0.0,0.0,0.0,0.0
cc7d03a3a03a3325,0,clean,2010,2,1,1.0,True,0.0,0.9,1.0,1.0,0.0,0.0,0.0,0.0
cc7d03a3a03a3325,0,clean,2011,2,1,1.0,True,0.0,0.9,1.0,1.0,0.0,0.0,0.0,0.0
cc7d03a3a03a3325,0,clean,2012,2,1,1.0,True,0.0,0.9,1.0,1.0,0.0,0.0,0.0,0.0
cc7d03a3a03a3325,0,clean,2013,2,1,1.0,True,0.0,0.9,1.0,1.0,0.0,0.0,0.0,0.0
cc7d03a3a03a3325,0,clean,2014,2,1,1.0,True,0.0,0.9,1.0,1.0,0.0,0.0,0.0,0.0
cc7d03a3a03a3325,0,clean,2015,2,1,1.0,True,0.0,0.9,1.0,1.0,0.0,0.0,0.0,0.0
cc7d03a3a03a3325,0,clean,2016,2,1,1.0,True,0.0,0.9,1.0,1.0,0.0,0.0,0.0,0.0
cc7d03a3a03a3325,0,clean,2017,2,1,1.0,True,0.0,0.9,1.0,1.0,0.0,0.0,0.0,0.0
cc7d03a3a03a3325,0,clean,2018,2,0,-0.1,False,0.0,0.9,0.6200000000000001,0.6200000000000001,0.0,0.0,0.0,0.0
cc7d03a3a03a3325,0,clean,2019,1,1,-0.1,False,0.0,0.9,0.8,0.8,0.0,0.0,0.0,0.0
cc7d03a3a03a3325,0,clean,2020,2,1,1.0,True,0.0,0.9,1.0,1.0,0.0,0.0,0.0,0.0
cc7d03a3a03a3325,0,clean,2021,2,1,1.0,True,0.0,0.9,1.0,1.0,0.0,0.0,0.0,0.0
cc7d03a3a03a3325,0,clean,2022,2,1,1.0,True,0.0,0.9,1.0,1.0,0.0,0.0,0.0,0.0
cc7d03a3a03a3325,0,clean,2023,2,1,1.0,True,0.0,0.9,1.0,1.0,0.0,0.0,0.0,0.0
cc7d03a3a03a3325,0,clean,2024,2,1,1.0,True,0.0,0.9,1.0,1.0,0.0,0.0,0.0,0.0
cc7d03a3a03a3325,0,clean,2025,2,1,1.0,True,0.0,0.9,1.0,1.0,0.0,0.0,0.0,0.0
cc7d03a3a03a3325,0,clean,2026,2,1,1.0,True,0.0,0.9,1.0,1.0,0.0,0.0,0.0,0.0
cc7d03a3a03a3325,0,clean,2027,2,1,1.0,True,0.0,0.9,1.0,1.0,0.0,0.0,0.0,0.0
cc7d03a3a03a3325,0,clean,2028,2,0,-0.1,False,0.0,0.9,0.6200000000000001,0.6200000000000001,0.0,0.0,0.0,0.0
cc7d03a3a03a3325,0,clean,2029,1,1,-0.1,False,0.0,0.9,0.8,0.8,0.0,0.0,0.0,0.0
cc7d03a3a03a3325,0,clean,2030,2,1,1.0,True,0.0,0.9,1.0,1.0,0.0,0.0,0.0,0.0
cc7d03a3a03a3325,0,clean,2031,2,0,-0.1,False,0.0,0.9,0.6200000000000001,0.6200000000000001,0.0,0.0,0.0,0.0
cc7d03a3a03a3325,0,clean,2032,1,1,-0.1,False,0.0,0.9,0.8,0.8,0.0,0.0,0.0,0.0
cc7d03a3a03a3325,0,clean,2033,2,1,1.0,True,0.0,0.9,1.0,1.0,0.0,0.0,0.0,0.0
cc7d03a3a03a3325,0,clean,2034,2,0,-0.1,False,0.0,0.9,0.6200000000000001,0.6200000000000001,0.0,0.0,0.0,0.0
cc7d03a3a03a3325,0,clean,2035,1,1,-0.1,False,0.0,0.9,0.8,0.8,0.0,0.0,0.0,0.0
cc7d03a3a03a3325,0,clean,2036,2,0,-0.1,False,0.0,0.9,0.6200000000000001,0.6200000000000001,0.0,0.0,0.0,0.0
cc7d03a3a03a3325,0,clean,2037,1,0,-0.1,False,0.0,0.9,0.4580000000000002,0.4580000000000002,0.0,0.0,0.0,0.0
cc7d03a3a03a3325,0,clean,2038,0,1,-0.1,False,0.0,0.9,0.6200000000000001,0.6200000000000001,0.0,0.0,0.0,0.0
cc7d03a3a03a3325,0,clean,2039,1,1,-0.1,False,0.0,0.9,0.8,0.8,0.0,0.0,0.0,0.0
cc7d03a3a03a3325,0,clean,2040,2,1,1.0,True,0.0,0.9,1.0,1.0,0.0,0.0,0.0,0.0
cc7d03a3a03a3325,0,clean,2041,2,1,1.0,True,0.0,0.9,1.0,1.0,0.0,0.0,0.0,0.0
cc7d03a3a03a3325,0,clean,2042,2,1,1.0,True,0.0,0.9,1.0,1.0,0.0,0.0,0.0,0.0
cc7d03a3a03a3325,0,clean,2043,2,1,1.0,True,0.0,0.9,1.0,1.0,0.0,0.0,0.0,0.0
cc7d03a3a03a3325,0,clean,2044,2,1,1.0,True,0.0,0.9,1.0,1.0,0.0,0.0,0.0,0.0
cc7d03a3a03a3325,0,clean,2045,2,1,1.0,True,0.0,0.9,1.0,1.0,0.0,0.0,0.0,0.0
cc7d03a3a03a3325,0,clean,2046,2,1,1.0,True,0.0,0.9,1.0,1.0,0.0,0.0,0.0,0.0
cc7d03a3a03a3325,0,clean,2047,2,1,1.0,True,0.0,0.9,1.0,1.0,0.0,0.0,0.0,0.0
cc7d03a3a03a3325,0,clean,2048,2,1,1.0,True,0.0,0.9,1.0,1.0,0.0,0.0,0.0,0.0
cc7d03a3a03a3325,0,clean,2049,2,1,1.0,True,0.0,0.9,1.0,1.0,0.0,0.0,0.0,0.0
cc7d03a3a03a3325,0,clean,2050,2,1,1.0,True,0.0,0.9,1.0,1.0,0.0,0.0,0.0,0.0
cc7d03a3a03a3325,0,clean,2051,2,1,1.0,True,0.0,0.9,1.0,1.0,0.0,0.0,0.0,0.0
cc7d03a3a03a3325,0,clean,2052,2,1,1.0,True,0.0,0.9,1.0,1.0,0.0,0.0,0.0,0.0
cc7d03a3a03a3325,0,clean,2053,2,1,1.0,True,0.0,0.9,1.0,1.0,0.0,0.0,0.0,0.0
cc7d03a3a03a3325,0,clean,2054,2,1,1.0,True,0.0,0.9,1.0,1.0,0.0,0.0,0.0,0.0
cc7d03a3a03a3325,0,clean,2055,2,1,1.0,True,0.0,0.9,1.0,1.0,0.0,0.0,0.0,0.0
cc7d03a3a03a3325,0,clean,2056,2,0,-0.1,False,0.0,0.9,0.6200000000000001,0.6200000000000001,0.0,0.0,0.0,0.0
cc7d03a3a03a3325,0,clean,2057,1,1,-0.1,False,0.0,0.9,0.8,0.8,0.0,0.0,0.0,0.0
cc7d03a3a03a3325,0,clean,2058,2,1,1.0,True,0.0,0.9,1.0,1.0,0.0,0.0,0.0,0.0
cc7d03a3a03a3325,0,clean,2059,2,1,1.0,True,0.0,0.9,1.0,1.0,0.0,0.0,0.0,0.0
cc7d03a3a03a3325,0,clean,2060,2,1,1.0,True,0.0,0.9,1.0,1.0,0.0,0.0,0.0,0.0
cc7d03a3a03a3325,0,clean,2061,2,1,1.0,True,0.0,0.9,1.0,1.0,0.0,0.0,0.0,0.0
cc7d03a3a03a3325,0,clean,2062,2,1,1.0,True,0.0,0.9,1.0,1.0,0.0,0.0,0.0,0.0
cc7d03a3a03a3325,0,clean,2063,2,1,1.0,True,0.0,0.9,1.0,1.0,0.0,0.0,0.0,0.0
cc7d03a3a03a3325,0,clean,2064,2,1,1.0,True,0.0,0.9,1.0,1.0,0.0,0.0,0.0,0.0
cc7d03a3a03a3325,0,clean,2065,2,1,1.0,True,0.0,0.9,1.0,1.0,0.0,0.0,0.0,0.0
cc7d03a3a03a3325,0,clean,2066,2,1,1.0,True,0.0,0.9,1.0,1.0,0.0,0.0,0.0,0.0
cc7d03a3a03a3325,0,clean,2067,2,1,1.0,True,0.0,0.9,1.0,1.0,0.0,0.0,0.0,0.0
cc7d03a3a03a3325,0,clean,2068,2,1,1.0,True,0.0,0.9,1.0,1.0,0.0,0.0,0.0,0.0
cc7d03a3a03a3325,0,clean,2069,2,1,1.0,True,0.0,0.9,1.0,1.0,0.0,0.0,0.0,0.0
cc7d03a3a03a3325,0,clean,2070,2,1,1.0,True,0.0,0.9,1.0,1.0,0.0,0.0,0.0,0.0
cc7d03a3a03a3325,0,clean,2071,2,1,1.0,True,0.0,0.9,1.0,1.0,0.0,0.0,0.0,0.0
cc7d03a3a03a3325,0,clean,2072,2,1,1.0,True,0.0,0.9,1.0,1.0,0.0,0.0,0.0,0.0
cc7d03a3a03a3325,0,clean,2073,2,1,1.0,True,0.0,0.9,1.0,1.0,0.0,0.0,0.0,0.0
cc7d03a3a03a3325,0,clean,2074,2,1,1.0,True,0.0,0.9,1.0,1.0,0.0,0.0,0.0,0.0
cc7d03a3a03a3325,0,clean,2075,2,1,1.0,True,0.0,0.9,1.0,1.0,0.0,0.0,0.0,0.0
cc7d03a3a03a3325,0,clean,2076,2,1,1.0,True,0.0,0.9,1.0,1.0,0.0,0.0,0.0,0.0
cc7d03a3a03a3325,0,clean,2077,2,1,1.0,True,0.0,0.9,1.0,1.0,0.0,0.0,0.0,0.0
cc7d03a3a03a3325,0,clean,2078,2,1,1.0,True,0.0,0.9,1.0,1.0,0.0,0.0,0.0,0.0
cc7d03a3a03a3325,0,clean,2079,2,1,1.0,True,0.0,0.9,1.0,1.0,0.0,0.0,0.0,0.0
cc7d03a3a03a3325,0,clean,2080,2,1,1.0,True,0.0,0.9,1.0,1.0,0.0,0.0,0.0,0.0
cc7d03a3a03a3325,0,clean,2081,2,1,1.0,True,0.0,0.9,1.0,1.0,0.0,0.0,0.0,0.0
cc7d03a3a03a3325,0,clean,2082,2,1,1.0,True,0.0,0.9,1.0,1.0,0.0,0.0,0.0,0.0
cc7d03a3a03a3325,0,clean,2083,2,1,1.0,True,0.0,0.9,1.0,1.0,0.0,0.0,0.0,0.0
cc7d03a3a03a3325,0,clean,2084,2,1,1.0,True,0.0,0.9,1.0,1.0,0.0,0.0,0.0,0.0
cc7d03a3a03a3325,0,clean,2085,2,0,-0.1,False,0.0,0.9,0.6200000000000001,0.6200000000000001,0.0,0.0,0.0,0.0
cc7d03a3a03a3325,0,clean,2086,1,1,-0.1,False,0.0,0.9,0.8,0.8,0.0,0.0,0.0,0.0
cc7d03a3a03a3325,0,clean,2087,2,1,1.0,True,0.0,0.9,1.0,1.0,0.0,0.0,0.0,0.0
cc7d03a3a03a3325,0,clean,2088,2,1,1.0,True,0.0,0.9,1.0,1.0,0.0,0.0,0.0,0.0
cc7d03a3a03a3325,0,clean,2089,2,1,1.0,True,0.0,0.9,1.0,1.0,0.0,0.0,0.0,0.0
cc7d03a3a03a3325,0,clean,2090,2,1,1.0,True,0.0,0.9,1.0,1.0,0.0,0.0,0.0,0.0
cc7d03a3a03a3325,0,clean,2091,2,1,1.0,True,0.0,0.9,1.0,1.0,0.0,0.0,0.0,0.0
cc7d03a3a03a3325,0,clean,2092,2,1,1.0,True,0.0,0.9,1.0,1.0,0.0,0.0,0.0,0.0
cc7d03a3a03a3325,0,clean,2093,2,0,-0.1,False,0.0,0.9,0.6200000000000001,0.6200000000000001,0.0,0.0,0.0,0.0
cc7d03a3a03a3325,0,clean,2094,1,1,-0.1,False,0.0,0.9,0.8,0.8,0.0,0.0,0.0,0.0
cc7d03a3a03a3325,0,clean,2095,2,1,1.0,True,0.0,0.9,1.0,1.0,0.0,0.0,0.0,0.0
cc7d03a3a03a3325,0,clean,2096,2,1,1.0,True,0.0,0.9,1.0,1.0,0.0,0.0,0.0,0.0
cc7d03a3a03a3325,0,clean,2097,2,1,1.0,True,0.0,0.9,1.0,1.0,0.0,0.0,0.0,0.0
cc7d03a3a03a3325,0,clean,2098,2,1,1.0,True,0.0,0.9,1.0,1.0,0.0,0.0,0.0,0.0
cc7d03a3a03a3325,0,clean,2099,2,0,-0.1,False,0.0,0.9,0.6200000000000001,0.6200000000000001,0.0,0.0,0.0,0.0
cc7d03a3a03a3325,0,clean,2100,1,1,-0.1,False,0.0,0.9,0.8,0.8,0.0,0.0,0.0,0.0
cc7d03a3a03a3325,0,clean,2101,2,1,1.0,True,0.0,0.9,1.0,1.0,0.0,0.0,0.0,0.0
cc7d03a3a03a3325,0,clean,2102,2,0,-0.1,False,0.0,0.9,0.6200000000000001,0.6200000000000001,0.0,0.0,0.0,0.0
cc7d03a3a03a3325,0,clean,2103,1,1,-0.1,False,0.0,0.9,0.8,0.8,0.0,0.0,0.0,0.0
cc7d03a3a03a3325,0,clean,2104,2,1,1.0,True,0.0,0.9,1.0,1.0,0.0,0.0,0.0,0.0
cc7d03a3a03a3325,0,clean,2105,2,1,1.0,True,0.0,0.9,1.0,1.0,0.0,0.0,0.0,0.0
cc7d03a3a03a3325,0,clean,2106,2,1,1.0,True,0.0,0.9,1.0,1.0,0.0,0.0,0.0,0.0
cc7d03a3a03a3325,0,clean,2107,2,1,1.0,True,0.0,0.9,1.0,1.0,0.0,0.0,0.0,0.0
cc7d03a3a03a3325,0,clean,2108,2,1,1.0,True,0.0,0.9,1.0,1.0,0.0,0.0,0.0,0.0
cc7d03a3a03a3325,0,clean,2109,2,1,1.0,True,0.0,0.9,1.0,1.0,0.0,0.0,0.0,0.0
cc7d03a3a03a3325,0,clean,2110,2,1,1.0,True,0.0,0.9,1.0,1.0,0.0,0.0,0.0,0.0
cc7d03a3a03a3325,0,clean,2111,2,0,-0.1,False,0.0,0.9,0.6200000000000001,0.6200000000000001,0.0,0.0,0.0,0.0
cc7d03a3a03a3325,0,clean,2112,1,1,-0.1,False,0.0,0.9,0.8,0.8,0.0,0.0,0.0,0.0
cc7d03a3a03a3325,0,clean,2113,2,0,-0.1,False,0.0,0.9,0.6200000000000001,0.6200000000000001,0.0,0.0,0.0,0.0
cc7d03a3a03a3325,0,clean,2114,1,0,-0.1,False,0.0,0.9,0.4580000000000002,0.4580000000000002,0.0,0.0,0.0,0.0
cc7d03a3a03a3325,0,clean,2115,0,0,-0.1,False,0.0,0.9,0.4580000000000002,0.4580000000000002,0.0,0.0,0.0,0.0
cc7d03a3a03a3325,0,clean,2116,0,0,-0.1,False,0.0,0.9,0.4580000000000002,0.4580000000000002,0.0,0.0,0.0,0.0
cc7d03a3a03a3325,0,clean,2117,0,1,-0.1,False,0.0,0.9,0.6200000000000001,0.6200000000000001,0.0,0.0,0.0,0.0
cc7d03a3a03a3325,0,clean,2118,1,1,-0.1,False,0.0,0.9,0.8,0.8,0.0,0.0,0.0,0.0
cc7d03a3a03a3325,0,clean,2119,2,1,1.0,True,0.0,0.9,1.0,1.0,0.0,0.0,0.0,0.0
cc7d03a3a03a3325,0,clean,2120,2,1,1.0,True,0.0,0.9,1.0,1.0,0.0,0.0,0.0,0.0
cc7d03a3a03a3325,0,clean,2121,2,1,1.0,True,0.0,0.9,1.0,1.0,0.0,0.0,0.0,0.0
cc7d03a3a03a3325,0,clean,2122,2,0,-0.1,False,0.0,0.9,0.6200000000000001,0.6200000000000001,0.0,0.0,0.0,0.0
cc7d03a3a03a3325,0,clean,2123,1,1,-0.1,False,0.0,0.9,0.8,0.8,0.0,0.0,0.0,0.0
cc7d03a3a03a3325,0,clean,2124,2,1,1.0,True,0.0,0.9,1.0,1.0,0.0,0.0,0.0,0.0
cc7d03a3a03a3325,0,clean,2125,2,1,1.0,True,0.0,0.9,1.0,1.0,0.0,0.0,0.0,0.0
cc7d03a3a03a3325,0,clean,2126,2,1,1.0,True,0.0,0.9,1.0,1.0,0.0,0.0,0.0,0.0
cc7d03a3a03a3325,0,clean,2127,2,1,1.0,True,0.0,0.9,1.0,1.0,0.0,0.0,0.0,0.0
cc7d03a3a03a3325,0,clean,2128,2,0,-0.1,False,0.0,0.9,0.6200000000000001,0.6200000000000001,0.0,0.0,0.0,0.0
cc7d03a3a03a3325,0,clean,2129,1,1,-0.1,False,0.0,0.9,0.8,0.8,0.0,0.0,0.0,0.0
cc7d03a3a03a3325,0,clean,2130,2,1,1.0,True,0.0,0.9,1.0,1.0,0.0,0.0,0.0,0.0
cc7d03a3a03a3325,0,clean,2131,2,1,1.0,True,0.0,0.9,1.0,1.0,0.0,0.0,0.0,0.0
cc7d03a3a03a3325,0,clean,2132,2,1,1.0,True,0.0,0.9,1.0,1.0,0.0,0.0,0.0,0.0
cc7d03a3a03a3325,0,clean,2133,2,1,1.0,True,0.0,0.9,1.0,1.0,0.0,0.0,0.0,0.0
cc7d03a3a03a3325,0,clean,2134,2,1,1.0,True,0.0,0.9,1.0,1.0,0.0,0.0,0.0,0.0
cc7d03a3a03a3325,0,clean,2135,2,1,1.0,True,0.0,0.9,1.0,1.0,0.0,0.0,0.0,0.0
cc7d03a3a03a3325,0,clean,2136,2,1,1.0,True,0.0,0.9,1.0,1.0,0.0,0.0,0.0,0.0
cc7d03a3a03a3325,0,clean,2137,2,1,1.0,True,0.0,0.9,1.0,1.0,0.0,0.0,0.0,0.0
cc7d03a3a03a3325,0,clean,2138,2,1,1.0,True,0.0,0.9,1.0,1.0,0.0,0.0,0.0,0.0
cc7d03a3a03a3325,0,clean,2139,2,0,-0.1,False,0.0,0.9,0.6200000000000001,0.6200000000000001,0.0,0.0,0.0,0.0
cc7d03a3a03a3325,0,clean,2140,1,1,-0.1,False,0.0,0.9,0.8,0.8,0.0,0.0,0.0,0.0
cc7d03a3a03a3325,0,clean,2141,2,1,1.0,True,0.0,0.9,1.0,1.0,0.0,0.0,0.0,0.0
cc7d03a3a03a3325,0,clean,2142,2,1,1.0,True,0.0,0.9,1.0,1.0,0.0,0.0,0.0,0.0
cc7d03a3a03a3325,0,clean,2143,2,1,1.0,True,0.0,0.9,1.0,1.0,0.0,0.0,0.0,0.0
cc7d03a3a03a3325,0,clean,2144,2,1,1.0,True,0.0,0.9,1.0,1.0,0.0,0.0,0.0,0.0
cc7d03a3a03a3325,0,clean,2145,2,1,1.0,True,0.0,0.9,1.0,1.0,0.0,0.0,0.0,0.0
cc7d03a3a03a3325,0,clean,2146,2,0,-0.1,False,0.0,0.9,0.6200000000000001,0.6200000000000001,0.0,0.0,0.0,0.0
cc7d03a3a03a3325,0,clean,2147,1,1,-0.1,False,0.0,0.9,0.8,0.8,0.0,0.0,0.0,0.0
cc7d03a3a03a3325,0,clean,2148,2,1,1.0,True,0.0,0.9,1.0,1.0,0.0,0.0,0.0,0.0
cc7d03a3a03a3325,0,clean,2149,2,1,1.0,True,0.0,0.9,1.0,1.0,0.0,0.0,0.0,0.0
cc7d03a3a03a3325,0,clean,2150,2,0,-0.1,False,0.0,0.9,0.6200000000000001,0.6200000000000001,0.0,0.0,0.0,0.0
cc7d03a3a03a3325,0,clean,2151,1,0,-0.1,False,0.0,0.9,0.4580000000000002,0.4580000000000002,0.0,0.0,0.0,0.0
cc7d03a3a03a3325,0,clean,2152,0,1,-0.1,False,0.0,0.9,0.6200000000000001,0.6200000000000001,0.0,0.0,0.0,0.0
cc7d03a3a03a3325,0,clean,2153,1,1,-0.1,False,0.0,0.9,0.8,0.8,0.0,0.0,0.0,0.0
cc7d03a3a03a3325,0,clean,2154,2,1,1.0,True,0.0,0.9,1.0,1.0,0.0,0.0,0.0,0.0
cc7d03a3a03a3325,0,clean,2155,2,1,1.0,True,0.0,0.9,1.0,1.0,0.0,0.0,0.0,0.0
cc7d03a3a03a3325,0,clean,2156,2,1,1.0,True,0.0,0.9,1.0,1.0,0.0,0.0,0.0,0.0
cc7d03a3a03a3325,0,clean,2157,2,1,1.0,True,0.0,0.9,1.0,1.0,0.0,0.0,0.0,0.0
cc7d03a3a03a3325,0,clean,2158,2,1,1.0,True,0.0,0.9,1.0,1.0,0.0,0.0,0.0,0.0
cc7d03a3a03a3325,0,clean,2159,2,1,1.0,True,0.0,0.9,1.0,1.0,0.0,0.0,0.0,0.0
cc7d03a3a03a3325,0,clean,2160,2,1,1.0,True,0.0,0.9,1.0,1.0,0.0,0.0,0.0,0.0
cc7d03a3a03a3325,0,clean,2161,2,1,1.0,True,0.0,0.9,1.0,1.0,0.0,0.0,0.0,0.0
cc7d03a3a03a3325,0,clean,2162,2,1,1.0,True,0.0,0.9,1.0,1.0,0.0,0.0,0.0,0.0
cc7d03a3a03a3325,0,clean,2163,2,1,1.0,True,0.0,0.9,1.0,1.0,0.0,0.0,0.0,0.0
cc7d03a3a03a3325,0,clean,2164,2,1,1.0,True,0.0,0.9,1.0,1.0,0.0,0.0,0.0,0.0
cc7d03a3a03a3325,0,clean,2165,2,1,1.0,True,0.0,0.9,1.0,1.0,0.0,0.0,0.0,0.0
cc7d03a3a03a3325,0,clean,2166,2,1,1.0,True,0.0,0.9,1.0,1.0,0.0,0.0,0.0,0.0
cc7d03a3a03a3325,0,clean,2167,2,1,1.0,True,0.0,0.9,1.0,1.0,0.0,0.0,0.0,0.0
cc7d03a3a03a3325,0,clean,2168,2,1,1.0,True,0.0,0.9,1.0,1.0,0.0,0.0,0.0,0.0
cc7d03a3a03a3325,0,clean,2169,2,0,-0.1,False,0.0,0.9,0.6200000000000001,0.6200000000000001,0.0,0.0,0.0,0.0
cc7d03a3a03a3325,0,clean,2170,1,1,-0.1,False,0.0,0.9,0.8,0.8,0.0,0.0,0.0,0.0
cc7d03a3a03a3325,0,clean,2171,2,1,1.0,True,0.0,0.9,1.0,1.0,0.0,0.0,0.0,0.0
cc7d03a3a03a3325,0,clean,2172,2,1,1.0,True,0.0,0.9,1.0,1.0,0.0,0.0,0.0,0.0
cc7d03a3a03a3325,0,clean,2173,2,1,1.0,True,0.0,0.9,1.0,1.0,0.0,0.0,0.0,0.0
cc7d03a3a03a3325,0,clean,2174,2,1,1.0,True,0.0,0.9,1.0,1.0,0.0,0.0,0.0,0.0
cc7d03a3a03a3325,0,clean,2175,2,1,1.0,True,0.0,0.9,1.0,1.0,0.0,0.0,0.0,0.0
cc7d03a3a03a3325,0,clean,2176,2,1,1.0,True,0.0,0.9,1.0,1.0,0.0,0.0,0.0,0.0
cc7d03a3a03a3325,0,clean,2177,2,1,1.0,True,0.0,0.9,1.0,1.0,0.0,0.0,0.0,0.0
cc7d03a3a03a3325,0,clean,2178,2,0,-0.1,False,0.0,0.9,0.6200000000000001,0.6200000000000001,0.0,0.0,0.0,0.0
cc7d03a3a03a3325,0,clean,2179,1,1,-0.1,False,0.0,0.9,0.8,0.8,0.0,0.0,0.0,0.0
cc7d03a3a03a3325,0,clean,2180,2,1,1.0,True,0.0,0.9,1.0,1.0,0.0,0.0,0.0,0.0
cc7d03a3a03a3325,0,clean,2181,2,1,1.0,True,0.0,0.9,1.0,1.0,0.0,0.0,0.0,0.0
cc7d03a3a03a3325,0,clean,2182,2,1,1.0,True,0.0,0.9,1.0,1.0,0.0,0.0,0.0,0.0
cc7d03a3a03a3325,0,clean,2183,2,1,1.0,True,0.0,0.9,1.0,1.0,0.0,0.0,0.0,0.0
cc7d03a3a03a3325,0,clean,2184,2,1,1.0,True,0.0,0.9,1.0,1.0,0.0,0.0,0.0,0.0
cc7d03a3a03a3325,0,clean,2185,2,1,1.0,True,0.0,0.9,1.0,1.0,0.0,0.0,0.0,0.0
cc7d03a3a03a3325,0,clean,2186,2,1,1.0,True,0.0,0.9,1.0,1.0,0.0,0.0,0.0,0.0
cc7d03a3a03a3325,0,clean,2187,2,1,1.0,True,0.0,0.9,1.0,1.0,0.0,0.0,0.0,0.0
cc7d03a3a03a3325,0,clean,2188,2,1,1.0,True,0.0,0.9,1.0,1.0,0.0,0.0,0.0,0.0
cc7d03a3a03a3325,0,clean,2189,2,1,1.0,True,0.0,0.9,1.0,1.0,0.0,0.0,0.0,0.0
cc7d03a3a03a3325,0,clean,2190,2,1,1.0,True,0.0,0.9,1.0,1.0,0.0,0.0,0.0,0.0
cc7d03a3a03a3325,0,clean,2191,2,1,1.0,True,0.0,0.9,1.0,1.0,0.0,0.0,0.0,0.0
cc7d03a3a03a3325,0,clean,2192,2,1,1.0,True,0.0,0.9,1.0,1.0,0.0,0.0,0.0,0.0
cc7d03a3a03a3325,0,clean,2193,2,1,1.0,True,0.0,0.9,1.0,1.0,0.0,0.0,0.0,0.0
cc7d03a3a03a3325,0,clean,2194,2,1,1.0,True,0.0,0.9,1.0,1.0,0.0,0.0,0.0,0.0
cc7d03a3a03a3325,0,clean,2195,2,1,1.0,True,0.0,0.9,1.0,1.0,0.0,0.0,0.0,0.0
cc7d03a3a03a3325,0,clean,2196,2,1,1.0,True,0.0,0.9,1.0,1.0,0.0,0.0,0.0,0.0
cc7d03a3a03a3325,0,clean,2197,2,1,1.0,True,0.0,0.9,1.0,1.0,0.0,0.0,0.0,0.0
cc7d03a3a03a3325,0,clean,2198,2,0,-0.1,False,0.0,0.9,0.6200000000000001,0.6200000000000001,0.0,0.0,0.0,0.0
cc7d03a3a03a3325,0,clean,2199,1,1,-0.1,False,0.0,0.9,0.8,0.8,0.0,0.0,0.0,0.0
cc7d03a3a03a3325,0,clean,2200,2,1,1.0,True,0.0,0.9,1.0,1.0,0.0,0.0,0.0,0.0
cc7d03a3a03a3325,0,clean,2201,2,1,1.0,True,0.0,0.9,1.0,1.0,0.0,0.0,0.0,0.0
cc7d03a3a03a3325,0,clean,2202,2,1,1.0,True,0.0,0.9,1.0,1.0,0.0,0.0,0.0,0.0
cc7d03a3a03a3325,0,clean,2203,2,0,-0.1,False,0.0,0.9,0.6200000000000001,0.6200000000000001,0.0,0.0,0.0,0.0
cc7d03a3a03a3325,0,clean,2204,1,1,-0.1,False,0.0,0.9,0.8,0.8,0.0,0.0,0.0,0.0
cc7d03a3a03a3325,0,clean,2205,2,1,1.0,True,0.0,0.9,1.0,1.0,0.0,0.0,0.0,0.0
cc7d03a3a03a3325,0,clean,2206,2,1,1.0,True,0.0,0.9,1.0,1.0,0.0,0.0,0.0,0.0
cc7d03a3a03a3325,0,clean,2207,2,1,1.0,True,0.0,0.9,1.0,1.0,0.0,0.0,0.0,0.0
cc7d03a3a03a3325,0,clean,2208,2,1,1.0,True,0.0,0.9,1.0,1.0,0.0,0.0,0.0,0.0
cc7d03a3a03a3325,0,clean,2209,2,1,1.0,True,0.0,0.9,1.0,1.0,0.0,0.0,0.0,0.0
cc7d03a3a03a3325,0,clean,2210,2,1,1.0,True,0.0,0.9,1.0,1.0,0.0,0.0,0.0,0.0
cc7d03a3a03a3325,0,clean,2211,2,1,1.0,True,0.0,0.9,1.0,1.0,0.0,0.0,0.0,0.0
cc7d03a3a03a3325,0,clean,2212,2,1,1.0,True,0.0,0.9,1.0,1.0,0.0,0.0,0.0,0.0
cc7d03a3a03a3325,0,clean,2213,2,1,1.0,True,0.0,0.9,1.0,1.0,0.0,0.0,0.0,0.0
cc7d03a3a03a3325,0,clean,2214,2,1,1.0,True,0.0,0.9,1.0,1.0,0.0,0.0,0.0,0.0
cc7d03a3a03a3325,0,clean,2215,2,1,1.0,True,0.0,0.9,1.0,1.0,0.0,0.0,0.0,0.0
cc7d03a3a03a3325,0,clean,2216,2,1,1.0,True,0.0,0.9,1.0,1.0,0.0,0.0,0.0,0.0
cc7d03a3a03a3325,0,clean,2217,2,1,1.0,True,0.0,0.9,1.0,1.0,0.0,0.0,0.0,0.0
cc7d03a3a03a3325,0,clean,2218,2,0,-0.1,False,0.0,0.9,0.6200000000000001,0.6200000000000001,0.0,0.0,0.0,0.0
cc7d03a3a03a3325,0,clean,2219,1,0,-0.1,False,0.0,0.9,0.4580000000000002,0.4580000000000002,0.0,0.0,0.0,0.0
cc7d03a3a03a3325,0,clean,2220,0,1,-0.1,False,0.0,0.9,0.6200000000000001,0.6200000000000001,0.0,0.0,0.0,0.0
cc7d03a3a03a3325,0,clean,2221,1,1,-0.1,False,0.0,0.9,0.8,0.8,0.0,0.0,0.0,0.0
cc7d03a3a03a3325,0,clean,2222,2,1,1.0,True,0.0,0.9,1.0,1.0,0.0,0.0,0.0,0.0
cc7d03a3a03a3325,0,clean,2223,2,1,1.0,True,0.0,0.9,1.0,1.0,0.0,0.0,0.0,0.0
cc7d03a3a03a3325,0,clean,2224,2,0,-0.1,False,0.0,0.9,0.6200000000000001,0.6200000000000001,0.0,0.0,0.0,0.0
cc7d03a3a03a3325,0,clean,2225,1,1,-0.1,False,0.0,0.9,0.8,0.8,0.0,0.0,0.0,0.0
cc7d03a3a03a3325,0,clean,2226,2,1,1.0,True,0.0,0.9,1.0,1.0,0.0,0.0,0.0,0.0
cc7d03a3a03a3325,0,clean,2227,2,1,1.0,True,0.0,0.9,1.0,1.0,0.0,0.0,0.0,0.0
cc7d03a3a03a3325,0,clean,2228,2,1,1.0,True,0.0,0.9,1.0,1.0,0.0,0.0,0.0,0.0
cc7d03a3a03a3325,0,clean,2229,2,0,-0.1,False,0.0,0.9,0.6200000000000001,0.6200000000000001,0.0,0.0,0.0,0.0
cc7d03a3a03a3325,0,clean,2230,1,1,-0.1,False,0.0,0.9,0.8,0.8,0.0,0.0,0.0,0.0
cc7d03a3a03a3325,0,clean,2231,2,1,1.0,True,0.0,0.9,1.0,1.0,0.0,0.0,0.0,0.0
cc7d03a3a03a3325,0,clean,2232,2,1,1.0,True,0.0,0.9,1.0,1.0,0.0,0.0,0.0,0.0
cc7d03a3a03a3325,0,clean,2233,2,1,1.0,True,0.0,0.9,1.0,1.0,0.0,0.0,0.0,0.0
cc7d03a3a03a3325,0,clean,2234,2,0,-0.1,False,0.0,0.9,0.6200000000000001,0.6200000000000001,0.0,0.0,0.0,0.0
cc7d03a3a03a3325,0,clean,2235,1,1,-0.1,False,0.0,0.9,0.8,0.8,0.0,0.0,0.0,0.0
cc7d03a3a03a3325,0,clean,2236,2,1,1.0,True,0.0,0.9,1.0,1.0,0.0,0.0,0.0,0.0
cc7d03a3a03a3325,0,clean,2237,2,1,1.0,True,0.0,0.9,1.0,1.0,0.0,0.0,0.0,0.0
cc7d03a3a03a3325,0,clean,2238,2,1,1.0,True,0.0,0.9,1.0,1.0,0.0,0.0,0.0,0.0
cc7d03a3a03a3325,0,clean,2239,2,1,1.0,True,0.0,0.9,1.0,1.0,0.0,0.0,0.0,0.0
cc7d03a3a03a3325,0,clean,2240,2,1,1.0,True,0.0,0.9,1.0,1.0,0.0,0.0,0.0,0.0
cc7d03a3a03a3325,0,clean,2241,2,0,-0.1,False,0.0,0.9,0.6200000000000001,0.6200000000000001,0.0,0.0,0.0,0.0
cc7d03a3a03a3325,0,clean,2242,1,1,-0.1,False,0.0,0.9,0.8,0.8,0.0,0.0,0.0,0.0
cc7d03a3a03a3325,0,clean,2243,2,1,1.0,True,0.0,0.9,1.0,1.0,0.0,0.0,0.0,0.0
cc7d03a3a03a3325,0,clean,2244,2,1,1.0,True,0.0,0.9,1.0,1.0,0.0,0.0,0.0,0.0
cc7d03a3a03a3325,0,clean,2245,2,0,-0.1,False,0.0,0.9,0.6200000000000001,0.6200000000000001,0.0,0.0,0.0,0.0
cc7d03a3a03a3325,0,clean,2246,1,1,-0.1,False,0.0,0.9,0.8,0.8,0.0,0.0,0.0,0.0
cc7d03a3a03a3325,0,clean,2247,2,0,-0.1,False,0.0,0.9,0.6200000000000001,0.6200000000000001,0.0,0.0,0.0,0.0
cc7d03a3a03a3325,0,clean,2248,1,1,-0.1,False,0.0,0.9,0.8,0.8,0.0,0.0,0.0,0.0
cc7d03a3a03a3325,0,clean,2249,2,1,1.0,True,0.0,0.9,1.0,1.0,0.0,0.0,0.0,0.0
cc7d03a3a03a3325,0,clean,2250,2,0,-0.1,False,0.0,0.9,0.6200000000000001,0.6200000000000001,0.0,0.0,0.0,0.0
cc7d03a3a03a3325,0,clean,2251,1,1,-0.1,False,0.0,0.9,0.8,0.8,0.0,0.0,0.0,0.0
cc7d03a3a03a3325,0,clean,2252,2,1,1.0,True,0.0,0.9,1.0,1.0,0.0,0.0,0.0,0.0
cc7d03a3a03a3325,0,clean,2253,2,1,1.0,True,0.0,0.9,1.0,1.0,0.0,0.0,0.0,0.0
cc7d03a3a03a3325,0,clean,2254,2,1,1.0,True,0.0,0.9,1.0,1.0,0.0,0.0,0.0,0.0
cc7d03a3a03a3325,0,clean,2255,2,1,1.0,True,0.0,0.9,1.0,1.0,0.0,0.0,0.0,0.0
cc7d03a3a03a3325,0,clean,2256,2,1,1.0,True,0.0,0.9,1.0,1.0,0.0,0.0,0.0,0.0
cc7d03a3a03a3325,0,clean,2257,2,1,1.0,True,0.0,0.9,1.0,1.0,0.0,0.0,0.0,0.0
cc7d03a3a03a3325,0,clean,2258,2,1,1.0,True,0.0,0.9,1.0,1.0,0.0,0.0,0.0,0.0
cc7d03a3a03a3325,0,clean,2259,2,1,1.0,True,0.0,0.9,1.0,1.0,0.0,0.0,0.0,0.0
cc7d03a3a03a3325,0,clean,2260,2,0,-0.1,False,0.0,0.9,0.6200000000000001,0.6200000000000001,0.0,0.0,0.0,0.0
cc7d03a3a03a3325,0,clean,2261,1,1,-0.1,False,0.0,0.9,0.8,0.8,0.0,0.0,0.0,0.0
cc7d03a3a03a3325,0,clean,2262,2,1,1.0,True,0.0,0.9,1.0,1.0,0.0,0.0,0.0,0.0
cc7d03a3a03a3325,0,clean,2263,2,1,1.0,True,0.0,0.9,1.0,1.0,0.0,0.0,0.0,0.0
cc7d03a3a03a3325,0,clean,2264,2,0,-0.1,False,0.0,0.9,0.6200000000000001,0.6200000000000001,0.0,0.0,0.0,0.0
cc7d03a3a03a3325,0,clean,2265,1,1,-0.1,False,0.0,0.9,0.8,0.8,0.0,0.0,0.0,0.0
cc7d03a3a03a3325,0,clean,2266,2,1,1.0,True,0.0,0.9,1.0,1.0,0.0,0.0,0.0,0.0
cc7d03a3a03a3325,0,clean,2267,2,1,1.0,True,0.0,0.9,1.0,1.0,0.0,0.0,0.0,0.0
cc7d03a3a03a3325,0,clean,2268,2,1,1.0,True,0.0,0.9,1.0,1.0,0.0,0.0,0.0,0.0
cc7d03a3a03a3325,0,clean,2269,2,1,1.0,True,0.0,0.9,1.0,1.0,0.0,0.0,0.0,0.0
cc7d03a3a03a3325,0,clean,2270,2,1,1.0,True,0.0,0.9,1.0,1.0,0.0,0.0,0.0,0.0
cc7d03a3a03a3325,0,clean,2271,2,1,1.0,True,0.0,0.9,1.0,1.0,0.0,0.0,0.0,0.0
cc7d03a3a03a3325,0,clean,2272,2,1,1.0,True,0.0,0.9,1.0,1.0,0.0,0.0,0.0,0.0
cc7d03a3a03a3325,0,clean,2273,2,1,1.0,True,0.0,0.9,1.0,1.0,0.0,0.0,0.0,0.0
cc7d03a3a03a3325,0,clean,2274,2,0,-0.1,False,0.0,0.9,0.6200000000000001,0.6200000000000001,0.0,0.0,0.0,0.0
cc7d03a3a03a3325,0,clean,2275,1,1,-0.1,False,0.0,0.9,0.8,0.8,0.0,0.0,0.0,0.0
cc7d03a3a03a3325,0,clean,2276,2,1,1.0,True,0.0,0.9,1.0,1.0,0.0,0.0,0.0,0.0
cc7d03a3a03a3325,0,clean,2277,2,1,1.0,True,0.0,0.9,1.0,1.0,0.0,0.0,0.0,0.0
cc7d03a3a03a3325,0,clean,2278,2,1,1.0,True,0.0,0.9,1.0,1.0,0.0,0.0,0.0,0.0
cc7d03a3a03a3325,0,clean,2279,2,1,1.0,True,0.0,0.9,1.0,1.0,0.0,0.0,0.0,0.0
cc7d03a3a03a3325,0,clean,2280,2,1,1.0,True,0.0,0.9,1.0,1.0,0.0,0.0,0.0,0.0
cc7d03a3a03a3325,0,clean,2281,2,1,1.0,True,0.0,0.9,1.0,1.0,0.0,0.0,0.0,0.0
cc7d03a3a03a3325,0,clean,2282,2,1,1.0,True,0.0,0.9,1.0,1.0,0.0,0.0,0.0,0.0
cc7d03a3a03a3325,0,clean,2283,2,1,1.0,True,0.0,0.9,1.0,1.0,0.0,0.0,0.0,0.0
cc7d03a3a03a3325,0,clean,2284,2,1,1.0,True,0.0,0.9,1.0,1.0,0.0,0.0,0.0,0.0
cc7d03a3a03a3325,0,clean,2285,2,1,1.0,True,0.0,0.9,1.0,1.0,0.0,0.0,0.0,0.0
cc7d03a3a03a3325,0,clean,2286,2,0,-0.1,False,0.0,0.9,0.6200000000000001,0.6200000000000001,0.0,0.0,0.0,0.0
cc7d03a3a03a3325,0,clean,2287,1,1,-0.1,False,0.0,0.9,0.8,0.8,0.0,0.0,0.0,0.0
cc7d03a3a03a3325,0,clean,2288,2,1,1.0,True,0.0,0.9,1.0,1.0,0.0,0.0,0.0,0.0
cc7d03a3a03a3325,0,clean,2289,2,1,1.0,True,0.0,0.9,1.0,1.0,0.0,0.0,0.0,0.0
cc7d03a3a03a3325,0,clean,2290,2,1,1.0,True,0.0,0.9,1.0,1.0,0.0,0.0,0.0,0.0
cc7d03a3a03a3325,0,clean,2291,2,1,1.0,True,0.0,0.9,1.0,1.0,0.0,0.0,0.0,0.0
cc7d03a3a03a3325,0,clean,2292,2,1,1.0,True,0.0,0.9,1.0,1.0,0.0,0.0,0.0,0.0
cc7d03a3a03a3325,0,clean,2293,2,1,1.0,True,0.0,0.9,1.0,1.0,0.0,0.0,0.0,0.0
cc7d03a3a03a3325,0,clean,2294,2,1,1.0,True,0.0,0.9,1.0,1.0,0.0,0.0,0.0,0.0
cc7d03a3a03a3325,0,clean,2295,2,0,-0.1,False,0.0,0.9,0.6200000000000001,0.6200000000000001,0.0,0.0,0.0,0.0
cc7d03a3a03a3325,0,clean,2296,1,1,-0.1,False,0.0,0.9,0.8,0.8,0.0,0.0,0.0,0.0
cc7d03a3a03a3325,0,clean,2297,2,1,1.0,True,0.0,0.9,1.0,1.0,0.0,0.0,0.0,0.0
cc7d03a3a03a3325,0,clean,2298,2,1,1.0,True,0.0,0.9,1.0,1.0,0.0,0.0,0.0,0.0
cc7d03a3a03a3325,0,clean,2299,2,1,1.0,True,0.0,0.9,1.0,1.0,0.0,0.0,0.0,0.0
cc7d03a3a03a3325,0,clean,2300,2,0,-0.1,False,0.0,0.9,0.6200000000000001,0.6200000000000001,0.0,0.0,0.0,0.0
cc7d03a3a03a3325,0,clean,2301,1,0,-0.1,False,0.0,0.9,0.4580000000000002,0.4580000000000002,0.0,0.0,0.0,0.0
cc7d03a3a03a3325,0,clean,2302,0,0,-0.1,False,0.0,0.9,0.4580000000000002,0.4580000000000002,0.0,0.0,0.0,0.0
cc7d03a3a03a3325,0,clean,2303,0,1,-0.1,False,0.0,0.9,0.6200000000000001,0.6200000000000001,0.0,0.0,0.0,0.0
cc7d03a3a03a3325,0,clean,2304,1,1,-0.1,False,0.0,0.9,0.8,0.8,0.0,0.0,0.0,0.0
cc7d03a3a03a3325,0,clean,2305,2,0,-0.1,False,0.0,0.9,0.6200000000000001,0.6200000000000001,0.0,0.0,0.0,0.0
cc7d03a3a03a3325,0,clean,2306,1,1,-0.1,False,0.0,0.9,0.8,0.8,0.0,0.0,0.0,0.0
cc7d03a3a03a3325,0,clean,2307,2,1,1.0,True,0.0,0.9,1.0,1.0,0.0,0.0,0.0,0.0
cc7d03a3a03a3325,0,clean,2308,2,1,1.0,True,0.0,0.9,1.0,1.0,0.0,0.0,0.0,0.0
cc7d03a3a03a3325,0,clean,2309,2,1,1.0,True,0.0,0.9,1.0,1.0,0.0,0.0,0.0,0.0
cc7d03a3a03a3325,0,clean,2310,2,1,1.0,True,0.0,0.9,1.0,1.0,0.0,0.0,0.0,0.0
cc7d03a3a03a3325,0,clean,2311,2,1,1.0,True,0.0,0.9,1.0,1.0,0.0,0.0,0.0,0.0
cc7d03a3a03a3325,0,clean,2312,2,1,1.0,True,0.0,0.9,1.0,1.0,0.0,0.0,0.0,0.0
cc7d03a3a03a3325,0,clean,2313,2,1,1.0,True,0.0,0.9,1.0,1.0,0.0,0.0,0.0,0.0
cc7d03a3a03a3325,0,clean,2314,2,1,1.0,True,0.0,0.9,1.0,1.0,0.0,0.0,0.0,0.0
cc7d03a3a03a3325,0,clean,2315,2,1,1.0,True,0.0,0.9,1.0,1.0,0.0,0.0,0.0,0.0
cc7d03a3a03a3325,0,clean,2316,2,1,1.0,True,0.0,0.9,1.0,1.0,0.0,0.0,0.0,0.0
cc7d03a3a03a3325,0,clean,2317,2,0,-0.1,False,0.0,0.9,0.6200000000000001,0.6200000000000001,0.0,0.0,0.0,0.0
cc7d03a3a03a3325,0,clean,2318,1,0,-0.1,False,0.0,0.9,0.4580000000000002,0.4580000000000002,0.0,0.0,0.0,0.0
cc7d03a3a03a3325,0,clean,2319,0,1,-0.1,False,0.0,0.9,0.6200000000000001,0.6200000000000001,0.0,0.0,0.0,0.0
cc7d03a3a03a3325,0,clean,2320,1,1,-0.1,False,0.0,0.9,0.8,0.8,0.0,0.0,0.0,0.0
cc7d03a3a03a3325,0,clean,2321,2,1,1.0,True,0.0,0.9,1.0,1.0,0.0,0.0,0.0,0.0
cc7d03a3a03a3325,0,clean,2322,2,1,1.0,True,0.0,0.9,1.0,1.0,0.0,0.0,0.0,0.0
cc7d03a3a03a3325,0,clean,2323,2,0,-0.1,False,0.0,0.9,0.6200000000000001,0.6200000000000001,0.0,0.0,0.0,0.0
cc7d03a3a03a3325,0,clean,2324,1,1,-0.1,False,0.0,0.9,0.8,0.8,0.0,0.0,0.0,0.0
cc7d03a3a03a3325,0,clean,2325,2,1,1.0,True,0.0,0.9,1.0,1.0,0.0,0.0,0.0,0.0
cc7d03a3a03a3325,0,clean,2326,2,1,1.0,True,0.0,0.9,1.0,1.0,0.0,0.0,0.0,0.0
cc7d03a3a03a3325,0,clean,2327,2,1,1.0,True,0.0,0.9,1.0,1.0,0.0,0.0,0.0,0.0
cc7d03a3a03a3325,0,clean,2328,2,1,1.0,True,0.0,0.9,1.0,1.0,0.0,0.0,0.0,0.0
cc7d03a3a03a3325,0,clean,2329,2,1,1.0,True,0.0,0.9,1.0,1.0,0.0,0.0,0.0,0.0
cc7d03a3a03a3325,0,clean,2330,2,1,1.0,True,0.0,0.9,1.0,1.0,0.0,0.0,0.0,0.0
cc7d03a3a03a3325,0,clean,2331,2,1,1.0,True,0.0,0.9,1.0,1.0,0.0,0.0,0.0,0.0
cc7d03a3a03a3325,0,clean,2332,2,0,-0.1,False,0.0,0.9,0.6200000000000001,0.6200000000000001,0.0,0.0,0.0,0.0
cc7d03a3a03a3325,0,clean,2333,1,1,-0.1,False,0.0,0.9,0.8,0.8,0.0,0.0,0.0,0.0
cc7d03a3a03a3325,0,clean,2334,2,1,1.0,True,0.0,0.9,1.0,1.0,0.0,0.0,0.0,0.0
cc7d03a3a03a3325,0,clean,2335,2,1,1.0,True,0.0,0.9,1.0,1.0,0.0,0.0,0.0,0.0
cc7d03a3a03a3325,0,clean,2336,2,1,1.0,True,0.0,0.9,1.0,1.0,0.0,0.0,0.0,0.0
cc7d03a3a03a3325,0,clean,2337,2,1,1.0,True,0.0,0.9,1.0,1.0,0.0,0.0,0.0,0.0
cc7d03a3a03a3325,0,clean,2338,2,1,1.0,True,0.0,0.9,1.0,1.0,0.0,0.0,0.0,0.0
cc7d03a3a03a3325,0,clean,2339,2,1,1.0,True,0.0,0.9,1.0,1.0,0.0,0.0,0.0,0.0
cc7d03a3a03a3325,0,clean,2340,2,1,1.0,True,0.0,0.9,1.0,1.0,0.0,0.0,0.0,0.0
cc7d03a3a03a3325,0,clean,2341,2,1,1.0,True,0.0,0.9,1.0,1.0,0.0,0.0,0.0,0.0
cc7d03a3a03a3325,0,clean,2342,2,1,1.0,True,0.0,0.9,1.0,1.0,0.0,0.0,0.0,0.0
cc7d03a3a03a3325,0,clean,2343,2,0,-0.1,False,0.0,0.9,0.6200000000000001,0.6200000000000001,0.0,0.0,0.0,0.0
cc7d03a3a03a3325,0,clean,2344,1,1,-0.1,False,0.0,0.9,0.8,0.8,0.0,0.0,0.0,0.0
cc7d03a3a03a3325,0,clean,2345,2,1,1.0,True,0.0,0.9,1.0,1.0,0.0,0.0,0.0,0.0
cc7d03a3a03a3325,0,clean,2346,2,0,-0.1,False,0.0,0.9,0.6200000000000001,0.6200000000000001,0.0,0.0,0.0,0.0
cc7d03a3a03a3325,0,clean,2347,1,1,-0.1,False,0.0,0.9,0.8,0.8,0.0,0.0,0.0,0.0
cc7d03a3a03a3325,0,clean,2348,2,1,1.0,True,0.0,0.9,1.0,1.0,0.0,0.0,0.0,0.0
cc7d03a3a03a3325,0,clean,2349,2,1,1.0,True,0.0,0.9,1.0,1.0,0.0,0.0,0.0,0.0
cc7d03a3a03a3325,0,clean,2350,2,1,1.0,True,0.0,0.9,1.0,1.0,0.0,0.0,0.0,0.0
cc7d03a3a03a3325,0,clean,2351,2,1,1.0,True,0.0,0.9,1.0,1.0,0.0,0.0,0.0,0.0
cc7d03a3a03a3325,0,clean,2352,2,1,1.0,True,0.0,0.9,1.0,1.0,0.0,0.0,0.0,0.0
cc7d03a3a03a3325,0,clean,2353,2,1,1.0,True,0.0,0.9,1.0,1.0,0.0,0.0,0.0,0.0
cc7d03a3a03a3325,0,clean,2354,2,1,1.0,True,0.0,0.9,1.0,1.0,0.0,0.0,0.0,0.0
cc7d03a3a03a3325,0,clean,2355,2,1,1.0,True,0.0,0.9,1.0,1.0,0.0,0.0,0.0,0.0
cc7d03a3a03a3325,0,clean,2356,2,1,1.0,True,0.0,0.9,1.0,1.0,0.0,0.0,0.0,0.0
cc7d03a3a03a3325,0,clean,2357,2,0,-0.1,False,0.0,0.9,0.6200000000000001,0.6200000000000001,0.0,0.0,0.0,0.0
cc7d03a3a03a3325,0,clean,2358,1,1,-0.1,False,0.0,0.9,0.8,0.8,0.0,0.0,0.0,0.0
cc7d03a3a03a3325,0,clean,2359,2,1,1.0,True,0.0,0.9,1.0,1.0,0.0,0.0,0.0,0.0
cc7d03a3a03a3325,0,clean,2360,2,1,1.0,True,0.0,0.9,1.0,1.0,0.0,0.0,0.0,0.0
cc7d03a3a03a3325,0,clean,2361,2,1,1.0,True,0.0,0.9,1.0,1.0,0.0,0.0,0.0,0.0
cc7d03a3a03a3325,0,clean,2362,2,1,1.0,True,0.0,0.9,1.0,1.0,0.0,0.0,0.0,0.0
cc7d03a3a03a3325,0,clean,2363,2,1,1.0,True,0.0,0.9,1.0,1.0,0.0,0.0,0.0,0.0
cc7d03a3a03a3325,0,clean,2364,2,0,-0.1,False,0.0,0.9,0.6200000000000001,0.6200000000000001,0.0,0.0,0.0,0.0
cc7d03a3a03a3325,0,clean,2365,1,1,-0.1,False,0.0,0.9,0.8,0.8,0.0,0.0,0.0,0.0
cc7d03a3a03a3325,0,clean,2366,2,0,-0.1,False,0.0,0.9,0.6200000000000001,0.6200000000000001,0.0,0.0,0.0,0.0
cc7d03a3a03a3325,0,clean,2367,1,1,-0.1,False,0.0,0.9,0.8,0.8,0.0,0.0,0.0,0.0
cc7d03a3a03a3325,0,clean,2368,2,1,1.0,True,0.0,0.9,1.0,1.0,0.0,0.0,0.0,0.0
cc7d03a3a03a3325,0,clean,2369,2,0,-0.1,False,0.0,0.9,0.6200000000000001,0.6200000000000001,0.0,0.0,0.0,0.0
cc7d03a3a03a3325,0,clean,2370,1,1,-0.1,False,0.0,0.9,0.8,0.8,0.0,0.0,0.0,0.0
cc7d03a3a03a3325,0,clean,2371,2,1,1.0,True,0.0,0.9,1.0,1.0,0.0,0.0,0.0,0.0
cc7d03a3a03a3325,0,clean,2372,2,1,1.0,True,0.0,0.9,1.0,1.0,0.0,0.0,0.0,0.0
cc7d03a3a03a3325,0,clean,2373,2,1,1.0,True,0.0,0.9,1.0,1.0,0.0,0.0,0.0,0.0
cc7d03a3a03a3325,0,clean,2374,2,1,1.0,True,0.0,0.9,1.0,1.0,0.0,0.0,0.0,0.0
cc7d03a3a03a3325,0,clean,2375,2,0,-0.1,False,0.0,0.9,0.6200000000000001,0.6200000000000001,0.0,0.0,0.0,0.0
cc7d03a3a03a3325,0,clean,2376,1,1,-0.1,False,0.0,0.9,0.8,0.8,0.0,0.0,0.0,0.0
cc7d03a3a03a3325,0,clean,2377,2,0,-0.1,False,0.0,0.9,0.6200000000000001,0.6200000000000001,0.0,0.0,0.0,0.0
cc7d03a3a03a3325,0,clean,2378,1,1,-0.1,False,0.0,0.9,0.8,0.8,0.0,0.0,0.0,0.0
cc7d03a3a03a3325,0,clean,2379,2,1,1.0,True,0.0,0.9,1.0,1.0,0.0,0.0,0.0,0.0
cc7d03a3a03a3325,0,clean,2380,2,1,1.0,True,0.0,0.9,1.0,1.0,0.0,0.0,0.0,0.0
cc7d03a3a03a3325,0,clean,2381,2,1,1.0,True,0.0,0.9,1.0,1.0,0.0,0.0,0.0,0.0
cc7d03a3a03a3325,0,clean,2382,2,1,1.0,True,0.0,0.9,1.0,1.0,0.0,0.0,0.0,0.0
cc7d03a3a03a3325,0,clean,2383,2,1,1.0,True,0.0,0.9,1.0,1.0,0.0,0.0,0.0,0.0
cc7d03a3a03a3325,0,clean,2384,2,1,1.0,True,0.0,0.9,1.0,1.0,0.0,0.0,0.0,0.0
cc7d03a3a03a3325,0,clean,2385,2,1,1.0,True,0.0,0.9,1.0,1.0,0.0,0.0,0.0,0.0
cc7d03a3a03a3325,0,clean,2386,2,1,1.0,True,0.0,0.9,1.0,1.0,0.0,0.0,0.0,0.0
cc7d03a3a03a3325,0,clean,2387,2,0,-0.1,False,0.0,0.9,0.6200000000000001,0.6200000000000001,0.0,0.0,0.0,0.0
cc7d03a3a03a3325,0,clean,2388,1,1,-0.1,False,0.0,0.9,0.8,0.8,0.0,0.0,0.0,0.0
cc7d03a3a03a3325,0,clean,2389,2,1,1.0,True,0.0,0.9,1.0,1.0,0.0,0.0,0.0,0.0
cc7d03a3a03a3325,0,clean,2390,2,1,1.0,True,0.0,0.9,1.0,1.0,0.0,0.0,0.0,0.0
cc7d03a3a03a3325,0,clean,2391,2,1,1.0,True,0.0,0.9,1.0,1.0,0.0,0.0,0.0,0.0
cc7d03a3a03a3325,0,clean,2392,2,0,-0.1,False,0.0,0.9,0.6200000000000001,0.6200000000000001,0.0,0.0,0.0,0.0
cc7d03a3a03a3325,0,clean,2393,1,1,-0.1,False,0.0,0.9,0.8,0.8,0.0,0.0,0.0,0.0
cc7d03a3a03a3325,0,clean,2394,2,1,1.0,True,0.0,0.9,1.0,1.0,0.0,0.0,0.0,0.0
cc7d03a3a03a3325,0,clean,2395,2,1,1.0,True,0.0,0.9,1.0,1.0,0.0,0.0,0.0,0.0
cc7d03a3a03a3325,0,clean,2396,2,1,1.0,True,0.0,0.9,1.0,1.0,0.0,0.0,0.0,0.0
cc7d03a3a03a3325,0,clean,2397,2,1,1.0,True,0.0,0.9,1.0,1.0,0.0,0.0,0.0,0.0
cc7d03a3a03a3325,0,clean,2398,2,1,1.0,True,0.0,0.9,1.0,1.0,0.0,0.0,0.0,0.0
cc7d03a3a03a3325,0,clean,2399,2,1,1.0,True,0.0,0.9,1.0,1.0,0.0,0.0,0.0,0.0
cc7d03a3a03a3325,0,clean,2400,2,1,1.0,True,0.0,0.9,1.0,1.0,0.0,0.0,0.0,0.0
cc7d03a3a03a3325,0,clean,2401,2,1,1.0,True,0.0,0.9,1.0,1.0,0.0,0.0,0.0,0.0
cc7d03a3a03a3325,0,clean,2402,2,1,1.0,True,0.0,0.9,1.0,1.0,0.0,0.0,0.0,0.0
cc7d03a3a03a3325,0,clean,2403,2,1,1.0,True,0.0,0.9,1.0,1.0,0.0,0.0,0.0,0.0
cc7d03a3a03a3325,0,clean,2404,2,0,-0.1,False,0.0,0.9,0.6200000000000001,0.6200000000000001,0.0,0.0,0.0,0.0
cc7d03a3a03a3325,0,clean,2405,1,1,-0.1,False,0.0,0.9,0.8,0.8,0.0,0.0,0.0,0.0
cc7d03a3a03a3325,0,clean,2406,2,1,1.0,True,0.0,0.9,1.0,1.0,0.0,0.0,0.0,0.0
cc7d03a3a03a3325,0,clean,2407,2,1,1.0,True,0.0,0.9,1.0,1.0,0.0,0.0,0.0,0.0
cc7d03a3a03a3325,0,clean,2408,2,0,-0.1,False,0.0,0.9,0.6200000000000001,0.6200000000000001,0.0,0.0,0.0,0.0
cc7d03a3a03a3325,0,clean,2409,1,1,-0.1,False,0.0,0.9,0.8,0.8,0.0,0.0,0.0,0.0
cc7d03a3a03a3325,0,clean,2410,2,1,1.0,True,0.0,0.9,1.0,1.0,0.0,0.0,0.0,0.0
cc7d03a3a03a3325,0,clean,2411,2,1,1.0,True,0.0,0.9,1.0,1.0,0.0,0.0,0.0,0.0
cc7d03a3a03a3325,0,clean,2412,2,1,1.0,True,0.0,0.9,1.0,1.0,0.0,0.0,0.0,0.0
cc7d03a3a03a3325,0,clean,2413,2,1,1.0,True,0.0,0.9,1.0,1.0,0.0,0.0,0.0,0.0
cc7d03a3a03a3325,0,clean,2414,2,1,1.0,True,0.0,0.9,1.0,1.0,0.0,0.0,0.0,0.0
cc7d03a3a03a3325,0,clean,2415,2,1,1.0,True,0.0,0.9,1.0,1.0,0.0,0.0,0.0,0.0
cc7d03a3a03a3325,0,clean,2416,2,1,1.0,True,0.0,0.9,1.0,1.0,0.0,0.0,0.0,0.0
cc7d03a3a03a3325,0,clean,2417,2,1,1.0,True,0.0,0.9,1.0,1.0,0.0,0.0,0.0,0.0
cc7d03a3a03a3325,0,clean,2418,2,1,1.0,True,0.0,0.9,1.0,1.0,0.0,0.0,0.0,0.0
cc7d03a3a03a3325,0,clean,2419,2,1,1.0,True,0.0,0.9,1.0,1.0,0.0,0.0,0.0,0.0
cc7d03a3a03a3325,0,clean,2420,2,0,-0.1,False,0.0,0.9,0.6200000000000001,0.6200000000000001,0.0,0.0,0.0,0.0
cc7d03a3a03a3325,0,clean,2421,1,1,-0.1,False,0.0,0.9,0.8,0.8,0.0,0.0,0.0,0.0
cc7d03a3a03a3325,0,clean,2422,2,1,1.0,True,0.0,0.9,1.0,1.0,0.0,0.0,0.0,0.0
cc7d03a3a03a3325,0,clean,2423,2,1,1.0,True,0.0,0.9,1.0,1.0,0.0,0.0,0.0,0.0
cc7d03a3a03a3325,0,clean,2424,2,1,1.0,True,0.0,0.9,1.0,1.0,0.0,0.0,0.0,0.0
cc7d03a3a03a3325,0,clean,2425,2,0,-0.1,False,0.0,0.9,0.6200000000000001,0.6200000000000001,0.0,0.0,0.0,0.0
cc7d03a3a03a3325,0,clean,2426,1,1,-0.1,False,0.0,0.9,0.8,0.8,0.0,0.0,0.0,0.0
cc7d03a3a03a3325,0,clean,2427,2,1,1.0,True,0.0,0.9,1.0,1.0,0.0,0.0,0.0,0.0
cc7d03a3a03a3325,0,clean,2428,2,1,1.0,True,0.0,0.9,1.0,1.0,0.0,0.0,0.0,0.0
cc7d03a3a03a3325,0,clean,2429,2,1,1.0,True,0.0,0.9,1.0,1.0,0.0,0.0,0.0,0.0
cc7d03a3a03a3325,0,clean,2430,2,1,1.0,True,0.0,0.9,1.0,1.0,0.0,0.0,0.0,0.0
cc7d03a3a03a3325,0,clean,2431,2,1,1.0,True,0.0,0.9,1.0,1.0,0.0,0.0,0.0,0.0
cc7d03a3a03a3325,0,clean,2432,2,1,1.0,True,0.0,0.9,1.0,1.0,0.0,0.0,0.0,0.0
cc7d03a3a03a3325,0,clean,2433,2,1,1.0,True,0.0,0.9,1.0,1.0,0.0,0.0,0.0,0.0
cc7d03a3a03a3325,0,clean,2434,2,0,-0.1,False,0.0,0.9,0.6200000000000001,0.6200000000000001,0.0,0.0,0.0,0.0
cc7d03a3a03a3325,0,clean,2435,1,1,-0.1,False,0.0,0.9,0.8,0.8,0.0,0.0,0.0,0.0
cc7d03a3a03a3325,0,clean,2436,2,1,1.0,True,0.0,0.9,1.0,1.0,0.0,0.0,0.0,0.0
cc7d03a3a03a3325,0,clean,2437,2,1,1.0,True,0.0,0.9,1.0,1.0,0.0,0.0,0.0,0.0
cc7d03a3a03a3325,0,clean,2438,2,1,1.0,True,0.0,0.9,1.0,1.0,0.0,0.0,0.0,0.0
cc7d03a3a03a3325,0,clean,2439,2,1,1.0,True,0.0,0.9,1.0,1.0,0.0,0.0,0.0,0.0
cc7d03a3a03a3325,0,clean,2440,2,0,-0.1,False,0.0,0.9,0.6200000000000001,0.6200000000000001,0.0,0.0,0.0,0.0
cc7d03a3a03a3325,0,clean,2441,1,1,-0.1,False,0.0,0.9,0.8,0.8,0.0,0.0,0.0,0.0
cc7d03a3a03a3325,0,clean,2442,2,1,1.0,True,0.0,0.9,1.0,1.0,0.0,0.0,0.0,0.0
cc7d03a3a03a3325,0,clean,2443,2,1,1.0,True,0.0,0.9,1.0,1.0,0.0,0.0,0.0,0.0
cc7d03a3a03a3325,0,clean,2444,2,1,1.0,True,0.0,0.9,1.0,1.0,0.0,0.0,0.0,0.0
cc7d03a3a03a3325,0,clean,2445,2,0,-0.1,False,0.0,0.9,0.6200000000000001,0.6200000000000001,0.0,0.0,0.0,0.0
cc7d03a3a03a3325,0,clean,2446,1,0,-0.1,False,0.0,0.9,0.4580000000000002,0.4580000000000002,0.0,0.0,0.0,0.0
cc7d03a3a03a3325,0,clean,2447,0,1,-0.1,False,0.0,0.9,0.6200000000000001,0.6200000000000001,0.0,0.0,0.0,0.0
cc7d03a3a03a3325,0,clean,2448,1,1,-0.1,False,0.0,0.9,0.8,0.8,0.0,0.0,0.0,0.0
cc7d03a3a03a3325,0,clean,2449,2,1,1.0,True,0.0,0.9,1.0,1.0,0.0,0.0,0.0,0.0
cc7d03a3a03a3325,0,clean,2450,2,1,1.0,True,0.0,0.9,1.0,1.0,0.0,0.0,0.0,0.0
cc7d03a3a03a3325,0,clean,2451,2,1,1.0,True,0.0,0.9,1.0,1.0,0.0,0.0,0.0,0.0
cc7d03a3a03a3325,0,clean,2452,2,1,1.0,True,0.0,0.9,1.0,1.0,0.0,0.0,0.0,0.0
cc7d03a3a03a3325,0,clean,2453,2,1,1.0,True,0.0,0.9,1.0,1.0,0.0,0.0,0.0,0.0
cc7d03a3a03a3325,0,clean,2454,2,1,1.0,True,0.0,0.9,1.0,1.0,0.0,0.0,0.0,0.0
cc7d03a3a03a3325,0,clean,2455,2,1,1.0,True,0.0,0.9,1.0,1.0,0.0,0.0,0.0,0.0
cc7d03a3a03a3325,0,clean,2456,2,1,1.0,True,0.0,0.9,1.0,1.0,0.0,0.0,0.0,0.0
cc7d03a3a03a3325,0,clean,2457,2,1,1.0,True,0.0,0.9,1.0,1.0,0.0,0.0,0.0,0.0
cc7d03a3a03a3325,0,clean,2458,2,1,1.0,True,0.0,0.9,1.0,1.0,0.0,0.0,0.0,0.0
cc7d03a3a03a3325,0,clean,2459,2,1,1.0,True,0.0,0.9,1.0,1.0,0.0,0.0,0.0,0.0
cc7d03a3a03a3325,0,clean,2460,2,1,1.0,True,0.0,0.9,1.0,1.0,0.0,0.0,0.0,0.0
cc7d03a3a03a3325,0,clean,2461,2,0,-0.1,False,0.0,0.9,0.6200000000000001,0.6200000000000001,0.0,0.0,0.0,0.0
cc7d03a3a03a3325,0,clean,2462,1,0,-0.1,False,0.0,0.9,0.4580000000000002,0.4580000000000002,0.0,0.0,0.0,0.0
cc7d03a3a03a3325,0,clean,2463,0,1,-0.1,False,0.0,0.9,0.6200000000000001,0.6200000000000001,0.0,0.0,0.0,0.0
cc7d03a3a03a3325,0,clean,2464,1,1,-0.1,False,0.0,0.9,0.8,0.8,0.0,0.0,0.0,0.0
cc7d03a3a03a3325,0,clean,2465,2,1,1.0,True,0.0,0.9,1.0,1.0,0.0,0.0,0.0,0.0
cc7d03a3a03a3325,0,clean,2466,2,1,1.0,True,0.0,0.9,1.0,1.0,0.0,0.0,0.0,0.0
cc7d03a3a03a3325,0,clean,2467,2,1,1.0,True,0.0,0.9,1.0,1.0,0.0,0.0,0.0,0.0
cc7d03a3a03a3325,0,clean,2468,2,1,1.0,True,0.0,0.9,1.0,1.0,0.0,0.0,0.0,0.0
cc7d03a3a03a3325,0,clean,2469,2,1,1.0,True,0.0,0.9,1.0,1.0,0.0,0.0,0.0,0.0
cc7d03a3a03a3325,0,clean,2470,2,1,1.0,True,0.0,0.9,1.0,1.0,0.0,0.0,0.0,0.0
cc7d03a3a03a3325,0,clean,2471,2,0,-0.1,False,0.0,0.9,0.6200000000000001,0.6200000000000001,0.0,0.0,0.0,0.0
cc7d03a3a03a3325,0,clean,2472,1,1,-0.1,False,0.0,0.9,0.8,0.8,0.0,0.0,0.0,0.0
cc7d03a3a03a3325,0,clean,2473,2,1,1.0,True,0.0,0.9,1.0,1.0,0.0,0.0,0.0,0.0
cc7d03a3a03a3325,0,clean,2474,2,1,1.0,True,0.0,0.9,1.0,1.0,0.0,0.0,0.0,0.0
cc7d03a3a03a3325,0,clean,2475,2,1,1.0,True,0.0,0.9,1.0,1.0,0.0,0.0,0.0,0.0
cc7d03a3a03a3325,0,clean,2476,2,1,1.0,True,0.0,0.9,1.0,1.0,0.0,0.0,0.0,0.0
cc7d03a3a03a3325,0,clean,2477,2,1,1.0,True,0.0,0.9,1.0,1.0,0.0,0.0,0.0,0.0
cc7d03a3a03a3325,0,clean,2478,2,1,1.0,True,0.0,0.9,1.0,1.0,0.0,0.0,0.0,0.0
cc7d03a3a03a3325,0,clean,2479,2,1,1.0,True,0.0,0.9,1.0,1.0,0.0,0.0,0.0,0.0
cc7d03a3a03a3325,0,clean,2480,2,1,1.0,True,0.0,0.9,1.0,1.0,0.0,0.0,0.0,0.0
cc7d03a3a03a3325,0,clean,2481,2,1,1.0,True,0.0,0.9,1.0,1.0,0.0,0.0,0.0,0.0
cc7d03a3a03a3325,0,clean,2482,2,0,-0.1,False,0.0,0.9,0.6200000000000001,0.6200000000000001,0.0,0.0,0.0,0.0
cc7d03a3a03a3325,0,clean,2483,1,1,-0.1,False,0.0,0.9,0.8,0.8,0.0,0.0,0.0,0.0
cc7d03a3a03a3325,0,clean,2484,2,1,1.0,True,0.0,0.9,1.0,1.0,0.0,0.0,0.0,0.0
cc7d03a3a03a3325,0,clean,2485,2,0,-0.1,False,0.0,0.9,0.6200000000000001,0.6200000000000001,0.0,0.0,0.0,0.0
cc7d03a3a03a3325,0,clean,2486,1,1,-0.1,False,0.0,0.9,0.8,0.8,0.0,0.0,0.0,0.0
cc7d03a3a03a3325,0,clean,2487,2,1,1.0,True,0.0,0.9,1.0,1.0,0.0,0.0,0.0,0.0
cc7d03a3a03a3325,0,clean,2488,2,1,1.0,True,0.0,0.9,1.0,1.0,0.0,0.0,0.0,0.0
cc7d03a3a03a3325,0,clean,2489,2,1,1.0,True,0.0,0.9,1.0,1.0,0.0,0.0,0.0,0.0
cc7d03a3a03a3325,0,clean,2490,2,1,1.0,True,0.0,0.9,1.0,1.0,0.0,0.0,0.0,0.0
cc7d03a3a03a3325,0,clean,2491,2,1,1.0,True,0.0,0.9,1.0,1.0,0.0,0.0,0.0,0.0
cc7d03a3a03a3325,0,clean,2492,2,1,1.0,True,0.0,0.9,1.0,1.0,0.0,0.0,0.0,0.0
cc7d03a3a03a3325,0,clean,2493,2,1,1.0,True,0.0,0.9,1.0,1.0,0.0,0.0,0.0,0.0
cc7d03a3a03a3325,0,clean,2494,2,1,1.0,True,0.0,0.9,1.0,1.0,0.0,0.0,0.0,0.0
cc7d03a3a03a3325,0,clean,2495,2,1,1.0,True,0.0,0.9,1.0,1.0,0.0,0.0,0.0,0.0
cc7d03a3a03a3325,0,clean,2496,2,1,1.0,True,0.0,0.9,1.0,1.0,0.0,0.0,0.0,0.0
cc7d03a3a03a3325,0,clean,2497,2,1,1.0,True,0.0,0.9,1.0,1.0,0.0,0.0,0.0,0.0
cc7d03a3a03a3325,0,clean,2498,2,1,1.0,True,0.0,0.9,1.0,1.0,0.0,0.0,0.0,0.0
cc7d03a3a03a3325,0,clean,2499,2,1,1.0,True,0.0,0.9,1.0,1.0,0.0,0.0,0.0,0.0
cc7d03a3a03a3325,0,clean,2500,2,1,1.0,True,0.0,0.9,1.0,1.0,0.0,0.0,0.0,0.0
cc7d03a3a03a3325,0,clean,2501,2,1,1.0,True,0.0,0.9,1.0,1.0,0.0,0.0,0.0,0.0
cc7d03a3a03a3325,0,clean,2502,2,1,1.0,True,0.0,0.9,1.0,1.0,0.0,0.0,0.0,0.0
cc7d03a3a03a3325,0,clean,2503,2,1,1.0,True,0.0,0.9,1.0,1.0,0.0,0.0,0.0,0.0
cc7d03a3a03a3325,0,clean,2504,2,0,-0.1,False,0.0,0.9,0.6200000000000001,0.6200000000000001,0.0,0.0,0.0,0.0
cc7d03a3a03a3325,0,clean,2505,1,1,-0.1,False,0.0,0.9,0.8,0.8,0.0,0.0,0.0,0.0
cc7d03a3a03a3325,0,clean,2506,2,1,1.0,True,0.0,0.9,1.0,1.0,0.0,0.0,0.0,0.0
cc7d03a3a03a3325,0,clean,2507,2,1,1.0,True,0.0,0.9,1.0,1.0,0.0,0.0,0.0,0.0
cc7d03a3a03a3325,0,clean,2508,2,1,1.0,True,0.0,0.9,1.0,1.0,0.0,0.0,0.0,0.0
cc7d03a3a03a3325,0,clean,2509,2,0,-0.1,False,0.0,0.9,0.6200000000000001,0.6200000000000001,0.0,0.0,0.0,0.0
cc7d03a3a03a3325,0,clean,2510,1,1,-0.1,False,0.0,0.9,0.8,0.8,0.0,0.0,0.0,0.0
cc7d03a3a03a3325,0,clean,2511,2,1,1.0,True,0.0,0.9,1.0,1.0,0.0,0.0,0.0,0.0
cc7d03a3a03a3325,0,clean,2512,2,1,1.0,True,0.0,0.9,1.0,1.0,0.0,0.0,0.0,0.0
cc7d03a3a03a3325,0,clean,2513,2,1,1.0,True,0.0,0.9,1.0,1.0,0.0,0.0,0.0,0.0
cc7d03a3a03a3325,0,clean,2514,2,1,1.0,True,0.0,0.9,1.0,1.0,0.0,0.0,0.0,0.0
cc7d03a3a03a3325,0,clean,2515,2,1,1.0,True,0.0,0.9,1.0,1.0,0.0,0.0,0.0,0.0
cc7d03a3a03a3325,0,clean,2516,2,1,1.0,True,0.0,0.9,1.0,1.0,0.0,0.0,0.0,0.0
cc7d03a3a03a3325,0,clean,2517,2,1,1.0,True,0.0,0.9,1.0,1.0,0.0,0.0,0.0,0.0
cc7d03a3a03a3325,0,clean,2518,2,1,1.0,True,0.0,0.9,1.0,1.0,0.0,0.0,0.0,0.0
cc7d03a3a03a3325,0,clean,2519,2,1,1.0,True,0.0,0.9,1.0,1.0,0.0,0.0,0.0,0.0
cc7d03a3a03a3325,0,clean,2520,2,1,1.0,True,0.0,0.9,1.0,1.0,0.0,0.0,0.0,0.0
cc7d03a3a03a3325,0,clean,2521,2,1,1.0,True,0.0,0.9,1.0,1.0,0.0,0.0,0.0,0.0
cc7d03a3a03a3325,0,clean,2522,2,1,1.0,True,0.0,0.9,1.0,1.0,0.0,0.0,0.0,0.0
cc7d03a3a03a3325,0,clean,2523,2,1,1.0,True,0.0,0.9,1.0,1.0,0.0,0.0,0.0,0.0
cc7d03a3a03a3325,0,clean,2524,2,1,1.0,True,0.0,0.9,1.0,1.0,0.0,0.0,0.0,0.0
cc7d03a3a03a3325,0,clean,2525,2,1,1.0,True,0.0,0.9,1.0,1.0,0.0,0.0,0.0,0.0
cc7d03a3a03a3325,0,clean,2526,2,0,-0.1,False,0.0,0.9,0.6200000000000001,0.6200000000000001,0.0,0.0,0.0,0.0
cc7d03a3a03a3325,0,clean,2527,1,1,-0.1,False,0.0,0.9,0.8,0.8,0.0,0.0,0.0,0.0
cc7d03a3a03a3325,0,clean,2528,2,0,-0.1,False,0.0,0.9,0.6200000000000001,0.6200000000000001,0.0,0.0,0.0,0.0
cc7d03a3a03a3325,0,clean,2529,1,1,-0.1,False,0.0,0.9,0.8,0.8,0.0,0.0,0.0,0.0
cc7d03a3a03a3325,0,clean,2530,2,1,1.0,True,0.0,0.9,1.0,1.0,0.0,0.0,0.0,0.0
cc7d03a3a03a3325,0,clean,2531,2,1,1.0,True,0.0,0.9,1.0,1.0,0.0,0.0,0.0,0.0
cc7d03a3a03a3325,0,clean,2532,2,1,1.0,True,0.0,0.9,1.0,1.0,0.0,0.0,0.0,0.0
cc7d03a3a03a3325,0,clean,2533,2,1,1.0,True,0.0,0.9,1.0,1.0,0.0,0.0,0.0,0.0
cc7d03a3a03a3325,0,clean,2534,2,1,1.0,True,0.0,0.9,1.0,1.0,0.0,0.0,0.0,0.0
cc7d03a3a03a3325,0,clean,2535,2,1,1.0,True,0.0,0.9,1.0,1.0,0.0,0.0,0.0,0.0
cc7d03a3a03a3325,0,clean,2536,2,1,1.0,True,0.0,0.9,1.0,1.0,0.0,0.0,0.0,0.0
cc7d03a3a03a3325,0,clean,2537,2,1,1.0,True,0.0,0.9,1.0,1.0,0.0,0.0,0.0,0.0
cc7d03a3a03a3325,0,clean,2538,2,1,1.0,True,0.0,0.9,1.0,1.0,0.0,0.0,0.0,0.0
cc7d03a3a03a3325,0,clean,2539,2,0,-0.1,False,0.0,0.9,0.6200000000000001,0.6200000000000001,0.0,0.0,0.0,0.0
cc7d03a3a03a3325,0,clean,2540,1,1,-0.1,False,0.0,0.9,0.8,0.8,0.0,0.0,0.0,0.0
cc7d03a3a03a3325,0,clean,2541,2,1,1.0,True,0.0,0.9,1.0,1.0,0.0,0.0,0.0,0.0
cc7d03a3a03a3325,0,clean,2542,2,1,1.0,True,0.0,0.9,1.0,1.0,0.0,0.0,0.0,0.0
cc7d03a3a03a3325,0,clean,2543,2,1,1.0,True,0.0,0.9,1.0,1.0,0.0,0.0,0.0,0.0
cc7d03a3a03a3325,0,clean,2544,2,0,-0.1,False,0.0,0.9,0.6200000000000001,0.6200000000000001,0.0,0.0,0.0,0.0
cc7d03a3a03a3325,0,clean,2545,1,1,-0.1,False,0.0,0.9,0.8,0.8,0.0,0.0,0.0,0.0
cc7d03a3a03a3325,0,clean,2546,2,1,1.0,True,0.0,0.9,1.0,1.0,0.0,0.0,0.0,0.0
cc7d03a3a03a3325,0,clean,2547,2,0,-0.1,False,0.0,0.9,0.6200000000000001,0.6200000000000001,0.0,0.0,0.0,0.0
cc7d03a3a03a3325,0,clean,2548,1,1,-0.1,False,0.0,0.9,0.8,0.8,0.0,0.0,0.0,0.0
cc7d03a3a03a3325,0,clean,2549,2,1,1.0,True,0.0,0.9,1.0,1.0,0.0,0.0,0.0,0.0
cc7d03a3a03a3325,0,clean,2550,2,1,1.0,True,0.0,0.9,1.0,1.0,0.0,0.0,0.0,0.0
cc7d03a3a03a3325,0,clean,2551,2,1,1.0,True,0.0,0.9,1.0,1.0,0.0,0.0,0.0,0.0
cc7d03a3a03a3325,0,clean,2552,2,0,-0.1,False,0.0,0.9,0.6200000000000001,0.6200000000000001,0.0,0.0,0.0,0.0
cc7d03a3a03a3325,0,clean,2553,1,1,-0.1,False,0.0,0.9,0.8,0.8,0.0,0.0,0.0,0.0
cc7d03a3a03a3325,0,clean,2554,2,1,1.0,True,0.0,0.9,1.0,1.0,0.0,0.0,0.0,0.0
cc7d03a3a03a3325,0,clean,2555,2,1,1.0,True,0.0,0.9,1.0,1.0,0.0,0.0,0.0,0.0
cc7d03a3a03a3325,0,clean,2556,2,0,-0.1,False,0.0,0.9,0.6200000000000001,0.6200000000000001,0.0,0.0,0.0,0.0
cc7d03a3a03a3325,0,clean,2557,1,0,-0.1,False,0.0,0.9,0.4580000000000002,0.4580000000000002,0.0,0.0,0.0,0.0
cc7d03a3a03a3325,0,clean,2558,0,0,-0.1,False,0.0,0.9,0.4580000000000002,0.4580000000000002,0.0,0.0,0.0,0.0
cc7d03a3a03a3325,0,clean,2559,0,0,-0.1,False,0.0,0.9,0.4580000000000002,0.4580000000000002,0.0,0.0,0.0,0.0
cc7d03a3a03a3325,0,clean,2560,0,0,-0.1,False,0.0,0.9,0.4580000000000002,0.4580000000000002,0.0,0.0,0.0,0.0
cc7d03a3a03a3325,0,clean,2561,0,0,-0.1,False,0.0,0.9,0.4580000000000002,0.4580000000000002,0.0,0.0,0.0,0.0
cc7d03a3a03a3325,0,clean,2562,0,1,-0.1,False,0.0,0.9,0.6200000000000001,0.6200000000000001,0.0,0.0,0.0,0.0
cc7d03a3a03a3325,0,clean,2563,1,1,-0.1,False,0.0,0.9,0.8,0.8,0.0,0.0,0.0,0.0
cc7d03a3a03a3325,0,clean,2564,2,1,1.0,True,0.0,0.9,1.0,1.0,0.0,0.0,0.0,0.0
cc7d03a3a03a3325,0,clean,2565,2,1,1.0,True,0.0,0.9,1.0,1.0,0.0,0.0,0.0,0.0
cc7d03a3a03a3325,0,clean,2566,2,1,1.0,True,0.0,0.9,1.0,1.0,0.0,0.0,0.0,0.0
cc7d03a3a03a3325,0,clean,2567,2,0,-0.1,False,0.0,0.9,0.6200000000000001,0.6200000000000001,0.0,0.0,0.0,0.0
cc7d03a3a03a3325,0,clean,2568,1,1,-0.1,False,0.0,0.9,0.8,0.8,0.0,0.0,0.0,0.0
cc7d03a3a03a3325,0,clean,2569,2,1,1.0,True,0.0,0.9,1.0,1.0,0.0,0.0,0.0,0.0
cc7d03a3a03a3325,0,clean,2570,2,1,1.0,True,0.0,0.9,1.0,1.0,0.0,0.0,0.0,0.0
cc7d03a3a03a3325,0,clean,2571,2,1,1.0,True,0.0,0.9,1.0,1.0,0.0,0.0,0.0,0.0
cc7d03a3a03a3325,0,clean,2572,2,1,1.0,True,0.0,0.9,1.0,1.0,0.0,0.0,0.0,0.0
cc7d03a3a03a3325,0,clean,2573,2,1,1.0,True,0.0,0.9,1.0,1.0,0.0,0.0,0.0,0.0
cc7d03a3a03a3325,0,clean,2574,2,1,1.0,True,0.0,0.9,1.0,1.0,0.0,0.0,0.0,0.0
cc7d03a3a03a3325,0,clean,2575,2,1,1.0,True,0.0,0.9,1.0,1.0,0.0,0.0,0.0,0.0
cc7d03a3a03a3325,0,clean,2576,2,1,1.0,True,0.0,0.9,1.0,1.0,0.0,0.0,0.0,0.0
cc7d03a3a03a3325,0,clean,2577,2,1,1.0,True,0.0,0.9,1.0,1.0,0.0,0.0,0.0,0.0
cc7d03a3a03a3325,0,clean,2578,2,1,1.0,True,0.0,0.9,1.0,1.0,0.0,0.0,0.0,0.0
cc7d03a3a03a3325,0,clean,2579,2,1,1.0,True,0.0,0.9,1.0,1.0,0.0,0.0,0.0,0.0
cc7d03a3a03a3325,0,clean,2580,2,1,1.0,True,0.0,0.9,1.0,1.0,0.0,0.0,0.0,0.0
cc7d03a3a03a3325,0,clean,2581,2,1,1.0,True,0.0,0.9,1.0,1.0,0.0,0.0,0.0,0.0
cc7d03a3a03a3325,0,clean,2582,2,1,1.0,True,0.0,0.9,1.0,1.0,0.0,0.0,0.0,0.0
cc7d03a3a03a3325,0,clean,2583,2,0,-0.1,False,0.0,0.9,0.6200000000000001,0.6200000000000001,0.0,0.0,0.0,0.0
cc7d03a3a03a3325,0,clean,2584,1,1,-0.1,False,0.0,0.9,0.8,0.8,0.0,0.0,0.0,0.0
cc7d03a3a03a3325,0,clean,2585,2,1,1.0,True,0.0,0.9,1.0,1.0,0.0,0.0,0.0,0.0
cc7d03a3a03a3325,0,clean,2586,2,1,1.0,True,0.0,0.9,1.0,1.0,0.0,0.0,0.0,0.0
cc7d03a3a03a3325,0,clean,2587,2,1,1.0,True,0.0,0.9,1.0,1.0,0.0,0.0,0.0,0.0
cc7d03a3a03a3325,0,clean,2588,2,1,1.0,True,0.0,0.9,1.0,1.0,0.0,0.0,0.0,0.0
cc7d03a3a03a3325,0,clean,2589,2,1,1.0,True,0.0,0.9,1.0,1.0,0.0,0.0,0.0,0.0
cc7d03a3a03a3325,0,clean,2590,2,1,1.0,True,0.0,0.9,1.0,1.0,0.0,0.0,0.0,0.0
cc7d03a3a03a3325,0,clean,2591,2,1,1.0,True,0.0,0.9,1.0,1.0,0.0,0.0,0.0,0.0
cc7d03a3a03a3325,0,clean,2592,2,1,1.0,True,0.0,0.9,1.0,1.0,0.0,0.0,0.0,0.0
cc7d03a3a03a3325,0,clean,2593,2,1,1.0,True,0.0,0.9,1.0,1.0,0.0,0.0,0.0,0.0
cc7d03a3a03a3325,0,clean,2594,2,1,1.0,True,0.0,0.9,1.0,1.0,0.0,0.0,0.0,0.0
cc7d03a3a03a3325,0,clean,2595,2,1,1.0,True,0.0,0.9,1.0,1.0,0.0,0.0,0.0,0.0
cc7d03a3a03a3325,0,clean,2596,2,1,1.0,True,0.0,0.9,1.0,1.0,0.0,0.0,0.0,0.0
cc7d03a3a03a3325,0,clean,2597,2,1,1.0,True,0.0,0.9,1.0,1.0,0.0,0.0,0.0,0.0
cc7d03a3a03a3325,0,clean,2598,2,1,1.0,True,0.0,0.9,1.0,1.0,0.0,0.0,0.0,0.0
cc7d03a3a03a3325,0,clean,2599,2,1,1.0,True,0.0,0.9,1.0,1.0,0.0,0.0,0.0,0.0
cc7d03a3a03a3325,0,clean,2600,2,1,1.0,True,0.0,0.9,1.0,1.0,0.0,0.0,0.0,0.0
cc7d03a3a03a3325,0,clean,2601,2,0,-0.1,False,0.0,0.9,0.6200000000000001,0.6200000000000001,0.0,0.0,0.0,0.0
cc7d03a3a03a3325,0,clean,2602,1,1,-0.1,False,0.0,0.9,0.8,0.8,0.0,0.0,0.0,0.0
cc7d03a3a03a3325,0,clean,2603,2,0,-0.1,False,0.0,0.9,0.6200000000000001,0.6200000000000001,0.0,0.0,0.0,0.0
cc7d03a3a03a3325,0,clean,2604,1,1,-0.1,False,0.0,0.9,0.8,0.8,0.0,0.0,0.0,0.0
cc7d03a3a03a3325,0,clean,2605,2,1,1.0,True,0.0,0.9,1.0,1.0,0.0,0.0,0.0,0.0
cc7d03a3a03a3325,0,clean,2606,2,0,-0.1,False,0.0,0.9,0.6200000000000001,0.6200000000000001,0.0,0.0,0.0,0.0
cc7d03a3a03a3325,0,clean,2607,1,1,-0.1,False,0.0,0.9,0.8,0.8,0.0,0.0,0.0,0.0
cc7d03a3a03a3325,0,clean,2608,2,0,-0.1,False,0.0,0.9,0.6200000000000001,0.6200000000000001,0.0,0.0,0.0,0.0
cc7d03a3a03a3325,0,clean,2609,1,1,-0.1,False,0.0,0.9,0.8,0.8,0.0,0.0,0.0,0.0
cc7d03a3a03a3325,0,clean,2610,2,1,1.0,True,0.0,0.9,1.0,1.0,0.0,0.0,0.0,0.0
cc7d03a3a03a3325,0,clean,2611,2,1,1.0,True,0.0,0.9,1.0,1.0,0.0,0.0,0.0,0.0
cc7d03a3a03a3325,0,clean,2612,2,1,1.0,True,0.0,0.9,1.0,1.0,0.0,0.0,0.0,0.0
cc7d03a3a03a3325,0,clean,2613,2,1,1.0,True,0.0,0.9,1.0,1.0,0.0,0.0,0.0,0.0
cc7d03a3a03a3325,0,clean,2614,2,1,1.0,True,0.0,0.9,1.0,1.0,0.0,0.0,0.0,0.0
cc7d03a3a03a3325,0,clean,2615,2,1,1.0,True,0.0,0.9,1.0,1.0,0.0,0.0,0.0,0.0
cc7d03a3a03a3325,0,clean,2616,2,1,1.0,True,0.0,0.9,1.0,1.0,0.0,0.0,0.0,0.0
cc7d03a3a03a3325,0,clean,2617,2,1,1.0,True,0.0,0.9,1.0,1.0,0.0,0.0,0.0,0.0
cc7d03a3a03a3325,0,clean,2618,2,1,1.0,True,0.0,0.9,1.0,1.0,0.0,0.0,0.0,0.0
cc7d03a3a03a3325,0,clean,2619,2,1,1.0,True,0.0,0.9,1.0,1.0,0.0,0.0,0.0,0.0
cc7d03a3a03a3325,0,clean,2620,2,1,1.0,True,0.0,0.9,1.0,1.0,0.0,0.0,0.0,0.0
cc7d03a3a03a3325,0,clean,2621,2,1,1.0,True,0.0,0.9,1.0,1.0,0.0,0.0,0.0,0.0
cc7d03a3a03a3325,0,clean,2622,2,0,-0.1,False,0.0,0.9,0.6200000000000001,0.6200000000000001,0.0,0.0,0.0,0.0
cc7d03a3a03a3325,0,clean,2623,1,1,-0.1,False,0.0,0.9,0.8,0.8,0.0,0.0,0.0,0.0
cc7d03a3a03a3325,0,clean,2624,2,1,1.0,True,0.0,0.9,1.0,1.0,0.0,0.0,0.0,0.0
cc7d03a3a03a3325,0,clean,2625,2,0,-0.1,False,0.0,0.9,0.6200000000000001,0.6200000000000001,0.0,0.0,0.0,0.0
cc7d03a3a03a3325,0,clean,2626,1,1,-0.1,False,0.0,0.9,0.8,0.8,0.0,0.0,0.0,0.0
cc7d03a3a03a3325,0,clean,2627,2,1,1.0,True,0.0,0.9,1.0,1.0,0.0,0.0,0.0,0.0
cc7d03a3a03a3325,0,clean,2628,2,0,-0.1,False,0.0,0.9,0.6200000000000001,0.6200000000000001,0.0,0.0,0.0,0.0
cc7d03a3a03a3325,0,clean,2629,1,1,-0.1,False,0.0,0.9,0.8,0.8,0.0,0.0,0.0,0.0
cc7d03a3a03a3325,0,clean,2630,2,1,1.0,True,0.0,0.9,1.0,1.0,0.0,0.0,0.0,0.0
cc7d03a3a03a3325,0,clean,2631,2,0,-0.1,False,0.0,0.9,0.6200000000000001,0.6200000000000001,0.0,0.0,0.0,0.0
cc7d03a3a03a3325,0,clean,2632,1,1,-0.1,False,0.0,0.9,0.8,0.8,0.0,0.0,0.0,0.0
cc7d03a3a03a3325,0,clean,2633,2,1,1.0,True,0.0,0.9,1.0,1.0,0.0,0.0,0.0,0.0
cc7d03a3a03a3325,0,clean,2634,2,1,1.0,True,0.0,0.9,1.0,1.0,0.0,0.0,0.0,0.0
cc7d03a3a03a3325,0,clean,2635,2,1,1.0,True,0.0,0.9,1.0,1.0,0.0,0.0,0.0,0.0
cc7d03a3a03a3325,0,clean,2636,2,1,1.0,True,0.0,0.9,1.0,1.0,0.0,0.0,0.0,0.0
cc7d03a3a03a3325,0,clean,2637,2,0,-0.1,False,0.0,0.9,0.6200000000000001,0.6200000000000001,0.0,0.0,0.0,0.0
cc7d03a3a03a3325,0,clean,2638,1,0,-0.1,False,0.0,0.9,0.4580000000000002,0.4580000000000002,0.0,0.0,0.0,0.0
cc7d03a3a03a3325,0,clean,2639,0,1,-0.1,False,0.0,0.9,0.6200000000000001,0.6200000000000001,0.0,0.0,0.0,0.0
cc7d03a3a03a3325,0,clean,2640,1,0,-0.1,False,0.0,0.9,0.4580000000000002,0.4580000000000002,0.0,0.0,0.0,0.0
cc7d03a3a03a3325,0,clean,2641,0,1,-0.1,False,0.0,0.9,0.6200000000000001,0.6200000000000001,0.0,0.0,0.0,0.0
cc7d03a3a03a3325,0,clean,2642,1,1,-0.1,False,0.0,0.9,0.8,0.8,0.0,0.0,0.0,0.0
cc7d03a3a03a3325,0,clean,2643,2,1,1.0,True,0.0,0.9,1.0,1.0,0.0,0.0,0.0,0.0
cc7d03a3a03a3325,0,clean,2644,2,0,-0.1,False,0.0,0.9,0.6200000000000001,0.6200000000000001,0.0,0.0,0.0,0.0
cc7d03a3a03a3325,0,clean,2645,1,0,-0.1,False,0.0,0.9,0.4580000000000002,0.4580000000000002,0.0,0.0,0.0,0.0
cc7d03a3a03a3325,0,clean,2646,0,1,-0.1,False,0.0,0.9,0.6200000000000001,0.6200000000000001,0.0,0.0,0.0,0.0
cc7d03a3a03a3325,0,clean,2647,1,0,-0.1,False,0.0,0.9,0.4580000000000002,0.4580000000000002,0.0,0.0,0.0,0.0
cc7d03a3a03a3325,0,clean,2648,0,1,-0.1,False,0.0,0.9,0.6200000000000001,0.6200000000000001,0.0,0.0,0.0,0.0
cc7d03a3a03a3325,0,clean,2649,1,0,-0.1,False,0.0,0.9,0.4580000000000002,0.4580000000000002,0.0,0.0,0.0,0.0
cc7d03a3a03a3325,0,clean,2650,0,1,-0.1,False,0.0,0.9,0.6200000000000001,0.6200000000000001,0.0,0.0,0.0,0.0
cc7d03a3a03a3325,0,clean,2651,1,1,-0.1,False,0.0,0.9,0.8,0.8,0.0,0.0,0.0,0.0
cc7d03a3a03a3325,0,clean,2652,2,1,1.0,True,0.0,0.9,1.0,1.0,0.0,0.0,0.0,0.0
cc7d03a3a03a3325,0,clean,2653,2,1,1.0,True,0.0,0.9,1.0,1.0,0.0,0.0,0.0,0.0
cc7d03a3a03a3325,0,clean,2654,2,1,1.0,True,0.0,0.9,1.0,1.0,0.0,0.0,0.0,0.0
cc7d03a3a03a3325,0,clean,2655,2,0,-0.1,False,0.0,0.9,0.6200000000000001,0.6200000000000001,0.0,0.0,0.0,0.0
cc7d03a3a03a3325,0,clean,2656,1,1,-0.1,False,0.0,0.9,0.8,0.8,0.0,0.0,0.0,0.0
cc7d03a3a03a3325,0,clean,2657,2,1,1.0,True,0.0,0.9,1.0,1.0,0.0,0.0,0.0,0.0
cc7d03a3a03a3325,0,clean,2658,2,1,1.0,True,0.0,0.9,1.0,1.0,0.0,0.0,0.0,0.0
cc7d03a3a03a3325,0,clean,2659,2,1,1.0,True,0.0,0.9,1.0,1.0,0.0,0.0,0.0,0.0
cc7d03a3a03a3325,0,clean,2660,2,1,1.0,True,0.0,0.9,1.0,1.0,0.0,0.0,0.0,0.0
cc7d03a3a03a3325,0,clean,2661,2,1,1.0,True,0.0,0.9,1.0,1.0,0.0,0.0,0.0,0.0
cc7d03a3a03a3325,0,clean,2662,2,1,1.0,True,0.0,0.9,1.0,1.0,0.0,0.0,0.0,0.0
cc7d03a3a03a3325,0,clean,2663,2,1,1.0,True,0.0,0.9,1.0,1.0,0.0,0.0,0.0,0.0
cc7d03a3a03a3325,0,clean,2664,2,0,-0.1,False,0.0,0.9,0.6200000000000001,0.6200000000000001,0.0,0.0,0.0,0.0
cc7d03a3a03a3325,0,clean,2665,1,1,-0.1,False,0.0,0.9,0.8,0.8,0.0,0.0,0.0,0.0
cc7d03a3a03a3325,0,clean,2666,2,1,1.0,True,0.0,0.9,1.0,1.0,0.0,0.0,0.0,0.0
cc7d03a3a03a3325,0,clean,2667,2,1,1.0,True,0.0,0.9,1.0,1.0,0.0,0.0,0.0,0.0
cc7d03a3a03a3325,0,clean,2668,2,1,1.0,True,0.0,0.9,1.0,1.0,0.0,0.0,0.0,0.0
cc7d03a3a03a3325,0,clean,2669,2,1,1.0,True,0.0,0.9,1.0,1.0,0.0,0.0,0.0,0.0
cc7d03a3a03a3325,0,clean,2670,2,1,1.0,True,0.0,0.9,1.0,1.0,0.0,0.0,0.0,0.0
cc7d03a3a03a3325,0,clean,2671,2,1,1.0,True,0.0,0.9,1.0,1.0,0.0,0.0,0.0,0.0
cc7d03a3a03a3325,0,clean,2672,2,1,1.0,True,0.0,0.9,1.0,1.0,0.0,0.0,0.0,0.0
cc7d03a3a03a3325,0,clean,2673,2,1,1.0,True,0.0,0.9,1.0,1.0,0.0,0.0,0.0,0.0
cc7d03a3a03a3325,0,clean,2674,2,1,1.0,True,0.0,0.9,1.0,1.0,0.0,0.0,0.0,0.0
cc7d03a3a03a3325,0,clean,2675,2,1,1.0,True,0.0,0.9,1.0,1.0,0.0,0.0,0.0,0.0
cc7d03a3a03a3325,0,clean,2676,2,1,1.0,True,0.0,0.9,1.0,1.0,0.0,0.0,0.0,0.0
cc7d03a3a03a3325,0,clean,2677,2,1,1.0,True,0.0,0.9,1.0,1.0,0.0,0.0,0.0,0.0
cc7d03a3a03a3325,0,clean,2678,2,1,1.0,True,0.0,0.9,1.0,1.0,0.0,0.0,0.0,0.0
cc7d03a3a03a3325,0,clean,2679,2,1,1.0,True,0.0,0.9,1.0,1.0,0.0,0.0,0.0,0.0
cc7d03a3a03a3325,0,clean,2680,2,1,1.0,True,0.0,0.9,1.0,1.0,0.0,0.0,0.0,0.0
cc7d03a3a03a3325,0,clean,2681,2,1,1.0,True,0.0,0.9,1.0,1.0,0.0,0.0,0.0,0.0
cc7d03a3a03a3325,0,clean,2682,2,1,1.0,True,0.0,0.9,1.0,1.0,0.0,0.0,0.0,0.0
cc7d03a3a03a3325,0,clean,2683,2,1,1.0,True,0.0,0.9,1.0,1.0,0.0,0.0,0.0,0.0
cc7d03a3a03a3325,0,clean,2684,2,1,1.0,True,0.0,0.9,1.0,1.0,0.0,0.0,0.0,0.0
cc7d03a3a03a3325,0,clean,2685,2,0,-0.1,False,0.0,0.9,0.6200000000000001,0.6200000000000001,0.0,0.0,0.0,0.0
cc7d03a3a03a3325,0,clean,2686,1,1,-0.1,False,0.0,0.9,0.8,0.8,0.0,0.0,0.0,0.0
cc7d03a3a03a3325,0,clean,2687,2,1,1.0,True,0.0,0.9,1.0,1.0,0.0,0.0,0.0,0.0
cc7d03a3a03a3325,0,clean,2688,2,1,1.0,True,0.0,0.9,1.0,1.0,0.0,0.0,0.0,0.0
cc7d03a3a03a3325,0,clean,2689,2,1,1.0,True,0.0,0.9,1.0,1.0,0.0,0.0,0.0,0.0
cc7d03a3a03a3325,0,clean,2690,2,0,-0.1,False,0.0,0.9,0.6200000000000001,0.6200000000000001,0.0,0.0,0.0,0.0
cc7d03a3a03a3325,0,clean,2691,1,1,-0.1,False,0.0,0.9,0.8,0.8,0.0,0.0,0.0,0.0
cc7d03a3a03a3325,0,clean,2692,2,1,1.0,True,0.0,0.9,1.0,1.0,0.0,0.0,0.0,0.0
cc7d03a3a03a3325,0,clean,2693,2,0,-0.1,False,0.0,0.9,0.6200000000000001,0.6200000000000001,0.0,0.0,0.0,0.0
cc7d03a3a03a3325,0,clean,2694,1,1,-0.1,False,0.0,0.9,0.8,0.8,0.0,0.0,0.0,0.0
cc7d03a3a03a3325,0,clean,2695,2,1,1.0,True,0.0,0.9,1.0,1.0,0.0,0.0,0.0,0.0
cc7d03a3a03a3325,0,clean,2696,2,1,1.0,True,0.0,0.9,1.0,1.0,0.0,0.0,0.0,0.0
cc7d03a3a03a3325,0,clean,2697,2,1,1.0,True,0.0,0.9,1.0,1.0,0.0,0.0,0.0,0.0
cc7d03a3a03a3325,0,clean,2698,2,1,1.0,True,0.0,0.9,1.0,1.0,0.0,0.0,0.0,0.0
cc7d03a3a03a3325,0,clean,2699,2,1,1.0,True,0.0,0.9,1.0,1.0,0.0,0.0,0.0,0.0
cc7d03a3a03a3325,0,clean,2700,2,1,1.0,True,0.0,0.9,1.0,1.0,0.0,0.0,0.0,0.0
cc7d03a3a03a3325,0,clean,2701,2,1,1.0,True,0.0,0.9,1.0,1.0,0.0,0.0,0.0,0.0
cc7d03a3a03a3325,0,clean,2702,2,0,-0.1,False,0.0,0.9,0.6200000000000001,0.6200000000000001,0.0,0.0,0.0,0.0
cc7d03a3a03a3325,0,clean,2703,1,0,-0.1,False,0.0,0.9,0.4580000000000002,0.4580000000000002,0.0,0.0,0.0,0.0
cc7d03a3a03a3325,0,clean,2704,0,0,-0.1,False,0.0,0.9,0.4580000000000002,0.4580000000000002,0.0,0.0,0.0,0.0
cc7d03a3a03a3325,0,clean,2705,0,1,-0.1,False,0.0,0.9,0.6200000000000001,0.6200000000000001,0.0,0.0,0.0,0.0
cc7d03a3a03a3325,0,clean,2706,1,1,-0.1,False,0.0,0.9,0.8,0.8,0.0,0.0,0.0,0.0
cc7d03a3a03a3325,0,clean,2707,2,1,1.0,True,0.0,0.9,1.0,1.0,0.0,0.0,0.0,0.0
cc7d03a3a03a3325,0,clean,2708,2,1,1.0,True,0.0,0.9,1.0,1.0,0.0,0.0,0.0,0.0
cc7d03a3a03a3325,0,clean,2709,2,1,1.0,True,0.0,0.9,1.0,1.0,0.0,0.0,0.0,0.0
cc7d03a3a03a3325,0,clean,2710,2,1,1.0,True,0.0,0.9,1.0,1.0,0.0,0.0,0.0,0.0
cc7d03a3a03a3325,0,clean,2711,2,1,1.0,True,0.0,0.9,1.0,1.0,0.0,0.0,0.0,0.0
cc7d03a3a03a3325,0,clean,2712,2,1,1.0,True,0.0,0.9,1.0,1.0,0.0,0.0,0.0,0.0
cc7d03a3a03a3325,0,clean,2713,2,1,1.0,True,0.0,0.9,1.0,1.0,0.0,0.0,0.0,0.0
cc7d03a3a03a3325,0,clean,2714,2,1,1.0,True,0.0,0.9,1.0,1.0,0.0,0.0,0.0,0.0
cc7d03a3a03a3325,0,clean,2715,2,1,1.0,True,0.0,0.9,1.0,1.0,0.0,0.0,0.0,0.0
cc7d03a3a03a3325,0,clean,2716,2,1,1.0,True,0.0,0.9,1.0,1.0,0.0,0.0,0.0,0.0
cc7d03a3a03a3325,0,clean,2717,2,1,1.0,True,0.0,0.9,1.0,1.0,0.0,0.0,0.0,0.0
cc7d03a3a03a3325,0,clean,2718,2,1,1.0,True,0.0,0.9,1.0,1.0,0.0,0.0,0.0,0.0
cc7d03a3a03a3325,0,clean,2719,2,1,1.0,True,0.0,0.9,1.0,1.0,0.0,0.0,0.0,0.0
cc7d03a3a03a3325,0,clean,2720,2,1,1.0,True,0.0,0.9,1.0,1.0,0.0,0.0,0.0,0.0
cc7d03a3a03a3325,0,clean,2721,2,1,1.0,True,0.0,0.9,1.0,1.0,0.0,0.0,0.0,0.0
cc7d03a3a03a3325,0,clean,2722,2,1,1.0,True,0.0,0.9,1.0,1.0,0.0,0.0,0.0,0.0
cc7d03a3a03a3325,0,clean,2723,2,1,1.0,True,0.0,0.9,1.0,1.0,0.0,0.0,0.0,0.0
cc7d03a3a03a3325,0,clean,2724,2,1,1.0,True,0.0,0.9,1.0,1.0,0.0,0.0,0.0,0.0
cc7d03a3a03a3325,0,clean,2725,2,1,1.0,True,0.0,0.9,1.0,1.0,0.0,0.0,0.0,0.0
cc7d03a3a03a3325,0,clean,2726,2,1,1.0,True,0.0,0.9,1.0,1.0,0.0,0.0,0.0,0.0
cc7d03a3a03a3325,0,clean,2727,2,1,1.0,True,0.0,0.9,1.0,1.0,0.0,0.0,0.0,0.0
cc7d03a3a03a3325,0,clean,2728,2,1,1.0,True,0.0,0.9,1.0,1.0,0.0,0.0,0.0,0.0
cc7d03a3a03a3325,0,clean,2729,2,1,1.0,True,0.0,0.9,1.0,1.0,0.0,0.0,0.0,0.0
cc7d03a3a03a3325,0,clean,2730,2,1,1.0,True,0.0,0.9,1.0,1.0,0.0,0.0,0.0,0.0
cc7d03a3a03a3325,0,clean,2731,2,1,1.0,True,0.0,0.9,1.0,1.0,0.0,0.0,0.0,0.0
cc7d03a3a03a3325,0,clean,2732,2,1,1.0,True,0.0,0.9,1.0,1.0,0.0,0.0,0.0,0.0
cc7d03a3a03a3325,0,clean,2733,2,1,1.0,True,0.0,0.9,1.0,1.0,0.0,0.0,0.0,0.0
cc7d03a3a03a3325,0,clean,2734,2,1,1.0,True,0.0,0.9,1.0,1.0,0.0,0.0,0.0,0.0
cc7d03a3a03a3325,0,clean,2735,2,1,1.0,True,0.0,0.9,1.0,1.0,0.0,0.0,0.0,0.0
cc7d03a3a03a3325,0,clean,2736,2,1,1.0,True,0.0,0.9,1.0,1.0,0.0,0.0,0.0,0.0
cc7d03a3a03a3325,0,clean,2737,2,1,1.0,True,0.0,0.9,1.0,1.0,0.0,0.0,0.0,0.0
cc7d03a3a03a3325,0,clean,2738,2,1,1.0,True,0.0,0.9,1.0,1.0,0.0,0.0,0.0,0.0
cc7d03a3a03a3325,0,clean,2739,2,1,1.0,True,0.0,0.9,1.0,1.0,0.0,0.0,0.0,0.0
cc7d03a3a03a3325,0,clean,2740,2,1,1.0,True,0.0,0.9,1.0,1.0,0.0,0.0,0.0,0.0
cc7d03a3a03a3325,0,clean,2741,2,1,1.0,True,0.0,0.9,1.0,1.0,0.0,0.0,0.0,0.0
cc7d03a3a03a3325,0,clean,2742,2,1,1.0,True,0.0,0.9,1.0,1.0,0.0,0.0,0.0,0.0
cc7d03a3a03a3325,0,clean,2743,2,1,1.0,True,0.0,0.9,1.0,1.0,0.0,0.0,0.0,0.0
cc7d03a3a03a3325,0,clean,2744,2,1,1.0,True,0.0,0.9,1.0,1.0,0.0,0.0,0.0,0.0
cc7d03a3a03a3325,0,clean,2745,2,0,-0.1,False,0.0,0.9,0.6200000000000001,0.6200000000000001,0.0,0.0,0.0,0.0
cc7d03a3a03a3325,0,clean,2746,1,1,-0.1,False,0.0,0.9,0.8,0.8,0.0,0.0,0.0,0.0
cc7d03a3a03a3325,0,clean,2747,2,1,1.0,True,0.0,0.9,1.0,1.0,0.0,0.0,0.0,0.0
cc7d03a3a03a3325,0,clean,2748,2,1,1.0,True,0.0,0.9,1.0,1.0,0.0,0.0,0.0,0.0
cc7d03a3a03a3325,0,clean,2749,2,1,1.0,True,0.0,0.9,1.0,1.0,0.0,0.0,0.0,0.0
cc7d03a3a03a3325,0,clean,2750,2,1,1.0,True,0.0,0.9,1.0,1.0,0.0,0.0,0.0,0.0
cc7d03a3a03a3325,0,clean,2751,2,1,1.0,True,0.0,0.9,1.0,1.0,0.0,0.0,0.0,0.0
cc7d03a3a03a3325,0,clean,2752,2,1,1.0,True,0.0,0.9,1.0,1.0,0.0,0.0,0.0,0.0
cc7d03a3a03a3325,0,clean,2753,2,1,1.0,True,0.0,0.9,1.0,1.0,0.0,0.0,0.0,0.0
cc7d03a3a03a3325,0,clean,2754,2,1,1.0,True,0.0,0.9,1.0,1.0,0.0,0.0,0.0,0.0
cc7d03a3a03a3325,0,clean,2755,2,1,1.0,True,0.0,0.9,1.0,1.0,0.0,0.0,0.0,0.0
cc7d03a3a03a3325,0,clean,2756,2,1,1.0,True,0.0,0.9,1.0,1.0,0.0,0.0,0.0,0.0
cc7d03a3a03a3325,0,clean,2757,2,0,-0.1,False,0.0,0.9,0.6200000000000001,0.6200000000000001,0.0,0.0,0.0,0.0
cc7d03a3a03a3325,0,clean,2758,1,1,-0.1,False,0.0,0.9,0.8,0.8,0.0,0.0,0.0,0.0
cc7d03a3a03a3325,0,clean,2759,2,1,1.0,True,0.0,0.9,1.0,1.0,0.0,0.0,0.0,0.0
cc7d03a3a03a3325,0,clean,2760,2,1,1.0,True,0.0,0.9,1.0,1.0,0.0,0.0,0.0,0.0
cc7d03a3a03a3325,0,clean,2761,2,1,1.0,True,0.0,0.9,1.0,1.0,0.0,0.0,0.0,0.0
cc7d03a3a03a3325,0,clean,2762,2,1,1.0,True,0.0,0.9,1.0,1.0,0.0,0.0,0.0,0.0
cc7d03a3a03a3325,0,clean,2763,2,1,1.0,True,0.0,0.9,1.0,1.0,0.0,0.0,0.0,0.0
cc7d03a3a03a3325,0,clean,2764,2,1,1.0,True,0.0,0.9,1.0,1.0,0.0,0.0,0.0,0.0
cc7d03a3a03a3325,0,clean,2765,2,1,1.0,True,0.0,0.9,1.0,1.0,0.0,0.0,0.0,0.0
cc7d03a3a03a3325,0,clean,2766,2,1,1.0,True,0.0,0.9,1.0,1.0,0.0,0.0,0.0,0.0
cc7d03a3a03a3325,0,clean,2767,2,1,1.0,True,0.0,0.9,1.0,1.0,0.0,0.0,0.0,0.0
cc7d03a3a03a3325,0,clean,2768,2,1,1.0,True,0.0,0.9,1.0,1.0,0.0,0.0,0.0,0.0
cc7d03a3a03a3325,0,clean,2769,2,1,1.0,True,0.0,0.9,1.0,1.0,0.0,0.0,0.0,0.0
cc7d03a3a03a3325,0,clean,2770,2,1,1.0,True,0.0,0.9,1.0,1.0,0.0,0.0,0.0,0.0
cc7d03a3a03a3325,0,clean,2771,2,1,1.0,True,0.0,0.9,1.0,1.0,0.0,0.0,0.0,0.0
cc7d03a3a03a3325,0,clean,2772,2,1,1.0,True,0.0,0.9,1.0,1.0,0.0,0.0,0.0,0.0
cc7d03a3a03a3325,0,clean,2773,2,1,1.0,True,0.0,0.9,1.0,1.0,0.0,0.0,0.0,0.0
cc7d03a3a03a3325,0,clean,2774,2,1,1.0,True,0.0,0.9,1.0,1.0,0.0,0.0,0.0,0.0
cc7d03a3a03a3325,0,clean,2775,2,0,-0.1,False,0.0,0.9,0.6200000000000001,0.6200000000000001,0.0,0.0,0.0,0.0
cc7d03a3a03a3325,0,clean,2776,1,1,-0.1,False,0.0,0.9,0.8,0.8,0.0,0.0,0.0,0.0
cc7d03a3a03a3325,0,clean,2777,2,1,1.0,True,0.0,0.9,1.0,1.0,0.0,0.0,0.0,0.0
cc7d03a3a03a3325,0,clean,2778,2,1,1.0,True,0.0,0.9,1.0,1.0,0.0,0.0,0.0,0.0
cc7d03a3a03a3325,0,clean,2779,2,1,1.0,True,0.0,0.9,1.0,1.0,0.0,0.0,0.0,0.0
cc7d03a3a03a3325,0,clean,2780,2,1,1.0,True,0.0,0.9,1.0,1.0,0.0,0.0,0.0,0.0
cc7d03a3a03a3325,0,clean,2781,2,1,1.0,True,0.0,0.9,1.0,1.0,0.0,0.0,0.0,0.0
cc7d03a3a03a3325,0,clean,2782,2,1,1.0,True,0.0,0.9,1.0,1.0,0.0,0.0,0.0,0.0
cc7d03a3a03a3325,0,clean,2783,2,1,1.0,True,0.0,0.9,1.0,1.0,0.0,0.0,0.0,0.0
cc7d03a3a03a3325,0,clean,2784,2,1,1.0,True,0.0,0.9,1.0,1.0,0.0,0.0,0.0,0.0
cc7d03a3a03a3325,0,clean,2785,2,1,1.0,True,0.0,0.9,1.0,1.0,0.0,0.0,0.0,0.0
cc7d03a3a03a3325,0,clean,2786,2,1,1.0,True,0.0,0.9,1.0,1.0,0.0,0.0,0.0,0.0
cc7d03a3a03a3325,0,clean,2787,2,1,1.0,True,0.0,0.9,1.0,1.0,0.0,0.0,0.0,0.0
cc7d03a3a03a3325,0,clean,2788,2,1,1.0,True,0.0,0.9,1.0,1.0,0.0,0.0,0.0,0.0
cc7d03a3a03a3325,0,clean,2789,2,1,1.0,True,0.0,0.9,1.0,1.0,0.0,0.0,0.0,0.0
cc7d03a3a03a3325,0,clean,2790,2,1,1.0,True,0.0,0.9,1.0,1.0,0.0,0.0,0.0,0.0
cc7d03a3a03a3325,0,clean,2791,2,1,1.0,True,0.0,0.9,1.0,1.0,0.0,0.0,0.0,0.0
cc7d03a3a03a3325,0,clean,2792,2,1,1.0,True,0.0,0.9,1.0,1.0,0.0,0.0,0.0,0.0
cc7d03a3a03a3325,0,clean,2793,2,1,1.0,True,0.0,0.9,1.0,1.0,0.0,0.0,0.0,0.0
cc7d03a3a03a3325,0,clean,2794,2,1,1.0,True,0.0,0.9,1.0,1.0,0.0,0.0,0.0,0.0
cc7d03a3a03a3325,0,clean,2795,2,1,1.0,True,0.0,0.9,1.0,1.0,0.0,0.0,0.0,0.0
cc7d03a3a03a3325,0,clean,2796,2,1,1.0,True,0.0,0.9,1.0,1.0,0.0,0.0,0.0,0.0
cc7d03a3a03a3325,0,clean,2797,2,0,-0.1,False,0.0,0.9,0.6200000000000001,0.6200000000000001,0.0,0.0,0.0,0.0
cc7d03a3a03a3325,0,clean,2798,1,1,-0.1,False,0.0,0.9,0.8,0.8,0.0,0.0,0.0,0.0
cc7d03a3a03a3325,0,clean,2799,2,1,1.0,True,0.0,0.9,1.0,1.0,0.0,0.0,0.0,0.0
cc7d03a3a03a3325,0,clean,2800,2,1,1.0,True,0.0,0.9,1.0,1.0,0.0,0.0,0.0,0.0
cc7d03a3a03a3325,0,clean,2801,2,1,1.0,True,0.0,0.9,1.0,1.0,0.0,0.0,0.0,0.0
cc7d03a3a03a3325,0,clean,2802,2,1,1.0,True,0.0,0.9,1.0,1.0,0.0,0.0,0.0,0.0
cc7d03a3a03a3325,0,clean,2803,2,1,1.0,True,0.0,0.9,1.0,1.0,0.0,0.0,0.0,0.0
cc7d03a3a03a3325,0,clean,2804,2,1,1.0,True,0.0,0.9,1.0,1.0,0.0,0.0,0.0,0.0
cc7d03a3a03a3325,0,clean,2805,2,1,1.0,True,0.0,0.9,1.0,1.0,0.0,0.0,0.0,0.0
cc7d03a3a03a3325,0,clean,2806,2,1,1.0,True,0.0,0.9,1.0,1.0,0.0,0.0,0.0,0.0
cc7d03a3a03a3325,0,clean,2807,2,1,1.0,True,0.0,0.9,1.0,1.0,0.0,0.0,0.0,0.0
cc7d03a3a03a3325,0,clean,2808,2,1,1.0,True,0.0,0.9,1.0,1.0,0.0,0.0,0.0,0.0
cc7d03a3a03a3325,0,clean,2809,2,1,1.0,True,0.0,0.9,1.0,1.0,0.0,0.0,0.0,0.0
cc7d03a3a03a3325,0,clean,2810,2,1,1.0,True,0.0,0.9,1.0,1.0,0.0,0.0,0.0,0.0
cc7d03a3a03a3325,0,clean,2811,2,0,-0.1,False,0.0,0.9,0.6200000000000001,0.6200000000000001,0.0,0.0,0.0,0.0
cc7d03a3a03a3325,0,clean,2812,1,1,-0.1,False,0.0,0.9,0.8,0.8,0.0,0.0,0.0,0.0
cc7d03a3a03a3325,0,clean,2813,2,1,1.0,True,0.0,0.9,1.0,1.0,0.0,0.0,0.0,0.0
cc7d03a3a03a3325,0,clean,2814,2,1,1.0,True,0.0,0.9,1.0,1.0,0.0,0.0,0.0,0.0
cc7d03a3a03a3325,0,clean,2815,2,1,1.0,True,0.0,0.9,1.0,1.0,0.0,0.0,0.0,0.0
cc7d03a3a03a3325,0,clean,2816,2,1,1.0,True,0.0,0.9,1.0,1.0,0.0,0.0,0.0,0.0
cc7d03a3a03a3325,0,clean,2817,2,1,1.0,True,0.0,0.9,1.0,1.0,0.0,0.0,0.0,0.0
cc7d03a3a03a3325,0,clean,2818,2,1,1.0,True,0.0,0.9,1.0,1.0,0.0,0.0,0.0,0.0
cc7d03a3a03a3325,0,clean,2819,2,1,1.0,True,0.0,0.9,1.0,1.0,0.0,0.0,0.0,0.0
cc7d03a3a03a3325,0,clean,2820,2,1,1.0,True,0.0,0.9,1.0,1.0,0.0,0.0,0.0,0.0
cc7d03a3a03a3325,0,clean,2821,2,0,-0.1,False,0.0,0.9,0.6200000000000001,0.6200000000000001,0.0,0.0,0.0,0.0
cc7d03a3a03a3325,0,clean,2822,1,1,-0.1,False,0.0,0.9,0.8,0.8,0.0,0.0,0.0,0.0
cc7d03a3a03a3325,0,clean,2823,2,1,1.0,True,0.0,0.9,1.0,1.0,0.0,0.0,0.0,0.0
cc7d03a3a03a3325,0,clean,2824,2,1,1.0,True,0.0,0.9,1.0,1.0,0.0,0.0,0.0,0.0
cc7d03a3a03a3325,0,clean,2825,2,1,1.0,True,0.0,0.9,1.0,1.0,0.0,0.0,0.0,0.0
cc7d03a3a03a3325,0,clean,2826,2,1,1.0,True,0.0,0.9,1.0,1.0,0.0,0.0,0.0,0.0
cc7d03a3a03a3325,0,clean,2827,2,1,1.0,True,0.0,0.9,1.0,1.0,0.0,0.0,0.0,0.0
cc7d03a3a03a3325,0,clean,2828,2,1,1.0,True,0.0,0.9,1.0,1.0,0.0,0.0,0.0,0.0
cc7d03a3a03a3325,0,clean,2829,2,0,-0.1,False,0.0,0.9,0.6200000000000001,0.6200000000000001,0.0,0.0,0.0,0.0
cc7d03a3a03a3325,0,clean,2830,1,1,-0.1,False,0.0,0.9,0.8,0.8,0.0,0.0,0.0,0.0
cc7d03a3a03a3325,0,clean,2831,2,1,1.0,True,0.0,0.9,1.0,1.0,0.0,0.0,0.0,0.0
cc7d03a3a03a3325,0,clean,2832,2,1,1.0,True,0.0,0.9,1.0,1.0,0.0,0.0,0.0,0.0
cc7d03a3a03a3325,0,clean,2833,2,0,-0.1,False,0.0,0.9,0.6200000000000001,0.6200000000000001,0.0,0.0,0.0,0.0
cc7d03a3a03a3325,0,clean,2834,1,1,-0.1,False,0.0,0.9,0.8,0.8,0.0,0.0,0.0,0.0
cc7d03a3a03a3325,0,clean,2835,2,1,1.0,True,0.0,0.9,1.0,1.0,0.0,0.0,0.0,0.0
cc7d03a3a03a3325,0,clean,2836,2,1,1.0,True,0.0,0.9,1.0,1.0,0.0,0.0,0.0,0.0
cc7d03a3a03a3325,0,clean,2837,2,1,1.0,True,0.0,0.9,1.0,1.0,0.0,0.0,0.0,0.0
cc7d03a3a03a3325,0,clean,2838,2,1,1.0,True,0.0,0.9,1.0,1.0,0.0,0.0,0.0,0.0
cc7d03a3a03a3325,0,clean,2839,2,1,1.0,True,0.0,0.9,1.0,1.0,0.0,0.0,0.0,0.0
cc7d03a3a03a3325,0,clean,2840,2,1,1.0,True,0.0,0.9,1.0,1.0,0.0,0.0,0.0,0.0
cc7d03a3a03a3325,0,clean,2841,2,1,1.0,True,0.0,0.9,1.0,1.0,0.0,0.0,0.0,0.0
cc7d03a3a03a3325,0,clean,2842,2,1,1.0,True,0.0,0.9,1.0,1.0,0.0,0.0,0.0,0.0
cc7d03a3a03a3325,0,clean,2843,2,1,1.0,True,0.0,0.9,1.0,1.0,0.0,0.0,0.0,0.0
cc7d03a3a03a3325,0,clean,2844,2,0,-0.1,False,0.0,0.9,0.6200000000000001,0.6200000000000001,0.0,0.0,0.0,0.0
cc7d03a3a03a3325,0,clean,2845,1,1,-0.1,False,0.0,0.9,0.8,0.8,0.0,0.0,0.0,0.0
cc7d03a3a03a3325,0,clean,2846,2,0,-0.1,False,0.0,0.9,0.6200000000000001,0.6200000000000001,0.0,0.0,0.0,0.0
cc7d03a3a03a3325,0,clean,2847,1,1,-0.1,False,0.0,0.9,0.8,0.8,0.0,0.0,0.0,0.0
cc7d03a3a03a3325,0,clean,2848,2,1,1.0,True,0.0,0.9,1.0,1.0,0.0,0.0,0.0,0.0
cc7d03a3a03a3325,0,clean,2849,2,0,-0.1,False,0.0,0.9,0.6200000000000001,0.6200000000000001,0.0,0.0,0.0,0.0
cc7d03a3a03a3325,0,clean,2850,1,1,-0.1,False,0.0,0.9,0.8,0.8,0.0,0.0,0.0,0.0
cc7d03a3a03a3325,0,clean,2851,2,1,1.0,True,0.0,0.9,1.0,1.0,0.0,0.0,0.0,0.0
cc7d03a3a03a3325,0,clean,2852,2,1,1.0,True,0.0,0.9,1.0,1.0,0.0,0.0,0.0,0.0
cc7d03a3a03a3325,0,clean,2853,2,0,-0.1,False,0.0,0.9,0.6200000000000001,0.6200000000000001,0.0,0.0,0.0,0.0
cc7d03a3a03a3325,0,clean,2854,1,1,-0.1,False,0.0,0.9,0.8,0.8,0.0,0.0,0.0,0.0
cc7d03a3a03a3325,0,clean,2855,2,0,-0.1,False,0.0,0.9,0.6200000000000001,0.6200000000000001,0.0,0.0,0.0,0.0
cc7d03a3a03a3325,0,clean,2856,1,1,-0.1,False,0.0,0.9,0.8,0.8,0.0,0.0,0.0,0.0
cc7d03a3a03a3325,0,clean,2857,2,0,-0.1,False,0.0,0.9,0.6200000000000001,0.6200000000000001,0.0,0.0,0.0,0.0
cc7d03a3a03a3325,0,clean,2858,1,1,-0.1,False,0.0,0.9,0.8,0.8,0.0,0.0,0.0,0.0
cc7d03a3a03a3325,0,clean,2859,2,1,1.0,True,0.0,0.9,1.0,1.0,0.0,0.0,0.0,0.0
cc7d03a3a03a3325,0,clean,2860,2,1,1.0,True,0.0,0.9,1.0,1.0,0.0,0.0,0.0,0.0
cc7d03a3a03a3325,0,clean,2861,2,1,1.0,True,0.0,0.9,1.0,1.0,0.0,0.0,0.0,0.0
cc7d03a3a03a3325,0,clean,2862,2,1,1.0,True,0.0,0.9,1.0,1.0,0.0,0.0,0.0,0.0
cc7d03a3a03a3325,0,clean,2863,2,1,1.0,True,0.0,0.9,1.0,1.0,0.0,0.0,0.0,0.0
cc7d03a3a03a3325,0,clean,2864,2,1,1.0,True,0.0,0.9,1.0,1.0,0.0,0.0,0.0,0.0
cc7d03a3a03a3325,0,clean,2865,2,1,1.0,True,0.0,0.9,1.0,1.0,0.0,0.0,0.0,0.0
cc7d03a3a03a3325,0,clean,2866,2,1,1.0,True,0.0,0.9,1.0,1.0,0.0,0.0,0.0,0.0
cc7d03a3a03a3325,0,clean,2867,2,1,1.0,True,0.0,0.9,1.0,1.0,0.0,0.0,0.0,0.0
cc7d03a3a03a3325,0,clean,2868,2,1,1.0,True,0.0,0.9,1.0,1.0,0.0,0.0,0.0,0.0
cc7d03a3a03a3325,0,clean,2869,2,1,1.0,True,0.0,0.9,1.0,1.0,0.0,0.0,0.0,0.0
cc7d03a3a03a3325,0,clean,2870,2,1,1.0,True,0.0,0.9,1.0,1.0,0.0,0.0,0.0,0.0
cc7d03a3a03a3325,0,clean,2871,2,1,1.0,True,0.0,0.9,1.0,1.0,0.0,0.0,0.0,0.0
cc7d03a3a03a3325,0,clean,2872,2,1,1.0,True,0.0,0.9,1.0,1.0,0.0,0.0,0.0,0.0
cc7d03a3a03a3325,0,clean,2873,2,0,-0.1,False,0.0,0.9,0.6200000000000001,0.6200000000000001,0.0,0.0,0.0,0.0
cc7d03a3a03a3325,0,clean,2874,1,1,-0.1,False,0.0,0.9,0.8,0.8,0.0,0.0,0.0,0.0
cc7d03a3a03a3325,0,clean,2875,2,1,1.0,True,0.0,0.9,1.0,1.0,0.0,0.0,0.0,0.0
cc7d03a3a03a3325,0,clean,2876,2,0,-0.1,False,0.0,0.9,0.6200000000000001,0.6200000000000001,0.0,0.0,0.0,0.0
cc7d03a3a03a3325,0,clean,2877,1,1,-0.1,False,0.0,0.9,0.8,0.8,0.0,0.0,0.0,0.0
cc7d03a3a03a3325,0,clean,2878,2,0,-0.1,False,0.0,0.9,0.6200000000000001,0.6200000000000001,0.0,0.0,0.0,0.0
cc7d03a3a03a3325,0,clean,2879,1,1,-0.1,False,0.0,0.9,0.8,0.8,0.0,0.0,0.0,0.0
cc7d03a3a03a3325,0,clean,2880,2,1,1.0,True,0.0,0.9,1.0,1.0,0.0,0.0,0.0,0.0
cc7d03a3a03a3325,0,clean,2881,2,1,1.0,True,0.0,0.9,1.0,1.0,0.0,0.0,0.0,0.0
cc7d03a3a03a3325,0,clean,2882,2,0,-0.1,False,0.0,0.9,0.6200000000000001,0.6200000000000001,0.0,0.0,0.0,0.0
cc7d03a3a03a3325,0,clean,2883,1,1,-0.1,False,0.0,0.9,0.8,0.8,0.0,0.0,0.0,0.0
cc7d03a3a03a3325,0,clean,2884,2,1,1.0,True,0.0,0.9,1.0,1.0,0.0,0.0,0.0,0.0
cc7d03a3a03a3325,0,clean,2885,2,0,-0.1,False,0.0,0.9,0.6200000000000001,0.6200000000000001,0.0,0.0,0.0,0.0
cc7d03a3a03a3325,0,clean,2886,1,1,-0.1,False,0.0,0.9,0.8,0.8,0.0,0.0,0.0,0.0
cc7d03a3a03a3325,0,clean,2887,2,1,1.0,True,0.0,0.9,1.0,1.0,0.0,0.0,0.0,0.0
cc7d03a3a03a3325,0,clean,2888,2,1,1.0,True,0.0,0.9,1.0,1.0,0.0,0.0,0.0,0.0
cc7d03a3a03a3325,0,clean,2889,2,1,1.0,True,0.0,0.9,1.0,1.0,0.0,0.0,0.0,0.0
cc7d03a3a03a3325,0,clean,2890,2,1,1.0,True,0.0,0.9,1.0,1.0,0.0,0.0,0.0,0.0
cc7d03a3a03a3325,0,clean,2891,2,1,1.0,True,0.0,0.9,1.0,1.0,0.0,0.0,0.0,0.0
cc7d03a3a03a3325,0,clean,2892,2,1,1.0,True,0.0,0.9,1.0,1.0,0.0,0.0,0.0,0.0
cc7d03a3a03a3325,0,clean,2893,2,1,1.0,True,0.0,0.9,1.0,1.0,0.0,0.0,0.0,0.0
cc7d03a3a03a3325,0,clean,2894,2,1,1.0,True,0.0,0.9,1.0,1.0,0.0,0.0,0.0,0.0
cc7d03a3a03a3325,0,clean,2895,2,1,1.0,True,0.0,0.9,1.0,1.0,0.0,0.0,0.0,0.0
cc7d03a3a03a3325,0,clean,2896,2,1,1.0,True,0.0,0.9,1.0,1.0,0.0,0.0,0.0,0.0
cc7d03a3a03a3325,0,clean,2897,2,1,1.0,True,0.0,0.9,1.0,1.0,0.0,0.0,0.0,0.0
cc7d03a3a03a3325,0,clean,2898,2,1,1.0,True,0.0,0.9,1.0,1.0,0.0,0.0,0.0,0.0
cc7d03a3a03a3325,0,clean,2899,2,1,1.0,True,0.0,0.9,1.0,1.0,0.0,0.0,0.0,0.0
cc7d03a3a03a3325,0,clean,2900,2,1,1.0,True,0.0,0.9,1.0,1.0,0.0,0.0,0.0,0.0
cc7d03a3a03a3325,0,clean,2901,2,1,1.0,True,0.0,0.9,1.0,1.0,0.0,0.0,0.0,0.0
cc7d03a3a03a3325,0,clean,2902,2,0,-0.1,False,0.0,0.9,0.6200000000000001,0.6200000000000001,0.0,0.0,0.0,0.0
cc7d03a3a03a3325,0,clean,2903,1,1,-0.1,False,0.0,0.9,0.8,0.8,0.0,0.0,0.0,0.0
cc7d03a3a03a3325,0,clean,2904,2,1,1.0,True,0.0,0.9,1.0,1.0,0.0,0.0,0.0,0.0
cc7d03a3a03a3325,0,clean,2905,2,0,-0.1,False,0.0,0.9,0.6200000000000001,0.6200000000000001,0.0,0.0,0.0,0.0
cc7d03a3a03a3325,0,clean,2906,1,1,-0.1,False,0.0,0.9,0.8,0.8,0.0,0.0,0.0,0.0
cc7d03a3a03a3325,0,clean,2907,2,1,1.0,True,0.0,0.9,1.0,1.0,0.0,0.0,0.0,0.0
cc7d03a3a03a3325,0,clean,2908,2,1,1.0,True,0.0,0.9,1.0,1.0,0.0,0.0,0.0,0.0
cc7d03a3a03a3325,0,clean,2909,2,1,1.0,True,0.0,0.9,1.0,1.0,0.0,0.0,0.0,0.0
cc7d03a3a03a3325,0,clean,2910,2,1,1.0,True,0.0,0.9,1.0,1.0,0.0,0.0,0.0,0.0
cc7d03a3a03a3325,0,clean,2911,2,0,-0.1,False,0.0,0.9,0.6200000000000001,0.6200000000000001,0.0,0.0,0.0,0.0
cc7d03a3a03a3325,0,clean,2912,1,1,-0.1,False,0.0,0.9,0.8,0.8,0.0,0.0,0.0,0.0
cc7d03a3a03a3325,0,clean,2913,2,1,1.0,True,0.0,0.9,1.0,1.0,0.0,0.0,0.0,0.0
cc7d03a3a03a3325,0,clean,2914,2,1,1.0,True,0.0,0.9,1.0,1.0,0.0,0.0,0.0,0.0
cc7d03a3a03a3325,0,clean,2915,2,1,1.0,True,0.0,0.9,1.0,1.0,0.0,0.0,0.0,0.0
cc7d03a3a03a3325,0,clean,2916,2,1,1.0,True,0.0,0.9,1.0,1.0,0.0,0.0,0.0,0.0
cc7d03a3a03a3325,0,clean,2917,2,1,1.0,True,0.0,0.9,1.0,1.0,0.0,0.0,0.0,0.0
cc7d03a3a03a3325,0,clean,2918,2,1,1.0,True,0.0,0.9,1.0,1.0,0.0,0.0,0.0,0.0
cc7d03a3a03a3325,0,clean,2919,2,1,1.0,True,0.0,0.9,1.0,1.0,0.0,0.0,0.0,0.0
cc7d03a3a03a3325,0,clean,2920,2,1,1.0,True,0.0,0.9,1.0,1.0,0.0,0.0,0.0,0.0
cc7d03a3a03a3325,0,clean,2921,2,0,-0.1,False,0.0,0.9,0.6200000000000001,0.6200000000000001,0.0,0.0,0.0,0.0
cc7d03a3a03a3325,0,clean,2922,1,0,-0.1,False,0.0,0.9,0.4580000000000002,0.4580000000000002,0.0,0.0,0.0,0.0
cc7d03a3a03a3325,0,clean,2923,0,0,-0.1,False,0.0,0.9,0.4580000000000002,0.4580000000000002,0.0,0.0,0.0,0.0
cc7d03a3a03a3325,0,clean,2924,0,0,-0.1,False,0.0,0.9,0.4580000000000002,0.4580000000000002,0.0,0.0,0.0,0.0
cc7d03a3a03a3325,0,clean,2925,0,0,-0.1,False,0.0,0.9,0.4580000000000002,0.4580000000000002,0.0,0.0,0.0,0.0
cc7d03a3a03a3325,0,clean,2926,0,1,-0.1,False,0.0,0.9,0.6200000000000001,0.6200000000000001,0.0,0.0,0.0,0.0
cc7d03a3a03a3325,0,clean,2927,1,0,-0.1,False,0.0,0.9,0.4580000000000002,0.4580000000000002,0.0,0.0,0.0,0.0
cc7d03a3a03a3325,0,clean,2928,0,1,-0.1,False,0.0,0.9,0.6200000000000001,0.6200000000000001,0.0,0.0,0.0,0.0
cc7d03a3a03a3325,0,clean,2929,1,1,-0.1,False,0.0,0.9,0.8,0.8,0.0,0.0,0.0,0.0
cc7d03a3a03a3325,0,clean,2930,2,1,1.0,True,0.0,0.9,1.0,1.0,0.0,0.0,0.0,0.0
cc7d03a3a03a3325,0,clean,2931,2,1,1.0,True,0.0,0.9,1.0,1.0,0.0,0.0,0.0,0.0
cc7d03a3a03a3325,0,clean,2932,2,1,1.0,True,0.0,0.9,1.0,1.0,0.0,0.0,0.0,0.0
cc7d03a3a03a3325,0,clean,2933,2,1,1.0,True,0.0,0.9,1.0,1.0,0.0,0.0,0.0,0.0
cc7d03a3a03a3325,0,clean,2934,2,1,1.0,True,0.0,0.9,1.0,1.0,0.0,0.0,0.0,0.0
cc7d03a3a03a3325,0,clean,2935,2,1,1.0,True,0.0,0.9,1.0,1.0,0.0,0.0,0.0,0.0
cc7d03a3a03a3325,0,clean,2936,2,1,1.0,True,0.0,0.9,1.0,1.0,0.0,0.0,0.0,0.0
cc7d03a3a03a3325,0,clean,2937,2,1,1.0,True,0.0,0.9,1.0,1.0,0.0,0.0,0.0,0.0
cc7d03a3a03a3325,0,clean,2938,2,1,1.0,True,0.0,0.9,1.0,1.0,0.0,0.0,0.0,0.0
cc7d03a3a03a3325,0,clean,2939,2,0,-0.1,False,0.0,0.9,0.6200000000000001,0.6200000000000001,0.0,0.0,0.0,0.0
cc7d03a3a03a3325,0,clean,2940,1,1,-0.1,False,0.0,0.9,0.8,0.8,0.0,0.0,0.0,0.0
cc7d03a3a03a3325,0,clean,2941,2,1,1.0,True,0.0,0.9,1.0,1.0,0.0,0.0,0.0,0.0
cc7d03a3a03a3325,0,clean,2942,2,1,1.0,True,0.0,0.9,1.0,1.0,0.0,0.0,0.0,0.0
cc7d03a3a03a3325,0,clean,2943,2,1,1.0,True,0.0,0.9,1.0,1.0,0.0,0.0,0.0,0.0
cc7d03a3a03a3325,0,clean,2944,2,0,-0.1,False,0.0,0.9,0.6200000000000001,0.6200000000000001,0.0,0.0,0.0,0.0
cc7d03a3a03a3325,0,clean,2945,1,1,-0.1,False,0.0,0.9,0.8,0.8,0.0,0.0,0.0,0.0
cc7d03a3a03a3325,0,clean,2946,2,0,-0.1,False,0.0,0.9,0.6200000000000001,0.6200000000000001,0.0,0.0,0.0,0.0
cc7d03a3a03a3325,0,clean,2947,1,0,-0.1,False,0.0,0.9,0.4580000000000002,0.4580000000000002,0.0,0.0,0.0,0.0
cc7d03a3a03a3325,0,clean,2948,0,1,-0.1,False,0.0,0.9,0.6200000000000001,0.6200000000000001,0.0,0.0,0.0,0.0
cc7d03a3a03a3325,0,clean,2949,1,1,-0.1,False,0.0,0.9,0.8,0.8,0.0,0.0,0.0,0.0
cc7d03a3a03a3325,0,clean,2950,2,0,-0.1,False,0.0,0.9,0.6200000000000001,0.6200000000000001,0.0,0.0,0.0,0.0
cc7d03a3a03a3325,0,clean,2951,1,1,-0.1,False,0.0,0.9,0.8,0.8,0.0,0.0,0.0,0.0
cc7d03a3a03a3325,0,clean,2952,2,1,1.0,True,0.0,0.9,1.0,1.0,0.0,0.0,0.0,0.0
cc7d03a3a03a3325,0,clean,2953,2,1,1.0,True,0.0,0.9,1.0,1.0,0.0,0.0,0.0,0.0
cc7d03a3a03a3325,0,clean,2954,2,1,1.0,True,0.0,0.9,1.0,1.0,0.0,0.0,0.0,0.0
cc7d03a3a03a3325,0,clean,2955,2,0,-0.1,False,0.0,0.9,0.6200000000000001,0.6200000000000001,0.0,0.0,0.0,0.0
cc7d03a3a03a3325,0,clean,2956,1,1,-0.1,False,0.0,0.9,0.8,0.8,0.0,0.0,0.0,0.0
cc7d03a3a03a3325,0,clean,2957,2,1,1.0,True,0.0,0.9,1.0,1.0,0.0,0.0,0.0,0.0
cc7d03a3a03a3325,0,clean,2958,2,1,1.0,True,0.0,0.9,1.0,1.0,0.0,0.0,0.0,0.0
cc7d03a3a03a3325,0,clean,2959,2,0,-0.1,False,0.0,0.9,0.6200000000000001,0.6200000000000001,0.0,0.0,0.0,0.0
cc7d03a3a03a3325,0,clean,2960,1,1,-0.1,False,0.0,0.9,0.8,0.8,0.0,0.0,0.0,0.0
cc7d03a3a03a3325,0,clean,2961,2,1,1.0,True,0.0,0.9,1.0,1.0,0.0,0.0,0.0,0.0
cc7d03a3a03a3325,0,clean,2962,2,1,1.0,True,0.0,0.9,1.0,1.0,0.0,0.0,0.0,0.0
cc7d03a3a03a3325,0,clean,2963,2,1,1.0,True,0.0,0.9,1.0,1.0,0.0,0.0,0.0,0.0
cc7d03a3a03a3325,0,clean,2964,2,1,1.0,True,0.0,0.9,1.0,1.0,0.0,0.0,0.0,0.0
cc7d03a3a03a3325,0,clean,2965,2,1,1.0,True,0.0,0.9,1.0,1.0,0.0,0.0,0.0,0.0
cc7d03a3a03a3325,0,clean,2966,2,1,1.0,True,0.0,0.9,1.0,1.0,0.0,0.0,0.0,0.0
cc7d03a3a03a3325,0,clean,2967,2,1,1.0,True,0.0,0.9,1.0,1.0,0.0,0.0,0.0,0.0
cc7d03a3a03a3325,0,clean,2968,2,1,1.0,True,0.0,0.9,1.0,1.0,0.0,0.0,0.0,0.0
cc7d03a3a03a3325,0,clean,2969,2,1,1.0,True,0.0,0.9,1.0,1.0,0.0,0.0,0.0,0.0
cc7d03a3a03a3325,0,clean,2970,2,0,-0.1,False,0.0,0.9,0.6200000000000001,0.6200000000000001,0.0,0.0,0.0,0.0
cc7d03a3a03a3325,0,clean,2971,1,0,-0.1,False,0.0,0.9,0.4580000000000002,0.4580000000000002,0.0,0.0,0.0,0.0
cc7d03a3a03a3325,0,clean,2972,0,1,-0.1,False,0.0,0.9,0.6200000000000001,0.6200000000000001,0.0,0.0,0.0,0.0
cc7d03a3a03a3325,0,clean,2973,1,1,-0.1,False,0.0,0.9,0.8,0.8,0.0,0.0,0.0,0.0
cc7d03a3a03a3325,0,clean,2974,2,1,1.0,True,0.0,0.9,1.0,1.0,0.0,0.0,0.0,0.0
cc7d03a3a03a3325,0,clean,2975,2,1,1.0,True,0.0,0.9,1.0,1.0,0.0,0.0,0.0,0.0
cc7d03a3a03a3325,0,clean,2976,2,0,-0.1,False,0.0,0.9,0.6200000000000001,0.6200000000000001,0.0,0.0,0.0,0.0
cc7d03a3a03a3325,0,clean,2977,1,1,-0.1,False,0.0,0.9,0.8,0.8,0.0,0.0,0.0,0.0
cc7d03a3a03a3325,0,clean,2978,2,1,1.0,True,0.0,0.9,1.0,1.0,0.0,0.0,0.0,0.0
cc7d03a3a03a3325,0,clean,2979,2,1,1.0,True,0.0,0.9,1.0,1.0,0.0,0.0,0.0,0.0
cc7d03a3a03a3325,0,clean,2980,2,1,1.0,True,0.0,0.9,1.0,1.0,0.0,0.0,0.0,0.0
cc7d03a3a03a3325,0,clean,2981,2,1,1.0,True,0.0,0.9,1.0,1.0,0.0,0.0,0.0,0.0
cc7d03a3a03a3325,0,clean,2982,2,1,1.0,True,0.0,0.9,1.0,1.0,0.0,0.0,0.0,0.0
cc7d03a3a03a3325,0,clean,2983,2,0,-0.1,False,0.0,0.9,0.6200000000000001,0.6200000000000001,0.0,0.0,0.0,0.0
cc7d03a3a03a3325,0,clean,2984,1,1,-0.1,False,0.0,0.9,0.8,0.8,0.0,0.0,0.0,0.0
cc7d03a3a03a3325,0,clean,2985,2,1,1.0,True,0.0,0.9,1.0,1.0,0.0,0.0,0.0,0.0
cc7d03a3a03a3325,0,clean,2986,2,1,1.0,True,0.0,0.9,1.0,1.0,0.0,0.0,0.0,0.0
cc7d03a3a03a3325,0,clean,2987,2,1,1.0,True,0.0,0.9,1.0,1.0,0.0,0.0,0.0,0.0
cc7d03a3a03a3325,0,clean,2988,2,1,1.0,True,0.0,0.9,1.0,1.0,0.0,0.0,0.0,0.0
cc7d03a3a03a3325,0,clean,2989,2,1,1.0,True,0.0,0.9,1.0,1.0,0.0,0.0,0.0,0.0
cc7d03a3a03a3325,0,clean,2990,2,1,1.0,True,0.0,0.9,1.0,1.0,0.0,0.0,0.0,0.0
cc7d03a3a03a3325,0,clean,2991,2,1,1.0,True,0.0,0.9,1.0,1.0,0.0,0.0,0.0,0.0
cc7d03a3a03a3325,0,clean,2992,2,1,1.0,True,0.0,0.9,1.0,1.0,0.0,0.0,0.0,0.0
cc7d03a3a03a3325,0,clean,2993,2,1,1.0,True,0.0,0.9,1.0,1.0,0.0,0.0,0.0,0.0
cc7d03a3a03a3325,0,clean,2994,2,1,1.0,True,0.0,0.9,1.0,1.0,0.0,0.0,0.0,0.0
cc7d03a3a03a3325,0,clean,2995,2,1,1.0,True,0.0,0.9,1.0,1.0,0.0,0.0,0.0,0.0
cc7d03a3a03a3325,0,clean,2996,2,0,-0.1,False,0.0,0.9,0.6200000000000001,0.6200000000000001,0.0,0.0,0.0,0.0
cc7d03a3a03a3325,0,clean,2997,1,0,-0.1,False,0.0,0.9,0.4580000000000002,0.4580000000000002,0.0,0.0,0.0,0.0
cc7d03a3a03a3325,0,clean,2998,0,1,-0.1,False,0.0,0.9,0.6200000000000001,0.6200000000000001,0.0,0.0,0.0,0.0
cc7d03a3a03a3325,0,clean,2999,1,1,-0.1,False,0.0,0.9,0.8,0.8,0.0,0.0,0.0,0.0
cc7d03a3a03a3325,0,clean,3000,2,1,1.0,True,0.0,0.9,1.0,1.0,0.0,0.0,0.0,0.0
cc7d03a3a03a3325,0,clean,3001,2,0,-0.1,False,0.0,0.9,0.6200000000000001,0.6200000000000001,0.0,0.0,0.0,0.0
cc7d03a3a03a3325,0,clean,3002,1,0,-0.1,False,0.0,0.9,0.4580000000000002,0.4580000000000002,0.0,0.0,0.0,0.0
cc7d03a3a03a3325,0,clean,3003,0,1,-0.1,False,0.0,0.9,0.6200000000000001,0.6200000000000001,0.0,0.0,0.0,0.0
cc7d03a3a03a3325,0,clean,3004,1,1,-0.1,False,0.0,0.9,0.8,0.8,0.0,0.0,0.0,0.0
cc7d03a3a03a3325,0,clean,3005,2,1,1.0,True,0.0,0.9,1.0,1.0,0.0,0.0,0.0,0.0
cc7d03a3a03a3325,0,clean,3006,2,1,1.0,True,0.0,0.9,1.0,1.0,0.0,0.0,0.0,0.0
cc7d03a3a03a3325,0,clean,3007,2,1,1.0,True,0.0,0.9,1.0,1.0,0.0,0.0,0.0,0.0
cc7d03a3a03a3325,0,clean,3008,2,1,1.0,True,0.0,0.9,1.0,1.0,0.0,0.0,0.0,0.0
cc7d03a3a03a3325,0,clean,3009,2,1,1.0,True,0.0,0.9,1.0,1.0,0.0,0.0,0.0,0.0
cc7d03a3a03a3325,0,clean,3010,2,1,1.0,True,0.0,0.9,1.0,1.0,0.0,0.0,0.0,0.0
cc7d03a3a03a3325,0,clean,3011,2,1,1.0,True,0.0,0.9,1.0,1.0,0.0,0.0,0.0,0.0
cc7d03a3a03a3325,0,clean,3012,2,1,1.0,True,0.0,0.9,1.0,1.0,0.0,0.0,0.0,0.0
cc7d03a3a03a3325,0,clean,3013,2,1,1.0,True,0.0,0.9,1.0,1.0,0.0,0.0,0.0,0.0
cc7d03a3a03a3325,0,clean,3014,2,1,1.0,True,0.0,0.9,1.0,1.0,0.0,0.0,0.0,0.0
cc7d03a3a03a3325,0,clean,3015,2,1,1.0,True,0.0,0.9,1.0,1.0,0.0,0.0,0.0,0.0
cc7d03a3a03a3325,0,clean,3016,2,1,1.0,True,0.0,0.9,1.0,1.0,0.0,0.0,0.0,0.0
cc7d03a3a03a3325,0,clean,3017,2,1,1.0,True,0.0,0.9,1.0,1.0,0.0,0.0,0.0,0.0
cc7d03a3a03a3325,0,clean,3018,2,1,1.0,True,0.0,0.9,1.0,1.0,0.0,0.0,0.0,0.0
cc7d03a3a03a3325,0,clean,3019,2,1,1.0,True,0.0,0.9,1.0,1.0,0.0,0.0,0.0,0.0
cc7d03a3a03a3325,0,clean,3020,2,1,1.0,True,0.0,0.9,1.0,1.0,0.0,0.0,0.0,0.0
cc7d03a3a03a3325,0,clean,3021,2,1,1.0,True,0.0,0.9,1.0,1.0,0.0,0.0,0.0,0.0
cc7d03a3a03a3325,0,clean,3022,2,1,1.0,True,0.0,0.9,1.0,1.0,0.0,0.0,0.0,0.0
cc7d03a3a03a3325,0,clean,3023,2,0,-0.1,False,0.0,0.9,0.6200000000000001,0.6200000000000001,0.0,0.0,0.0,0.0
cc7d03a3a03a3325,0,clean,3024,1,1,-0.1,False,0.0,0.9,0.8,0.8,0.0,0.0,0.0,0.0
cc7d03a3a03a3325,0,clean,3025,2,1,1.0,True,0.0,0.9,1.0,1.0,0.0,0.0,0.0,0.0
cc7d03a3a03a3325,0,clean,3026,2,1,1.0,True,0.0,0.9,1.0,1.0,0.0,0.0,0.0,0.0
cc7d03a3a03a3325,0,clean,3027,2,1,1.0,True,0.0,0.9,1.0,1.0,0.0,0.0,0.0,0.0
cc7d03a3a03a3325,0,clean,3028,2,0,-0.1,False,0.0,0.9,0.6200000000000001,0.6200000000000001,0.0,0.0,0.0,0.0
cc7d03a3a03a3325,0,clean,3029,1,1,-0.1,False,0.0,0.9,0.8,0.8,0.0,0.0,0.0,0.0
cc7d03a3a03a3325,0,clean,3030,2,1,1.0,True,0.0,0.9,1.0,1.0,0.0,0.0,0.0,0.0
cc7d03a3a03a3325,0,clean,3031,2,1,1.0,True,0.0,0.9,1.0,1.0,0.0,0.0,0.0,0.0
cc7d03a3a03a3325,0,clean,3032,2,1,1.0,True,0.0,0.9,1.0,1.0,0.0,0.0,0.0,0.0
cc7d03a3a03a3325,0,clean,3033,2,1,1.0,True,0.0,0.9,1.0,1.0,0.0,0.0,0.0,0.0
cc7d03a3a03a3325,0,clean,3034,2,1,1.0,True,0.0,0.9,1.0,1.0,0.0,0.0,0.0,0.0
cc7d03a3a03a3325,0,clean,3035,2,1,1.0,True,0.0,0.9,1.0,1.0,0.0,0.0,0.0,0.0
cc7d03a3a03a3325,0,clean,3036,2,1,1.0,True,0.0,0.9,1.0,1.0,0.0,0.0,0.0,0.0
cc7d03a3a03a3325,0,clean,3037,2,1,1.0,True,0.0,0.9,1.0,1.0,0.0,0.0,0.0,0.0
cc7d03a3a03a3325,0,clean,3038,2,1,1.0,True,0.0,0.9,1.0,1.0,0.0,0.0,0.0,0.0
cc7d03a3a03a3325,0,clean,3039,2,1,1.0,True,0.0,0.9,1.0,1.0,0.0,0.0,0.0,0.0
cc7d03a3a03a3325,0,clean,3040,2,0,-0.1,False,0.0,0.9,0.6200000000000001,0.6200000000000001,0.0,0.0,0.0,0.0
cc7d03a3a03a3325,0,clean,3041,1,1,-0.1,False,0.0,0.9,0.8,0.8,0.0,0.0,0.0,0.0
cc7d03a3a03a3325,0,clean,3042,2,0,-0.1,False,0.0,0.9,0.6200000000000001,0.6200000000000001,0.0,0.0,0.0,0.0
cc7d03a3a03a3325,0,clean,3043,1,1,-0.1,False,0.0,0.9,0.8,0.8,0.0,0.0,0.0,0.0
cc7d03a3a03a3325,0,clean,3044,2,1,1.0,True,0.0,0.9,1.0,1.0,0.0,0.0,0.0,0.0
cc7d03a3a03a3325,0,clean,3045,2,1,1.0,True,0.0,0.9,1.0,1.0,0.0,0.0,0.0,0.0
cc7d03a3a03a3325,0,clean,3046,2,0,-0.1,False,0.0,0.9,0.6200000000000001,0.6200000000000001,0.0,0.0,0.0,0.0
cc7d03a3a03a3325,0,clean,3047,1,1,-0.1,False,0.0,0.9,0.8,0.8,0.0,0.0,0.0,0.0
cc7d03a3a03a3325,0,clean,3048,2,1,1.0,True,0.0,0.9,1.0,1.0,0.0,0.0,0.0,0.0
cc7d03a3a03a3325,0,clean,3049,2,1,1.0,True,0.0,0.9,1.0,1.0,0.0,0.0,0.0,0.0
cc7d03a3a03a3325,0,clean,3050,2,1,1.0,True,0.0,0.9,1.0,1.0,0.0,0.0,0.0,0.0
cc7d03a3a03a3325,0,clean,3051,2,1,1.0,True,0.0,0.9,1.0,1.0,0.0,0.0,0.0,0.0
cc7d03a3a03a3325,0,clean,3052,2,1,1.0,True,0.0,0.9,1.0,1.0,0.0,0.0,0.0,0.0
cc7d03a3a03a3325,0,clean,3053,2,1,1.0,True,0.0,0.9,1.0,1.0,0.0,0.0,0.0,0.0
cc7d03a3a03a3325,0,clean,3054,2,1,1.0,True,0.0,0.9,1.0,1.0,0.0,0.0,0.0,0.0
cc7d03a3a03a3325,0,clean,3055,2,1,1.0,True,0.0,0.9,1.0,1.0,0.0,0.0,0.0,0.0
cc7d03a3a03a3325,0,clean,3056,2,1,1.0,True,0.0,0.9,1.0,1.0,0.0,0.0,0.0,0.0
cc7d03a3a03a3325,0,clean,3057,2,1,1.0,True,0.0,0.9,1.0,1.0,0.0,0.0,0.0,0.0
cc7d03a3a03a3325,0,clean,3058,2,1,1.0,True,0.0,0.9,1.0,1.0,0.0,0.0,0.0,0.0
cc7d03a3a03a3325,0,clean,3059,2,1,1.0,True,0.0,0.9,1.0,1.0,0.0,0.0,0.0,0.0
cc7d03a3a03a3325,0,clean,3060,2,1,1.0,True,0.0,0.9,1.0,1.0,0.0,0.0,0.0,0.0
cc7d03a3a03a3325,0,clean,3061,2,1,1.0,True,0.0,0.9,1.0,1.0,0.0,0.0,0.0,0.0
cc7d03a3a03a3325,0,clean,3062,2,1,1.0,True,0.0,0.9,1.0,1.0,0.0,0.0,0.0,0.0
cc7d03a3a03a3325,0,clean,3063,2,1,1.0,True,0.0,0.9,1.0,1.0,0.0,0.0,0.0,0.0
cc7d03a3a03a3325,0,clean,3064,2,1,1.0,True,0.0,0.9,1.0,1.0,0.0,0.0,0.0,0.0
cc7d03a3a03a3325,0,clean,3065,2,1,1.0,True,0.0,0.9,1.0,1.0,0.0,0.0,0.0,0.0
cc7d03a3a03a3325,0,clean,3066,2,1,1.0,True,0.0,0.9,1.0,1.0,0.0,0.0,0.0,0.0
cc7d03a3a03a3325,0,clean,3067,2,1,1.0,True,0.0,0.9,1.0,1.0,0.0,0.0,0.0,0.0
cc7d03a3a03a3325,0,clean,3068,2,1,1.0,True,0.0,0.9,1.0,1.0,0.0,0.0,0.0,0.0
cc7d03a3a03a3325,0,clean,3069,2,1,1.0,True,0.0,0.9,1.0,1.0,0.0,0.0,0.0,0.0
cc7d03a3a03a3325,0,clean,3070,2,0,-0.1,False,0.0,0.9,0.6200000000000001,0.6200000000000001,0.0,0.0,0.0,0.0
cc7d03a3a03a3325,0,clean,3071,1,1,-0.1,False,0.0,0.9,0.8,0.8,0.0,0.0,0.0,0.0
cc7d03a3a03a3325,0,clean,3072,2,1,1.0,True,0.0,0.9,1.0,1.0,0.0,0.0,0.0,0.0
cc7d03a3a03a3325,0,clean,3073,2,1,1.0,True,0.0,0.9,1.0,1.0,0.0,0.0,0.0,0.0
cc7d03a3a03a3325,0,clean,3074,2,1,1.0,True,0.0,0.9,1.0,1.0,0.0,0.0,0.0,0.0
cc7d03a3a03a3325,0,clean,3075,2,1,1.0,True,0.0,0.9,1.0,1.0,0.0,0.0,0.0,0.0
cc7d03a3a03a3325,0,clean,3076,2,1,1.0,True,0.0,0.9,1.0,1.0,0.0,0.0,0.0,0.0
cc7d03a3a03a3325,0,clean,3077,2,1,1.0,True,0.0,0.9,1.0,1.0,0.0,0.0,0.0,0.0
cc7d03a3a03a3325,0,clean,3078,2,0,-0.1,False,0.0,0.9,0.6200000000000001,0.6200000000000001,0.0,0.0,0.0,0.0
cc7d03a3a03a3325,0,clean,3079,1,1,-0.1,False,0.0,0.9,0.8,0.8,0.0,0.0,0.0,0.0
cc7d03a3a03a3325,0,clean,3080,2,1,1.0,True,0.0,0.9,1.0,1.0,0.0,0.0,0.0,0.0
cc7d03a3a03a3325,0,clean,3081,2,1,1.0,True,0.0,0.9,1.0,1.0,0.0,0.0,0.0,0.0
cc7d03a3a03a3325,0,clean,3082,2,0,-0.1,False,0.0,0.9,0.6200000000000001,0.6200000000000001,0.0,0.0,0.0,0.0
cc7d03a3a03a3325,0,clean,3083,1,1,-0.1,False,0.0,0.9,0.8,0.8,0.0,0.0,0.0,0.0
cc7d03a3a03a3325,0,clean,3084,2,1,1.0,True,0.0,0.9,1.0,1.0,0.0,0.0,0.0,0.0
cc7d03a3a03a3325,0,clean,3085,2,0,-0.1,False,0.0,0.9,0.6200000000000001,0.6200000000000001,0.0,0.0,0.0,0.0
cc7d03a3a03a3325,0,clean,3086,1,1,-0.1,False,0.0,0.9,0.8,0.8,0.0,0.0,0.0,0.0
cc7d03a3a03a3325,0,clean,3087,2,1,1.0,True,0.0,0.9,1.0,1.0,0.0,0.0,0.0,0.0
cc7d03a3a03a3325,0,clean,3088,2,1,1.0,True,0.0,0.9,1.0,1.0,0.0,0.0,0.0,0.0
cc7d03a3a03a3325,0,clean,3089,2,1,1.0,True,0.0,0.9,1.0,1.0,0.0,0.0,0.0,0.0
cc7d03a3a03a3325,0,clean,3090,2,1,1.0,True,0.0,0.9,1.0,1.0,0.0,0.0,0.0,0.0
cc7d03a3a03a3325,0,clean,3091,2,1,1.0,True,0.0,0.9,1.0,1.0,0.0,0.0,0.0,0.0
cc7d03a3a03a3325,0,clean,3092,2,1,1.0,True,0.0,0.9,1.0,1.0,0.0,0.0,0.0,0.0
cc7d03a3a03a3325,0,clean,3093,2,0,-0.1,False,0.0,0.9,0.6200000000000001,0.6200000000000001,0.0,0.0,0.0,0.0
cc7d03a3a03a3325,0,clean,3094,1,1,-0.1,False,0.0,0.9,0.8,0.8,0.0,0.0,0.0,0.0
cc7d03a3a03a3325,0,clean,3095,2,1,1.0,True,0.0,0.9,1.0,1.0,0.0,0.0,0.0,0.0
cc7d03a3a03a3325,0,clean,3096,2,1,1.0,True,0.0,0.9,1.0,1.0,0.0,0.0,0.0,0.0
cc7d03a3a03a3325,0,clean,3097,2,1,1.0,True,0.0,0.9,1.0,1.0,0.0,0.0,0.0,0.0
cc7d03a3a03a3325,0,clean,3098,2,0,-0.1,False,0.0,0.9,0.6200000000000001,0.6200000000000001,0.0,0.0,0.0,0.0
cc7d03a3a03a3325,0,clean,3099,1,1,-0.1,False,0.0,0.9,0.8,0.8,0.0,0.0,0.0,0.0
cc7d03a3a03a3325,0,clean,3100,2,1,1.0,True,0.0,0.9,1.0,1.0,0.0,0.0,0.0,0.0
cc7d03a3a03a3325,0,clean,3101,2,0,-0.1,False,0.0,0.9,0.6200000000000001,0.6200000000000001,0.0,0.0,0.0,0.0
cc7d03a3a03a3325,0,clean,3102,1,1,-0.1,False,0.0,0.9,0.8,0.8,0.0,0.0,0.0,0.0
cc7d03a3a03a3325,0,clean,3103,2,1,1.0,True,0.0,0.9,1.0,1.0,0.0,0.0,0.0,0.0
cc7d03a3a03a3325,0,clean,3104,2,1,1.0,True,0.0,0.9,1.0,1.0,0.0,0.0,0.0,0.0
cc7d03a3a03a3325,0,clean,3105,2,1,1.0,True,0.0,0.9,1.0,1.0,0.0,0.0,0.0,0.0
cc7d03a3a03a3325,0,clean,3106,2,1,1.0,True,0.0,0.9,1.0,1.0,0.0,0.0,0.0,0.0
cc7d03a3a03a3325,0,clean,3107,2,1,1.0,True,0.0,0.9,1.0,1.0,0.0,0.0,0.0,0.0
cc7d03a3a03a3325,0,clean,3108,2,1,1.0,True,0.0,0.9,1.0,1.0,0.0,0.0,0.0,0.0
cc7d03a3a03a3325,0,clean,3109,2,1,1.0,True,0.0,0.9,1.0,1.0,0.0,0.0,0.0,0.0
cc7d03a3a03a3325,0,clean,3110,2,1,1.0,True,0.0,0.9,1.0,1.0,0.0,0.0,0.0,0.0
cc7d03a3a03a3325,0,clean,3111,2,1,1.0,True,0.0,0.9,1.0,1.0,0.0,0.0,0.0,0.0
cc7d03a3a03a3325,0,clean,3112,2,1,1.0,True,0.0,0.9,1.0,1.0,0.0,0.0,0.0,0.0
cc7d03a3a03a3325,0,clean,3113,2,1,1.0,True,0.0,0.9,1.0,1.0,0.0,0.0,0.0,0.0
cc7d03a3a03a3325,0,clean,3114,2,1,1.0,True,0.0,0.9,1.0,1.0,0.0,0.0,0.0,0.0
cc7d03a3a03a3325,0,clean,3115,2,1,1.0,True,0.0,0.9,1.0,1.0,0.0,0.0,0.0,0.0
cc7d03a3a03a3325,0,clean,3116,2,0,-0.1,False,0.0,0.9,0.6200000000000001,0.6200000000000001,0.0,0.0,0.0,0.0
cc7d03a3a03a3325,0,clean,3117,1,1,-0.1,False,0.0,0.9,0.8,0.8,0.0,0.0,0.0,0.0
cc7d03a3a03a3325,0,clean,3118,2,1,1.0,True,0.0,0.9,1.0,1.0,0.0,0.0,0.0,0.0
cc7d03a3a03a3325,0,clean,3119,2,1,1.0,True,0.0,0.9,1.0,1.0,0.0,0.0,0.0,0.0
cc7d03a3a03a3325,0,clean,3120,2,1,1.0,True,0.0,0.9,1.0,1.0,0.0,0.0,0.0,0.0
cc7d03a3a03a3325,0,clean,3121,2,1,1.0,True,0.0,0.9,1.0,1.0,0.0,0.0,0.0,0.0
cc7d03a3a03a3325,0,clean,3122,2,1,1.0,True,0.0,0.9,1.0,1.0,0.0,0.0,0.0,0.0
cc7d03a3a03a3325,0,clean,3123,2,1,1.0,True,0.0,0.9,1.0,1.0,0.0,0.0,0.0,0.0
cc7d03a3a03a3325,0,clean,3124,2,1,1.0,True,0.0,0.9,1.0,1.0,0.0,0.0,0.0,0.0
cc7d03a3a03a3325,0,clean,3125,2,1,1.0,True,0.0,0.9,1.0,1.0,0.0,0.0,0.0,0.0
cc7d03a3a03a3325,0,clean,3126,2,0,-0.1,False,0.0,0.9,0.6200000000000001,0.6200000000000001,0.0,0.0,0.0,0.0
cc7d03a3a03a3325,0,clean,3127,1,1,-0.1,False,0.0,0.9,0.8,0.8,0.0,0.0,0.0,0.0
cc7d03a3a03a3325,0,clean,3128,2,1,1.0,True,0.0,0.9,1.0,1.0,0.0,0.0,0.0,0.0
cc7d03a3a03a3325,0,clean,3129,2,1,1.0,True,0.0,0.9,1.0,1.0,0.0,0.0,0.0,0.0
cc7d03a3a03a3325,0,clean,3130,2,0,-0.1,False,0.0,0.9,0.6200000000000001,0.6200000000000001,0.0,0.0,0.0,0.0
cc7d03a3a03a3325,0,clean,3131,1,1,-0.1,False,0.0,0.9,0.8,0.8,0.0,0.0,0.0,0.0
cc7d03a3a03a3325,0,clean,3132,2,1,1.0,True,0.0,0.9,1.0,1.0,0.0,0.0,0.0,0.0
cc7d03a3a03a3325,0,clean,3133,2,1,1.0,True,0.0,0.9,1.0,1.0,0.0,0.0,0.0,0.0
cc7d03a3a03a3325,0,clean,3134,2,1,1.0,True,0.0,0.9,1.0,1.0,0.0,0.0,0.0,0.0
cc7d03a3a03a3325,0,clean,3135,2,1,1.0,True,0.0,0.9,1.0,1.0,0.0,0.0,0.0,0.0
cc7d03a3a03a3325,0,clean,3136,2,1,1.0,True,0.0,0.9,1.0,1.0,0.0,0.0,0.0,0.0
cc7d03a3a03a3325,0,clean,3137,2,1,1.0,True,0.0,0.9,1.0,1.0,0.0,0.0,0.0,0.0
cc7d03a3a03a3325,0,clean,3138,2,1,1.0,True,0.0,0.9,1.0,1.0,0.0,0.0,0.0,0.0
cc7d03a3a03a3325,0,clean,3139,2,1,1.0,True,0.0,0.9,1.0,1.0,0.0,0.0,0.0,0.0
cc7d03a3a03a3325,0,clean,3140,2,1,1.0,True,0.0,0.9,1.0,1.0,0.0,0.0,0.0,0.0
cc7d03a3a03a3325,0,clean,3141,2,1,1.0,True,0.0,0.9,1.0,1.0,0.0,0.0,0.0,0.0
cc7d03a3a03a3325,0,clean,3142,2,1,1.0,True,0.0,0.9,1.0,1.0,0.0,0.0,0.0,0.0
cc7d03a3a03a3325,0,clean,3143,2,0,-0.1,False,0.0,0.9,0.6200000000000001,0.6200000000000001,0.0,0.0,0.0,0.0
cc7d03a3a03a3325,0,clean,3144,1,1,-0.1,False,0.0,0.9,0.8,0.8,0.0,0.0,0.0,0.0
cc7d03a3a03a3325,0,clean,3145,2,0,-0.1,False,0.0,0.9,0.6200000000000001,0.6200000000000001,0.0,0.0,0.0,0.0
cc7d03a3a03a3325,0,clean,3146,1,1,-0.1,False,0.0,0.9,0.8,0.8,0.0,0.0,0.0,0.0
cc7d03a3a03a3325,0,clean,3147,2,1,1.0,True,0.0,0.9,1.0,1.0,0.0,0.0,0.0,0.0
cc7d03a3a03a3325,0,clean,3148,2,1,1.0,True,0.0,0.9,1.0,1.0,0.0,0.0,0.0,0.0
cc7d03a3a03a3325,0,clean,3149,2,1,1.0,True,0.0,0.9,1.0,1.0,0.0,0.0,0.0,0.0
cc7d03a3a03a3325,0,clean,3150,2,0,-0.1,False,0.0,0.9,0.6200000000000001,0.6200000000000001,0.0,0.0,0.0,0.0
cc7d03a3a03a3325,0,clean,3151,1,1,-0.1,False,0.0,0.9,0.8,0.8,0.0,0.0,0.0,0.0
cc7d03a3a03a3325,0,clean,3152,2,1,1.0,True,0.0,0.9,1.0,1.0,0.0,0.0,0.0,0.0
cc7d03a3a03a3325,0,clean,3153,2,1,1.0,True,0.0,0.9,1.0,1.0,0.0,0.0,0.0,0.0
cc7d03a3a03a3325,0,clean,3154,2,1,1.0,True,0.0,0.9,1.0,1.0,0.0,0.0,0.0,0.0
cc7d03a3a03a3325,0,clean,3155,2,1,1.0,True,0.0,0.9,1.0,1.0,0.0,0.0,0.0,0.0
cc7d03a3a03a3325,0,clean,3156,2,1,1.0,True,0.0,0.9,1.0,1.0,0.0,0.0,0.0,0.0
cc7d03a3a03a3325,0,clean,3157,2,1,1.0,True,0.0,0.9,1.0,1.0,0.0,0.0,0.0,0.0
cc7d03a3a03a3325,0,clean,3158,2,1,1.0,True,0.0,0.9,1.0,1.0,0.0,0.0,0.0,0.0
cc7d03a3a03a3325,0,clean,3159,2,1,1.0,True,0.0,0.9,1.0,1.0,0.0,0.0,0.0,0.0
cc7d03a3a03a3325,0,clean,3160,2,1,1.0,True,0.0,0.9,1.0,1.0,0.0,0.0,0.0,0.0
cc7d03a3a03a3325,0,clean,3161,2,0,-0.1,False,0.0,0.9,0.6200000000000001,0.6200000000000001,0.0,0.0,0.0,0.0
cc7d03a3a03a3325,0,clean,3162,1,0,-0.1,False,0.0,0.9,0.4580000000000002,0.4580000000000002,0.0,0.0,0.0,0.0
cc7d03a3a03a3325,0,clean,3163,0,1,-0.1,False,0.0,0.9,0.6200000000000001,0.6200000000000001,0.0,0.0,0.0,0.0
cc7d03a3a03a3325,0,clean,3164,1,1,-0.1,False,0.0,0.9,0.8,0.8,0.0,0.0,0.0,0.0
cc7d03a3a03a3325,0,clean,3165,2,1,1.0,True,0.0,0.9,1.0,1.0,0.0,0.0,0.0,0.0
cc7d03a3a03a3325,0,clean,3166,2,1,1.0,True,0.0,0.9,1.0,1.0,0.0,0.0,0.0,0.0
cc7d03a3a03a3325,0,clean,3167,2,0,-0.1,False,0.0,0.9,0.6200000000000001,0.6200000000000001,0.0,0.0,0.0,0.0
cc7d03a3a03a3325,0,clean,3168,1,1,-0.1,False,0.0,0.9,0.8,0.8,0.0,0.0,0.0,0.0
cc7d03a3a03a3325,0,clean,3169,2,0,-0.1,False,0.0,0.9,0.6200000000000001,0.6200000000000001,0.0,0.0,0.0,0.0
cc7d03a3a03a3325,0,clean,3170,1,1,-0.1,False,0.0,0.9,0.8,0.8,0.0,0.0,0.0,0.0
cc7d03a3a03a3325,0,clean,3171,2,1,1.0,True,0.0,0.9,1.0,1.0,0.0,0.0,0.0,0.0
cc7d03a3a03a3325,0,clean,3172,2,1,1.0,True,0.0,0.9,1.0,1.0,0.0,0.0,0.0,0.0
cc7d03a3a03a3325,0,clean,3173,2,1,1.0,True,0.0,0.9,1.0,1.0,0.0,0.0,0.0,0.0
cc7d03a3a03a3325,0,clean,3174,2,1,1.0,True,0.0,0.9,1.0,1.0,0.0,0.0,0.0,0.0
cc7d03a3a03a3325,0,clean,3175,2,1,1.0,True,0.0,0.9,1.0,1.0,0.0,0.0,0.0,0.0
cc7d03a3a03a3325,0,clean,3176,2,0,-0.1,False,0.0,0.9,0.6200000000000001,0.6200000000000001,0.0,0.0,0.0,0.0
cc7d03a3a03a3325,0,clean,3177,1,1,-0.1,False,0.0,0.9,0.8,0.8,0.0,0.0,0.0,0.0
cc7d03a3a03a3325,0,clean,3178,2,1,1.0,True,0.0,0.9,1.0,1.0,0.0,0.0,0.0,0.0
cc7d03a3a03a3325,0,clean,3179,2,1,1.0,True,0.0,0.9,1.0,1.0,0.0,0.0,0.0,0.0
cc7d03a3a03a3325,0,clean,3180,2,1,1.0,True,0.0,0.9,1.0,1.0,0.0,0.0,0.0,0.0
cc7d03a3a03a3325,0,clean,3181,2,1,1.0,True,0.0,0.9,1.0,1.0,0.0,0.0,0.0,0.0
cc7d03a3a03a3325,0,clean,3182,2,1,1.0,True,0.0,0.9,1.0,1.0,0.0,0.0,0.0,0.0
cc7d03a3a03a3325,0,clean,3183,2,1,1.0,True,0.0,0.9,1.0,1.0,0.0,0.0,0.0,0.0
cc7d03a3a03a3325,0,clean,3184,2,1,1.0,True,0.0,0.9,1.0,1.0,0.0,0.0,0.0,0.0
cc7d03a3a03a3325,0,clean,3185,2,1,1.0,True,0.0,0.9,1.0,1.0,0.0,0.0,0.0,0.0
cc7d03a3a03a3325,0,clean,3186,2,1,1.0,True,0.0,0.9,1.0,1.0,0.0,0.0,0.0,0.0
cc7d03a3a03a3325,0,clean,3187,2,1,1.0,True,0.0,0.9,1.0,1.0,0.0,0.0,0.0,0.0
cc7d03a3a03a3325,0,clean,3188,2,1,1.0,True,0.0,0.9,1.0,1.0,0.0,0.0,0.0,0.0
cc7d03a3a03a3325,0,clean,3189,2,1,1.0,True,0.0,0.9,1.0,1.0,0.0,0.0,0.0,0.0
cc7d03a3a03a3325,0,clean,3190,2,1,1.0,True,0.0,0.9,1.0,1.0,0.0,0.0,0.0,0.0
cc7d03a3a03a3325,0,clean,3191,2,1,1.0,True,0.0,0.9,1.0,1.0,0.0,0.0,0.0,0.0
cc7d03a3a03a3325,0,clean,3192,2,1,1.0,True,0.0,0.9,1.0,1.0,0.0,0.0,0.0,0.0
cc7d03a3a03a3325,0,clean,3193,2,1,1.0,True,0.0,0.9,1.0,1.0,0.0,0.0,0.0,0.0
cc7d03a3a03a3325,0,clean,3194,2,1,1.0,True,0.0,0.9,1.0,1.0,0.0,0.0,0.0,0.0
cc7d03a3a03a3325,0,clean,3195,2,1,1.0,True,0.0,0.9,1.0,1.0,0.0,0.0,0.0,0.0
cc7d03a3a03a3325,0,clean,3196,2,1,1.0,True,0.0,0.9,1.0,1.0,0.0,0.0,0.0,0.0
cc7d03a3a03a3325,0,clean,3197,2,1,1.0,True,0.0,0.9,1.0,1.0,0.0,0.0,0.0,0.0
cc7d03a3a03a3325,0,clean,3198,2,1,1.0,True,0.0,0.9,1.0,1.0,0.0,0.0,0.0,0.0
cc7d03a3a03a3325,0,clean,3199,2,1,1.0,True,0.0,0.9,1.0,1.0,0.0,0.0,0.0,0.0
cc7d03a3a03a3325,0,clean,3200,2,1,1.0,True,0.0,0.9,1.0,1.0,0.0,0.0,0.0,0.0
cc7d03a3a03a3325,0,clean,3201,2,1,1.0,True,0.0,0.9,1.0,1.0,0.0,0.0,0.0,0.0
cc7d03a3a03a3325,0,clean,3202,2,0,-0.1,False,0.0,0.9,0.6200000000000001,0.6200000000000001,0.0,0.0,0.0,0.0
cc7d03a3a03a3325,0,clean,3203,1,1,-0.1,False,0.0,0.9,0.8,0.8,0.0,0.0,0.0,0.0
cc7d03a3a03a3325,0,clean,3204,2,1,1.0,True,0.0,0.9,1.0,1.0,0.0,0.0,0.0,0.0
cc7d03a3a03a3325,0,clean,3205,2,1,1.0,True,0.0,0.9,1.0,1.0,0.0,0.0,0.0,0.0
cc7d03a3a03a3325,0,clean,3206,2,1,1.0,True,0.0,0.9,1.0,1.0,0.0,0.0,0.0,0.0
cc7d03a3a03a3325,0,clean,3207,2,1,1.0,True,0.0,0.9,1.0,1.0,0.0,0.0,0.0,0.0
cc7d03a3a03a3325,0,clean,3208,2,1,1.0,True,0.0,0.9,1.0,1.0,0.0,0.0,0.0,0.0
cc7d03a3a03a3325,0,clean,3209,2,1,1.0,True,0.0,0.9,1.0,1.0,0.0,0.0,0.0,0.0
cc7d03a3a03a3325,0,clean,3210,2,1,1.0,True,0.0,0.9,1.0,1.0,0.0,0.0,0.0,0.0
cc7d03a3a03a3325,0,clean,3211,2,1,1.0,True,0.0,0.9,1.0,1.0,0.0,0.0,0.0,0.0
cc7d03a3a03a3325,0,clean,3212,2,1,1.0,True,0.0,0.9,1.0,1.0,0.0,0.0,0.0,0.0
cc7d03a3a03a3325,0,clean,3213,2,1,1.0,True,0.0,0.9,1.0,1.0,0.0,0.0,0.0,0.0
cc7d03a3a03a3325,0,clean,3214,2,1,1.0,True,0.0,0.9,1.0,1.0,0.0,0.0,0.0,0.0
cc7d03a3a03a3325,0,clean,3215,2,1,1.0,True,0.0,0.9,1.0,1.0,0.0,0.0,0.0,0.0
cc7d03a3a03a3325,0,clean,3216,2,0,-0.1,False,0.0,0.9,0.6200000000000001,0.6200000000000001,0.0,0.0,0.0,0.0
cc7d03a3a03a3325,0,clean,3217,1,1,-0.1,False,0.0,0.9,0.8,0.8,0.0,0.0,0.0,0.0
cc7d03a3a03a3325,0,clean,3218,2,1,1.0,True,0.0,0.9,1.0,1.0,0.0,0.0,0.0,0.0
cc7d03a3a03a3325,0,clean,3219,2,1,1.0,True,0.0,0.9,1.0,1.0,0.0,0.0,0.0,0.0
cc7d03a3a03a3325,0,clean,3220,2,1,1.0,True,0.0,0.9,1.0,1.0,0.0,0.0,0.0,0.0
cc7d03a3a03a3325,0,clean,3221,2,1,1.0,True,0.0,0.9,1.0,1.0,0.0,0.0,0.0,0.0
cc7d03a3a03a3325,0,clean,3222,2,0,-0.1,False,0.0,0.9,0.6200000000000001,0.6200000000000001,0.0,0.0,0.0,0.0
cc7d03a3a03a3325,0,clean,3223,1,0,-0.1,False,0.0,0.9,0.4580000000000002,0.4580000000000002,0.0,0.0,0.0,0.0
cc7d03a3a03a3325,0,clean,3224,0,1,-0.1,False,0.0,0.9,0.6200000000000001,0.6200000000000001,0.0,0.0,0.0,0.0
cc7d03a3a03a3325,0,clean,3225,1,1,-0.1,False,0.0,0.9,0.8,0.8,0.0,0.0,0.0,0.0
cc7d03a3a03a3325,0,clean,3226,2,1,1.0,True,0.0,0.9,1.0,1.0,0.0,0.0,0.0,0.0
cc7d03a3a03a3325,0,clean,3227,2,1,1.0,True,0.0,0.9,1.0,1.0,0.0,0.0,0.0,0.0
cc7d03a3a03a3325,0,clean,3228,2,1,1.0,True,0.0,0.9,1.0,1.0,0.0,0.0,0.0,0.0
cc7d03a3a03a3325,0,clean,3229,2,1,1.0,True,0.0,0.9,1.0,1.0,0.0,0.0,0.0,0.0
cc7d03a3a03a3325,0,clean,3230,2,1,1.0,True,0.0,0.9,1.0,1.0,0.0,0.0,0.0,0.0
cc7d03a3a03a3325,0,clean,3231,2,1,1.0,True,0.0,0.9,1.0,1.0,0.0,0.0,0.0,0.0
cc7d03a3a03a3325,0,clean,3232,2,0,-0.1,False,0.0,0.9,0.6200000000000001,0.6200000000000001,0.0,0.0,0.0,0.0
cc7d03a3a03a3325,0,clean,3233,1,1,-0.1,False,0.0,0.9,0.8,0.8,0.0,0.0,0.0,0.0
cc7d03a3a03a3325,0,clean,3234,2,0,-0.1,False,0.0,0.9,0.6200000000000001,0.6200000000000001,0.0,0.0,0.0,0.0
cc7d03a3a03a3325,0,clean,3235,1,1,-0.1,False,0.0,0.9,0.8,0.8,0.0,0.0,0.0,0.0
cc7d03a3a03a3325,0,clean,3236,2,1,1.0,True,0.0,0.9,1.0,1.0,0.0,0.0,0.0,0.0
cc7d03a3a03a3325,0,clean,3237,2,1,1.0,True,0.0,0.9,1.0,1.0,0.0,0.0,0.0,0.0
cc7d03a3a03a3325,0,clean,3238,2,1,1.0,True,0.0,0.9,1.0,1.0,0.0,0.0,0.0,0.0
cc7d03a3a03a3325,0,clean,3239,2,1,1.0,True,0.0,0.9,1.0,1.0,0.0,0.0,0.0,0.0
cc7d03a3a03a3325,0,clean,3240,2,1,1.0,True,0.0,0.9,1.0,1.0,0.0,0.0,0.0,0.0
cc7d03a3a03a3325,0,clean,3241,2,1,1.0,True,0.0,0.9,1.0,1.0,0.0,0.0,0.0,0.0
cc7d03a3a03a3325,0,clean,3242,2,1,1.0,True,0.0,0.9,1.0,1.0,0.0,0.0,0.0,0.0
cc7d03a3a03a3325,0,clean,3243,2,1,1.0,True,0.0,0.9,1.0,1.0,0.0,0.0,0.0,0.0
cc7d03a3a03a3325,0,clean,3244,2,1,1.0,True,0.0,0.9,1.0,1.0,0.0,0.0,0.0,0.0
cc7d03a3a03a3325,0,clean,3245,2,1,1.0,True,0.0,0.9,1.0,1.0,0.0,0.0,0.0,0.0
cc7d03a3a03a3325,0,clean,3246,2,1,1.0,True,0.0,0.9,1.0,1.0,0.0,0.0,0.0,0.0
cc7d03a3a03a3325,0,clean,3247,2,1,1.0,True,0.0,0.9,1.0,1.0,0.0,0.0,0.0,0.0
cc7d03a3a03a3325,0,clean,3248,2,1,1.0,True,0.0,0.9,1.0,1.0,0.0,0.0,0.0,0.0
cc7d03a3a03a3325,0,clean,3249,2,1,1.0,True,0.0,0.9,1.0,1.0,0.0,0.0,0.0,0.0
cc7d03a3a03a3325,0,clean,3250,2,1,1.0,True,0.0,0.9,1.0,1.0,0.0,0.0,0.0,0.0
cc7d03a3a03a3325,0,clean,3251,2,1,1.0,True,0.0,0.9,1.0,1.0,0.0,0.0,0.0,0.0
cc7d03a3a03a3325,0,clean,3252,2,0,-0.1,False,0.0,0.9,0.6200000000000001,0.6200000000000001,0.0,0.0,0.0,0.0
cc7d03a3a03a3325,0,clean,3253,1,1,-0.1,False,0.0,0.9,0.8,0.8,0.0,0.0,0.0,0.0
cc7d03a3a03a3325,0,clean,3254,2,1,1.0,True,0.0,0.9,1.0,1.0,0.0,0.0,0.0,0.0
cc7d03a3a03a3325,0,clean,3255,2,0,-0.1,False,0.0,0.9,0.6200000000000001,0.6200000000000001,0.0,0.0,0.0,0.0
cc7d03a3a03a3325,0,clean,3256,1,1,-0.1,False,0.0,0.9,0.8,0.8,0.0,0.0,0.0,0.0
cc7d03a3a03a3325,0,clean,3257,2,0,-0.1,False,0.0,0.9,0.6200000000000001,0.6200000000000001,0.0,0.0,0.0,0.0
cc7d03a3a03a3325,0,clean,3258,1,1,-0.1,False,0.0,0.9,0.8,0.8,0.0,0.0,0.0,0.0
cc7d03a3a03a3325,0,clean,3259,2,1,1.0,True,0.0,0.9,1.0,1.0,0.0,0.0,0.0,0.0
cc7d03a3a03a3325,0,clean,3260,2,1,1.0,True,0.0,0.9,1.0,1.0,0.0,0.0,0.0,0.0
cc7d03a3a03a3325,0,clean,3261,2,1,1.0,True,0.0,0.9,1.0,1.0,0.0,0.0,0.0,0.0
cc7d03a3a03a3325,0,clean,3262,2,1,1.0,True,0.0,0.9,1.0,1.0,0.0,0.0,0.0,0.0
cc7d03a3a03a3325,0,clean,3263,2,1,1.0,True,0.0,0.9,1.0,1.0,0.0,0.0,0.0,0.0
cc7d03a3a03a3325,0,clean,3264,2,1,1.0,True,0.0,0.9,1.0,1.0,0.0,0.0,0.0,0.0
cc7d03a3a03a3325,0,clean,3265,2,0,-0.1,False,0.0,0.9,0.6200000000000001,0.6200000000000001,0.0,0.0,0.0,0.0
cc7d03a3a03a3325,0,clean,3266,1,1,-0.1,False,0.0,0.9,0.8,0.8,0.0,0.0,0.0,0.0
cc7d03a3a03a3325,0,clean,3267,2,0,-0.1,False,0.0,0.9,0.6200000000000001,0.6200000000000001,0.0,0.0,0.0,0.0
cc7d03a3a03a3325,0,clean,3268,1,1,-0.1,False,0.0,0.9,0.8,0.8,0.0,0.0,0.0,0.0
cc7d03a3a03a3325,0,clean,3269,2,1,1.0,True,0.0,0.9,1.0,1.0,0.0,0.0,0.0,0.0
cc7d03a3a03a3325,0,clean,3270,2,1,1.0,True,0.0,0.9,1.0,1.0,0.0,0.0,0.0,0.0
cc7d03a3a03a3325,0,clean,3271,2,1,1.0,True,0.0,0.9,1.0,1.0,0.0,0.0,0.0,0.0
cc7d03a3a03a3325,0,clean,3272,2,1,1.0,True,0.0,0.9,1.0,1.0,0.0,0.0,0.0,0.0
cc7d03a3a03a3325,0,clean,3273,2,1,1.0,True,0.0,0.9,1.0,1.0,0.0,0.0,0.0,0.0
cc7d03a3a03a3325,0,clean,3274,2,1,1.0,True,0.0,0.9,1.0,1.0,0.0,0.0,0.0,0.0
cc7d03a3a03a3325,0,clean,3275,2,1,1.0,True,0.0,0.9,1.0,1.0,0.0,0.0,0.0,0.0
cc7d03a3a03a3325,0,clean,3276,2,1,1.0,True,0.0,0.9,1.0,1.0,0.0,0.0,0.0,0.0
cc7d03a3a03a3325,0,clean,3277,2,1,1.0,True,0.0,0.9,1.0,1.0,0.0,0.0,0.0,0.0
cc7d03a3a03a3325,0,clean,3278,2,0,-0.1,False,0.0,0.9,0.6200000000000001,0.6200000000000001,0.0,0.0,0.0,0.0
cc7d03a3a03a3325,0,clean,3279,1,1,-0.1,False,0.0,0.9,0.8,0.8,0.0,0.0,0.0,0.0
cc7d03a3a03a3325,0,clean,3280,2,1,1.0,True,0.0,0.9,1.0,1.0,0.0,0.0,0.0,0.0
cc7d03a3a03a3325,0,clean,3281,2,1,1.0,True,0.0,0.9,1.0,1.0,0.0,0.0,0.0,0.0
cc7d03a3a03a3325,0,clean,3282,2,1,1.0,True,0.0,0.9,1.0,1.0,0.0,0.0,0.0,0.0
cc7d03a3a03a3325,0,clean,3283,2,1,1.0,True,0.0,0.9,1.0,1.0,0.0,0.0,0.0,0.0
cc7d03a3a03a3325,0,clean,3284,2,1,1.0,True,0.0,0.9,1.0,1.0,0.0,0.0,0.0,0.0
cc7d03a3a03a3325,0,clean,3285,2,1,1.0,True,0.0,0.9,1.0,1.0,0.0,0.0,0.0,0.0
cc7d03a3a03a3325,0,clean,3286,2,1,1.0,True,0.0,0.9,1.0,1.0,0.0,0.0,0.0,0.0
cc7d03a3a03a3325,0,clean,3287,2,1,1.0,True,0.0,0.9,1.0,1.0,0.0,0.0,0.0,0.0
cc7d03a3a03a3325,0,clean,3288,2,0,-0.1,False,0.0,0.9,0.6200000000000001,0.6200000000000001,0.0,0.0,0.0,0.0
cc7d03a3a03a3325,0,clean,3289,1,0,-0.1,False,0.0,0.9,0.4580000000000002,0.4580000000000002,0.0,0.0,0.0,0.0
cc7d03a3a03a3325,0,clean,3290,0,1,-0.1,False,0.0,0.9,0.6200000000000001,0.6200000000000001,0.0,0.0,0.0,0.0
cc7d03a3a03a3325,0,clean,3291,1,1,-0.1,False,0.0,0.9,0.8,0.8,0.0,0.0,0.0,0.0
cc7d03a3a03a3325,0,clean,3292,2,1,1.0,True,0.0,0.9,1.0,1.0,0.0,0.0,0.0,0.0
cc7d03a3a03a3325,0,clean,3293,2,1,1.0,True,0.0,0.9,1.0,1.0,0.0,0.0,0.0,0.0
cc7d03a3a03a3325,0,clean,3294,2,1,1.0,True,0.0,0.9,1.0,1.0,0.0,0.0,0.0,0.0
cc7d03a3a03a3325,0,clean,3295,2,1,1.0,True,0.0,0.9,1.0,1.0,0.0,0.0,0.0,0.0
cc7d03a3a03a3325,0,clean,3296,2,1,1.0,True,0.0,0.9,1.0,1.0,0.0,0.0,0.0,0.0
cc7d03a3a03a3325,0,clean,3297,2,1,1.0,True,0.0,0.9,1.0,1.0,0.0,0.0,0.0,0.0
cc7d03a3a03a3325,0,clean,3298,2,1,1.0,True,0.0,0.9,1.0,1.0,0.0,0.0,0.0,0.0
cc7d03a3a03a3325,0,clean,3299,2,1,1.0,True,0.0,0.9,1.0,1.0,0.0,0.0,0.0,0.0
cc7d03a3a03a3325,0,clean,3300,2,1,1.0,True,0.0,0.9,1.0,1.0,0.0,0.0,0.0,0.0
cc7d03a3a03a3325,0,clean,3301,2,1,1.0,True,0.0,0.9,1.0,1.0,0.0,0.0,0.0,0.0
cc7d03a3a03a3325,0,clean,3302,2,0,-0.1,False,0.0,0.9,0.6200000000000001,0.6200000000000001,0.0,0.0,0.0,0.0
cc7d03a3a03a3325,0,clean,3303,1,1,-0.1,False,0.0,0.9,0.8,0.8,0.0,0.0,0.0,0.0
cc7d03a3a03a3325,0,clean,3304,2,1,1.0,True,0.0,0.9,1.0,1.0,0.0,0.0,0.0,0.0
cc7d03a3a03a3325,0,clean,3305,2,0,-0.1,False,0.0,0.9,0.6200000000000001,0.6200000000000001,0.0,0.0,0.0,0.0
cc7d03a3a03a3325,0,clean,3306,1,0,-0.1,False,0.0,0.9,0.4580000000000002,0.4580000000000002,0.0,0.0,0.0,0.0
cc7d03a3a03a3325,0,clean,3307,0,0,-0.1,False,0.0,0.9,0.4580000000000002,0.4580000000000002,0.0,0.0,0.0,0.0
cc7d03a3a03a3325,0,clean,3308,0,0,-0.1,False,0.0,0.9,0.4580000000000002,0.4580000000000002,0.0,0.0,0.0,0.0
cc7d03a3a03a3325,0,clean,3309,0,1,-0.1,False,0.0,0.9,0.6200000000000001,0.6200000000000001,0.0,0.0,0.0,0.0
cc7d03a3a03a3325,0,clean,3310,1,1,-0.1,False,0.0,0.9,0.8,0.8,0.0,0.0,0.0,0.0
cc7d03a3a03a3325,0,clean,3311,2,0,-0.1,False,0.0,0.9,0.6200000000000001,0.6200000000000001,0.0,0.0,0.0,0.0
cc7d03a3a03a3325,0,clean,3312,1,1,-0.1,False,0.0,0.9,0.8,0.8,0.0,0.0,0.0,0.0
cc7d03a3a03a3325,0,clean,3313,2,0,-0.1,False,0.0,0.9,0.6200000000000001,0.6200000000000001,0.0,0.0,0.0,0.0
cc7d03a3a03a3325,0,clean,3314,1,1,-0.1,False,0.0,0.9,0.8,0.8,0.0,0.0,0.0,0.0
cc7d03a3a03a3325,0,clean,3315,2,1,1.0,True,0.0,0.9,1.0,1.0,0.0,0.0,0.0,0.0
cc7d03a3a03a3325,0,clean,3316,2,1,1.0,True,0.0,0.9,1.0,1.0,0.0,0.0,0.0,0.0
cc7d03a3a03a3325,0,clean,3317,2,1,1.0,True,0.0,0.9,1.0,1.0,0.0,0.0,0.0,0.0
cc7d03a3a03a3325,0,clean,3318,2,1,1.0,True,0.0,0.9,1.0,1.0,0.0,0.0,0.0,0.0
cc7d03a3a03a3325,0,clean,3319,2,0,-0.1,False,0.0,0.9,0.6200000000000001,0.6200000000000001,0.0,0.0,0.0,0.0
cc7d03a3a03a3325,0,clean,3320,1,1,-0.1,False,0.0,0.9,0.8,0.8,0.0,0.0,0.0,0.0
cc7d03a3a03a3325,0,clean,3321,2,1,1.0,True,0.0,0.9,1.0,1.0,0.0,0.0,0.0,0.0
cc7d03a3a03a3325,0,clean,3322,2,0,-0.1,False,0.0,0.9,0.6200000000000001,0.6200000000000001,0.0,0.0,0.0,0.0
cc7d03a3a03a3325,0,clean,3323,1,1,-0.1,False,0.0,0.9,0.8,0.8,0.0,0.0,0.0,0.0
cc7d03a3a03a3325,0,clean,3324,2,1,1.0,True,0.0,0.9,1.0,1.0,0.0,0.0,0.0,0.0
cc7d03a3a03a3325,0,clean,3325,2,0,-0.1,False,0.0,0.9,0.6200000000000001,0.6200000000000001,0.0,0.0,0.0,0.0
cc7d03a3a03a3325,0,clean,3326,1,1,-0.1,False,0.0,0.9,0.8,0.8,0.0,0.0,0.0,0.0
cc7d03a3a03a3325,0,clean,3327,2,1,1.0,True,0.0,0.9,1.0,1.0,0.0,0.0,0.0,0.0
cc7d03a3a03a3325,0,clean,3328,2,1,1.0,True,0.0,0.9,1.0,1.0,0.0,0.0,0.0,0.0
cc7d03a3a03a3325,0,clean,3329,2,1,1.0,True,0.0,0.9,1.0,1.0,0.0,0.0,0.0,0.0
cc7d03a3a03a3325,0,clean,3330,2,1,1.0,True,0.0,0.9,1.0,1.0,0.0,0.0,0.0,0.0
cc7d03a3a03a3325,0,clean,3331,2,1,1.0,True,0.0,0.9,1.0,1.0,0.0,0.0,0.0,0.0
cc7d03a3a03a3325,0,clean,3332,2,1,1.0,True,0.0,0.9,1.0,1.0,0.0,0.0,0.0,0.0
cc7d03a3a03a3325,0,clean,3333,2,1,1.0,True,0.0,0.9,1.0,1.0,0.0,0.0,0.0,0.0
cc7d03a3a03a3325,0,clean,3334,2,1,1.0,True,0.0,0.9,1.0,1.0,0.0,0.0,0.0,0.0
cc7d03a3a03a3325,0,clean,3335,2,1,1.0,True,0.0,0.9,1.0,1.0,0.0,0.0,0.0,0.0
cc7d03a3a03a3325,0,clean,3336,2,1,1.0,True,0.0,0.9,1.0,1.0,0.0,0.0,0.0,0.0
cc7d03a3a03a3325,0,clean,3337,2,1,1.0,True,0.0,0.9,1.0,1.0,0.0,0.0,0.0,0.0
cc7d03a3a03a3325,0,clean,3338,2,1,1.0,True,0.0,0.9,1.0,1.0,0.0,0.0,0.0,0.0
cc7d03a3a03a3325,0,clean,3339,2,1,1.0,True,0.0,0.9,1.0,1.0,0.0,0.0,0.0,0.0
cc7d03a3a03a3325,0,clean,3340,2,1,1.0,True,0.0,0.9,1.0,1.0,0.0,0.0,0.0,0.0
cc7d03a3a03a3325,0,clean,3341,2,1,1.0,True,0.0,0.9,1.0,1.0,0.0,0.0,0.0,0.0
cc7d03a3a03a3325,0,clean,3342,2,1,1.0,True,0.0,0.9,1.0,1.0,0.0,0.0,0.0,0.0
cc7d03a3a03a3325,0,clean,3343,2,1,1.0,True,0.0,0.9,1.0,1.0,0.0,0.0,0.0,0.0
cc7d03a3a03a3325,0,clean,3344,2,1,1.0,True,0.0,0.9,1.0,1.0,0.0,0.0,0.0,0.0
cc7d03a3a03a3325,0,clean,3345,2,1,1.0,True,0.0,0.9,1.0,1.0,0.0,0.0,0.0,0.0
cc7d03a3a03a3325,0,clean,3346,2,1,1.0,True,0.0,0.9,1.0,1.0,0.0,0.0,0.0,0.0
cc7d03a3a03a3325,0,clean,3347,2,1,1.0,True,0.0,0.9,1.0,1.0,0.0,0.0,0.0,0.0
cc7d03a3a03a3325,0,clean,3348,2,1,1.0,True,0.0,0.9,1.0,1.0,0.0,0.0,0.0,0.0
cc7d03a3a03a3325,0,clean,3349,2,1,1.0,True,0.0,0.9,1.0,1.0,0.0,0.0,0.0,0.0
cc7d03a3a03a3325,0,clean,3350,2,1,1.0,True,0.0,0.9,1.0,1.0,0.0,0.0,0.0,0.0
cc7d03a3a03a3325,0,clean,3351,2,1,1.0,True,0.0,0.9,1.0,1.0,0.0,0.0,0.0,0.0
cc7d03a3a03a3325,0,clean,3352,2,1,1.0,True,0.0,0.9,1.0,1.0,0.0,0.0,0.0,0.0
cc7d03a3a03a3325,0,clean,3353,2,1,1.0,True,0.0,0.9,1.0,1.0,0.0,0.0,0.0,0.0
cc7d03a3a03a3325,0,clean,3354,2,1,1.0,True,0.0,0.9,1.0,1.0,0.0,0.0,0.0,0.0
cc7d03a3a03a3325,0,clean,3355,2,1,1.0,True,0.0,0.9,1.0,1.0,0.0,0.0,0.0,0.0
cc7d03a3a03a3325,0,clean,3356,2,1,1.0,True,0.0,0.9,1.0,1.0,0.0,0.0,0.0,0.0
cc7d03a3a03a3325,0,clean,3357,2,1,1.0,True,0.0,0.9,1.0,1.0,0.0,0.0,0.0,0.0
cc7d03a3a03a3325,0,clean,3358,2,1,1.0,True,0.0,0.9,1.0,1.0,0.0,0.0,0.0,0.0
cc7d03a3a03a3325,0,clean,3359,2,1,1.0,True,0.0,0.9,1.0,1.0,0.0,0.0,0.0,0.0
cc7d03a3a03a3325,0,clean,3360,2,1,1.0,True,0.0,0.9,1.0,1.0,0.0,0.0,0.0,0.0
cc7d03a3a03a3325,0,clean,3361,2,1,1.0,True,0.0,0.9,1.0,1.0,0.0,0.0,0.0,0.0
cc7d03a3a03a3325,0,clean,3362,2,1,1.0,True,0.0,0.9,1.0,1.0,0.0,0.0,0.0,0.0
cc7d03a3a03a3325,0,clean,3363,2,1,1.0,True,0.0,0.9,1.0,1.0,0.0,0.0,0.0,0.0
cc7d03a3a03a3325,0,clean,3364,2,1,1.0,True,0.0,0.9,1.0,1.0,0.0,0.0,0.0,0.0
cc7d03a3a03a3325,0,clean,3365,2,1,1.0,True,0.0,0.9,1.0,1.0,0.0,0.0,0.0,0.0
cc7d03a3a03a3325,0,clean,3366,2,1,1.0,True,0.0,0.9,1.0,1.0,0.0,0.0,0.0,0.0
cc7d03a3a03a3325,0,clean,3367,2,1,1.0,True,0.0,0.9,1.0,1.0,0.0,0.0,0.0,0.0
cc7d03a3a03a3325,0,clean,3368,2,1,1.0,True,0.0,0.9,1.0,1.0,0.0,0.0,0.0,0.0
cc7d03a3a03a3325,0,clean,3369,2,1,1.0,True,0.0,0.9,1.0,1.0,0.0,0.0,0.0,0.0
cc7d03a3a03a3325,0,clean,3370,2,0,-0.1,False,0.0,0.9,0.6200000000000001,0.6200000000000001,0.0,0.0,0.0,0.0
cc7d03a3a03a3325,0,clean,3371,1,1,-0.1,False,0.0,0.9,0.8,0.8,0.0,0.0,0.0,0.0
cc7d03a3a03a3325,0,clean,3372,2,1,1.0,True,0.0,0.9,1.0,1.0,0.0,0.0,0.0,0.0
cc7d03a3a03a3325,0,clean,3373,2,1,1.0,True,0.0,0.9,1.0,1.0,0.0,0.0,0.0,0.0
cc7d03a3a03a3325,0,clean,3374,2,1,1.0,True,0.0,0.9,1.0,1.0,0.0,0.0,0.0,0.0
cc7d03a3a03a3325,0,clean,3375,2,1,1.0,True,0.0,0.9,1.0,1.0,0.0,0.0,0.0,0.0
cc7d03a3a03a3325,0,clean,3376,2,1,1.0,True,0.0,0.9,1.0,1.0,0.0,0.0,0.0,0.0
cc7d03a3a03a3325,0,clean,3377,2,1,1.0,True,0.0,0.9,1.0,1.0,0.0,0.0,0.0,0.0
cc7d03a3a03a3325,0,clean,3378,2,1,1.0,True,0.0,0.9,1.0,1.0,0.0,0.0,0.0,0.0
cc7d03a3a03a3325,0,clean,3379,2,1,1.0,True,0.0,0.9,1.0,1.0,0.0,0.0,0.0,0.0
cc7d03a3a03a3325,0,clean,3380,2,1,1.0,True,0.0,0.9,1.0,1.0,0.0,0.0,0.0,0.0
cc7d03a3a03a3325,0,clean,3381,2,0,-0.1,False,0.0,0.9,0.6200000000000001,0.6200000000000001,0.0,0.0,0.0,0.0
cc7d03a3a03a3325,0,clean,3382,1,1,-0.1,False,0.0,0.9,0.8,0.8,0.0,0.0,0.0,0.0
cc7d03a3a03a3325,0,clean,3383,2,1,1.0,True,0.0,0.9,1.0,1.0,0.0,0.0,0.0,0.0
cc7d03a3a03a3325,0,clean,3384,2,1,1.0,True,0.0,0.9,1.0,1.0,0.0,0.0,0.0,0.0
cc7d03a3a03a3325,0,clean,3385,2,1,1.0,True,0.0,0.9,1.0,1.0,0.0,0.0,0.0,0.0
cc7d03a3a03a3325,0,clean,3386,2,1,1.0,True,0.0,0.9,1.0,1.0,0.0,0.0,0.0,0.0
cc7d03a3a03a3325,0,clean,3387,2,1,1.0,True,0.0,0.9,1.0,1.0,0.0,0.0,0.0,0.0
cc7d03a3a03a3325,0,clean,3388,2,1,1.0,True,0.0,0.9,1.0,1.0,0.0,0.0,0.0,0.0
cc7d03a3a03a3325,0,clean,3389,2,0,-0.1,False,0.0,0.9,0.6200000000000001,0.6200000000000001,0.0,0.0,0.0,0.0
cc7d03a3a03a3325,0,clean,3390,1,1,-0.1,False,0.0,0.9,0.8,0.8,0.0,0.0,0.0,0.0
cc7d03a3a03a3325,0,clean,3391,2,1,1.0,True,0.0,0.9,1.0,1.0,0.0,0.0,0.0,0.0
cc7d03a3a03a3325,0,clean,3392,2,1,1.0,True,0.0,0.9,1.0,1.0,0.0,0.0,0.0,0.0
cc7d03a3a03a3325,0,clean,3393,2,0,-0.1,False,0.0,0.9,0.6200000000000001,0.6200000000000001,0.0,0.0,0.0,0.0
cc7d03a3a03a3325,0,clean,3394,1,1,-0.1,False,0.0,0.9,0.8,0.8,0.0,0.0,0.0,0.0
cc7d03a3a03a3325,0,clean,3395,2,1,1.0,True,0.0,0.9,1.0,1.0,0.0,0.0,0.0,0.0
cc7d03a3a03a3325,0,clean,3396,2,1,1.0,True,0.0,0.9,1.0,1.0,0.0,0.0,0.0,0.0
cc7d03a3a03a3325,0,clean,3397,2,1,1.0,True,0.0,0.9,1.0,1.0,0.0,0.0,0.0,0.0
cc7d03a3a03a3325,0,clean,3398,2,1,1.0,True,0.0,0.9,1.0,1.0,0.0,0.0,0.0,0.0
cc7d03a3a03a3325,0,clean,3399,2,1,1.0,True,0.0,0.9,1.0,1.0,0.0,0.0,0.0,0.0
cc7d03a3a03a3325,0,clean,3400,2,1,1.0,True,0.0,0.9,1.0,1.0,0.0,0.0,0.0,0.0
cc7d03a3a03a3325,0,clean,3401,2,1,1.0,True,0.0,0.9,1.0,1.0,0.0,0.0,0.0,0.0
cc7d03a3a03a3325,0,clean,3402,2,1,1.0,True,0.0,0.9,1.0,1.0,0.0,0.0,0.0,0.0
cc7d03a3a03a3325,0,clean,3403,2,1,1.0,True,0.0,0.9,1.0,1.0,0.0,0.0,0.0,0.0
cc7d03a3a03a3325,0,clean,3404,2,1,1.0,True,0.0,0.9,1.0,1.0,0.0,0.0,0.0,0.0
cc7d03a3a03a3325,0,clean,3405,2,0,-0.1,False,0.0,0.9,0.6200000000000001,0.6200000000000001,0.0,0.0,0.0,0.0
cc7d03a3a03a3325,0,clean,3406,1,1,-0.1,False,0.0,0.9,0.8,0.8,0.0,0.0,0.0,0.0
cc7d03a3a03a3325,0,clean,3407,2,1,1.0,True,0.0,0.9,1.0,1.0,0.0,0.0,0.0,0.0
cc7d03a3a03a3325,0,clean,3408,2,1,1.0,True,0.0,0.9,1.0,1.0,0.0,0.0,0.0,0.0
cc7d03a3a03a3325,0,clean,3409,2,1,1.0,True,0.0,0.9,1.0,1.0,0.0,0.0,0.0,0.0
cc7d03a3a03a3325,0,clean,3410,2,0,-0.1,False,0.0,0.9,0.6200000000000001,0.6200000000000001,0.0,0.0,0.0,0.0
cc7d03a3a03a3325,0,clean,3411,1,0,-0.1,False,0.0,0.9,0.4580000000000002,0.4580000000000002,0.0,0.0,0.0,0.0
cc7d03a3a03a3325,0,clean,3412,0,0,-0.1,False,0.0,0.9,0.4580000000000002,0.4580000000000002,0.0,0.0,0.0,0.0
cc7d03a3a03a3325,0,clean,3413,0,1,-0.1,False,0.0,0.9,0.6200000000000001,0.6200000000000001,0.0,0.0,0.0,0.0
cc7d03a3a03a3325,0,clean,3414,1,1,-0.1,False,0.0,0.9,0.8,0.8,0.0,0.0,0.0,0.0
cc7d03a3a03a3325,0,clean,3415,2,1,1.0,True,0.0,0.9,1.0,1.0,0.0,0.0,0.0,0.0
cc7d03a3a03a3325,0,clean,3416,2,1,1.0,True,0.0,0.9,1.0,1.0,0.0,0.0,0.0,0.0
cc7d03a3a03a3325,0,clean,3417,2,0,-0.1,False,0.0,0.9,0.6200000000000001,0.6200000000000001,0.0,0.0,0.0,0.0
cc7d03a3a03a3325,0,clean,3418,1,0,-0.1,False,0.0,0.9,0.4580000000000002,0.4580000000000002,0.0,0.0,0.0,0.0
cc7d03a3a03a3325,0,clean,3419,0,0,-0.1,False,0.0,0.9,0.4580000000000002,0.4580000000000002,0.0,0.0,0.0,0.0
cc7d03a3a03a3325,0,clean,3420,0,0,-0.1,False,0.0,0.9,0.4580000000000002,0.4580000000000002,0.0,0.0,0.0,0.0
cc7d03a3a03a3325,0,clean,3421,0,1,-0.1,False,0.0,0.9,0.6200000000000001,0.6200000000000001,0.0,0.0,0.0,0.0
cc7d03a3a03a3325,0,clean,3422,1,1,-0.1,False,0.0,0.9,0.8,0.8,0.0,0.0,0.0,0.0
cc7d03a3a03a3325,0,clean,3423,2,0,-0.1,False,0.0,0.9,0.6200000000000001,0.6200000000000001,0.0,0.0,0.0,0.0
cc7d03a3a03a3325,0,clean,3424,1,1,-0.1,False,0.0,0.9,0.8,0.8,0.0,0.0,0.0,0.0
cc7d03a3a03a3325,0,clean,3425,2,1,1.0,True,0.0,0.9,1.0,1.0,0.0,0.0,0.0,0.0
cc7d03a3a03a3325,0,clean,3426,2,1,1.0,True,0.0,0.9,1.0,1.0,0.0,0.0,0.0,0.0
cc7d03a3a03a3325,0,clean,3427,2,0,-0.1,False,0.0,0.9,0.6200000000000001,0.6200000000000001,0.0,0.0,0.0,0.0
cc7d03a3a03a3325,0,clean,3428,1,1,-0.1,False,0.0,0.9,0.8,0.8,0.0,0.0,0.0,0.0
cc7d03a3a03a3325,0,clean,3429,2,1,1.0,True,0.0,0.9,1.0,1.0,0.0,0.0,0.0,0.0
cc7d03a3a03a3325,0,clean,3430,2,1,1.0,True,0.0,0.9,1.0,1.0,0.0,0.0,0.0,0.0
cc7d03a3a03a3325,0,clean,3431,2,0,-0.1,False,0.0,0.9,0.6200000000000001,0.6200000000000001,0.0,0.0,0.0,0.0
cc7d03a3a03a3325,0,clean,3432,1,1,-0.1,False,0.0,0.9,0.8,0.8,0.0,0.0,0.0,0.0
cc7d03a3a03a3325,0,clean,3433,2,1,1.0,True,0.0,0.9,1.0,1.0,0.0,0.0,0.0,0.0
cc7d03a3a03a3325,0,clean,3434,2,1,1.0,True,0.0,0.9,1.0,1.0,0.0,0.0,0.0,0.0
cc7d03a3a03a3325,0,clean,3435,2,1,1.0,True,0.0,0.9,1.0,1.0,0.0,0.0,0.0,0.0
cc7d03a3a03a3325,0,clean,3436,2,1,1.0,True,0.0,0.9,1.0,1.0,0.0,0.0,0.0,0.0
cc7d03a3a03a3325,0,clean,3437,2,1,1.0,True,0.0,0.9,1.0,1.0,0.0,0.0,0.0,0.0
cc7d03a3a03a3325,0,clean,3438,2,1,1.0,True,0.0,0.9,1.0,1.0,0.0,0.0,0.0,0.0
cc7d03a3a03a3325,0,clean,3439,2,1,1.0,True,0.0,0.9,1.0,1.0,0.0,0.0,0.0,0.0
cc7d03a3a03a3325,0,clean,3440,2,1,1.0,True,0.0,0.9,1.0,1.0,0.0,0.0,0.0,0.0
cc7d03a3a03a3325,0,clean,3441,2,1,1.0,True,0.0,0.9,1.0,1.0,0.0,0.0,0.0,0.0
cc7d03a3a03a3325,0,clean,3442,2,1,1.0,True,0.0,0.9,1.0,1.0,0.0,0.0,0.0,0.0
cc7d03a3a03a3325,0,clean,3443,2,1,1.0,True,0.0,0.9,1.0,1.0,0.0,0.0,0.0,0.0
cc7d03a3a03a3325,0,clean,3444,2,1,1.0,True,0.0,0.9,1.0,1.0,0.0,0.0,0.0,0.0
cc7d03a3a03a3325,0,clean,3445,2,1,1.0,True,0.0,0.9,1.0,1.0,0.0,0.0,0.0,0.0
cc7d03a3a03a3325,0,clean,3446,2,1,1.0,True,0.0,0.9,1.0,1.0,0.0,0.0,0.0,0.0
cc7d03a3a03a3325,0,clean,3447,2,1,1.0,True,0.0,0.9,1.0,1.0,0.0,0.0,0.0,0.0
cc7d03a3a03a3325,0,clean,3448,2,0,-0.1,False,0.0,0.9,0.6200000000000001,0.6200000000000001,0.0,0.0,0.0,0.0
cc7d03a3a03a3325,0,clean,3449,1,1,-0.1,False,0.0,0.9,0.8,0.8,0.0,0.0,0.0,0.0
cc7d03a3a03a3325,0,clean,3450,2,1,1.0,True,0.0,0.9,1.0,1.0,0.0,0.0,0.0,0.0
cc7d03a3a03a3325,0,clean,3451,2,1,1.0,True,0.0,0.9,1.0,1.0,0.0,0.0,0.0,0.0
cc7d03a3a03a3325,0,clean,3452,2,0,-0.1,False,0.0,0.9,0.6200000000000001,0.6200000000000001,0.0,0.0,0.0,0.0
cc7d03a3a03a3325,0,clean,3453,1,1,-0.1,False,0.0,0.9,0.8,0.8,0.0,0.0,0.0,0.0
cc7d03a3a03a3325,0,clean,3454,2,0,-0.1,False,0.0,0.9,0.6200000000000001,0.6200000000000001,0.0,0.0,0.0,0.0
cc7d03a3a03a3325,0,clean,3455,1,1,-0.1,False,0.0,0.9,0.8,0.8,0.0,0.0,0.0,0.0
cc7d03a3a03a3325,0,clean,3456,2,1,1.0,True,0.0,0.9,1.0,1.0,0.0,0.0,0.0,0.0
cc7d03a3a03a3325,0,clean,3457,2,1,1.0,True,0.0,0.9,1.0,1.0,0.0,0.0,0.0,0.0
cc7d03a3a03a3325,0,clean,3458,2,0,-0.1,False,0.0,0.9,0.6200000000000001,0.6200000000000001,0.0,0.0,0.0,0.0
cc7d03a3a03a3325,0,clean,3459,1,1,-0.1,False,0.0,0.9,0.8,0.8,0.0,0.0,0.0,0.0
cc7d03a3a03a3325,0,clean,3460,2,1,1.0,True,0.0,0.9,1.0,1.0,0.0,0.0,0.0,0.0
cc7d03a3a03a3325,0,clean,3461,2,1,1.0,True,0.0,0.9,1.0,1.0,0.0,0.0,0.0,0.0
cc7d03a3a03a3325,0,clean,3462,2,1,1.0,True,0.0,0.9,1.0,1.0,0.0,0.0,0.0,0.0
cc7d03a3a03a3325,0,clean,3463,2,1,1.0,True,0.0,0.9,1.0,1.0,0.0,0.0,0.0,0.0
cc7d03a3a03a3325,0,clean,3464,2,1,1.0,True,0.0,0.9,1.0,1.0,0.0,0.0,0.0,0.0
cc7d03a3a03a3325,0,clean,3465,2,1,1.0,True,0.0,0.9,1.0,1.0,0.0,0.0,0.0,0.0
cc7d03a3a03a3325,0,clean,3466,2,1,1.0,True,0.0,0.9,1.0,1.0,0.0,0.0,0.0,0.0
cc7d03a3a03a3325,0,clean,3467,2,1,1.0,True,0.0,0.9,1.0,1.0,0.0,0.0,0.0,0.0
cc7d03a3a03a3325,0,clean,3468,2,1,1.0,True,0.0,0.9,1.0,1.0,0.0,0.0,0.0,0.0
cc7d03a3a03a3325,0,clean,3469,2,1,1.0,True,0.0,0.9,1.0,1.0,0.0,0.0,0.0,0.0
cc7d03a3a03a3325,0,clean,3470,2,1,1.0,True,0.0,0.9,1.0,1.0,0.0,0.0,0.0,0.0
cc7d03a3a03a3325,0,clean,3471,2,1,1.0,True,0.0,0.9,1.0,1.0,0.0,0.0,0.0,0.0
cc7d03a3a03a3325,0,clean,3472,2,1,1.0,True,0.0,0.9,1.0,1.0,0.0,0.0,0.0,0.0
cc7d03a3a03a3325,0,clean,3473,2,1,1.0,True,0.0,0.9,1.0,1.0,0.0,0.0,0.0,0.0
cc7d03a3a03a3325,0,clean,3474,2,1,1.0,True,0.0,0.9,1.0,1.0,0.0,0.0,0.0,0.0
cc7d03a3a03a3325,0,clean,3475,2,1,1.0,True,0.0,0.9,1.0,1.0,0.0,0.0,0.0,0.0
cc7d03a3a03a3325,0,clean,3476,2,1,1.0,True,0.0,0.9,1.0,1.0,0.0,0.0,0.0,0.0
cc7d03a3a03a3325,0,clean,3477,2,1,1.0,True,0.0,0.9,1.0,1.0,0.0,0.0,0.0,0.0
cc7d03a3a03a3325,0,clean,3478,2,1,1.0,True,0.0,0.9,1.0,1.0,0.0,0.0,0.0,0.0
cc7d03a3a03a3325,0,clean,3479,2,1,1.0,True,0.0,0.9,1.0,1.0,0.0,0.0,0.0,0.0
cc7d03a3a03a3325,0,clean,3480,2,1,1.0,True,0.0,0.9,1.0,1.0,0.0,0.0,0.0,0.0
cc7d03a3a03a3325,0,clean,3481,2,0,-0.1,False,0.0,0.9,0.6200000000000001,0.6200000000000001,0.0,0.0,0.0,0.0
cc7d03a3a03a3325,0,clean,3482,1,1,-0.1,False,0.0,0.9,0.8,0.8,0.0,0.0,0.0,0.0
cc7d03a3a03a3325,0,clean,3483,2,1,1.0,True,0.0,0.9,1.0,1.0,0.0,0.0,0.0,0.0
cc7d03a3a03a3325,0,clean,3484,2,1,1.0,True,0.0,0.9,1.0,1.0,0.0,0.0,0.0,0.0
cc7d03a3a03a3325,0,clean,3485,2,1,1.0,True,0.0,0.9,1.0,1.0,0.0,0.0,0.0,0.0
cc7d03a3a03a3325,0,clean,3486,2,1,1.0,True,0.0,0.9,1.0,1.0,0.0,0.0,0.0,0.0
cc7d03a3a03a3325,0,clean,3487,2,1,1.0,True,0.0,0.9,1.0,1.0,0.0,0.0,0.0,0.0
cc7d03a3a03a3325,0,clean,3488,2,1,1.0,True,0.0,0.9,1.0,1.0,0.0,0.0,0.0,0.0
cc7d03a3a03a3325,0,clean,3489,2,1,1.0,True,0.0,0.9,1.0,1.0,0.0,0.0,0.0,0.0
cc7d03a3a03a3325,0,clean,3490,2,1,1.0,True,0.0,0.9,1.0,1.0,0.0,0.0,0.0,0.0
cc7d03a3a03a3325,0,clean,3491,2,1,1.0,True,0.0,0.9,1.0,1.0,0.0,0.0,0.0,0.0
cc7d03a3a03a3325,0,clean,3492,2,1,1.0,True,0.0,0.9,1.0,1.0,0.0,0.0,0.0,0.0
cc7d03a3a03a3325,0,clean,3493,2,1,1.0,True,0.0,0.9,1.0,1.0,0.0,0.0,0.0,0.0
cc7d03a3a03a3325,0,clean,3494,2,1,1.0,True,0.0,0.9,1.0,1.0,0.0,0.0,0.0,0.0
cc7d03a3a03a3325,0,clean,3495,2,0,-0.1,False,0.0,0.9,0.6200000000000001,0.6200000000000001,0.0,0.0,0.0,0.0
cc7d03a3a03a3325,0,clean,3496,1,1,-0.1,False,0.0,0.9,0.8,0.8,0.0,0.0,0.0,0.0
cc7d03a3a03a3325,0,clean,3497,2,1,1.0,True,0.0,0.9,1.0,1.0,0.0,0.0,0.0,0.0
cc7d03a3a03a3325,0,clean,3498,2,1,1.0,True,0.0,0.9,1.0,1.0,0.0,0.0,0.0,0.0
cc7d03a3a03a3325,0,clean,3499,2,1,1.0,True,0.0,0.9,1.0,1.0,0.0,0.0,0.0,0.0
cc7d03a3a03a3325,0,clean,3500,2,0,-0.1,False,0.0,0.9,0.6200000000000001,0.6200000000000001,0.0,0.0,0.0,0.0
cc7d03a3a03a3325,0,clean,3501,1,1,-0.1,False,0.0,0.9,0.8,0.8,0.0,0.0,0.0,0.0
cc7d03a3a03a3325,0,clean,3502,2,1,1.0,True,0.0,0.9,1.0,1.0,0.0,0.0,0.0,0.0
cc7d03a3a03a3325,0,clean,3503,2,1,1.0,True,0.0,0.9,1.0,1.0,0.0,0.0,0.0,0.0
cc7d03a3a03a3325,0,clean,3504,2,1,1.0,True,0.0,0.9,1.0,1.0,0.0,0.0,0.0,0.0
cc7d03a3a03a3325,0,clean,3505,2,1,1.0,True,0.0,0.9,1.0,1.0,0.0,0.0,0.0,0.0
cc7d03a3a03a3325,0,clean,3506,2,1,1.0,True,0.0,0.9,1.0,1.0,0.0,0.0,0.0,0.0
cc7d03a3a03a3325,0,clean,3507,2,1,1.0,True,0.0,0.9,1.0,1.0,0.0,0.0,0.0,0.0
cc7d03a3a03a3325,0,clean,3508,2,1,1.0,True,0.0,0.9,1.0,1.0,0.0,0.0,0.0,0.0
cc7d03a3a03a3325,0,clean,3509,2,0,-0.1,False,0.0,0.9,0.6200000000000001,0.6200000000000001,0.0,0.0,0.0,0.0
cc7d03a3a03a3325,0,clean,3510,1,1,-0.1,False,0.0,0.9,0.8,0.8,0.0,0.0,0.0,0.0
cc7d03a3a03a3325,0,clean,3511,2,1,1.0,True,0.0,0.9,1.0,1.0,0.0,0.0,0.0,0.0
cc7d03a3a03a3325,0,clean,3512,2,1,1.0,True,0.0,0.9,1.0,1.0,0.0,0.0,0.0,0.0
cc7d03a3a03a3325,0,clean,3513,2,1,1.0,True,0.0,0.9,1.0,1.0,0.0,0.0,0.0,0.0
cc7d03a3a03a3325,0,clean,3514,2,1,1.0,True,0.0,0.9,1.0,1.0,0.0,0.0,0.0,0.0
cc7d03a3a03a3325,0,clean,3515,2,1,1.0,True,0.0,0.9,1.0,1.0,0.0,0.0,0.0,0.0
cc7d03a3a03a3325,0,clean,3516,2,1,1.0,True,0.0,0.9,1.0,1.0,0.0,0.0,0.0,0.0
cc7d03a3a03a3325,0,clean,3517,2,1,1.0,True,0.0,0.9,1.0,1.0,0.0,0.0,0.0,0.0
cc7d03a3a03a3325,0,clean,3518,2,1,1.0,True,0.0,0.9,1.0,1.0,0.0,0.0,0.0,0.0
cc7d03a3a03a3325,0,clean,3519,2,0,-0.1,False,0.0,0.9,0.6200000000000001,0.6200000000000001,0.0,0.0,0.0,0.0
cc7d03a3a03a3325,0,clean,3520,1,1,-0.1,False,0.0,0.9,0.8,0.8,0.0,0.0,0.0,0.0
cc7d03a3a03a3325,0,clean,3521,2,1,1.0,True,0.0,0.9,1.0,1.0,0.0,0.0,0.0,0.0
cc7d03a3a03a3325,0,clean,3522,2,1,1.0,True,0.0,0.9,1.0,1.0,0.0,0.0,0.0,0.0
cc7d03a3a03a3325,0,clean,3523,2,1,1.0,True,0.0,0.9,1.0,1.0,0.0,0.0,0.0,0.0
cc7d03a3a03a3325,0,clean,3524,2,1,1.0,True,0.0,0.9,1.0,1.0,0.0,0.0,0.0,0.0
cc7d03a3a03a3325,0,clean,3525,2,1,1.0,True,0.0,0.9,1.0,1.0,0.0,0.0,0.0,0.0
cc7d03a3a03a3325,0,clean,3526,2,0,-0.1,False,0.0,0.9,0.6200000000000001,0.6200000000000001,0.0,0.0,0.0,0.0
cc7d03a3a03a3325,0,clean,3527,1,1,-0.1,False,0.0,0.9,0.8,0.8,0.0,0.0,0.0,0.0
cc7d03a3a03a3325,0,clean,3528,2,1,1.0,True,0.0,0.9,1.0,1.0,0.0,0.0,0.0,0.0
cc7d03a3a03a3325,0,clean,3529,2,1,1.0,True,0.0,0.9,1.0,1.0,0.0,0.0,0.0,0.0
cc7d03a3a03a3325,0,clean,3530,2,1,1.0,True,0.0,0.9,1.0,1.0,0.0,0.0,0.0,0.0
cc7d03a3a03a3325,0,clean,3531,2,0,-0.1,False,0.0,0.9,0.6200000000000001,0.6200000000000001,0.0,0.0,0.0,0.0
cc7d03a3a03a3325,0,clean,3532,1,1,-0.1,False,0.0,0.9,0.8,0.8,0.0,0.0,0.0,0.0
cc7d03a3a03a3325,0,clean,3533,2,1,1.0,True,0.0,0.9,1.0,1.0,0.0,0.0,0.0,0.0
cc7d03a3a03a3325,0,clean,3534,2,1,1.0,True,0.0,0.9,1.0,1.0,0.0,0.0,0.0,0.0
cc7d03a3a03a3325,0,clean,3535,2,1,1.0,True,0.0,0.9,1.0,1.0,0.0,0.0,0.0,0.0
cc7d03a3a03a3325,0,clean,3536,2,1,1.0,True,0.0,0.9,1.0,1.0,0.0,0.0,0.0,0.0
cc7d03a3a03a3325,0,clean,3537,2,1,1.0,True,0.0,0.9,1.0,1.0,0.0,0.0,0.0,0.0
cc7d03a3a03a3325,0,clean,3538,2,1,1.0,True,0.0,0.9,1.0,1.0,0.0,0.0,0.0,0.0
cc7d03a3a03a3325,0,clean,3539,2,1,1.0,True,0.0,0.9,1.0,1.0,0.0,0.0,0.0,0.0
cc7d03a3a03a3325,0,clean,3540,2,1,1.0,True,0.0,0.9,1.0,1.0,0.0,0.0,0.0,0.0
cc7d03a3a03a3325,0,clean,3541,2,0,-0.1,False,0.0,0.9,0.6200000000000001,0.6200000000000001,0.0,0.0,0.0,0.0
cc7d03a3a03a3325,0,clean,3542,1,1,-0.1,False,0.0,0.9,0.8,0.8,0.0,0.0,0.0,0.0
cc7d03a3a03a3325,0,clean,3543,2,1,1.0,True,0.0,0.9,1.0,1.0,0.0,0.0,0.0,0.0
cc7d03a3a03a3325,0,clean,3544,2,1,1.0,True,0.0,0.9,1.0,1.0,0.0,0.0,0.0,0.0
cc7d03a3a03a3325,0,clean,3545,2,1,1.0,True,0.0,0.9,1.0,1.0,0.0,0.0,0.0,0.0
cc7d03a3a03a3325,0,clean,3546,2,1,1.0,True,0.0,0.9,1.0,1.0,0.0,0.0,0.0,0.0
cc7d03a3a03a3325,0,clean,3547,2,1,1.0,True,0.0,0.9,1.0,1.0,0.0,0.0,0.0,0.0
cc7d03a3a03a3325,0,clean,3548,2,1,1.0,True,0.0,0.9,1.0,1.0,0.0,0.0,0.0,0.0
cc7d03a3a03a3325,0,clean,3549,2,1,1.0,True,0.0,0.9,1.0,1.0,0.0,0.0,0.0,0.0
cc7d03a3a03a3325,0,clean,3550,2,1,1.0,True,0.0,0.9,1.0,1.0,0.0,0.0,0.0,0.0
cc7d03a3a03a3325,0,clean,3551,2,1,1.0,True,0.0,0.9,1.0,1.0,0.0,0.0,0.0,0.0
cc7d03a3a03a3325,0,clean,3552,2,1,1.0,True,0.0,0.9,1.0,1.0,0.0,0.0,0.0,0.0
cc7d03a3a03a3325,0,clean,3553,2,0,-0.1,False,0.0,0.9,0.6200000000000001,0.6200000000000001,0.0,0.0,0.0,0.0
cc7d03a3a03a3325,0,clean,3554,1,1,-0.1,False,0.0,0.9,0.8,0.8,0.0,0.0,0.0,0.0
cc7d03a3a03a3325,0,clean,3555,2,1,1.0,True,0.0,0.9,1.0,1.0,0.0,0.0,0.0,0.0
cc7d03a3a03a3325,0,clean,3556,2,1,1.0,True,0.0,0.9,1.0,1.0,0.0,0.0,0.0,0.0
cc7d03a3a03a3325,0,clean,3557,2,1,1.0,True,0.0,0.9,1.0,1.0,0.0,0.0,0.0,0.0
cc7d03a3a03a3325,0,clean,3558,2,1,1.0,True,0.0,0.9,1.0,1.0,0.0,0.0,0.0,0.0
cc7d03a3a03a3325,0,clean,3559,2,1,1.0,True,0.0,0.9,1.0,1.0,0.0,0.0,0.0,0.0
cc7d03a3a03a3325,0,clean,3560,2,1,1.0,True,0.0,0.9,1.0,1.0,0.0,0.0,0.0,0.0
cc7d03a3a03a3325,0,clean,3561,2,1,1.0,True,0.0,0.9,1.0,1.0,0.0,0.0,0.0,0.0
cc7d03a3a03a3325,0,clean,3562,2,1,1.0,True,0.0,0.9,1.0,1.0,0.0,0.0,0.0,0.0
cc7d03a3a03a3325,0,clean,3563,2,1,1.0,True,0.0,0.9,1.0,1.0,0.0,0.0,0.0,0.0
cc7d03a3a03a3325,0,clean,3564,2,1,1.0,True,0.0,0.9,1.0,1.0,0.0,0.0,0.0,0.0
cc7d03a3a03a3325,0,clean,3565,2,1,1.0,True,0.0,0.9,1.0,1.0,0.0,0.0,0.0,0.0
cc7d03a3a03a3325,0,clean,3566,2,1,1.0,True,0.0,0.9,1.0,1.0,0.0,0.0,0.0,0.0
cc7d03a3a03a3325,0,clean,3567,2,0,-0.1,False,0.0,0.9,0.6200000000000001,0.6200000000000001,0.0,0.0,0.0,0.0
cc7d03a3a03a3325,0,clean,3568,1,1,-0.1,False,0.0,0.9,0.8,0.8,0.0,0.0,0.0,0.0
cc7d03a3a03a3325,0,clean,3569,2,1,1.0,True,0.0,0.9,1.0,1.0,0.0,0.0,0.0,0.0
cc7d03a3a03a3325,0,clean,3570,2,1,1.0,True,0.0,0.9,1.0,1.0,0.0,0.0,0.0,0.0
cc7d03a3a03a3325,0,clean,3571,2,1,1.0,True,0.0,0.9,1.0,1.0,0.0,0.0,0.0,0.0
cc7d03a3a03a3325,0,clean,3572,2,1,1.0,True,0.0,0.9,1.0,1.0,0.0,0.0,0.0,0.0
cc7d03a3a03a3325,0,clean,3573,2,0,-0.1,False,0.0,0.9,0.6200000000000001,0.6200000000000001,0.0,0.0,0.0,0.0
cc7d03a3a03a3325,0,clean,3574,1,1,-0.1,False,0.0,0.9,0.8,0.8,0.0,0.0,0.0,0.0
cc7d03a3a03a3325,0,clean,3575,2,1,1.0,True,0.0,0.9,1.0,1.0,0.0,0.0,0.0,0.0
cc7d03a3a03a3325,0,clean,3576,2,1,1.0,True,0.0,0.9,1.0,1.0,0.0,0.0,0.0,0.0
cc7d03a3a03a3325,0,clean,3577,2,1,1.0,True,0.0,0.9,1.0,1.0,0.0,0.0,0.0,0.0
cc7d03a3a03a3325,0,clean,3578,2,1,1.0,True,0.0,0.9,1.0,1.0,0.0,0.0,0.0,0.0
cc7d03a3a03a3325,0,clean,3579,2,1,1.0,True,0.0,0.9,1.0,1.0,0.0,0.0,0.0,0.0
cc7d03a3a03a3325,0,clean,3580,2,0,-0.1,False,0.0,0.9,0.6200000000000001,0.6200000000000001,0.0,0.0,0.0,0.0
cc7d03a3a03a3325,0,clean,3581,1,1,-0.1,False,0.0,0.9,0.8,0.8,0.0,0.0,0.0,0.0
cc7d03a3a03a3325,0,clean,3582,2,1,1.0,True,0.0,0.9,1.0,1.0,0.0,0.0,0.0,0.0
cc7d03a3a03a3325,0,clean,3583,2,1,1.0,True,0.0,0.9,1.0,1.0,0.0,0.0,0.0,0.0
cc7d03a3a03a3325,0,clean,3584,2,1,1.0,True,0.0,0.9,1.0,1.0,0.0,0.0,0.0,0.0
cc7d03a3a03a3325,0,clean,3585,2,1,1.0,True,0.0,0.9,1.0,1.0,0.0,0.0,0.0,0.0
cc7d03a3a03a3325,0,clean,3586,2,1,1.0,True,0.0,0.9,1.0,1.0,0.0,0.0,0.0,0.0
cc7d03a3a03a3325,0,clean,3587,2,1,1.0,True,0.0,0.9,1.0,1.0,0.0,0.0,0.0,0.0
cc7d03a3a03a3325,0,clean,3588,2,1,1.0,True,0.0,0.9,1.0,1.0,0.0,0.0,0.0,0.0
cc7d03a3a03a3325,0,clean,3589,2,1,1.0,True,0.0,0.9,1.0,1.0,0.0,0.0,0.0,0.0
cc7d03a3a03a3325,0,clean,3590,2,1,1.0,True,0.0,0.9,1.0,1.0,0.0,0.0,0.0,0.0
cc7d03a3a03a3325,0,clean,3591,2,1,1.0,True,0.0,0.9,1.0,1.0,0.0,0.0,0.0,0.0
cc7d03a3a03a3325,0,clean,3592,2,1,1.0,True,0.0,0.9,1.0,1.0,0.0,0.0,0.0,0.0
cc7d03a3a03a3325,0,clean,3593,2,1,1.0,True,0.0,0.9,1.0,1.0,0.0,0.0,0.0,0.0
cc7d03a3a03a3325,0,clean,3594,2,0,-0.1,False,0.0,0.9,0.6200000000000001,0.6200000000000001,0.0,0.0,0.0,0.0
cc7d03a3a03a3325,0,clean,3595,1,1,-0.1,False,0.0,0.9,0.8,0.8,0.0,0.0,0.0,0.0
cc7d03a3a03a3325,0,clean,3596,2,1,1.0,True,0.0,0.9,1.0,1.0,0.0,0.0,0.0,0.0
cc7d03a3a03a3325,0,clean,3597,2,1,1.0,True,0.0,0.9,1.0,1.0,0.0,0.0,0.0,0.0
cc7d03a3a03a3325,0,clean,3598,2,1,1.0,True,0.0,0.9,1.0,1.0,0.0,0.0,0.0,0.0
cc7d03a3a03a3325,0,clean,3599,2,1,1.0,True,0.0,0.9,1.0,1.0,0.0,0.0,0.0,0.0
cc7d03a3a03a3325,0,clean,3600,2,1,1.0,True,0.0,0.9,1.0,1.0,0.0,0.0,0.0,0.0
cc7d03a3a03a3325,0,clean,3601,2,1,1.0,True,0.0,0.9,1.0,1.0,0.0,0.0,0.0,0.0
cc7d03a3a03a3325,0,clean,3602,2,0,-0.1,False,0.0,0.9,0.6200000000000001,0.6200000000000001,0.0,0.0,0.0,0.0
cc7d03a3a03a3325,0,clean,3603,1,1,-0.1,False,0.0,0.9,0.8,0.8,0.0,0.0,0.0,0.0
cc7d03a3a03a3325,0,clean,3604,2,0,-0.1,False,0.0,0.9,0.6200000000000001,0.6200000000000001,0.0,0.0,0.0,0.0
cc7d03a3a03a3325,0,clean,3605,1,1,-0.1,False,0.0,0.9,0.8,0.8,0.0,0.0,0.0,0.0
cc7d03a3a03a3325,0,clean,3606,2,1,1.0,True,0.0,0.9,1.0,1.0,0.0,0.0,0.0,0.0
cc7d03a3a03a3325,0,clean,3607,2,1,1.0,True,0.0,0.9,1.0,1.0,0.0,0.0,0.0,0.0
cc7d03a3a03a3325,0,clean,3608,2,1,1.0,True,0.0,0.9,1.0,1.0,0.0,0.0,0.0,0.0
cc7d03a3a03a3325,0,clean,3609,2,1,1.0,True,0.0,0.9,1.0,1.0,0.0,0.0,0.0,0.0
cc7d03a3a03a3325,0,clean,3610,2,1,1.0,True,0.0,0.9,1.0,1.0,0.0,0.0,0.0,0.0
cc7d03a3a03a3325,0,clean,3611,2,0,-0.1,False,0.0,0.9,0.6200000000000001,0.6200000000000001,0.0,0.0,0.0,0.0
cc7d03a3a03a3325,0,clean,3612,1,1,-0.1,False,0.0,0.9,0.8,0.8,0.0,0.0,0.0,0.0
cc7d03a3a03a3325,0,clean,3613,2,1,1.0,True,0.0,0.9,1.0,1.0,0.0,0.0,0.0,0.0
cc7d03a3a03a3325,0,clean,3614,2,1,1.0,True,0.0,0.9,1.0,1.0,0.0,0.0,0.0,0.0
cc7d03a3a03a3325,0,clean,3615,2,1,1.0,True,0.0,0.9,1.0,1.0,0.0,0.0,0.0,0.0
cc7d03a3a03a3325,0,clean,3616,2,0,-0.1,False,0.0,0.9,0.6200000000000001,0.6200000000000001,0.0,0.0,0.0,0.0
cc7d03a3a03a3325,0,clean,3617,1,0,-0.1,False,0.0,0.9,0.4580000000000002,0.4580000000000002,0.0,0.0,0.0,0.0
cc7d03a3a03a3325,0,clean,3618,0,1,-0.1,False,0.0,0.9,0.6200000000000001,0.6200000000000001,0.0,0.0,0.0,0.0
cc7d03a3a03a3325,0,clean,3619,1,1,-0.1,False,0.0,0.9,0.8,0.8,0.0,0.0,0.0,0.0
cc7d03a3a03a3325,0,clean,3620,2,1,1.0,True,0.0,0.9,1.0,1.0,0.0,0.0,0.0,0.0
cc7d03a3a03a3325,0,clean,3621,2,0,-0.1,False,0.0,0.9,0.6200000000000001,0.6200000000000001,0.0,0.0,0.0,0.0
cc7d03a3a03a3325,0,clean,3622,1,1,-0.1,False,0.0,0.9,0.8,0.8,0.0,0.0,0.0,0.0
cc7d03a3a03a3325,0,clean,3623,2,1,1.0,True,0.0,0.9,1.0,1.0,0.0,0.0,0.0,0.0
cc7d03a3a03a3325,0,clean,3624,2,1,1.0,True,0.0,0.9,1.0,1.0,0.0,0.0,0.0,0.0
cc7d03a3a03a3325,0,clean,3625,2,1,1.0,True,0.0,0.9,1.0,1.0,0.0,0.0,0.0,0.0
cc7d03a3a03a3325,0,clean,3626,2,1,1.0,True,0.0,0.9,1.0,1.0,0.0,0.0,0.0,0.0
cc7d03a3a03a3325,0,clean,3627,2,0,-0.1,False,0.0,0.9,0.6200000000000001,0.6200000000000001,0.0,0.0,0.0,0.0
cc7d03a3a03a3325,0,clean,3628,1,1,-0.1,False,0.0,0.9,0.8,0.8,0.0,0.0,0.0,0.0
cc7d03a3a03a3325,0,clean,3629,2,1,1.0,True,0.0,0.9,1.0,1.0,0.0,0.0,0.0,0.0
cc7d03a3a03a3325,0,clean,3630,2,1,1.0,True,0.0,0.9,1.0,1.0,0.0,0.0,0.0,0.0
cc7d03a3a03a3325,0,clean,3631,2,1,1.0,True,0.0,0.9,1.0,1.0,0.0,0.0,0.0,0.0
cc7d03a3a03a3325,0,clean,3632,2,0,-0.1,False,0.0,0.9,0.6200000000000001,0.6200000000000001,0.0,0.0,0.0,0.0
cc7d03a3a03a3325,0,clean,3633,1,1,-0.1,False,0.0,0.9,0.8,0.8,0.0,0.0,0.0,0.0
cc7d03a3a03a3325,0,clean,3634,2,1,1.0,True,0.0,0.9,1.0,1.0,0.0,0.0,0.0,0.0
cc7d03a3a03a3325,0,clean,3635,2,1,1.0,True,0.0,0.9,1.0,1.0,0.0,0.0,0.0,0.0
cc7d03a3a03a3325,0,clean,3636,2,1,1.0,True,0.0,0.9,1.0,1.0,0.0,0.0,0.0,0.0
cc7d03a3a03a3325,0,clean,3637,2,1,1.0,True,0.0,0.9,1.0,1.0,0.0,0.0,0.0,0.0
cc7d03a3a03a3325,0,clean,3638,2,1,1.0,True,0.0,0.9,1.0,1.0,0.0,0.0,0.0,0.0
cc7d03a3a03a3325,0,clean,3639,2,1,1.0,True,0.0,0.9,1.0,1.0,0.0,0.0,0.0,0.0
cc7d03a3a03a3325,0,clean,3640,2,1,1.0,True,0.0,0.9,1.0,1.0,0.0,0.0,0.0,0.0
cc7d03a3a03a3325,0,clean,3641,2,1,1.0,True,0.0,0.9,1.0,1.0,0.0,0.0,0.0,0.0
cc7d03a3a03a3325,0,clean,3642,2,1,1.0,True,0.0,0.9,1.0,1.0,0.0,0.0,0.0,0.0
cc7d03a3a03a3325,0,clean,3643,2,0,-0.1,False,0.0,0.9,0.6200000000000001,0.6200000000000001,0.0,0.0,0.0,0.0
cc7d03a3a03a3325,0,clean,3644,1,1,-0.1,False,0.0,0.9,0.8,0.8,0.0,0.0,0.0,0.0
cc7d03a3a03a3325,0,clean,3645,2,0,-0.1,False,0.0,0.9,0.6200000000000001,0.6200000000000001,0.0,0.0,0.0,0.0
cc7d03a3a03a3325,0,clean,3646,1,0,-0.1,False,0.0,0.9,0.4580000000000002,0.4580000000000002,0.0,0.0,0.0,0.0
cc7d03a3a03a3325,0,clean,3647,0,1,-0.1,False,0.0,0.9,0.6200000000000001,0.6200000000000001,0.0,0.0,0.0,0.0
cc7d03a3a03a3325,0,clean,3648,1,1,-0.1,False,0.0,0.9,0.8,0.8,0.0,0.0,0.0,0.0
cc7d03a3a03a3325,0,clean,3649,2,0,-0.1,False,0.0,0.9,0.6200000000000001,0.6200000000000001,0.0,0.0,0.0,0.0
cc7d03a3a03a3325,0,clean,3650,1,1,-0.1,False,0.0,0.9,0.8,0.8,0.0,0.0,0.0,0.0
cc7d03a3a03a3325,0,clean,3651,2,1,1.0,True,0.0,0.9,1.0,1.0,0.0,0.0,0.0,0.0
cc7d03a3a03a3325,0,clean,3652,2,0,-0.1,False,0.0,0.9,0.6200000000000001,0.6200000000000001,0.0,0.0,0.0,0.0
cc7d03a3a03a3325,0,clean,3653,1,1,-0.1,False,0.0,0.9,0.8,0.8,0.0,0.0,0.0,0.0
cc7d03a3a03a3325,0,clean,3654,2,1,1.0,True,0.0,0.9,1.0,1.0,0.0,0.0,0.0,0.0
cc7d03a3a03a3325,0,clean,3655,2,1,1.0,True,0.0,0.9,1.0,1.0,0.0,0.0,0.0,0.0
cc7d03a3a03a3325,0,clean,3656,2,1,1.0,True,0.0,0.9,1.0,1.0,0.0,0.0,0.0,0.0
cc7d03a3a03a3325,0,clean,3657,2,1,1.0,True,0.0,0.9,1.0,1.0,0.0,0.0,0.0,0.0
cc7d03a3a03a3325,0,clean,3658,2,1,1.0,True,0.0,0.9,1.0,1.0,0.0,0.0,0.0,0.0
cc7d03a3a03a3325,0,clean,3659,2,1,1.0,True,0.0,0.9,1.0,1.0,0.0,0.0,0.0,0.0
cc7d03a3a03a3325,0,clean,3660,2,1,1.0,True,0.0,0.9,1.0,1.0,0.0,0.0,0.0,0.0
cc7d03a3a03a3325,0,clean,3661,2,0,-0.1,False,0.0,0.9,0.6200000000000001,0.6200000000000001,0.0,0.0,0.0,0.0
cc7d03a3a03a3325,0,clean,3662,1,1,-0.1,False,0.0,0.9,0.8,0.8,0.0,0.0,0.0,0.0
cc7d03a3a03a3325,0,clean,3663,2,0,-0.1,False,0.0,0.9,0.6200000000000001,0.6200000000000001,0.0,0.0,0.0,0.0
cc7d03a3a03a3325,0,clean,3664,1,1,-0.1,False,0.0,0.9,0.8,0.8,0.0,0.0,0.0,0.0
cc7d03a3a03a3325,0,clean,3665,2,0,-0.1,False,0.0,0.9,0.6200000000000001,0.6200000000000001,0.0,0.0,0.0,0.0
cc7d03a3a03a3325,0,clean,3666,1,1,-0.1,False,0.0,0.9,0.8,0.8,0.0,0.0,0.0,0.0
cc7d03a3a03a3325,0,clean,3667,2,1,1.0,True,0.0,0.9,1.0,1.0,0.0,0.0,0.0,0.0
cc7d03a3a03a3325,0,clean,3668,2,1,1.0,True,0.0,0.9,1.0,1.0,0.0,0.0,0.0,0.0
cc7d03a3a03a3325,0,clean,3669,2,1,1.0,True,0.0,0.9,1.0,1.0,0.0,0.0,0.0,0.0
cc7d03a3a03a3325,0,clean,3670,2,1,1.0,True,0.0,0.9,1.0,1.0,0.0,0.0,0.0,0.0
cc7d03a3a03a3325,0,clean,3671,2,1,1.0,True,0.0,0.9,1.0,1.0,0.0,0.0,0.0,0.0
cc7d03a3a03a3325,0,clean,3672,2,1,1.0,True,0.0,0.9,1.0,1.0,0.0,0.0,0.0,0.0
cc7d03a3a03a3325,0,clean,3673,2,0,-0.1,False,0.0,0.9,0.6200000000000001,0.6200000000000001,0.0,0.0,0.0,0.0
cc7d03a3a03a3325,0,clean,3674,1,0,-0.1,False,0.0,0.9,0.4580000000000002,0.4580000000000002,0.0,0.0,0.0,0.0
cc7d03a3a03a3325,0,clean,3675,0,1,-0.1,False,0.0,0.9,0.6200000000000001,0.6200000000000001,0.0,0.0,0.0,0.0
cc7d03a3a03a3325,0,clean,3676,1,0,-0.1,False,0.0,0.9,0.4580000000000002,0.4580000000000002,0.0,0.0,0.0,0.0
cc7d03a3a03a3325,0,clean,3677,0,0,-0.1,False,0.0,0.9,0.4580000000000002,0.4580000000000002,0.0,0.0,0.0,0.0
cc7d03a3a03a3325,0,clean,3678,0,1,-0.1,False,0.0,0.9,0.6200000000000001,0.6200000000000001,0.0,0.0,0.0,0.0
cc7d03a3a03a3325,0,clean,3679,1,1,-0.1,False,0.0,0.9,0.8,0.8,0.0,0.0,0.0,0.0
cc7d03a3a03a3325,0,clean,3680,2,1,1.0,True,0.0,0.9,1.0,1.0,0.0,0.0,0.0,0.0
cc7d03a3a03a3325,0,clean,3681,2,1,1.0,True,0.0,0.9,1.0,1.0,0.0,0.0,0.0,0.0
cc7d03a3a03a3325,0,clean,3682,2,1,1.0,True,0.0,0.9,1.0,1.0,0.0,0.0,0.0,0.0
cc7d03a3a03a3325,0,clean,3683,2,1,1.0,True,0.0,0.9,1.0,1.0,0.0,0.0,0.0,0.0
cc7d03a3a03a3325,0,clean,3684,2,1,1.0,True,0.0,0.9,1.0,1.0,0.0,0.0,0.0,0.0
cc7d03a3a03a3325,0,clean,3685,2,1,1.0,True,0.0,0.9,1.0,1.0,0.0,0.0,0.0,0.0
cc7d03a3a03a3325,0,clean,3686,2,1,1.0,True,0.0,0.9,1.0,1.0,0.0,0.0,0.0,0.0
cc7d03a3a03a3325,0,clean,3687,2,1,1.0,True,0.0,0.9,1.0,1.0,0.0,0.0,0.0,0.0
cc7d03a3a03a3325,0,clean,3688,2,0,-0.1,False,0.0,0.9,0.6200000000000001,0.6200000000000001,0.0,0.0,0.0,0.0
cc7d03a3a03a3325,0,clean,3689,1,1,-0.1,False,0.0,0.9,0.8,0.8,0.0,0.0,0.0,0.0
cc7d03a3a03a3325,0,clean,3690,2,0,-0.1,False,0.0,0.9,0.6200000000000001,0.6200000000000001,0.0,0.0,0.0,0.0
cc7d03a3a03a3325,0,clean,3691,1,0,-0.1,False,0.0,0.9,0.4580000000000002,0.4580000000000002,0.0,0.0,0.0,0.0
cc7d03a3a03a3325,0,clean,3692,0,1,-0.1,False,0.0,0.9,0.6200000000000001,0.6200000000000001,0.0,0.0,0.0,0.0
cc7d03a3a03a3325,0,clean,3693,1,0,-0.1,False,0.0,0.9,0.4580000000000002,0.4580000000000002,0.0,0.0,0.0,0.0
cc7d03a3a03a3325,0,clean,3694,0,0,-0.1,False,0.0,0.9,0.4580000000000002,0.4580000000000002,0.0,0.0,0.0,0.0
cc7d03a3a03a3325,0,clean,3695,0,1,-0.1,False,0.0,0.9,0.6200000000000001,0.6200000000000001,0.0,0.0,0.0,0.0
cc7d03a3a03a3325,0,clean,3696,1,1,-0.1,False,0.0,0.9,0.8,0.8,0.0,0.0,0.0,0.0
cc7d03a3a03a3325,0,clean,3697,2,1,1.0,True,0.0,0.9,1.0,1.0,0.0,0.0,0.0,0.0
cc7d03a3a03a3325,0,clean,3698,2,1,1.0,True,0.0,0.9,1.0,1.0,0.0,0.0,0.0,0.0
cc7d03a3a03a3325,0,clean,3699,2,1,1.0,True,0.0,0.9,1.0,1.0,0.0,0.0,0.0,0.0
cc7d03a3a03a3325,0,clean,3700,2,0,-0.1,False,0.0,0.9,0.6200000000000001,0.6200000000000001,0.0,0.0,0.0,0.0
cc7d03a3a03a3325,0,clean,3701,1,1,-0.1,False,0.0,0.9,0.8,0.8,0.0,0.0,0.0,0.0
cc7d03a3a03a3325,0,clean,3702,2,1,1.0,True,0.0,0.9,1.0,1.0,0.0,0.0,0.0,0.0
cc7d03a3a03a3325,0,clean,3703,2,1,1.0,True,0.0,0.9,1.0,1.0,0.0,0.0,0.0,0.0
cc7d03a3a03a3325,0,clean,3704,2,1,1.0,True,0.0,0.9,1.0,1.0,0.0,0.0,0.0,0.0
cc7d03a3a03a3325,0,clean,3705,2,1,1.0,True,0.0,0.9,1.0,1.0,0.0,0.0,0.0,0.0
cc7d03a3a03a3325,0,clean,3706,2,1,1.0,True,0.0,0.9,1.0,1.0,0.0,0.0,0.0,0.0
cc7d03a3a03a3325,0,clean,3707,2,1,1.0,True,0.0,0.9,1.0,1.0,0.0,0.0,0.0,0.0
cc7d03a3a03a3325,0,clean,3708,2,1,1.0,True,0.0,0.9,1.0,1.0,0.0,0.0,0.0,0.0
cc7d03a3a03a3325,0,clean,3709,2,1,1.0,True,0.0,0.9,1.0,1.0,0.0,0.0,0.0,0.0
cc7d03a3a03a3325,0,clean,3710,2,1,1.0,True,0.0,0.9,1.0,1.0,0.0,0.0,0.0,0.0
cc7d03a3a03a3325,0,clean,3711,2,0,-0.1,False,0.0,0.9,0.6200000000000001,0.6200000000000001,0.0,0.0,0.0,0.0
cc7d03a3a03a3325,0,clean,3712,1,1,-0.1,False,0.0,0.9,0.8,0.8,0.0,0.0,0.0,0.0
cc7d03a3a03a3325,0,clean,3713,2,1,1.0,True,0.0,0.9,1.0,1.0,0.0,0.0,0.0,0.0
cc7d03a3a03a3325,0,clean,3714,2,1,1.0,True,0.0,0.9,1.0,1.0,0.0,0.0,0.0,0.0
cc7d03a3a03a3325,0,clean,3715,2,1,1.0,True,0.0,0.9,1.0,1.0,0.0,0.0,0.0,0.0
cc7d03a3a03a3325,0,clean,3716,2,1,1.0,True,0.0,0.9,1.0,1.0,0.0,0.0,0.0,0.0
cc7d03a3a03a3325,0,clean,3717,2,1,1.0,True,0.0,0.9,1.0,1.0,0.0,0.0,0.0,0.0
cc7d03a3a03a3325,0,clean,3718,2,1,1.0,True,0.0,0.9,1.0,1.0,0.0,0.0,0.0,0.0
cc7d03a3a03a3325,0,clean,3719,2,0,-0.1,False,0.0,0.9,0.6200000000000001,0.6200000000000001,0.0,0.0,0.0,0.0
cc7d03a3a03a3325,0,clean,3720,1,1,-0.1,False,0.0,0.9,0.8,0.8,0.0,0.0,0.0,0.0
cc7d03a3a03a3325,0,clean,3721,2,1,1.0,True,0.0,0.9,1.0,1.0,0.0,0.0,0.0,0.0
cc7d03a3a03a3325,0,clean,3722,2,1,1.0,True,0.0,0.9,1.0,1.0,0.0,0.0,0.0,0.0
cc7d03a3a03a3325,0,clean,3723,2,0,-0.1,False,0.0,0.9,0.6200000000000001,0.6200000000000001,0.0,0.0,0.0,0.0
cc7d03a3a03a3325,0,clean,3724,1,1,-0.1,False,0.0,0.9,0.8,0.8,0.0,0.0,0.0,0.0
cc7d03a3a03a3325,0,clean,3725,2,1,1.0,True,0.0,0.9,1.0,1.0,0.0,0.0,0.0,0.0
cc7d03a3a03a3325,0,clean,3726,2,1,1.0,True,0.0,0.9,1.0,1.0,0.0,0.0,0.0,0.0
cc7d03a3a03a3325,0,clean,3727,2,1,1.0,True,0.0,0.9,1.0,1.0,0.0,0.0,0.0,0.0
cc7d03a3a03a3325,0,clean,3728,2,1,1.0,True,0.0,0.9,1.0,1.0,0.0,0.0,0.0,0.0
cc7d03a3a03a3325,0,clean,3729,2,1,1.0,True,0.0,0.9,1.0,1.0,0.0,0.0,0.0,0.0
cc7d03a3a03a3325,0,clean,3730,2,1,1.0,True,0.0,0.9,1.0,1.0,0.0,0.0,0.0,0.0
cc7d03a3a03a3325,0,clean,3731,2,1,1.0,True,0.0,0.9,1.0,1.0,0.0,0.0,0.0,0.0
cc7d03a3a03a3325,0,clean,3732,2,1,1.0,True,0.0,0.9,1.0,1.0,0.0,0.0,0.0,0.0
cc7d03a3a03a3325,0,clean,3733,2,1,1.0,True,0.0,0.9,1.0,1.0,0.0,0.0,0.0,0.0
cc7d03a3a03a3325,0,clean,3734,2,1,1.0,True,0.0,0.9,1.0,1.0,0.0,0.0,0.0,0.0
cc7d03a3a03a3325,0,clean,3735,2,1,1.0,True,0.0,0.9,1.0,1.0,0.0,0.0,0.0,0.0
cc7d03a3a03a3325,0,clean,3736,2,1,1.0,True,0.0,0.9,1.0,1.0,0.0,0.0,0.0,0.0
cc7d03a3a03a3325,0,clean,3737,2,1,1.0,True,0.0,0.9,1.0,1.0,0.0,0.0,0.0,0.0
cc7d03a3a03a3325,0,clean,3738,2,1,1.0,True,0.0,0.9,1.0,1.0,0.0,0.0,0.0,0.0
cc7d03a3a03a3325,0,clean,3739,2,1,1.0,True,0.0,0.9,1.0,1.0,0.0,0.0,0.0,0.0
cc7d03a3a03a3325,0,clean,3740,2,1,1.0,True,0.0,0.9,1.0,1.0,0.0,0.0,0.0,0.0
cc7d03a3a03a3325,0,clean,3741,2,1,1.0,True,0.0,0.9,1.0,1.0,0.0,0.0,0.0,0.0
cc7d03a3a03a3325,0,clean,3742,2,1,1.0,True,0.0,0.9,1.0,1.0,0.0,0.0,0.0,0.0
cc7d03a3a03a3325,0,clean,3743,2,1,1.0,True,0.0,0.9,1.0,1.0,0.0,0.0,0.0,0.0
cc7d03a3a03a3325,0,clean,3744,2,0,-0.1,False,0.0,0.9,0.6200000000000001,0.6200000000000001,0.0,0.0,0.0,0.0
cc7d03a3a03a3325,0,clean,3745,1,1,-0.1,False,0.0,0.9,0.8,0.8,0.0,0.0,0.0,0.0
cc7d03a3a03a3325,0,clean,3746,2,0,-0.1,False,0.0,0.9,0.6200000000000001,0.6200000000000001,0.0,0.0,0.0,0.0
cc7d03a3a03a3325,0,clean,3747,1,0,-0.1,False,0.0,0.9,0.4580000000000002,0.4580000000000002,0.0,0.0,0.0,0.0
cc7d03a3a03a3325,0,clean,3748,0,0,-0.1,False,0.0,0.9,0.4580000000000002,0.4580000000000002,0.0,0.0,0.0,0.0
cc7d03a3a03a3325,0,clean,3749,0,1,-0.1,False,0.0,0.9,0.6200000000000001,0.6200000000000001,0.0,0.0,0.0,0.0
cc7d03a3a03a3325,0,clean,3750,1,1,-0.1,False,0.0,0.9,0.8,0.8,0.0,0.0,0.0,0.0
cc7d03a3a03a3325,0,clean,3751,2,1,1.0,True,0.0,0.9,1.0,1.0,0.0,0.0,0.0,0.0
cc7d03a3a03a3325,0,clean,3752,2,1,1.0,True,0.0,0.9,1.0,1.0,0.0,0.0,0.0,0.0
cc7d03a3a03a3325,0,clean,3753,2,1,1.0,True,0.0,0.9,1.0,1.0,0.0,0.0,0.0,0.0
cc7d03a3a03a3325,0,clean,3754,2,1,1.0,True,0.0,0.9,1.0,1.0,0.0,0.0,0.0,0.0
cc7d03a3a03a3325,0,clean,3755,2,1,1.0,True,0.0,0.9,1.0,1.0,0.0,0.0,0.0,0.0
cc7d03a3a03a3325,0,clean,3756,2,1,1.0,True,0.0,0.9,1.0,1.0,0.0,0.0,0.0,0.0
cc7d03a3a03a3325,0,clean,3757,2,0,-0.1,False,0.0,0.9,0.6200000000000001,0.6200000000000001,0.0,0.0,0.0,0.0
cc7d03a3a03a3325,0,clean,3758,1,1,-0.1,False,0.0,0.9,0.8,0.8,0.0,0.0,0.0,0.0
cc7d03a3a03a3325,0,clean,3759,2,1,1.0,True,0.0,0.9,1.0,1.0,0.0,0.0,0.0,0.0
cc7d03a3a03a3325,0,clean,3760,2,1,1.0,True,0.0,0.9,1.0,1.0,0.0,0.0,0.0,0.0
cc7d03a3a03a3325,0,clean,3761,2,1,1.0,True,0.0,0.9,1.0,1.0,0.0,0.0,0.0,0.0
cc7d03a3a03a3325,0,clean,3762,2,1,1.0,True,0.0,0.9,1.0,1.0,0.0,0.0,0.0,0.0
cc7d03a3a03a3325,0,clean,3763,2,1,1.0,True,0.0,0.9,1.0,1.0,0.0,0.0,0.0,0.0
cc7d03a3a03a3325,0,clean,3764,2,1,1.0,True,0.0,0.9,1.0,1.0,0.0,0.0,0.0,0.0
cc7d03a3a03a3325,0,clean,3765,2,1,1.0,True,0.0,0.9,1.0,1.0,0.0,0.0,0.0,0.0
cc7d03a3a03a3325,0,clean,3766,2,1,1.0,True,0.0,0.9,1.0,1.0,0.0,0.0,0.0,0.0
cc7d03a3a03a3325,0,clean,3767,2,0,-0.1,False,0.0,0.9,0.6200000000000001,0.6200000000000001,0.0,0.0,0.0,0.0
cc7d03a3a03a3325,0,clean,3768,1,0,-0.1,False,0.0,0.9,0.4580000000000002,0.4580000000000002,0.0,0.0,0.0,0.0
cc7d03a3a03a3325,0,clean,3769,0,1,-0.1,False,0.0,0.9,0.6200000000000001,0.6200000000000001,0.0,0.0,0.0,0.0
cc7d03a3a03a3325,0,clean,3770,1,0,-0.1,False,0.0,0.9,0.4580000000000002,0.4580000000000002,0.0,0.0,0.0,0.0
cc7d03a3a03a3325,0,clean,3771,0,0,-0.1,False,0.0,0.9,0.4580000000000002,0.4580000000000002,0.0,0.0,0.0,0.0
cc7d03a3a03a3325,0,clean,3772,0,0,-0.1,False,0.0,0.9,0.4580000000000002,0.4580000000000002,0.0,0.0,0.0,0.0
cc7d03a3a03a3325,0,clean,3773,0,0,-0.1,False,0.0,0.9,0.4580000000000002,0.4580000000000002,0.0,0.0,0.0,0.0
cc7d03a3a03a3325,0,clean,3774,0,1,-0.1,False,0.0,0.9,0.6200000000000001,0.6200000000000001,0.0,0.0,0.0,0.0
cc7d03a3a03a3325,0,clean,3775,1,1,-0.1,False,0.0,0.9,0.8,0.8,0.0,0.0,0.0,0.0
cc7d03a3a03a3325,0,clean,3776,2,1,1.0,True,0.0,0.9,1.0,1.0,0.0,0.0,0.0,0.0
cc7d03a3a03a3325,0,clean,3777,2,1,1.0,True,0.0,0.9,1.0,1.0,0.0,0.0,0.0,0.0
cc7d03a3a03a3325,0,clean,3778,2,1,1.0,True,0.0,0.9,1.0,1.0,0.0,0.0,0.0,0.0
cc7d03a3a03a3325,0,clean,3779,2,1,1.0,True,0.0,0.9,1.0,1.0,0.0,0.0,0.0,0.0
cc7d03a3a03a3325,0,clean,3780,2,1,1.0,True,0.0,0.9,1.0,1.0,0.0,0.0,0.0,0.0
cc7d03a3a03a3325,0,clean,3781,2,1,1.0,True,0.0,0.9,1.0,1.0,0.0,0.0,0.0,0.0
cc7d03a3a03a3325,0,clean,3782,2,1,1.0,True,0.0,0.9,1.0,1.0,0.0,0.0,0.0,0.0
cc7d03a3a03a3325,0,clean,3783,2,1,1.0,True,0.0,0.9,1.0,1.0,0.0,0.0,0.0,0.0
cc7d03a3a03a3325,0,clean,3784,2,1,1.0,True,0.0,0.9,1.0,1.0,0.0,0.0,0.0,0.0
cc7d03a3a03a3325,0,clean,3785,2,1,1.0,True,0.0,0.9,1.0,1.0,0.0,0.0,0.0,0.0
cc7d03a3a03a3325,0,clean,3786,2,1,1.0,True,0.0,0.9,1.0,1.0,0.0,0.0,0.0,0.0
cc7d03a3a03a3325,0,clean,3787,2,1,1.0,True,0.0,0.9,1.0,1.0,0.0,0.0,0.0,0.0
cc7d03a3a03a3325,0,clean,3788,2,1,1.0,True,0.0,0.9,1.0,1.0,0.0,0.0,0.0,0.0
cc7d03a3a03a3325,0,clean,3789,2,1,1.0,True,0.0,0.9,1.0,1.0,0.0,0.0,0.0,0.0
cc7d03a3a03a3325,0,clean,3790,2,1,1.0,True,0.0,0.9,1.0,1.0,0.0,0.0,0.0,0.0
cc7d03a3a03a3325,0,clean,3791,2,1,1.0,True,0.0,0.9,1.0,1.0,0.0,0.0,0.0,0.0
cc7d03a3a03a3325,0,clean,3792,2,1,1.0,True,0.0,0.9,1.0,1.0,0.0,0.0,0.0,0.0
cc7d03a3a03a3325,0,clean,3793,2,0,-0.1,False,0.0,0.9,0.6200000000000001,0.6200000000000001,0.0,0.0,0.0,0.0
cc7d03a3a03a3325,0,clean,3794,1,1,-0.1,False,0.0,0.9,0.8,0.8,0.0,0.0,0.0,0.0
cc7d03a3a03a3325,0,clean,3795,2,1,1.0,True,0.0,0.9,1.0,1.0,0.0,0.0,0.0,0.0
cc7d03a3a03a3325,0,clean,3796,2,0,-0.1,False,0.0,0.9,0.6200000000000001,0.6200000000000001,0.0,0.0,0.0,0.0
cc7d03a3a03a3325,0,clean,3797,1,1,-0.1,False,0.0,0.9,0.8,0.8,0.0,0.0,0.0,0.0
cc7d03a3a03a3325,0,clean,3798,2,0,-0.1,False,0.0,0.9,0.6200000000000001,0.6200000000000001,0.0,0.0,0.0,0.0
cc7d03a3a03a3325,0,clean,3799,1,1,-0.1,False,0.0,0.9,0.8,0.8,0.0,0.0,0.0,0.0
cc7d03a3a03a3325,0,clean,3800,2,1,1.0,True,0.0,0.9,1.0,1.0,0.0,0.0,0.0,0.0
cc7d03a3a03a3325,0,clean,3801,2,1,1.0,True,0.0,0.9,1.0,1.0,0.0,0.0,0.0,0.0
cc7d03a3a03a3325,0,clean,3802,2,1,1.0,True,0.0,0.9,1.0,1.0,0.0,0.0,0.0,0.0
cc7d03a3a03a3325,0,clean,3803,2,1,1.0,True,0.0,0.9,1.0,1.0,0.0,0.0,0.0,0.0
cc7d03a3a03a3325,0,clean,3804,2,1,1.0,True,0.0,0.9,1.0,1.0,0.0,0.0,0.0,0.0
cc7d03a3a03a3325,0,clean,3805,2,1,1.0,True,0.0,0.9,1.0,1.0,0.0,0.0,0.0,0.0
cc7d03a3a03a3325,0,clean,3806,2,1,1.0,True,0.0,0.9,1.0,1.0,0.0,0.0,0.0,0.0
cc7d03a3a03a3325,0,clean,3807,2,1,1.0,True,0.0,0.9,1.0,1.0,0.0,0.0,0.0,0.0
cc7d03a3a03a3325,0,clean,3808,2,1,1.0,True,0.0,0.9,1.0,1.0,0.0,0.0,0.0,0.0
cc7d03a3a03a3325,0,clean,3809,2,1,1.0,True,0.0,0.9,1.0,1.0,0.0,0.0,0.0,0.0
cc7d03a3a03a3325,0,clean,3810,2,1,1.0,True,0.0,0.9,1.0,1.0,0.0,0.0,0.0,0.0
cc7d03a3a03a3325,0,clean,3811,2,1,1.0,True,0.0,0.9,1.0,1.0,0.0,0.0,0.0,0.0
cc7d03a3a03a3325,0,clean,3812,2,1,1.0,True,0.0,0.9,1.0,1.0,0.0,0.0,0.0,0.0
cc7d03a3a03a3325,0,clean,3813,2,1,1.0,True,0.0,0.9,1.0,1.0,0.0,0.0,0.0,0.0
cc7d03a3a03a3325,0,clean,3814,2,0,-0.1,False,0.0,0.9,0.6200000000000001,0.6200000000000001,0.0,0.0,0.0,0.0
cc7d03a3a03a3325,0,clean,3815,1,1,-0.1,False,0.0,0.9,0.8,0.8,0.0,0.0,0.0,0.0
cc7d03a3a03a3325,0,clean,3816,2,1,1.0,True,0.0,0.9,1.0,1.0,0.0,0.0,0.0,0.0
cc7d03a3a03a3325,0,clean,3817,2,1,1.0,True,0.0,0.9,1.0,1.0,0.0,0.0,0.0,0.0
cc7d03a3a03a3325,0,clean,3818,2,1,1.0,True,0.0,0.9,1.0,1.0,0.0,0.0,0.0,0.0
cc7d03a3a03a3325,0,clean,3819,2,1,1.0,True,0.0,0.9,1.0,1.0,0.0,0.0,0.0,0.0
cc7d03a3a03a3325,0,clean,3820,2,1,1.0,True,0.0,0.9,1.0,1.0,0.0,0.0,0.0,0.0
cc7d03a3a03a3325,0,clean,3821,2,1,1.0,True,0.0,0.9,1.0,1.0,0.0,0.0,0.0,0.0
cc7d03a3a03a3325,0,clean,3822,2,0,-0.1,False,0.0,0.9,0.6200000000000001,0.6200000000000001,0.0,0.0,0.0,0.0
cc7d03a3a03a3325,0,clean,3823,1,0,-0.1,False,0.0,0.9,0.4580000000000002,0.4580000000000002,0.0,0.0,0.0,0.0
cc7d03a3a03a3325,0,clean,3824,0,1,-0.1,False,0.0,0.9,0.6200000000000001,0.6200000000000001,0.0,0.0,0.0,0.0
cc7d03a3a03a3325,0,clean,3825,1,1,-0.1,False,0.0,0.9,0.8,0.8,0.0,0.0,0.0,0.0
cc7d03a3a03a3325,0,clean,3826,2,1,1.0,True,0.0,0.9,1.0,1.0,0.0,0.0,0.0,0.0
cc7d03a3a03a3325,0,clean,3827,2,1,1.0,True,0.0,0.9,1.0,1.0,0.0,0.0,0.0,0.0
cc7d03a3a03a3325,0,clean,3828,2,1,1.0,True,0.0,0.9,1.0,1.0,0.0,0.0,0.0,0.0
cc7d03a3a03a3325,0,clean,3829,2,1,1.0,True,0.0,0.9,1.0,1.0,0.0,0.0,0.0,0.0
cc7d03a3a03a3325,0,clean,3830,2,1,1.0,True,0.0,0.9,1.0,1.0,0.0,0.0,0.0,0.0
cc7d03a3a03a3325,0,clean,3831,2,0,-0.1,False,0.0,0.9,0.6200000000000001,0.6200000000000001,0.0,0.0,0.0,0.0
cc7d03a3a03a3325,0,clean,3832,1,1,-0.1,False,0.0,0.9,0.8,0.8,0.0,0.0,0.0,0.0
cc7d03a3a03a3325,0,clean,3833,2,1,1.0,True,0.0,0.9,1.0,1.0,0.0,0.0,0.0,0.0
cc7d03a3a03a3325,0,clean,3834,2,1,1.0,True,0.0,0.9,1.0,1.0,0.0,0.0,0.0,0.0
cc7d03a3a03a3325,0,clean,3835,2,1,1.0,True,0.0,0.9,1.0,1.0,0.0,0.0,0.0,0.0
cc7d03a3a03a3325,0,clean,3836,2,1,1.0,True,0.0,0.9,1.0,1.0,0.0,0.0,0.0,0.0
cc7d03a3a03a3325,0,clean,3837,2,1,1.0,True,0.0,0.9,1.0,1.0,0.0,0.0,0.0,0.0
cc7d03a3a03a3325,0,clean,3838,2,1,1.0,True,0.0,0.9,1.0,1.0,0.0,0.0,0.0,0.0
cc7d03a3a03a3325,0,clean,3839,2,1,1.0,True,0.0,0.9,1.0,1.0,0.0,0.0,0.0,0.0
cc7d03a3a03a3325,0,clean,3840,2,1,1.0,True,0.0,0.9,1.0,1.0,0.0,0.0,0.0,0.0
cc7d03a3a03a3325,0,clean,3841,2,1,1.0,True,0.0,0.9,1.0,1.0,0.0,0.0,0.0,0.0
cc7d03a3a03a3325,0,clean,3842,2,1,1.0,True,0.0,0.9,1.0,1.0,0.0,0.0,0.0,0.0
cc7d03a3a03a3325,0,clean,3843,2,1,1.0,True,0.0,0.9,1.0,1.0,0.0,0.0,0.0,0.0
cc7d03a3a03a3325,0,clean,3844,2,0,-0.1,False,0.0,0.9,0.6200000000000001,0.6200000000000001,0.0,0.0,0.0,0.0
cc7d03a3a03a3325,0,clean,3845,1,1,-0.1,False,0.0,0.9,0.8,0.8,0.0,0.0,0.0,0.0
cc7d03a3a03a3325,0,clean,3846,2,1,1.0,True,0.0,0.9,1.0,1.0,0.0,0.0,0.0,0.0
cc7d03a3a03a3325,0,clean,3847,2,1,1.0,True,0.0,0.9,1.0,1.0,0.0,0.0,0.0,0.0
cc7d03a3a03a3325,0,clean,3848,2,1,1.0,True,0.0,0.9,1.0,1.0,0.0,0.0,0.0,0.0
cc7d03a3a03a3325,0,clean,3849,2,1,1.0,True,0.0,0.9,1.0,1.0,0.0,0.0,0.0,0.0
cc7d03a3a03a3325,0,clean,3850,2,1,1.0,True,0.0,0.9,1.0,1.0,0.0,0.0,0.0,0.0
cc7d03a3a03a3325,0,clean,3851,2,1,1.0,True,0.0,0.9,1.0,1.0,0.0,0.0,0.0,0.0
cc7d03a3a03a3325,0,clean,3852,2,0,-0.1,False,0.0,0.9,0.6200000000000001,0.6200000000000001,0.0,0.0,0.0,0.0
cc7d03a3a03a3325,0,clean,3853,1,1,-0.1,False,0.0,0.9,0.8,0.8,0.0,0.0,0.0,0.0
cc7d03a3a03a3325,0,clean,3854,2,1,1.0,True,0.0,0.9,1.0,1.0,0.0,0.0,0.0,0.0
cc7d03a3a03a3325,0,clean,3855,2,1,1.0,True,0.0,0.9,1.0,1.0,0.0,0.0,0.0,0.0
cc7d03a3a03a3325,0,clean,3856,2,1,1.0,True,0.0,0.9,1.0,1.0,0.0,0.0,0.0,0.0
cc7d03a3a03a3325,0,clean,3857,2,1,1.0,True,0.0,0.9,1.0,1.0,0.0,0.0,0.0,0.0
cc7d03a3a03a3325,0,clean,3858,2,1,1.0,True,0.0,0.9,1.0,1.0,0.0,0.0,0.0,0.0
cc7d03a3a03a3325,0,clean,3859,2,1,1.0,True,0.0,0.9,1.0,1.0,0.0,0.0,0.0,0.0
cc7d03a3a03a3325,0,clean,3860,2,0,-0.1,False,0.0,0.9,0.6200000000000001,0.6200000000000001,0.0,0.0,0.0,0.0
cc7d03a3a03a3325,0,clean,3861,1,1,-0.1,False,0.0,0.9,0.8,0.8,0.0,0.0,0.0,0.0
cc7d03a3a03a3325,0,clean,3862,2,1,1.0,True,0.0,0.9,1.0,1.0,0.0,0.0,0.0,0.0
cc7d03a3a03a3325,0,clean,3863,2,1,1.0,True,0.0,0.9,1.0,1.0,0.0,0.0,0.0,0.0
cc7d03a3a03a3325,0,clean,3864,2,1,1.0,True,0.0,0.9,1.0,1.0,0.0,0.0,0.0,0.0
cc7d03a3a03a3325,0,clean,3865,2,1,1.0,True,0.0,0.9,1.0,1.0,0.0,0.0,0.0,0.0
cc7d03a3a03a3325,0,clean,3866,2,1,1.0,True,0.0,0.9,1.0,1.0,0.0,0.0,0.0,0.0
cc7d03a3a03a3325,0,clean,3867,2,0,-0.1,False,0.0,0.9,0.6200000000000001,0.6200000000000001,0.0,0.0,0.0,0.0
cc7d03a3a03a3325,0,clean,3868,1,1,-0.1,False,0.0,0.9,0.8,0.8,0.0,0.0,0.0,0.0
cc7d03a3a03a3325,0,clean,3869,2,1,1.0,True,0.0,0.9,1.0,1.0,0.0,0.0,0.0,0.0
cc7d03a3a03a3325,0,clean,3870,2,0,-0.1,False,0.0,0.9,0.6200000000000001,0.6200000000000001,0.0,0.0,0.0,0.0
cc7d03a3a03a3325,0,clean,3871,1,1,-0.1,False,0.0,0.9,0.8,0.8,0.0,0.0,0.0,0.0
cc7d03a3a03a3325,0,clean,3872,2,1,1.0,True,0.0,0.9,1.0,1.0,0.0,0.0,0.0,0.0
cc7d03a3a03a3325,0,clean,3873,2,1,1.0,True,0.0,0.9,1.0,1.0,0.0,0.0,0.0,0.0
cc7d03a3a03a3325,0,clean,3874,2,1,1.0,True,0.0,0.9,1.0,1.0,0.0,0.0,0.0,0.0
cc7d03a3a03a3325,0,clean,3875,2,1,1.0,True,0.0,0.9,1.0,1.0,0.0,0.0,0.0,0.0
cc7d03a3a03a3325,0,clean,3876,2,1,1.0,True,0.0,0.9,1.0,1.0,0.0,0.0,0.0,0.0
cc7d03a3a03a3325,0,clean,3877,2,1,1.0,True,0.0,0.9,1.0,1.0,0.0,0.0,0.0,0.0
cc7d03a3a03a3325,0,clean,3878,2,1,1.0,True,0.0,0.9,1.0,1.0,0.0,0.0,0.0,0.0
cc7d03a3a03a3325,0,clean,3879,2,1,1.0,True,0.0,0.9,1.0,1.0,0.0,0.0,0.0,0.0
cc7d03a3a03a3325,0,clean,3880,2,1,1.0,True,0.0,0.9,1.0,1.0,0.0,0.0,0.0,0.0
cc7d03a3a03a3325,0,clean,3881,2,1,1.0,True,0.0,0.9,1.0,1.0,0.0,0.0,0.0,0.0
cc7d03a3a03a3325,0,clean,3882,2,1,1.0,True,0.0,0.9,1.0,1.0,0.0,0.0,0.0,0.0
cc7d03a3a03a3325,0,clean,3883,2,1,1.0,True,0.0,0.9,1.0,1.0,0.0,0.0,0.0,0.0
cc7d03a3a03a3325,0,clean,3884,2,0,-0.1,False,0.0,0.9,0.6200000000000001,0.6200000000000001,0.0,0.0,0.0,0.0
cc7d03a3a03a3325,0,clean,3885,1,1,-0.1,False,0.0,0.9,0.8,0.8,0.0,0.0,0.0,0.0
cc7d03a3a03a3325,0,clean,3886,2,1,1.0,True,0.0,0.9,1.0,1.0,0.0,0.0,0.0,0.0
cc7d03a3a03a3325,0,clean,3887,2,1,1.0,True,0.0,0.9,1.0,1.0,0.0,0.0,0.0,0.0
cc7d03a3a03a3325,0,clean,3888,2,0,-0.1,False,0.0,0.9,0.6200000000000001,0.6200000000000001,0.0,0.0,0.0,0.0
cc7d03a3a03a3325,0,clean,3889,1,1,-0.1,False,0.0,0.9,0.8,0.8,0.0,0.0,0.0,0.0
cc7d03a3a03a3325,0,clean,3890,2,1,1.0,True,0.0,0.9,1.0,1.0,0.0,0.0,0.0,0.0
cc7d03a3a03a3325,0,clean,3891,2,1,1.0,True,0.0,0.9,1.0,1.0,0.0,0.0,0.0,0.0
cc7d03a3a03a3325,0,clean,3892,2,1,1.0,True,0.0,0.9,1.0,1.0,0.0,0.0,0.0,0.0
cc7d03a3a03a3325,0,clean,3893,2,1,1.0,True,0.0,0.9,1.0,1.0,0.0,0.0,0.0,0.0
cc7d03a3a03a3325,0,clean,3894,2,1,1.0,True,0.0,0.9,1.0,1.0,0.0,0.0,0.0,0.0
cc7d03a3a03a3325,0,clean,3895,2,1,1.0,True,0.0,0.9,1.0,1.0,0.0,0.0,0.0,0.0
cc7d03a3a03a3325,0,clean,3896,2,1,1.0,True,0.0,0.9,1.0,1.0,0.0,0.0,0.0,0.0
cc7d03a3a03a3325,0,clean,3897,2,1,1.0,True,0.0,0.9,1.0,1.0,0.0,0.0,0.0,0.0
cc7d03a3a03a3325,0,clean,3898,2,1,1.0,True,0.0,0.9,1.0,1.0,0.0,0.0,0.0,0.0
cc7d03a3a03a3325,0,clean,3899,2,1,1.0,True,0.0,0.9,1.0,1.0,0.0,0.0,0.0,0.0
cc7d03a3a03a3325,0,clean,3900,2,1,1.0,True,0.0,0.9,1.0,1.0,0.0,0.0,0.0,0.0
cc7d03a3a03a3325,0,clean,3901,2,1,1.0,True,0.0,0.9,1.0,1.0,0.0,0.0,0.0,0.0
cc7d03a3a03a3325,0,clean,3902,2,1,1.0,True,0.0,0.9,1.0,1.0,0.0,0.0,0.0,0.0
cc7d03a3a03a3325,0,clean,3903,2,1,1.0,True,0.0,0.9,1.0,1.0,0.0,0.0,0.0,0.0
cc7d03a3a03a3325,0,clean,3904,2,0,-0.1,False,0.0,0.9,0.6200000000000001,0.6200000000000001,0.0,0.0,0.0,0.0
cc7d03a3a03a3325,0,clean,3905,1,1,-0.1,False,0.0,0.9,0.8,0.8,0.0,0.0,0.0,0.0
cc7d03a3a03a3325,0,clean,3906,2,1,1.0,True,0.0,0.9,1.0,1.0,0.0,0.0,0.0,0.0
cc7d03a3a03a3325,0,clean,3907,2,1,1.0,True,0.0,0.9,1.0,1.0,0.0,0.0,0.0,0.0
cc7d03a3a03a3325,0,clean,3908,2,0,-0.1,False,0.0,0.9,0.6200000000000001,0.6200000000000001,0.0,0.0,0.0,0.0
cc7d03a3a03a3325,0,clean,3909,1,1,-0.1,False,0.0,0.9,0.8,0.8,0.0,0.0,0.0,0.0
cc7d03a3a03a3325,0,clean,3910,2,1,1.0,True,0.0,0.9,1.0,1.0,0.0,0.0,0.0,0.0
cc7d03a3a03a3325,0,clean,3911,2,1,1.0,True,0.0,0.9,1.0,1.0,0.0,0.0,0.0,0.0
cc7d03a3a03a3325,0,clean,3912,2,0,-0.1,False,0.0,0.9,0.6200000000000001,0.6200000000000001,0.0,0.0,0.0,0.0
cc7d03a3a03a3325,0,clean,3913,1,1,-0.1,False,0.0,0.9,0.8,0.8,0.0,0.0,0.0,0.0
cc7d03a3a03a3325,0,clean,3914,2,1,1.0,True,0.0,0.9,1.0,1.0,0.0,0.0,0.0,0.0
cc7d03a3a03a3325,0,clean,3915,2,1,1.0,True,0.0,0.9,1.0,1.0,0.0,0.0,0.0,0.0
cc7d03a3a03a3325,0,clean,3916,2,1,1.0,True,0.0,0.9,1.0,1.0,0.0,0.0,0.0,0.0
cc7d03a3a03a3325,0,clean,3917,2,1,1.0,True,0.0,0.9,1.0,1.0,0.0,0.0,0.0,0.0
cc7d03a3a03a3325,0,clean,3918,2,0,-0.1,False,0.0,0.9,0.6200000000000001,0.6200000000000001,0.0,0.0,0.0,0.0
cc7d03a3a03a3325,0,clean,3919,1,1,-0.1,False,0.0,0.9,0.8,0.8,0.0,0.0,0.0,0.0
cc7d03a3a03a3325,0,clean,3920,2,1,1.0,True,0.0,0.9,1.0,1.0,0.0,0.0,0.0,0.0
cc7d03a3a03a3325,0,clean,3921,2,1,1.0,True,0.0,0.9,1.0,1.0,0.0,0.0,0.0,0.0
cc7d03a3a03a3325,0,clean,3922,2,1,1.0,True,0.0,0.9,1.0,1.0,0.0,0.0,0.0,0.0
cc7d03a3a03a3325,0,clean,3923,2,0,-0.1,False,0.0,0.9,0.6200000000000001,0.6200000000000001,0.0,0.0,0.0,0.0
cc7d03a3a03a3325,0,clean,3924,1,1,-0.1,False,0.0,0.9,0.8,0.8,0.0,0.0,0.0,0.0
cc7d03a3a03a3325,0,clean,3925,2,1,1.0,True,0.0,0.9,1.0,1.0,0.0,0.0,0.0,0.0
cc7d03a3a03a3325,0,clean,3926,2,1,1.0,True,0.0,0.9,1.0,1.0,0.0,0.0,0.0,0.0
cc7d03a3a03a3325,0,clean,3927,2,1,1.0,True,0.0,0.9,1.0,1.0,0.0,0.0,0.0,0.0
cc7d03a3a03a3325,0,clean,3928,2,1,1.0,True,0.0,0.9,1.0,1.0,0.0,0.0,0.0,0.0
cc7d03a3a03a3325,0,clean,3929,2,1,1.0,True,0.0,0.9,1.0,1.0,0.0,0.0,0.0,0.0
cc7d03a3a03a3325,0,clean,3930,2,1,1.0,True,0.0,0.9,1.0,1.0,0.0,0.0,0.0,0.0
cc7d03a3a03a3325,0,clean,3931,2,1,1.0,True,0.0,0.9,1.0,1.0,0.0,0.0,0.0,0.0
cc7d03a3a03a3325,0,clean,3932,2,1,1.0,True,0.0,0.9,1.0,1.0,0.0,0.0,0.0,0.0
cc7d03a3a03a3325,0,clean,3933,2,1,1.0,True,0.0,0.9,1.0,1.0,0.0,0.0,0.0,0.0
cc7d03a3a03a3325,0,clean,3934,2,0,-0.1,False,0.0,0.9,0.6200000000000001,0.6200000000000001,0.0,0.0,0.0,0.0
cc7d03a3a03a3325,0,clean,3935,1,1,-0.1,False,0.0,0.9,0.8,0.8,0.0,0.0,0.0,0.0
cc7d03a3a03a3325,0,clean,3936,2,1,1.0,True,0.0,0.9,1.0,1.0,0.0,0.0,0.0,0.0
cc7d03a3a03a3325,0,clean,3937,2,1,1.0,True,0.0,0.9,1.0,1.0,0.0,0.0,0.0,0.0
cc7d03a3a03a3325,0,clean,3938,2,1,1.0,True,0.0,0.9,1.0,1.0,0.0,0.0,0.0,0.0
cc7d03a3a03a3325,0,clean,3939,2,0,-0.1,False,0.0,0.9,0.6200000000000001,0.6200000000000001,0.0,0.0,0.0,0.0
cc7d03a3a03a3325,0,clean,3940,1,1,-0.1,False,0.0,0.9,0.8,0.8,0.0,0.0,0.0,0.0
cc7d03a3a03a3325,0,clean,3941,2,1,1.0,True,0.0,0.9,1.0,1.0,0.0,0.0,0.0,0.0
cc7d03a3a03a3325,0,clean,3942,2,1,1.0,True,0.0,0.9,1.0,1.0,0.0,0.0,0.0,0.0
cc7d03a3a03a3325,0,clean,3943,2,0,-0.1,False,0.0,0.9,0.6200000000000001,0.6200000000000001,0.0,0.0,0.0,0.0
cc7d03a3a03a3325,0,clean,3944,1,1,-0.1,False,0.0,0.9,0.8,0.8,0.0,0.0,0.0,0.0
cc7d03a3a03a3325,0,clean,3945,2,1,1.0,True,0.0,0.9,1.0,1.0,0.0,0.0,0.0,0.0
cc7d03a3a03a3325,0,clean,3946,2,1,1.0,True,0.0,0.9,1.0,1.0,0.0,0.0,0.0,0.0
cc7d03a3a03a3325,0,clean,3947,2,1,1.0,True,0.0,0.9,1.0,1.0,0.0,0.0,0.0,0.0
cc7d03a3a03a3325,0,clean,3948,2,1,1.0,True,0.0,0.9,1.0,1.0,0.0,0.0,0.0,0.0
cc7d03a3a03a3325,0,clean,3949,2,1,1.0,True,0.0,0.9,1.0,1.0,0.0,0.0,0.0,0.0
cc7d03a3a03a3325,0,clean,3950,2,1,1.0,True,0.0,0.9,1.0,1.0,0.0,0.0,0.0,0.0
cc7d03a3a03a3325,0,clean,3951,2,1,1.0,True,0.0,0.9,1.0,1.0,0.0,0.0,0.0,0.0
cc7d03a3a03a3325,0,clean,3952,2,1,1.0,True,0.0,0.9,1.0,1.0,0.0,0.0,0.0,0.0
cc7d03a3a03a3325,0,clean,3953,2,0,-0.1,False,0.0,0.9,0.6200000000000001,0.6200000000000001,0.0,0.0,0.0,0.0
cc7d03a3a03a3325,0,clean,3954,1,1,-0.1,False,0.0,0.9,0.8,0.8,0.0,0.0,0.0,0.0
cc7d03a3a03a3325,0,clean,3955,2,0,-0.1,False,0.0,0.9,0.6200000000000001,0.6200000000000001,0.0,0.0,0.0,0.0
cc7d03a3a03a3325,0,clean,3956,1,1,-0.1,False,0.0,0.9,0.8,0.8,0.0,0.0,0.0,0.0
cc7d03a3a03a3325,0,clean,3957,2,1,1.0,True,0.0,0.9,1.0,1.0,0.0,0.0,0.0,0.0
cc7d03a3a03a3325,0,clean,3958,2,1,1.0,True,0.0,0.9,1.0,1.0,0.0,0.0,0.0,0.0
cc7d03a3a03a3325,0,clean,3959,2,0,-0.1,False,0.0,0.9,0.6200000000000001,0.6200000000000001,0.0,0.0,0.0,0.0
cc7d03a3a03a3325,0,clean,3960,1,1,-0.1,False,0.0,0.9,0.8,0.8,0.0,0.0,0.0,0.0
cc7d03a3a03a3325,0,clean,3961,2,1,1.0,True,0.0,0.9,1.0,1.0,0.0,0.0,0.0,0.0
cc7d03a3a03a3325,0,clean,3962,2,0,-0.1,False,0.0,0.9,0.6200000000000001,0.6200000000000001,0.0,0.0,0.0,0.0
cc7d03a3a03a3325,0,clean,3963,1,0,-0.1,False,0.0,0.9,0.4580000000000002,0.4580000000000002,0.0,0.0,0.0,0.0
cc7d03a3a03a3325,0,clean,3964,0,1,-0.1,False,0.0,0.9,0.6200000000000001,0.6200000000000001,0.0,0.0,0.0,0.0
cc7d03a3a03a3325,0,clean,3965,1,1,-0.1,False,0.0,0.9,0.8,0.8,0.0,0.0,0.0,0.0
cc7d03a3a03a3325,0,clean,3966,2,1,1.0,True,0.0,0.9,1.0,1.0,0.0,0.0,0.0,0.0
cc7d03a3a03a3325,0,clean,3967,2,1,1.0,True,0.0,0.9,1.0,1.0,0.0,0.0,0.0,0.0
cc7d03a3a03a3325,0,clean,3968,2,1,1.0,True,0.0,0.9,1.0,1.0,0.0,0.0,0.0,0.0
cc7d03a3a03a3325,0,clean,3969,2,1,1.0,True,0.0,0.9,1.0,1.0,0.0,0.0,0.0,0.0
cc7d03a3a03a3325,0,clean,3970,2,1,1.0,True,0.0,0.9,1.0,1.0,0.0,0.0,0.0,0.0
cc7d03a3a03a3325,0,clean,3971,2,1,1.0,True,0.0,0.9,1.0,1.0,0.0,0.0,0.0,0.0
cc7d03a3a03a3325,0,clean,3972,2,1,1.0,True,0.0,0.9,1.0,1.0,0.0,0.0,0.0,0.0
cc7d03a3a03a3325,0,clean,3973,2,1,1.0,True,0.0,0.9,1.0,1.0,0.0,0.0,0.0,0.0
cc7d03a3a03a3325,0,clean,3974,2,0,-0.1,False,0.0,0.9,0.6200000000000001,0.6200000000000001,0.0,0.0,0.0,0.0
cc7d03a3a03a3325,0,clean,3975,1,1,-0.1,False,0.0,0.9,0.8,0.8,0.0,0.0,0.0,0.0
cc7d03a3a03a3325,0,clean,3976,2,0,-0.1,False,0.0,0.9,0.6200000000000001,0.6200000000000001,0.0,0.0,0.0,0.0
cc7d03a3a03a3325,0,clean,3977,1,1,-0.1,False,0.0,0.9,0.8,0.8,0.0,0.0,0.0,0.0
cc7d03a3a03a3325,0,clean,3978,2,1,1.0,True,0.0,0.9,1.0,1.0,0.0,0.0,0.0,0.0
cc7d03a3a03a3325,0,clean,3979,2,1,1.0,True,0.0,0.9,1.0,1.0,0.0,0.0,0.0,0.0
cc7d03a3a03a3325,0,clean,3980,2,1,1.0,True,0.0,0.9,1.0,1.0,0.0,0.0,0.0,0.0
cc7d03a3a03a3325,0,clean,3981,2,1,1.0,True,0.0,0.9,1.0,1.0,0.0,0.0,0.0,0.0
cc7d03a3a03a3325,0,clean,3982,2,1,1.0,True,0.0,0.9,1.0,1.0,0.0,0.0,0.0,0.0
cc7d03a3a03a3325,0,clean,3983,2,1,1.0,True,0.0,0.9,1.0,1.0,0.0,0.0,0.0,0.0
cc7d03a3a03a3325,0,clean,3984,2,1,1.0,True,0.0,0.9,1.0,1.0,0.0,0.0,0.0,0.0
cc7d03a3a03a3325,0,clean,3985,2,1,1.0,True,0.0,0.9,1.0,1.0,0.0,0.0,0.0,0.0
cc7d03a3a03a3325,0,clean,3986,2,1,1.0,True,0.0,0.9,1.0,1.0,0.0,0.0,0.0,0.0
cc7d03a3a03a3325,0,clean,3987,2,1,1.0,True,0.0,0.9,1.0,1.0,0.0,0.0,0.0,0.0
cc7d03a3a03a3325,0,clean,3988,2,1,1.0,True,0.0,0.9,1.0,1.0,0.0,0.0,0.0,0.0
cc7d03a3a03a3325,0,clean,3989,2,1,1.0,True,0.0,0.9,1.0,1.0,0.0,0.0,0.0,0.0
cc7d03a3a03a3325,0,clean,3990,2,1,1.0,True,0.0,0.9,1.0,1.0,0.0,0.0,0.0,0.0
cc7d03a3a03a3325,0,clean,3991,2,0,-0.1,False,0.0,0.9,0.6200000000000001,0.6200000000000001,0.0,0.0,0.0,0.0
cc7d03a3a03a3325,0,clean,3992,1,1,-0.1,False,0.0,0.9,0.8,0.8,0.0,0.0,0.0,0.0
cc7d03a3a03a3325,0,clean,3993,2,1,1.0,True,0.0,0.9,1.0,1.0,0.0,0.0,0.0,0.0
cc7d03a3a03a3325,0,clean,3994,2,1,1.0,True,0.0,0.9,1.0,1.0,0.0,0.0,0.0,0.0
cc7d03a3a03a3325,0,clean,3995,2,1,1.0,True,0.0,0.9,1.0,1.0,0.0,0.0,0.0,0.0
cc7d03a3a03a3325,0,clean,3996,2,1,1.0,True,0.0,0.9,1.0,1.0,0.0,0.0,0.0,0.0
cc7d03a3a03a3325,0,clean,3997,2,1,1.0,True,0.0,0.9,1.0,1.0,0.0,0.0,0.0,0.0
cc7d03a3a03a3325,0,clean,3998,2,0,-0.1,False,0.0,0.9,0.6200000000000001,0.6200000000000001,0.0,0.0,0.0,0.0
cc7d03a3a03a3325,0,clean,3999,1,1,-0.1,False,0.0,0.9,0.8,0.8,0.0,0.0,0.0,0.0
cc7d03a3a03a3325,0,clean,4000,2,1,1.0,True,0.0,0.9,1.0,1.0,0.0,0.0,0.0,0.0
cc7d03a3a03a3325,0,clean,4001,2,1,1.0,True,0.0,0.9,1.0,1.0,0.0,0.0,0.0,0.0
cc7d03a3a03a3325,0,clean,4002,2,0,-0.1,False,0.0,0.9,0.6200000000000001,0.6200000000000001,0.0,0.0,0.0,0.0
cc7d03a3a03a3325,0,clean,4003,1,1,-0.1,False,0.0,0.9,0.8,0.8,0.0,0.0,0.0,0.0
cc7d03a3a03a3325,0,clean,4004,2,1,1.0,True,0.0,0.9,1.0,1.0,0.0,0.0,0.0,0.0
cc7d03a3a03a3325,0,clean,4005,2,1,1.0,True,0.0,0.9,1.0,1.0,0.0,0.0,0.0,0.0
cc7d03a3a03a3325,0,clean,4006,2,1,1.0,True,0.0,0.9,1.0,1.0,0.0,0.0,0.0,0.0
cc7d03a3a03a3325,0,clean,4007,2,1,1.0,True,0.0,0.9,1.0,1.0,0.0,0.0,0.0,0.0
cc7d03a3a03a3325,0,clean,4008,2,1,1.0,True,0.0,0.9,1.0,1.0,0.0,0.0,0.0,0.0
cc7d03a3a03a3325,0,clean,4009,2,1,1.0,True,0.0,0.9,1.0,1.0,0.0,0.0,0.0,0.0
cc7d03a3a03a3325,0,clean,4010,2,0,-0.1,False,0.0,0.9,0.6200000000000001,0.6200000000000001,0.0,0.0,0.0,0.0
cc7d03a3a03a3325,0,clean,4011,1,1,-0.1,False,0.0,0.9,0.8,0.8,0.0,0.0,0.0,0.0
cc7d03a3a03a3325,0,clean,4012,2,1,1.0,True,0.0,0.9,1.0,1.0,0.0,0.0,0.0,0.0
cc7d03a3a03a3325,0,clean,4013,2,1,1.0,True,0.0,0.9,1.0,1.0,0.0,0.0,0.0,0.0
cc7d03a3a03a3325,0,clean,4014,2,1,1.0,True,0.0,0.9,1.0,1.0,0.0,0.0,0.0,0.0
cc7d03a3a03a3325,0,clean,4015,2,1,1.0,True,0.0,0.9,1.0,1.0,0.0,0.0,0.0,0.0
cc7d03a3a03a3325,0,clean,4016,2,1,1.0,True,0.0,0.9,1.0,1.0,0.0,0.0,0.0,0.0
cc7d03a3a03a3325,0,clean,4017,2,1,1.0,True,0.0,0.9,1.0,1.0,0.0,0.0,0.0,0.0
cc7d03a3a03a3325,0,clean,4018,2,0,-0.1,False,0.0,0.9,0.6200000000000001,0.6200000000000001,0.0,0.0,0.0,0.0
cc7d03a3a03a3325,0,clean,4019,1,1,-0.1,False,0.0,0.9,0.8,0.8,0.0,0.0,0.0,0.0
cc7d03a3a03a3325,0,clean,4020,2,1,1.0,True,0.0,0.9,1.0,1.0,0.0,0.0,0.0,0.0
cc7d03a3a03a3325,0,clean,4021,2,1,1.0,True,0.0,0.9,1.0,1.0,0.0,0.0,0.0,0.0
cc7d03a3a03a3325,0,clean,4022,2,1,1.0,True,0.0,0.9,1.0,1.0,0.0,0.0,0.0,0.0
cc7d03a3a03a3325,0,clean,4023,2,1,1.0,True,0.0,0.9,1.0,1.0,0.0,0.0,0.0,0.0
cc7d03a3a03a3325,0,clean,4024,2,1,1.0,True,0.0,0.9,1.0,1.0,0.0,0.0,0.0,0.0
cc7d03a3a03a3325,0,clean,4025,2,1,1.0,True,0.0,0.9,1.0,1.0,0.0,0.0,0.0,0.0
cc7d03a3a03a3325,0,clean,4026,2,1,1.0,True,0.0,0.9,1.0,1.0,0.0,0.0,0.0,0.0
cc7d03a3a03a3325,0,clean,4027,2,1,1.0,True,0.0,0.9,1.0,1.0,0.0,0.0,0.0,0.0
cc7d03a3a03a3325,0,clean,4028,2,1,1.0,True,0.0,0.9,1.0,1.0,0.0,0.0,0.0,0.0
cc7d03a3a03a3325,0,clean,4029,2,1,1.0,True,0.0,0.9,1.0,1.0,0.0,0.0,0.0,0.0
cc7d03a3a03a3325,0,clean,4030,2,1,1.0,True,0.0,0.9,1.0,1.0,0.0,0.0,0.0,0.0
cc7d03a3a03a3325,0,clean,4031,2,1,1.0,True,0.0,0.9,1.0,1.0,0.0,0.0,0.0,0.0
cc7d03a3a03a3325,0,clean,4032,2,0,-0.1,False,0.0,0.9,0.6200000000000001,0.6200000000000001,0.0,0.0,0.0,0.0
cc7d03a3a03a3325,0,clean,4033,1,1,-0.1,False,0.0,0.9,0.8,0.8,0.0,0.0,0.0,0.0
cc7d03a3a03a3325,0,clean,4034,2,1,1.0,True,0.0,0.9,1.0,1.0,0.0,0.0,0.0,0.0
cc7d03a3a03a3325,0,clean,4035,2,1,1.0,True,0.0,0.9,1.0,1.0,0.0,0.0,0.0,0.0
cc7d03a3a03a3325,0,clean,4036,2,1,1.0,True,0.0,0.9,1.0,1.0,0.0,0.0,0.0,0.0
cc7d03a3a03a3325,0,clean,4037,2,1,1.0,True,0.0,0.9,1.0,1.0,0.0,0.0,0.0,0.0
cc7d03a3a03a3325,0,clean,4038,2,1,1.0,True,0.0,0.9,1.0,1.0,0.0,0.0,0.0,0.0
cc7d03a3a03a3325,0,clean,4039,2,1,1.0,True,0.0,0.9,1.0,1.0,0.0,0.0,0.0,0.0
cc7d03a3a03a3325,0,clean,4040,2,1,1.0,True,0.0,0.9,1.0,1.0,0.0,0.0,0.0,0.0
cc7d03a3a03a3325,0,clean,4041,2,0,-0.1,False,0.0,0.9,0.6200000000000001,0.6200000000000001,0.0,0.0,0.0,0.0
cc7d03a3a03a3325,0,clean,4042,1,1,-0.1,False,0.0,0.9,0.8,0.8,0.0,0.0,0.0,0.0
cc7d03a3a03a3325,0,clean,4043,2,1,1.0,True,0.0,0.9,1.0,1.0,0.0,0.0,0.0,0.0
cc7d03a3a03a3325,0,clean,4044,2,1,1.0,True,0.0,0.9,1.0,1.0,0.0,0.0,0.0,0.0
cc7d03a3a03a3325,0,clean,4045,2,1,1.0,True,0.0,0.9,1.0,1.0,0.0,0.0,0.0,0.0
cc7d03a3a03a3325,0,clean,4046,2,1,1.0,True,0.0,0.9,1.0,1.0,0.0,0.0,0.0,0.0
cc7d03a3a03a3325,0,clean,4047,2,1,1.0,True,0.0,0.9,1.0,1.0,0.0,0.0,0.0,0.0
cc7d03a3a03a3325,0,clean,4048,2,1,1.0,True,0.0,0.9,1.0,1.0,0.0,0.0,0.0,0.0
cc7d03a3a03a3325,0,clean,4049,2,1,1.0,True,0.0,0.9,1.0,1.0,0.0,0.0,0.0,0.0
cc7d03a3a03a3325,0,clean,4050,2,1,1.0,True,0.0,0.9,1.0,1.0,0.0,0.0,0.0,0.0
cc7d03a3a03a3325,0,clean,4051,2,0,-0.1,False,0.0,0.9,0.6200000000000001,0.6200000000000001,0.0,0.0,0.0,0.0
cc7d03a3a03a3325,0,clean,4052,1,1,-0.1,False,0.0,0.9,0.8,0.8,0.0,0.0,0.0,0.0
cc7d03a3a03a3325,0,clean,4053,2,1,1.0,True,0.0,0.9,1.0,1.0,0.0,0.0,0.0,0.0
cc7d03a3a03a3325,0,clean,4054,2,1,1.0,True,0.0,0.9,1.0,1.0,0.0,0.0,0.0,0.0
cc7d03a3a03a3325,0,clean,4055,2,1,1.0,True,0.0,0.9,1.0,1.0,0.0,0.0,0.0,0.0
cc7d03a3a03a3325,0,clean,4056,2,1,1.0,True,0.0,0.9,1.0,1.0,0.0,0.0,0.0,0.0
cc7d03a3a03a3325,0,clean,4057,2,1,1.0,True,0.0,0.9,1.0,1.0,0.0,0.0,0.0,0.0
cc7d03a3a03a3325,0,clean,4058,2,1,1.0,True,0.0,0.9,1.0,1.0,0.0,0.0,0.0,0.0
cc7d03a3a03a3325,0,clean,4059,2,1,1.0,True,0.0,0.9,1.0,1.0,0.0,0.0,0.0,0.0
cc7d03a3a03a3325,0,clean,4060,2,1,1.0,True,0.0,0.9,1.0,1.0,0.0,0.0,0.0,0.0
cc7d03a3a03a3325,0,clean,4061,2,1,1.0,True,0.0,0.9,1.0,1.0,0.0,0.0,0.0,0.0
cc7d03a3a03a3325,0,clean,4062,2,1,1.0,True,0.0,0.9,1.0,1.0,0.0,0.0,0.0,0.0
cc7d03a3a03a3325,0,clean,4063,2,1,1.0,True,0.0,0.9,1.0,1.0,0.0,0.0,0.0,0.0
cc7d03a3a03a3325,0,clean,4064,2,1,1.0,True,0.0,0.9,1.0,1.0,0.0,0.0,0.0,0.0
cc7d03a3a03a3325,0,clean,4065,2,1,1.0,True,0.0,0.9,1.0,1.0,0.0,0.0,0.0,0.0
cc7d03a3a03a3325,0,clean,4066,2,0,-0.1,False,0.0,0.9,0.6200000000000001,0.6200000000000001,0.0,0.0,0.0,0.0
cc7d03a3a03a3325,0,clean,4067,1,0,-0.1,False,0.0,0.9,0.4580000000000002,0.4580000000000002,0.0,0.0,0.0,0.0
cc7d03a3a03a3325,0,clean,4068,0,0,-0.1,False,0.0,0.9,0.4580000000000002,0.4580000000000002,0.0,0.0,0.0,0.0
cc7d03a3a03a3325,0,clean,4069,0,1,-0.1,False,0.0,0.9,0.6200000000000001,0.6200000000000001,0.0,0.0,0.0,0.0
cc7d03a3a03a3325,0,clean,4070,1,1,-0.1,False,0.0,0.9,0.8,0.8,0.0,0.0,0.0,0.0
cc7d03a3a03a3325,0,clean,4071,2,1,1.0,True,0.0,0.9,1.0,1.0,0.0,0.0,0.0,0.0
cc7d03a3a03a3325,0,clean,4072,2,1,1.0,True,0.0,0.9,1.0,1.0,0.0,0.0,0.0,0.0
cc7d03a3a03a3325,0,clean,4073,2,1,1.0,True,0.0,0.9,1.0,1.0,0.0,0.0,0.0,0.0
cc7d03a3a03a3325,0,clean,4074,2,1,1.0,True,0.0,0.9,1.0,1.0,0.0,0.0,0.0,0.0
cc7d03a3a03a3325,0,clean,4075,2,0,-0.1,False,0.0,0.9,0.6200000000000001,0.6200000000000001,0.0,0.0,0.0,0.0
cc7d03a3a03a3325,0,clean,4076,1,1,-0.1,False,0.0,0.9,0.8,0.8,0.0,0.0,0.0,0.0
cc7d03a3a03a3325,0,clean,4077,2,1,1.0,True,0.0,0.9,1.0,1.0,0.0,0.0,0.0,0.0
cc7d03a3a03a3325,0,clean,4078,2,0,-0.1,False,0.0,0.9,0.6200000000000001,0.6200000000000001,0.0,0.0,0.0,0.0
cc7d03a3a03a3325,0,clean,4079,1,1,-0.1,False,0.0,0.9,0.8,0.8,0.0,0.0,0.0,0.0
cc7d03a3a03a3325,0,clean,4080,2,1,1.0,True,0.0,0.9,1.0,1.0,0.0,0.0,0.0,0.0
cc7d03a3a03a3325,0,clean,4081,2,0,-0.1,False,0.0,0.9,0.6200000000000001,0.6200000000000001,0.0,0.0,0.0,0.0
cc7d03a3a03a3325,0,clean,4082,1,1,-0.1,False,0.0,0.9,0.8,0.8,0.0,0.0,0.0,0.0
cc7d03a3a03a3325,0,clean,4083,2,1,1.0,True,0.0,0.9,1.0,1.0,0.0,0.0,0.0,0.0
cc7d03a3a03a3325,0,clean,4084,2,0,-0.1,False,0.0,0.9,0.6200000000000001,0.6200000000000001,0.0,0.0,0.0,0.0
cc7d03a3a03a3325,0,clean,4085,1,1,-0.1,False,0.0,0.9,0.8,0.8,0.0,0.0,0.0,0.0
cc7d03a3a03a3325,0,clean,4086,2,1,1.0,True,0.0,0.9,1.0,1.0,0.0,0.0,0.0,0.0
cc7d03a3a03a3325,0,clean,4087,2,1,1.0,True,0.0,0.9,1.0,1.0,0.0,0.0,0.0,0.0
cc7d03a3a03a3325,0,clean,4088,2,1,1.0,True,0.0,0.9,1.0,1.0,0.0,0.0,0.0,0.0
cc7d03a3a03a3325,0,clean,4089,2,1,1.0,True,0.0,0.9,1.0,1.0,0.0,0.0,0.0,0.0
cc7d03a3a03a3325,0,clean,4090,2,1,1.0,True,0.0,0.9,1.0,1.0,0.0,0.0,0.0,0.0
cc7d03a3a03a3325,0,clean,4091,2,1,1.0,True,0.0,0.9,1.0,1.0,0.0,0.0,0.0,0.0
cc7d03a3a03a3325,0,clean,4092,2,1,1.0,True,0.0,0.9,1.0,1.0,0.0,0.0,0.0,0.0
cc7d03a3a03a3325,0,clean,4093,2,1,1.0,True,0.0,0.9,1.0,1.0,0.0,0.0,0.0,0.0
cc7d03a3a03a3325,0,clean,4094,2,1,1.0,True,0.0,0.9,1.0,1.0,0.0,0.0,0.0,0.0
cc7d03a3a03a3325,0,clean,4095,2,1,1.0,True,0.0,0.9,1.0,1.0,0.0,0.0,0.0,0.0
cc7d03a3a03a3325,0,clean,4096,2,1,1.0,True,0.0,0.9,1.0,1.0,0.0,0.0,0.0,0.0
cc7d03a3a03a3325,0,clean,4097,2,1,1.0,True,0.0,0.9,1.0,1.0,0.0,0.0,0.0,0.0
cc7d03a3a03a3325,0,clean,4098,2,1,1.0,True,0.0,0.9,1.0,1.0,0.0,0.0,0.0,0.0
cc7d03a3a03a3325,0,clean,4099,2,1,1.0,True,0.0,0.9,1.0,1.0,0.0,0.0,0.0,0.0
cc7d03a3a03a3325,0,clean,4100,2,1,1.0,True,0.0,0.9,1.0,1.0,0.0,0.0,0.0,0.0
cc7d03a3a03a3325,0,clean,4101,2,1,1.0,True,0.0,0.9,1.0,1.0,0.0,0.0,0.0,0.0
cc7d03a3a03a3325,0,clean,4102,2,1,1.0,True,0.0,0.9,1.0,1.0,0.0,0.0,0.0,0.0
cc7d03a3a03a3325,0,clean,4103,2,0,-0.1,False,0.0,0.9,0.6200000000000001,0.6200000000000001,0.0,0.0,0.0,0.0
cc7d03a3a03a3325,0,clean,4104,1,1,-0.1,False,0.0,0.9,0.8,0.8,0.0,0.0,0.0,0.0
cc7d03a3a03a3325,0,clean,4105,2,1,1.0,True,0.0,0.9,1.0,1.0,0.0,0.0,0.0,0.0
cc7d03a3a03a3325,0,clean,4106,2,1,1.0,True,0.0,0.9,1.0,1.0,0.0,0.0,0.0,0.0
cc7d03a3a03a3325,0,clean,4107,2,1,1.0,True,0.0,0.9,1.0,1.0,0.0,0.0,0.0,0.0
cc7d03a3a03a3325,0,clean,4108,2,0,-0.1,False,0.0,0.9,0.6200000000000001,0.6200000000000001,0.0,0.0,0.0,0.0
cc7d03a3a03a3325,0,clean,4109,1,1,-0.1,False,0.0,0.9,0.8,0.8,0.0,0.0,0.0,0.0
cc7d03a3a03a3325,0,clean,4110,2,1,1.0,True,0.0,0.9,1.0,1.0,0.0,0.0,0.0,0.0
cc7d03a3a03a3325,0,clean,4111,2,1,1.0,True,0.0,0.9,1.0,1.0,0.0,0.0,0.0,0.0
cc7d03a3a03a3325,0,clean,4112,2,1,1.0,True,0.0,0.9,1.0,1.0,0.0,0.0,0.0,0.0
cc7d03a3a03a3325,0,clean,4113,2,1,1.0,True,0.0,0.9,1.0,1.0,0.0,0.0,0.0,0.0
cc7d03a3a03a3325,0,clean,4114,2,1,1.0,True,0.0,0.9,1.0,1.0,0.0,0.0,0.0,0.0
cc7d03a3a03a3325,0,clean,4115,2,1,1.0,True,0.0,0.9,1.0,1.0,0.0,0.0,0.0,0.0
cc7d03a3a03a3325,0,clean,4116,2,1,1.0,True,0.0,0.9,1.0,1.0,0.0,0.0,0.0,0.0
cc7d03a3a03a3325,0,clean,4117,2,1,1.0,True,0.0,0.9,1.0,1.0,0.0,0.0,0.0,0.0
cc7d03a3a03a3325,0,clean,4118,2,0,-0.1,False,0.0,0.9,0.6200000000000001,0.6200000000000001,0.0,0.0,0.0,0.0
cc7d03a3a03a3325,0,clean,4119,1,0,-0.1,False,0.0,0.9,0.4580000000000002,0.4580000000000002,0.0,0.0,0.0,0.0
cc7d03a3a03a3325,0,clean,4120,0,0,-0.1,False,0.0,0.9,0.4580000000000002,0.4580000000000002,0.0,0.0,0.0,0.0
cc7d03a3a03a3325,0,clean,4121,0,1,-0.1,False,0.0,0.9,0.6200000000000001,0.6200000000000001,0.0,0.0,0.0,0.0
cc7d03a3a03a3325,0,clean,4122,1,0,-0.1,False,0.0,0.9,0.4580000000000002,0.4580000000000002,0.0,0.0,0.0,0.0
cc7d03a3a03a3325,0,clean,4123,0,1,-0.1,False,0.0,0.9,0.6200000000000001,0.6200000000000001,0.0,0.0,0.0,0.0
cc7d03a3a03a3325,0,clean,4124,1,1,-0.1,False,0.0,0.9,0.8,0.8,0.0,0.0,0.0,0.0
cc7d03a3a03a3325,0,clean,4125,2,1,1.0,True,0.0,0.9,1.0,1.0,0.0,0.0,0.0,0.0
cc7d03a3a03a3325,0,clean,4126,2,0,-0.1,False,0.0,0.9,0.6200000000000001,0.6200000000000001,0.0,0.0,0.0,0.0
cc7d03a3a03a3325,0,clean,4127,1,1,-0.1,False,0.0,0.9,0.8,0.8,0.0,0.0,0.0,0.0
cc7d03a3a03a3325,0,clean,4128,2,1,1.0,True,0.0,0.9,1.0,1.0,0.0,0.0,0.0,0.0
cc7d03a3a03a3325,0,clean,4129,2,1,1.0,True,0.0,0.9,1.0,1.0,0.0,0.0,0.0,0.0
cc7d03a3a03a3325,0,clean,4130,2,0,-0.1,False,0.0,0.9,0.6200000000000001,0.6200000000000001,0.0,0.0,0.0,0.0
cc7d03a3a03a3325,0,clean,4131,1,1,-0.1,False,0.0,0.9,0.8,0.8,0.0,0.0,0.0,0.0
cc7d03a3a03a3325,0,clean,4132,2,1,1.0,True,0.0,0.9,1.0,1.0,0.0,0.0,0.0,0.0
cc7d03a3a03a3325,0,clean,4133,2,1,1.0,True,0.0,0.9,1.0,1.0,0.0,0.0,0.0,0.0
cc7d03a3a03a3325,0,clean,4134,2,1,1.0,True,0.0,0.9,1.0,1.0,0.0,0.0,0.0,0.0
cc7d03a3a03a3325,0,clean,4135,2,1,1.0,True,0.0,0.9,1.0,1.0,0.0,0.0,0.0,0.0
cc7d03a3a03a3325,0,clean,4136,2,1,1.0,True,0.0,0.9,1.0,1.0,0.0,0.0,0.0,0.0
cc7d03a3a03a3325,0,clean,4137,2,1,1.0,True,0.0,0.9,1.0,1.0,0.0,0.0,0.0,0.0
cc7d03a3a03a3325,0,clean,4138,2,1,1.0,True,0.0,0.9,1.0,1.0,0.0,0.0,0.0,0.0
cc7d03a3a03a3325,0,clean,4139,2,1,1.0,True,0.0,0.9,1.0,1.0,0.0,0.0,0.0,0.0
cc7d03a3a03a3325,0,clean,4140,2,1,1.0,True,0.0,0.9,1.0,1.0,0.0,0.0,0.0,0.0
cc7d03a3a03a3325,0,clean,4141,2,1,1.0,True,0.0,0.9,1.0,1.0,0.0,0.0,0.0,0.0
cc7d03a3a03a3325,0,clean,4142,2,1,1.0,True,0.0,0.9,1.0,1.0,0.0,0.0,0.0,0.0
cc7d03a3a03a3325,0,clean,4143,2,1,1.0,True,0.0,0.9,1.0,1.0,0.0,0.0,0.0,0.0
cc7d03a3a03a3325,0,clean,4144,2,1,1.0,True,0.0,0.9,1.0,1.0,0.0,0.0,0.0,0.0
cc7d03a3a03a3325,0,clean,4145,2,0,-0.1,False,0.0,0.9,0.6200000000000001,0.6200000000000001,0.0,0.0,0.0,0.0
cc7d03a3a03a3325,0,clean,4146,1,1,-0.1,False,0.0,0.9,0.8,0.8,0.0,0.0,0.0,0.0
cc7d03a3a03a3325,0,clean,4147,2,1,1.0,True,0.0,0.9,1.0,1.0,0.0,0.0,0.0,0.0
cc7d03a3a03a3325,0,clean,4148,2,1,1.0,True,0.0,0.9,1.0,1.0,0.0,0.0,0.0,0.0
cc7d03a3a03a3325,0,clean,4149,2,1,1.0,True,0.0,0.9,1.0,1.0,0.0,0.0,0.0,0.0
cc7d03a3a03a3325,0,clean,4150,2,0,-0.1,False,0.0,0.9,0.6200000000000001,0.6200000000000001,0.0,0.0,0.0,0.0
cc7d03a3a03a3325,0,clean,4151,1,1,-0.1,False,0.0,0.9,0.8,0.8,0.0,0.0,0.0,0.0
cc7d03a3a03a3325,0,clean,4152,2,1,1.0,True,0.0,0.9,1.0,1.0,0.0,0.0,0.0,0.0
cc7d03a3a03a3325,0,clean,4153,2,1,1.0,True,0.0,0.9,1.0,1.0,0.0,0.0,0.0,0.0
cc7d03a3a03a3325,0,clean,4154,2,1,1.0,True,0.0,0.9,1.0,1.0,0.0,0.0,0.0,0.0
cc7d03a3a03a3325,0,clean,4155,2,0,-0.1,False,0.0,0.9,0.6200000000000001,0.6200000000000001,0.0,0.0,0.0,0.0
cc7d03a3a03a3325,0,clean,4156,1,1,-0.1,False,0.0,0.9,0.8,0.8,0.0,0.0,0.0,0.0
cc7d03a3a03a3325,0,clean,4157,2,1,1.0,True,0.0,0.9,1.0,1.0,0.0,0.0,0.0,0.0
cc7d03a3a03a3325,0,clean,4158,2,1,1.0,True,0.0,0.9,1.0,1.0,0.0,0.0,0.0,0.0
cc7d03a3a03a3325,0,clean,4159,2,1,1.0,True,0.0,0.9,1.0,1.0,0.0,0.0,0.0,0.0
cc7d03a3a03a3325,0,clean,4160,2,1,1.0,True,0.0,0.9,1.0,1.0,0.0,0.0,0.0,0.0
cc7d03a3a03a3325,0,clean,4161,2,1,1.0,True,0.0,0.9,1.0,1.0,0.0,0.0,0.0,0.0
cc7d03a3a03a3325,0,clean,4162,2,1,1.0,True,0.0,0.9,1.0,1.0,0.0,0.0,0.0,0.0
cc7d03a3a03a3325,0,clean,4163,2,1,1.0,True,0.0,0.9,1.0,1.0,0.0,0.0,0.0,0.0
cc7d03a3a03a3325,0,clean,4164,2,1,1.0,True,0.0,0.9,1.0,1.0,0.0,0.0,0.0,0.0
cc7d03a3a03a3325,0,clean,4165,2,1,1.0,True,0.0,0.9,1.0,1.0,0.0,0.0,0.0,0.0
cc7d03a3a03a3325,0,clean,4166,2,1,1.0,True,0.0,0.9,1.0,1.0,0.0,0.0,0.0,0.0
cc7d03a3a03a3325,0,clean,4167,2,1,1.0,True,0.0,0.9,1.0,1.0,0.0,0.0,0.0,0.0
cc7d03a3a03a3325,0,clean,4168,2,1,1.0,True,0.0,0.9,1.0,1.0,0.0,0.0,0.0,0.0
cc7d03a3a03a3325,0,clean,4169,2,1,1.0,True,0.0,0.9,1.0,1.0,0.0,0.0,0.0,0.0
cc7d03a3a03a3325,0,clean,4170,2,1,1.0,True,0.0,0.9,1.0,1.0,0.0,0.0,0.0,0.0
cc7d03a3a03a3325,0,clean,4171,2,1,1.0,True,0.0,0.9,1.0,1.0,0.0,0.0,0.0,0.0
cc7d03a3a03a3325,0,clean,4172,2,1,1.0,True,0.0,0.9,1.0,1.0,0.0,0.0,0.0,0.0
cc7d03a3a03a3325,0,clean,4173,2,1,1.0,True,0.0,0.9,1.0,1.0,0.0,0.0,0.0,0.0
cc7d03a3a03a3325,0,clean,4174,2,0,-0.1,False,0.0,0.9,0.6200000000000001,0.6200000000000001,0.0,0.0,0.0,0.0
cc7d03a3a03a3325,0,clean,4175,1,1,-0.1,False,0.0,0.9,0.8,0.8,0.0,0.0,0.0,0.0
cc7d03a3a03a3325,0,clean,4176,2,1,1.0,True,0.0,0.9,1.0,1.0,0.0,0.0,0.0,0.0
cc7d03a3a03a3325,0,clean,4177,2,1,1.0,True,0.0,0.9,1.0,1.0,0.0,0.0,0.0,0.0
cc7d03a3a03a3325,0,clean,4178,2,1,1.0,True,0.0,0.9,1.0,1.0,0.0,0.0,0.0,0.0
cc7d03a3a03a3325,0,clean,4179,2,1,1.0,True,0.0,0.9,1.0,1.0,0.0,0.0,0.0,0.0
cc7d03a3a03a3325,0,clean,4180,2,1,1.0,True,0.0,0.9,1.0,1.0,0.0,0.0,0.0,0.0
cc7d03a3a03a3325,0,clean,4181,2,0,-0.1,False,0.0,0.9,0.6200000000000001,0.6200000000000001,0.0,0.0,0.0,0.0
cc7d03a3a03a3325,0,clean,4182,1,1,-0.1,False,0.0,0.9,0.8,0.8,0.0,0.0,0.0,0.0
cc7d03a3a03a3325,0,clean,4183,2,1,1.0,True,0.0,0.9,1.0,1.0,0.0,0.0,0.0,0.0
cc7d03a3a03a3325,0,clean,4184,2,1,1.0,True,0.0,0.9,1.0,1.0,0.0,0.0,0.0,0.0
cc7d03a3a03a3325,0,clean,4185,2,1,1.0,True,0.0,0.9,1.0,1.0,0.0,0.0,0.0,0.0
cc7d03a3a03a3325,0,clean,4186,2,1,1.0,True,0.0,0.9,1.0,1.0,0.0,0.0,0.0,0.0
cc7d03a3a03a3325,0,clean,4187,2,1,1.0,True,0.0,0.9,1.0,1.0,0.0,0.0,0.0,0.0
cc7d03a3a03a3325,0,clean,4188,2,1,1.0,True,0.0,0.9,1.0,1.0,0.0,0.0,0.0,0.0
cc7d03a3a03a3325,0,clean,4189,2,0,-0.1,False,0.0,0.9,0.6200000000000001,0.6200000000000001,0.0,0.0,0.0,0.0
cc7d03a3a03a3325,0,clean,4190,1,1,-0.1,False,0.0,0.9,0.8,0.8,0.0,0.0,0.0,0.0
cc7d03a3a03a3325,0,clean,4191,2,1,1.0,True,0.0,0.9,1.0,1.0,0.0,0.0,0.0,0.0
cc7d03a3a03a3325,0,clean,4192,2,1,1.0,True,0.0,0.9,1.0,1.0,0.0,0.0,0.0,0.0
cc7d03a3a03a3325,0,clean,4193,2,1,1.0,True,0.0,0.9,1.0,1.0,0.0,0.0,0.0,0.0
cc7d03a3a03a3325,0,clean,4194,2,0,-0.1,False,0.0,0.9,0.6200000000000001,0.6200000000000001,0.0,0.0,0.0,0.0
cc7d03a3a03a3325,0,clean,4195,1,1,-0.1,False,0.0,0.9,0.8,0.8,0.0,0.0,0.0,0.0
cc7d03a3a03a3325,0,clean,4196,2,1,1.0,True,0.0,0.9,1.0,1.0,0.0,0.0,0.0,0.0
cc7d03a3a03a3325,0,clean,4197,2,1,1.0,True,0.0,0.9,1.0,1.0,0.0,0.0,0.0,0.0
cc7d03a3a03a3325,0,clean,4198,2,1,1.0,True,0.0,0.9,1.0,1.0,0.0,0.0,0.0,0.0
cc7d03a3a03a3325,0,clean,4199,2,0,-0.1,False,0.0,0.9,0.6200000000000001,0.6200000000000001,0.0,0.0,0.0,0.0
cc7d03a3a03a3325,0,clean,4200,1,1,-0.1,False,0.0,0.9,0.8,0.8,0.0,0.0,0.0,0.0
cc7d03a3a03a3325,0,clean,4201,2,1,1.0,True,0.0,0.9,1.0,1.0,0.0,0.0,0.0,0.0
cc7d03a3a03a3325,0,clean,4202,2,1,1.0,True,0.0,0.9,1.0,1.0,0.0,0.0,0.0,0.0
cc7d03a3a03a3325,0,clean,4203,2,1,1.0,True,0.0,0.9,1.0,1.0,0.0,0.0,0.0,0.0
cc7d03a3a03a3325,0,clean,4204,2,1,1.0,True,0.0,0.9,1.0,1.0,0.0,0.0,0.0,0.0
cc7d03a3a03a3325,0,clean,4205,2,1,1.0,True,0.0,0.9,1.0,1.0,0.0,0.0,0.0,0.0
cc7d03a3a03a3325,0,clean,4206,2,1,1.0,True,0.0,0.9,1.0,1.0,0.0,0.0,0.0,0.0
cc7d03a3a03a3325,0,clean,4207,2,0,-0.1,False,0.0,0.9,0.6200000000000001,0.6200000000000001,0.0,0.0,0.0,0.0
cc7d03a3a03a3325,0,clean,4208,1,1,-0.1,False,0.0,0.9,0.8,0.8,0.0,0.0,0.0,0.0
cc7d03a3a03a3325,0,clean,4209,2,1,1.0,True,0.0,0.9,1.0,1.0,0.0,0.0,0.0,0.0
cc7d03a3a03a3325,0,clean,4210,2,0,-0.1,False,0.0,0.9,0.6200000000000001,0.6200000000000001,0.0,0.0,0.0,0.0
cc7d03a3a03a3325,0,clean,4211,1,1,-0.1,False,0.0,0.9,0.8,0.8,0.0,0.0,0.0,0.0
cc7d03a3a03a3325,0,clean,4212,2,1,1.0,True,0.0,0.9,1.0,1.0,0.0,0.0,0.0,0.0
cc7d03a3a03a3325,0,clean,4213,2,1,1.0,True,0.0,0.9,1.0,1.0,0.0,0.0,0.0,0.0
cc7d03a3a03a3325,0,clean,4214,2,1,1.0,True,0.0,0.9,1.0,1.0,0.0,0.0,0.0,0.0
cc7d03a3a03a3325,0,clean,4215,2,1,1.0,True,0.0,0.9,1.0,1.0,0.0,0.0,0.0,0.0
cc7d03a3a03a3325,0,clean,4216,2,1,1.0,True,0.0,0.9,1.0,1.0,0.0,0.0,0.0,0.0
cc7d03a3a03a3325,0,clean,4217,2,1,1.0,True,0.0,0.9,1.0,1.0,0.0,0.0,0.0,0.0
cc7d03a3a03a3325,0,clean,4218,2,1,1.0,True,0.0,0.9,1.0,1.0,0.0,0.0,0.0,0.0
cc7d03a3a03a3325,0,clean,4219,2,1,1.0,True,0.0,0.9,1.0,1.0,0.0,0.0,0.0,0.0
cc7d03a3a03a3325,0,clean,4220,2,1,1.0,True,0.0,0.9,1.0,1.0,0.0,0.0,0.0,0.0
cc7d03a3a03a3325,0,clean,4221,2,1,1.0,True,0.0,0.9,1.0,1.0,0.0,0.0,0.0,0.0
cc7d03a3a03a3325,0,clean,4222,2,1,1.0,True,0.0,0.9,1.0,1.0,0.0,0.0,0.0,0.0
cc7d03a3a03a3325,0,clean,4223,2,0,-0.1,False,0.0,0.9,0.6200000000000001,0.6200000000000001,0.0,0.0,0.0,0.0
cc7d03a3a03a3325,0,clean,4224,1,1,-0.1,False,0.0,0.9,0.8,0.8,0.0,0.0,0.0,0.0
cc7d03a3a03a3325,0,clean,4225,2,1,1.0,True,0.0,0.9,1.0,1.0,0.0,0.0,0.0,0.0
cc7d03a3a03a3325,0,clean,4226,2,1,1.0,True,0.0,0.9,1.0,1.0,0.0,0.0,0.0,0.0
cc7d03a3a03a3325,0,clean,4227,2,1,1.0,True,0.0,0.9,1.0,1.0,0.0,0.0,0.0,0.0
cc7d03a3a03a3325,0,clean,4228,2,1,1.0,True,0.0,0.9,1.0,1.0,0.0,0.0,0.0,0.0
cc7d03a3a03a3325,0,clean,4229,2,1,1.0,True,0.0,0.9,1.0,1.0,0.0,0.0,0.0,0.0
cc7d03a3a03a3325,0,clean,4230,2,1,1.0,True,0.0,0.9,1.0,1.0,0.0,0.0,0.0,0.0
cc7d03a3a03a3325,0,clean,4231,2,1,1.0,True,0.0,0.9,1.0,1.0,0.0,0.0,0.0,0.0
cc7d03a3a03a3325,0,clean,4232,2,1,1.0,True,0.0,0.9,1.0,1.0,0.0,0.0,0.0,0.0
cc7d03a3a03a3325,0,clean,4233,2,1,1.0,True,0.0,0.9,1.0,1.0,0.0,0.0,0.0,0.0
cc7d03a3a03a3325,0,clean,4234,2,1,1.0,True,0.0,0.9,1.0,1.0,0.0,0.0,0.0,0.0
cc7d03a3a03a3325,0,clean,4235,2,1,1.0,True,0.0,0.9,1.0,1.0,0.0,0.0,0.0,0.0
cc7d03a3a03a3325,0,clean,4236,2,1,1.0,True,0.0,0.9,1.0,1.0,0.0,0.0,0.0,0.0
cc7d03a3a03a3325,0,clean,4237,2,0,-0.1,False,0.0,0.9,0.6200000000000001,0.6200000000000001,0.0,0.0,0.0,0.0
cc7d03a3a03a3325,0,clean,4238,1,1,-0.1,False,0.0,0.9,0.8,0.8,0.0,0.0,0.0,0.0
cc7d03a3a03a3325,0,clean,4239,2,1,1.0,True,0.0,0.9,1.0,1.0,0.0,0.0,0.0,0.0
cc7d03a3a03a3325,0,clean,4240,2,1,1.0,True,0.0,0.9,1.0,1.0,0.0,0.0,0.0,0.0
cc7d03a3a03a3325,0,clean,4241,2,1,1.0,True,0.0,0.9,1.0,1.0,0.0,0.0,0.0,0.0
cc7d03a3a03a3325,0,clean,4242,2,1,1.0,True,0.0,0.9,1.0,1.0,0.0,0.0,0.0,0.0
cc7d03a3a03a3325,0,clean,4243,2,1,1.0,True,0.0,0.9,1.0,1.0,0.0,0.0,0.0,0.0
cc7d03a3a03a3325,0,clean,4244,2,1,1.0,True,0.0,0.9,1.0,1.0,0.0,0.0,0.0,0.0
cc7d03a3a03a3325,0,clean,4245,2,1,1.0,True,0.0,0.9,1.0,1.0,0.0,0.0,0.0,0.0
cc7d03a3a03a3325,0,clean,4246,2,1,1.0,True,0.0,0.9,1.0,1.0,0.0,0.0,0.0,0.0
cc7d03a3a03a3325,0,clean,4247,2,1,1.0,True,0.0,0.9,1.0,1.0,0.0,0.0,0.0,0.0
cc7d03a3a03a3325,0,clean,4248,2,1,1.0,True,0.0,0.9,1.0,1.0,0.0,0.0,0.0,0.0
cc7d03a3a03a3325,0,clean,4249,2,1,1.0,True,0.0,0.9,1.0,1.0,0.0,0.0,0.0,0.0
cc7d03a3a03a3325,0,clean,4250,2,1,1.0,True,0.0,0.9,1.0,1.0,0.0,0.0,0.0,0.0
cc7d03a3a03a3325,0,clean,4251,2,1,1.0,True,0.0,0.9,1.0,1.0,0.0,0.0,0.0,0.0
cc7d03a3a03a3325,0,clean,4252,2,0,-0.1,False,0.0,0.9,0.6200000000000001,0.6200000000000001,0.0,0.0,0.0,0.0
cc7d03a3a03a3325,0,clean,4253,1,1,-0.1,False,0.0,0.9,0.8,0.8,0.0,0.0,0.0,0.0
cc7d03a3a03a3325,0,clean,4254,2,0,-0.1,False,0.0,0.9,0.6200000000000001,0.6200000000000001,0.0,0.0,0.0,0.0
cc7d03a3a03a3325,0,clean,4255,1,0,-0.1,False,0.0,0.9,0.4580000000000002,0.4580000000000002,0.0,0.0,0.0,0.0
cc7d03a3a03a3325,0,clean,4256,0,0,-0.1,False,0.0,0.9,0.4580000000000002,0.4580000000000002,0.0,0.0,0.0,0.0
cc7d03a3a03a3325,0,clean,4257,0,1,-0.1,False,0.0,0.9,0.6200000000000001,0.6200000000000001,0.0,0.0,0.0,0.0
cc7d03a3a03a3325,0,clean,4258,1,1,-0.1,False,0.0,0.9,0.8,0.8,0.0,0.0,0.0,0.0
cc7d03a3a03a3325,0,clean,4259,2,1,1.0,True,0.0,0.9,1.0,1.0,0.0,0.0,0.0,0.0
cc7d03a3a03a3325,0,clean,4260,2,1,1.0,True,0.0,0.9,1.0,1.0,0.0,0.0,0.0,0.0
cc7d03a3a03a3325,0,clean,4261,2,1,1.0,True,0.0,0.9,1.0,1.0,0.0,0.0,0.0,0.0
cc7d03a3a03a3325,0,clean,4262,2,1,1.0,True,0.0,0.9,1.0,1.0,0.0,0.0,0.0,0.0
cc7d03a3a03a3325,0,clean,4263,2,1,1.0,True,0.0,0.9,1.0,1.0,0.0,0.0,0.0,0.0
cc7d03a3a03a3325,0,clean,4264,2,1,1.0,True,0.0,0.9,1.0,1.0,0.0,0.0,0.0,0.0
cc7d03a3a03a3325,0,clean,4265,2,1,1.0,True,0.0,0.9,1.0,1.0,0.0,0.0,0.0,0.0
cc7d03a3a03a3325,0,clean,4266,2,1,1.0,True,0.0,0.9,1.0,1.0,0.0,0.0,0.0,0.0
cc7d03a3a03a3325,0,clean,4267,2,0,-0.1,False,0.0,0.9,0.6200000000000001,0.6200000000000001,0.0,0.0,0.0,0.0
cc7d03a3a03a3325,0,clean,4268,1,1,-0.1,False,0.0,0.9,0.8,0.8,0.0,0.0,0.0,0.0
cc7d03a3a03a3325,0,clean,4269,2,0,-0.1,False,0.0,0.9,0.6200000000000001,0.6200000000000001,0.0,0.0,0.0,0.0
cc7d03a3a03a3325,0,clean,4270,1,1,-0.1,False,0.0,0.9,0.8,0.8,0.0,0.0,0.0,0.0
cc7d03a3a03a3325,0,clean,4271,2,1,1.0,True,0.0,0.9,1.0,1.0,0.0,0.0,0.0,0.0
cc7d03a3a03a3325,0,clean,4272,2,1,1.0,True,0.0,0.9,1.0,1.0,0.0,0.0,0.0,0.0
cc7d03a3a03a3325,0,clean,4273,2,1,1.0,True,0.0,0.9,1.0,1.0,0.0,0.0,0.0,0.0
cc7d03a3a03a3325,0,clean,4274,2,1,1.0,True,0.0,0.9,1.0,1.0,0.0,0.0,0.0,0.0
cc7d03a3a03a3325,0,clean,4275,2,1,1.0,True,0.0,0.9,1.0,1.0,0.0,0.0,0.0,0.0
cc7d03a3a03a3325,0,clean,4276,2,1,1.0,True,0.0,0.9,1.0,1.0,0.0,0.0,0.0,0.0
cc7d03a3a03a3325,0,clean,4277,2,1,1.0,True,0.0,0.9,1.0,1.0,0.0,0.0,0.0,0.0
cc7d03a3a03a3325,0,clean,4278,2,1,1.0,True,0.0,0.9,1.0,1.0,0.0,0.0,0.0,0.0
cc7d03a3a03a3325,0,clean,4279,2,1,1.0,True,0.0,0.9,1.0,1.0,0.0,0.0,0.0,0.0
cc7d03a3a03a3325,0,clean,4280,2,1,1.0,True,0.0,0.9,1.0,1.0,0.0,0.0,0.0,0.0
cc7d03a3a03a3325,0,clean,4281,2,1,1.0,True,0.0,0.9,1.0,1.0,0.0,0.0,0.0,0.0
cc7d03a3a03a3325,0,clean,4282,2,1,1.0,True,0.0,0.9,1.0,1.0,0.0,0.0,0.0,0.0
cc7d03a3a03a3325,0,clean,4283,2,1,1.0,True,0.0,0.9,1.0,1.0,0.0,0.0,0.0,0.0
cc7d03a3a03a3325,0,clean,4284,2,1,1.0,True,0.0,0.9,1.0,1.0,0.0,0.0,0.0,0.0
cc7d03a3a03a3325,0,clean,4285,2,1,1.0,True,0.0,0.9,1.0,1.0,0.0,0.0,0.0,0.0
cc7d03a3a03a3325,0,clean,4286,2,1,1.0,True,0.0,0.9,1.0,1.0,0.0,0.0,0.0,0.0
cc7d03a3a03a3325,0,clean,4287,2,1,1.0,True,0.0,0.9,1.0,1.0,0.0,0.0,0.0,0.0
cc7d03a3a03a3325,0,clean,4288,2,1,1.0,True,0.0,0.9,1.0,1.0,0.0,0.0,0.0,0.0
cc7d03a3a03a3325,0,clean,4289,2,1,1.0,True,0.0,0.9,1.0,1.0,0.0,0.0,0.0,0.0
cc7d03a3a03a3325,0,clean,4290,2,1,1.0,True,0.0,0.9,1.0,1.0,0.0,0.0,0.0,0.0
cc7d03a3a03a3325,0,clean,4291,2,1,1.0,True,0.0,0.9,1.0,1.0,0.0,0.0,0.0,0.0
cc7d03a3a03a3325,0,clean,4292,2,1,1.0,True,0.0,0.9,1.0,1.0,0.0,0.0,0.0,0.0
cc7d03a3a03a3325,0,clean,4293,2,1,1.0,True,0.0,0.9,1.0,1.0,0.0,0.0,0.0,0.0
cc7d03a3a03a3325,0,clean,4294,2,1,1.0,True,0.0,0.9,1.0,1.0,0.0,0.0,0.0,0.0
cc7d03a3a03a3325,0,clean,4295,2,1,1.0,True,0.0,0.9,1.0,1.0,0.0,0.0,0.0,0.0
cc7d03a3a03a3325,0,clean,4296,2,1,1.0,True,0.0,0.9,1.0,1.0,0.0,0.0,0.0,0.0
cc7d03a3a03a3325,0,clean,4297,2,1,1.0,True,0.0,0.9,1.0,1.0,0.0,0.0,0.0,0.0
cc7d03a3a03a3325,0,clean,4298,2,1,1.0,True,0.0,0.9,1.0,1.0,0.0,0.0,0.0,0.0
cc7d03a3a03a3325,0,clean,4299,2,1,1.0,True,0.0,0.9,1.0,1.0,0.0,0.0,0.0,0.0
cc7d03a3a03a3325,0,clean,4300,2,1,1.0,True,0.0,0.9,1.0,1.0,0.0,0.0,0.0,0.0
cc7d03a3a03a3325,0,clean,4301,2,1,1.0,True,0.0,0.9,1.0,1.0,0.0,0.0,0.0,0.0
cc7d03a3a03a3325,0,clean,4302,2,1,1.0,True,0.0,0.9,1.0,1.0,0.0,0.0,0.0,0.0
cc7d03a3a03a3325,0,clean,4303,2,1,1.0,True,0.0,0.9,1.0,1.0,0.0,0.0,0.0,0.0
cc7d03a3a03a3325,0,clean,4304,2,0,-0.1,False,0.0,0.9,0.6200000000000001,0.6200000000000001,0.0,0.0,0.0,0.0
cc7d03a3a03a3325,0,clean,4305,1,1,-0.1,False,0.0,0.9,0.8,0.8,0.0,0.0,0.0,0.0
cc7d03a3a03a3325,0,clean,4306,2,1,1.0,True,0.0,0.9,1.0,1.0,0.0,0.0,0.0,0.0
cc7d03a3a03a3325,0,clean,4307,2,1,1.0,True,0.0,0.9,1.0,1.0,0.0,0.0,0.0,0.0
cc7d03a3a03a3325,0,clean,4308,2,0,-0.1,False,0.0,0.9,0.6200000000000001,0.6200000000000001,0.0,0.0,0.0,0.0
cc7d03a3a03a3325,0,clean,4309,1,0,-0.1,False,0.0,0.9,0.4580000000000002,0.4580000000000002,0.0,0.0,0.0,0.0
cc7d03a3a03a3325,0,clean,4310,0,1,-0.1,False,0.0,0.9,0.6200000000000001,0.6200000000000001,0.0,0.0,0.0,0.0
cc7d03a3a03a3325,0,clean,4311,1,1,-0.1,False,0.0,0.9,0.8,0.8,0.0,0.0,0.0,0.0
cc7d03a3a03a3325,0,clean,4312,2,1,1.0,True,0.0,0.9,1.0,1.0,0.0,0.0,0.0,0.0
cc7d03a3a03a3325,0,clean,4313,2,0,-0.1,False,0.0,0.9,0.6200000000000001,0.6200000000000001,0.0,0.0,0.0,0.0
cc7d03a3a03a3325,0,clean,4314,1,1,-0.1,False,0.0,0.9,0.8,0.8,0.0,0.0,0.0,0.0
cc7d03a3a03a3325,0,clean,4315,2,0,-0.1,False,0.0,0.9,0.6200000000000001,0.6200000000000001,0.0,0.0,0.0,0.0
cc7d03a3a03a3325,0,clean,4316,1,1,-0.1,False,0.0,0.9,0.8,0.8,0.0,0.0,0.0,0.0
cc7d03a3a03a3325,0,clean,4317,2,1,1.0,True,0.0,0.9,1.0,1.0,0.0,0.0,0.0,0.0
cc7d03a3a03a3325,0,clean,4318,2,0,-0.1,False,0.0,0.9,0.6200000000000001,0.6200000000000001,0.0,0.0,0.0,0.0
cc7d03a3a03a3325,0,clean,4319,1,1,-0.1,False,0.0,0.9,0.8,0.8,0.0,0.0,0.0,0.0
cc7d03a3a03a3325,0,clean,4320,2,1,1.0,True,0.0,0.9,1.0,1.0,0.0,0.0,0.0,0.0
cc7d03a3a03a3325,0,clean,4321,2,1,1.0,True,0.0,0.9,1.0,1.0,0.0,0.0,0.0,0.0
cc7d03a3a03a3325,0,clean,4322,2,1,1.0,True,0.0,0.9,1.0,1.0,0.0,0.0,0.0,0.0
cc7d03a3a03a3325,0,clean,4323,2,1,1.0,True,0.0,0.9,1.0,1.0,0.0,0.0,0.0,0.0
cc7d03a3a03a3325,0,clean,4324,2,0,-0.1,False,0.0,0.9,0.6200000000000001,0.6200000000000001,0.0,0.0,0.0,0.0
cc7d03a3a03a3325,0,clean,4325,1,1,-0.1,False,0.0,0.9,0.8,0.8,0.0,0.0,0.0,0.0
cc7d03a3a03a3325,0,clean,4326,2,1,1.0,True,0.0,0.9,1.0,1.0,0.0,0.0,0.0,0.0
cc7d03a3a03a3325,0,clean,4327,2,0,-0.1,False,0.0,0.9,0.6200000000000001,0.6200000000000001,0.0,0.0,0.0,0.0
cc7d03a3a03a3325,0,clean,4328,1,1,-0.1,False,0.0,0.9,0.8,0.8,0.0,0.0,0.0,0.0
cc7d03a3a03a3325,0,clean,4329,2,1,1.0,True,0.0,0.9,1.0,1.0,0.0,0.0,0.0,0.0
cc7d03a3a03a3325,0,clean,4330,2,1,1.0,True,0.0,0.9,1.0,1.0,0.0,0.0,0.0,0.0
cc7d03a3a03a3325,0,clean,4331,2,0,-0.1,False,0.0,0.9,0.6200000000000001,0.6200000000000001,0.0,0.0,0.0,0.0
cc7d03a3a03a3325,0,clean,4332,1,1,-0.1,False,0.0,0.9,0.8,0.8,0.0,0.0,0.0,0.0
cc7d03a3a03a3325,0,clean,4333,2,1,1.0,True,0.0,0.9,1.0,1.0,0.0,0.0,0.0,0.0
cc7d03a3a03a3325,0,clean,4334,2,1,1.0,True,0.0,0.9,1.0,1.0,0.0,0.0,0.0,0.0
cc7d03a3a03a3325,0,clean,4335,2,1,1.0,True,0.0,0.9,1.0,1.0,0.0,0.0,0.0,0.0
cc7d03a3a03a3325,0,clean,4336,2,1,1.0,True,0.0,0.9,1.0,1.0,0.0,0.0,0.0,0.0
cc7d03a3a03a3325,0,clean,4337,2,1,1.0,True,0.0,0.9,1.0,1.0,0.0,0.0,0.0,0.0
cc7d03a3a03a3325,0,clean,4338,2,1,1.0,True,0.0,0.9,1.0,1.0,0.0,0.0,0.0,0.0
cc7d03a3a03a3325,0,clean,4339,2,1,1.0,True,0.0,0.9,1.0,1.0,0.0,0.0,0.0,0.0
cc7d03a3a03a3325,0,clean,4340,2,1,1.0,True,0.0,0.9,1.0,1.0,0.0,0.0,0.0,0.0
cc7d03a3a03a3325,0,clean,4341,2,1,1.0,True,0.0,0.9,1.0,1.0,0.0,0.0,0.0,0.0
cc7d03a3a03a3325,0,clean,4342,2,1,1.0,True,0.0,0.9,1.0,1.0,0.0,0.0,0.0,0.0
cc7d03a3a03a3325,0,clean,4343,2,1,1.0,True,0.0,0.9,1.0,1.0,0.0,0.0,0.0,0.0
cc7d03a3a03a3325,0,clean,4344,2,1,1.0,True,0.0,0.9,1.0,1.0,0.0,0.0,0.0,0.0
cc7d03a3a03a3325,0,clean,4345,2,1,1.0,True,0.0,0.9,1.0,1.0,0.0,0.0,0.0,0.0
cc7d03a3a03a3325,0,clean,4346,2,1,1.0,True,0.0,0.9,1.0,1.0,0.0,0.0,0.0,0.0
cc7d03a3a03a3325,0,clean,4347,2,1,1.0,True,0.0,0.9,1.0,1.0,0.0,0.0,0.0,0.0
cc7d03a3a03a3325,0,clean,4348,2,1,1.0,True,0.0,0.9,1.0,1.0,0.0,0.0,0.0,0.0
cc7d03a3a03a3325,0,clean,4349,2,0,-0.1,False,0.0,0.9,0.6200000000000001,0.6200000000000001,0.0,0.0,0.0,0.0
cc7d03a3a03a3325,0,clean,4350,1,1,-0.1,False,0.0,0.9,0.8,0.8,0.0,0.0,0.0,0.0
cc7d03a3a03a3325,0,clean,4351,2,1,1.0,True,0.0,0.9,1.0,1.0,0.0,0.0,0.0,0.0
cc7d03a3a03a3325,0,clean,4352,2,1,1.0,True,0.0,0.9,1.0,1.0,0.0,0.0,0.0,0.0
cc7d03a3a03a3325,0,clean,4353,2,1,1.0,True,0.0,0.9,1.0,1.0,0.0,0.0,0.0,0.0
cc7d03a3a03a3325,0,clean,4354,2,1,1.0,True,0.0,0.9,1.0,1.0,0.0,0.0,0.0,0.0
cc7d03a3a03a3325,0,clean,4355,2,1,1.0,True,0.0,0.9,1.0,1.0,0.0,0.0,0.0,0.0
cc7d03a3a03a3325,0,clean,4356,2,1,1.0,True,0.0,0.9,1.0,1.0,0.0,0.0,0.0,0.0
cc7d03a3a03a3325,0,clean,4357,2,1,1.0,True,0.0,0.9,1.0,1.0,0.0,0.0,0.0,0.0
cc7d03a3a03a3325,0,clean,4358,2,1,1.0,True,0.0,0.9,1.0,1.0,0.0,0.0,0.0,0.0
cc7d03a3a03a3325,0,clean,4359,2,0,-0.1,False,0.0,0.9,0.6200000000000001,0.6200000000000001,0.0,0.0,0.0,0.0
cc7d03a3a03a3325,0,clean,4360,1,1,-0.1,False,0.0,0.9,0.8,0.8,0.0,0.0,0.0,0.0
cc7d03a3a03a3325,0,clean,4361,2,1,1.0,True,0.0,0.9,1.0,1.0,0.0,0.0,0.0,0.0
cc7d03a3a03a3325,0,clean,4362,2,1,1.0,True,0.0,0.9,1.0,1.0,0.0,0.0,0.0,0.0
cc7d03a3a03a3325,0,clean,4363,2,1,1.0,True,0.0,0.9,1.0,1.0,0.0,0.0,0.0,0.0
cc7d03a3a03a3325,0,clean,4364,2,1,1.0,True,0.0,0.9,1.0,1.0,0.0,0.0,0.0,0.0
cc7d03a3a03a3325,0,clean,4365,2,1,1.0,True,0.0,0.9,1.0,1.0,0.0,0.0,0.0,0.0
cc7d03a3a03a3325,0,clean,4366,2,1,1.0,True,0.0,0.9,1.0,1.0,0.0,0.0,0.0,0.0
cc7d03a3a03a3325,0,clean,4367,2,1,1.0,True,0.0,0.9,1.0,1.0,0.0,0.0,0.0,0.0
cc7d03a3a03a3325,0,clean,4368,2,1,1.0,True,0.0,0.9,1.0,1.0,0.0,0.0,0.0,0.0
cc7d03a3a03a3325,0,clean,4369,2,1,1.0,True,0.0,0.9,1.0,1.0,0.0,0.0,0.0,0.0
cc7d03a3a03a3325,0,clean,4370,2,1,1.0,True,0.0,0.9,1.0,1.0,0.0,0.0,0.0,0.0
cc7d03a3a03a3325,0,clean,4371,2,1,1.0,True,0.0,0.9,1.0,1.0,0.0,0.0,0.0,0.0
cc7d03a3a03a3325,0,clean,4372,2,1,1.0,True,0.0,0.9,1.0,1.0,0.0,0.0,0.0,0.0
cc7d03a3a03a3325,0,clean,4373,2,1,1.0,True,0.0,0.9,1.0,1.0,0.0,0.0,0.0,0.0
cc7d03a3a03a3325,0,clean,4374,2,1,1.0,True,0.0,0.9,1.0,1.0,0.0,0.0,0.0,0.0
cc7d03a3a03a3325,0,clean,4375,2,1,1.0,True,0.0,0.9,1.0,1.0,0.0,0.0,0.0,0.0
cc7d03a3a03a3325,0,clean,4376,2,1,1.0,True,0.0,0.9,1.0,1.0,0.0,0.0,0.0,0.0
cc7d03a3a03a3325,0,clean,4377,2,0,-0.1,False,0.0,0.9,0.6200000000000001,0.6200000000000001,0.0,0.0,0.0,0.0
cc7d03a3a03a3325,0,clean,4378,1,0,-0.1,False,0.0,0.9,0.4580000000000002,0.4580000000000002,0.0,0.0,0.0,0.0
cc7d03a3a03a3325,0,clean,4379,0,1,-0.1,False,0.0,0.9,0.6200000000000001,0.6200000000000001,0.0,0.0,0.0,0.0
cc7d03a3a03a3325,0,clean,4380,1,1,-0.1,False,0.0,0.9,0.8,0.8,0.0,0.0,0.0,0.0
cc7d03a3a03a3325,0,clean,4381,2,1,1.0,True,0.0,0.9,1.0,1.0,0.0,0.0,0.0,0.0
cc7d03a3a03a3325,0,clean,4382,2,1,1.0,True,0.0,0.9,1.0,1.0,0.0,0.0,0.0,0.0
cc7d03a3a03a3325,0,clean,4383,2,1,1.0,True,0.0,0.9,1.0,1.0,0.0,0.0,0.0,0.0
cc7d03a3a03a3325,0,clean,4384,2,1,1.0,True,0.0,0.9,1.0,1.0,0.0,0.0,0.0,0.0
cc7d03a3a03a3325,0,clean,4385,2,1,1.0,True,0.0,0.9,1.0,1.0,0.0,0.0,0.0,0.0
cc7d03a3a03a3325,0,clean,4386,2,1,1.0,True,0.0,0.9,1.0,1.0,0.0,0.0,0.0,0.0
cc7d03a3a03a3325,0,clean,4387,2,1,1.0,True,0.0,0.9,1.0,1.0,0.0,0.0,0.0,0.0
cc7d03a3a03a3325,0,clean,4388,2,1,1.0,True,0.0,0.9,1.0,1.0,0.0,0.0,0.0,0.0
cc7d03a3a03a3325,0,clean,4389,2,1,1.0,True,0.0,0.9,1.0,1.0,0.0,0.0,0.0,0.0
cc7d03a3a03a3325,0,clean,4390,2,1,1.0,True,0.0,0.9,1.0,1.0,0.0,0.0,0.0,0.0
cc7d03a3a03a3325,0,clean,4391,2,1,1.0,True,0.0,0.9,1.0,1.0,0.0,0.0,0.0,0.0
cc7d03a3a03a3325,0,clean,4392,2,1,1.0,True,0.0,0.9,1.0,1.0,0.0,0.0,0.0,0.0
cc7d03a3a03a3325,0,clean,4393,2,1,1.0,True,0.0,0.9,1.0,1.0,0.0,0.0,0.0,0.0
cc7d03a3a03a3325,0,clean,4394,2,1,1.0,True,0.0,0.9,1.0,1.0,0.0,0.0,0.0,0.0
cc7d03a3a03a3325,0,clean,4395,2,1,1.0,True,0.0,0.9,1.0,1.0,0.0,0.0,0.0,0.0
cc7d03a3a03a3325,0,clean,4396,2,1,1.0,True,0.0,0.9,1.0,1.0,0.0,0.0,0.0,0.0
cc7d03a3a03a3325,0,clean,4397,2,1,1.0,True,0.0,0.9,1.0,1.0,0.0,0.0,0.0,0.0
cc7d03a3a03a3325,0,clean,4398,2,1,1.0,True,0.0,0.9,1.0,1.0,0.0,0.0,0.0,0.0
cc7d03a3a03a3325,0,clean,4399,2,1,1.0,True,0.0,0.9,1.0,1.0,0.0,0.0,0.0,0.0
cc7d03a3a03a3325,0,clean,4400,2,1,1.0,True,0.0,0.9,1.0,1.0,0.0,0.0,0.0,0.0
cc7d03a3a03a3325,0,clean,4401,2,1,1.0,True,0.0,0.9,1.0,1.0,0.0,0.0,0.0,0.0
cc7d03a3a03a3325,0,clean,4402,2,1,1.0,True,0.0,0.9,1.0,1.0,0.0,0.0,0.0,0.0
cc7d03a3a03a3325,0,clean,4403,2,1,1.0,True,0.0,0.9,1.0,1.0,0.0,0.0,0.0,0.0
cc7d03a3a03a3325,0,clean,4404,2,1,1.0,True,0.0,0.9,1.0,1.0,0.0,0.0,0.0,0.0
cc7d03a3a03a3325,0,clean,4405,2,1,1.0,True,0.0,0.9,1.0,1.0,0.0,0.0,0.0,0.0
cc7d03a3a03a3325,0,clean,4406,2,1,1.0,True,0.0,0.9,1.0,1.0,0.0,0.0,0.0,0.0
cc7d03a3a03a3325,0,clean,4407,2,1,1.0,True,0.0,0.9,1.0,1.0,0.0,0.0,0.0,0.0
cc7d03a3a03a3325,0,clean,4408,2,1,1.0,True,0.0,0.9,1.0,1.0,0.0,0.0,0.0,0.0
cc7d03a3a03a3325,0,clean,4409,2,1,1.0,True,0.0,0.9,1.0,1.0,0.0,0.0,0.0,0.0
cc7d03a3a03a3325,0,clean,4410,2,1,1.0,True,0.0,0.9,1.0,1.0,0.0,0.0,0.0,0.0
cc7d03a3a03a3325,0,clean,4411,2,1,1.0,True,0.0,0.9,1.0,1.0,0.0,0.0,0.0,0.0
cc7d03a3a03a3325,0,clean,4412,2,1,1.0,True,0.0,0.9,1.0,1.0,0.0,0.0,0.0,0.0
cc7d03a3a03a3325,0,clean,4413,2,1,1.0,True,0.0,0.9,1.0,1.0,0.0,0.0,0.0,0.0
cc7d03a3a03a3325,0,clean,4414,2,1,1.0,True,0.0,0.9,1.0,1.0,0.0,0.0,0.0,0.0
cc7d03a3a03a3325,0,clean,4415,2,1,1.0,True,0.0,0.9,1.0,1.0,0.0,0.0,0.0,0.0
cc7d03a3a03a3325,0,clean,4416,2,1,1.0,True,0.0,0.9,1.0,1.0,0.0,0.0,0.0,0.0
cc7d03a3a03a3325,0,clean,4417,2,1,1.0,True,0.0,0.9,1.0,1.0,0.0,0.0,0.0,0.0
cc7d03a3a03a3325,0,clean,4418,2,0,-0.1,False,0.0,0.9,0.6200000000000001,0.6200000000000001,0.0,0.0,0.0,0.0
cc7d03a3a03a3325,0,clean,4419,1,1,-0.1,False,0.0,0.9,0.8,0.8,0.0,0.0,0.0,0.0
cc7d03a3a03a3325,0,clean,4420,2,1,1.0,True,0.0,0.9,1.0,1.0,0.0,0.0,0.0,0.0
cc7d03a3a03a3325,0,clean,4421,2,1,1.0,True,0.0,0.9,1.0,1.0,0.0,0.0,0.0,0.0
cc7d03a3a03a3325,0,clean,4422,2,1,1.0,True,0.0,0.9,1.0,1.0,0.0,0.0,0.0,0.0
cc7d03a3a03a3325,0,clean,4423,2,1,1.0,True,0.0,0.9,1.0,1.0,0.0,0.0,0.0,0.0
cc7d03a3a03a3325,0,clean,4424,2,1,1.0,True,0.0,0.9,1.0,1.0,0.0,0.0,0.0,0.0
cc7d03a3a03a3325,0,clean,4425,2,1,1.0,True,0.0,0.9,1.0,1.0,0.0,0.0,0.0,0.0
cc7d03a3a03a3325,0,clean,4426,2,1,1.0,True,0.0,0.9,1.0,1.0,0.0,0.0,0.0,0.0
cc7d03a3a03a3325,0,clean,4427,2,0,-0.1,False,0.0,0.9,0.6200000000000001,0.6200000000000001,0.0,0.0,0.0,0.0
cc7d03a3a03a3325,0,clean,4428,1,1,-0.1,False,0.0,0.9,0.8,0.8,0.0,0.0,0.0,0.0
cc7d03a3a03a3325,0,clean,4429,2,1,1.0,True,0.0,0.9,1.0,1.0,0.0,0.0,0.0,0.0
cc7d03a3a03a3325,0,clean,4430,2,1,1.0,True,0.0,0.9,1.0,1.0,0.0,0.0,0.0,0.0
cc7d03a3a03a3325,0,clean,4431,2,1,1.0,True,0.0,0.9,1.0,1.0,0.0,0.0,0.0,0.0
cc7d03a3a03a3325,0,clean,4432,2,1,1.0,True,0.0,0.9,1.0,1.0,0.0,0.0,0.0,0.0
cc7d03a3a03a3325,0,clean,4433,2,0,-0.1,False,0.0,0.9,0.6200000000000001,0.6200000000000001,0.0,0.0,0.0,0.0
cc7d03a3a03a3325,0,clean,4434,1,1,-0.1,False,0.0,0.9,0.8,0.8,0.0,0.0,0.0,0.0
cc7d03a3a03a3325,0,clean,4435,2,1,1.0,True,0.0,0.9,1.0,1.0,0.0,0.0,0.0,0.0
cc7d03a3a03a3325,0,clean,4436,2,0,-0.1,False,0.0,0.9,0.6200000000000001,0.6200000000000001,0.0,0.0,0.0,0.0
cc7d03a3a03a3325,0,clean,4437,1,1,-0.1,False,0.0,0.9,0.8,0.8,0.0,0.0,0.0,0.0
cc7d03a3a03a3325,0,clean,4438,2,1,1.0,True,0.0,0.9,1.0,1.0,0.0,0.0,0.0,0.0
cc7d03a3a03a3325,0,clean,4439,2,1,1.0,True,0.0,0.9,1.0,1.0,0.0,0.0,0.0,0.0
cc7d03a3a03a3325,0,clean,4440,2,1,1.0,True,0.0,0.9,1.0,1.0,0.0,0.0,0.0,0.0
cc7d03a3a03a3325,0,clean,4441,2,1,1.0,True,0.0,0.9,1.0,1.0,0.0,0.0,0.0,0.0
cc7d03a3a03a3325,0,clean,4442,2,1,1.0,True,0.0,0.9,1.0,1.0,0.0,0.0,0.0,0.0
cc7d03a3a03a3325,0,clean,4443,2,1,1.0,True,0.0,0.9,1.0,1.0,0.0,0.0,0.0,0.0
cc7d03a3a03a3325,0,clean,4444,2,1,1.0,True,0.0,0.9,1.0,1.0,0.0,0.0,0.0,0.0
cc7d03a3a03a3325,0,clean,4445,2,1,1.0,True,0.0,0.9,1.0,1.0,0.0,0.0,0.0,0.0
cc7d03a3a03a3325,0,clean,4446,2,1,1.0,True,0.0,0.9,1.0,1.0,0.0,0.0,0.0,0.0
cc7d03a3a03a3325,0,clean,4447,2,1,1.0,True,0.0,0.9,1.0,1.0,0.0,0.0,0.0,0.0
cc7d03a3a03a3325,0,clean,4448,2,1,1.0,True,0.0,0.9,1.0,1.0,0.0,0.0,0.0,0.0
cc7d03a3a03a3325,0,clean,4449,2,1,1.0,True,0.0,0.9,1.0,1.0,0.0,0.0,0.0,0.0
cc7d03a3a03a3325,0,clean,4450,2,1,1.0,True,0.0,0.9,1.0,1.0,0.0,0.0,0.0,0.0
cc7d03a3a03a3325,0,clean,4451,2,1,1.0,True,0.0,0.9,1.0,1.0,0.0,0.0,0.0,0.0
cc7d03a3a03a3325,0,clean,4452,2,1,1.0,True,0.0,0.9,1.0,1.0,0.0,0.0,0.0,0.0
cc7d03a3a03a3325,0,clean,4453,2,1,1.0,True,0.0,0.9,1.0,1.0,0.0,0.0,0.0,0.0
cc7d03a3a03a3325,0,clean,4454,2,1,1.0,True,0.0,0.9,1.0,1.0,0.0,0.0,0.0,0.0
cc7d03a3a03a3325,0,clean,4455,2,0,-0.1,False,0.0,0.9,0.6200000000000001,0.6200000000000001,0.0,0.0,0.0,0.0
cc7d03a3a03a3325,0,clean,4456,1,1,-0.1,False,0.0,0.9,0.8,0.8,0.0,0.0,0.0,0.0
cc7d03a3a03a3325,0,clean,4457,2,1,1.0,True,0.0,0.9,1.0,1.0,0.0,0.0,0.0,0.0
cc7d03a3a03a3325,0,clean,4458,2,1,1.0,True,0.0,0.9,1.0,1.0,0.0,0.0,0.0,0.0
cc7d03a3a03a3325,0,clean,4459,2,1,1.0,True,0.0,0.9,1.0,1.0,0.0,0.0,0.0,0.0
cc7d03a3a03a3325,0,clean,4460,2,1,1.0,True,0.0,0.9,1.0,1.0,0.0,0.0,0.0,0.0
cc7d03a3a03a3325,0,clean,4461,2,1,1.0,True,0.0,0.9,1.0,1.0,0.0,0.0,0.0,0.0
cc7d03a3a03a3325,0,clean,4462,2,0,-0.1,False,0.0,0.9,0.6200000000000001,0.6200000000000001,0.0,0.0,0.0,0.0
cc7d03a3a03a3325,0,clean,4463,1,0,-0.1,False,0.0,0.9,0.4580000000000002,0.4580000000000002,0.0,0.0,0.0,0.0
cc7d03a3a03a3325,0,clean,4464,0,0,-0.1,False,0.0,0.9,0.4580000000000002,0.4580000000000002,0.0,0.0,0.0,0.0
cc7d03a3a03a3325,0,clean,4465,0,1,-0.1,False,0.0,0.9,0.6200000000000001,0.6200000000000001,0.0,0.0,0.0,0.0
cc7d03a3a03a3325,0,clean,4466,1,1,-0.1,False,0.0,0.9,0.8,0.8,0.0,0.0,0.0,0.0
cc7d03a3a03a3325,0,clean,4467,2,1,1.0,True,0.0,0.9,1.0,1.0,0.0,0.0,0.0,0.0
cc7d03a3a03a3325,0,clean,4468,2,1,1.0,True,0.0,0.9,1.0,1.0,0.0,0.0,0.0,0.0
cc7d03a3a03a3325,0,clean,4469,2,1,1.0,True,0.0,0.9,1.0,1.0,0.0,0.0,0.0,0.0
cc7d03a3a03a3325,0,clean,4470,2,1,1.0,True,0.0,0.9,1.0,1.0,0.0,0.0,0.0,0.0
cc7d03a3a03a3325,0,clean,4471,2,1,1.0,True,0.0,0.9,1.0,1.0,0.0,0.0,0.0,0.0
cc7d03a3a03a3325,0,clean,4472,2,1,1.0,True,0.0,0.9,1.0,1.0,0.0,0.0,0.0,0.0
cc7d03a3a03a3325,0,clean,4473,2,1,1.0,True,0.0,0.9,1.0,1.0,0.0,0.0,0.0,0.0
cc7d03a3a03a3325,0,clean,4474,2,1,1.0,True,0.0,0.9,1.0,1.0,0.0,0.0,0.0,0.0
cc7d03a3a03a3325,0,clean,4475,2,1,1.0,True,0.0,0.9,1.0,1.0,0.0,0.0,0.0,0.0
cc7d03a3a03a3325,0,clean,4476,2,1,1.0,True,0.0,0.9,1.0,1.0,0.0,0.0,0.0,0.0
cc7d03a3a03a3325,0,clean,4477,2,1,1.0,True,0.0,0.9,1.0,1.0,0.0,0.0,0.0,0.0
cc7d03a3a03a3325,0,clean,4478,2,1,1.0,True,0.0,0.9,1.0,1.0,0.0,0.0,0.0,0.0
cc7d03a3a03a3325,0,clean,4479,2,0,-0.1,False,0.0,0.9,0.6200000000000001,0.6200000000000001,0.0,0.0,0.0,0.0
cc7d03a3a03a3325,0,clean,4480,1,1,-0.1,False,0.0,0.9,0.8,0.8,0.0,0.0,0.0,0.0
cc7d03a3a03a3325,0,clean,4481,2,1,1.0,True,0.0,0.9,1.0,1.0,0.0,0.0,0.0,0.0
cc7d03a3a03a3325,0,clean,4482,2,1,1.0,True,0.0,0.9,1.0,1.0,0.0,0.0,0.0,0.0
cc7d03a3a03a3325,0,clean,4483,2,1,1.0,True,0.0,0.9,1.0,1.0,0.0,0.0,0.0,0.0
cc7d03a3a03a3325,0,clean,4484,2,1,1.0,True,0.0,0.9,1.0,1.0,0.0,0.0,0.0,0.0
cc7d03a3a03a3325,0,clean,4485,2,1,1.0,True,0.0,0.9,1.0,1.0,0.0,0.0,0.0,0.0
cc7d03a3a03a3325,0,clean,4486,2,1,1.0,True,0.0,0.9,1.0,1.0,0.0,0.0,0.0,0.0
cc7d03a3a03a3325,0,clean,4487,2,1,1.0,True,0.0,0.9,1.0,1.0,0.0,0.0,0.0,0.0
cc7d03a3a03a3325,0,clean,4488,2,1,1.0,True,0.0,0.9,1.0,1.0,0.0,0.0,0.0,0.0
cc7d03a3a03a3325,0,clean,4489,2,1,1.0,True,0.0,0.9,1.0,1.0,0.0,0.0,0.0,0.0
cc7d03a3a03a3325,0,clean,4490,2,1,1.0,True,0.0,0.9,1.0,1.0,0.0,0.0,0.0,0.0
cc7d03a3a03a3325,0,clean,4491,2,1,1.0,True,0.0,0.9,1.0,1.0,0.0,0.0,0.0,0.0
cc7d03a3a03a3325,0,clean,4492,2,1,1.0,True,0.0,0.9,1.0,1.0,0.0,0.0,0.0,0.0
cc7d03a3a03a3325,0,clean,4493,2,1,1.0,True,0.0,0.9,1.0,1.0,0.0,0.0,0.0,0.0
cc7d03a3a03a3325,0,clean,4494,2,0,-0.1,False,0.0,0.9,0.6200000000000001,0.6200000000000001,0.0,0.0,0.0,0.0
cc7d03a3a03a3325,0,clean,4495,1,1,-0.1,False,0.0,0.9,0.8,0.8,0.0,0.0,0.0,0.0
cc7d03a3a03a3325,0,clean,4496,2,1,1.0,True,0.0,0.9,1.0,1.0,0.0,0.0,0.0,0.0
cc7d03a3a03a3325,0,clean,4497,2,1,1.0,True,0.0,0.9,1.0,1.0,0.0,0.0,0.0,0.0
cc7d03a3a03a3325,0,clean,4498,2,0,-0.1,False,0.0,0.9,0.6200000000000001,0.6200000000000001,0.0,0.0,0.0,0.0
cc7d03a3a03a3325,0,clean,4499,1,1,-0.1,False,0.0,0.9,0.8,0.8,0.0,0.0,0.0,0.0
cc7d03a3a03a3325,0,clean,4500,2,1,1.0,True,0.0,0.9,1.0,1.0,0.0,0.0,0.0,0.0
cc7d03a3a03a3325,0,clean,4501,2,1,1.0,True,0.0,0.9,1.0,1.0,0.0,0.0,0.0,0.0
cc7d03a3a03a3325,0,clean,4502,2,1,1.0,True,0.0,0.9,1.0,1.0,0.0,0.0,0.0,0.0
cc7d03a3a03a3325,0,clean,4503,2,1,1.0,True,0.0,0.9,1.0,1.0,0.0,0.0,0.0,0.0
cc7d03a3a03a3325,0,clean,4504,2,1,1.0,True,0.0,0.9,1.0,1.0,0.0,0.0,0.0,0.0
cc7d03a3a03a3325,0,clean,4505,2,1,1.0,True,0.0,0.9,1.0,1.0,0.0,0.0,0.0,0.0
cc7d03a3a03a3325,0,clean,4506,2,1,1.0,True,0.0,0.9,1.0,1.0,0.0,0.0,0.0,0.0
cc7d03a3a03a3325,0,clean,4507,2,0,-0.1,False,0.0,0.9,0.6200000000000001,0.6200000000000001,0.0,0.0,0.0,0.0
cc7d03a3a03a3325,0,clean,4508,1,0,-0.1,False,0.0,0.9,0.4580000000000002,0.4580000000000002,0.0,0.0,0.0,0.0
cc7d03a3a03a3325,0,clean,4509,0,0,-0.1,False,0.0,0.9,0.4580000000000002,0.4580000000000002,0.0,0.0,0.0,0.0
cc7d03a3a03a3325,0,clean,4510,0,1,-0.1,False,0.0,0.9,0.6200000000000001,0.6200000000000001,0.0,0.0,0.0,0.0
cc7d03a3a03a3325,0,clean,4511,1,1,-0.1,False,0.0,0.9,0.8,0.8,0.0,0.0,0.0,0.0
cc7d03a3a03a3325,0,clean,4512,2,1,1.0,True,0.0,0.9,1.0,1.0,0.0,0.0,0.0,0.0
cc7d03a3a03a3325,0,clean,4513,2,1,1.0,True,0.0,0.9,1.0,1.0,0.0,0.0,0.0,0.0
cc7d03a3a03a3325,0,clean,4514,2,1,1.0,True,0.0,0.9,1.0,1.0,0.0,0.0,0.0,0.0
cc7d03a3a03a3325,0,clean,4515,2,1,1.0,True,0.0,0.9,1.0,1.0,0.0,0.0,0.0,0.0
cc7d03a3a03a3325,0,clean,4516,2,0,-0.1,False,0.0,0.9,0.6200000000000001,0.6200000000000001,0.0,0.0,0.0,0.0
cc7d03a3a03a3325,0,clean,4517,1,1,-0.1,False,0.0,0.9,0.8,0.8,0.0,0.0,0.0,0.0
cc7d03a3a03a3325,0,clean,4518,2,1,1.0,True,0.0,0.9,1.0,1.0,0.0,0.0,0.0,0.0
cc7d03a3a03a3325,0,clean,4519,2,1,1.0,True,0.0,0.9,1.0,1.0,0.0,0.0,0.0,0.0
cc7d03a3a03a3325,0,clean,4520,2,1,1.0,True,0.0,0.9,1.0,1.0,0.0,0.0,0.0,0.0
cc7d03a3a03a3325,0,clean,4521,2,1,1.0,True,0.0,0.9,1.0,1.0,0.0,0.0,0.0,0.0
cc7d03a3a03a3325,0,clean,4522,2,0,-0.1,False,0.0,0.9,0.6200000000000001,0.6200000000000001,0.0,0.0,0.0,0.0
cc7d03a3a03a3325,0,clean,4523,1,1,-0.1,False,0.0,0.9,0.8,0.8,0.0,0.0,0.0,0.0
cc7d03a3a03a3325,0,clean,4524,2,1,1.0,True,0.0,0.9,1.0,1.0,0.0,0.0,0.0,0.0
cc7d03a3a03a3325,0,clean,4525,2,1,1.0,True,0.0,0.9,1.0,1.0,0.0,0.0,0.0,0.0
cc7d03a3a03a3325,0,clean,4526,2,1,1.0,True,0.0,0.9,1.0,1.0,0.0,0.0,0.0,0.0
cc7d03a3a03a3325,0,clean,4527,2,1,1.0,True,0.0,0.9,1.0,1.0,0.0,0.0,0.0,0.0
cc7d03a3a03a3325,0,clean,4528,2,1,1.0,True,0.0,0.9,1.0,1.0,0.0,0.0,0.0,0.0
cc7d03a3a03a3325,0,clean,4529,2,0,-0.1,False,0.0,0.9,0.6200000000000001,0.6200000000000001,0.0,0.0,0.0,0.0
cc7d03a3a03a3325,0,clean,4530,1,1,-0.1,False,0.0,0.9,0.8,0.8,0.0,0.0,0.0,0.0
cc7d03a3a03a3325,0,clean,4531,2,0,-0.1,False,0.0,0.9,0.6200000000000001,0.6200000000000001,0.0,0.0,0.0,0.0
cc7d03a3a03a3325,0,clean,4532,1,1,-0.1,False,0.0,0.9,0.8,0.8,0.0,0.0,0.0,0.0
cc7d03a3a03a3325,0,clean,4533,2,1,1.0,True,0.0,0.9,1.0,1.0,0.0,0.0,0.0,0.0
cc7d03a3a03a3325,0,clean,4534,2,1,1.0,True,0.0,0.9,1.0,1.0,0.0,0.0,0.0,0.0
cc7d03a3a03a3325,0,clean,4535,2,1,1.0,True,0.0,0.9,1.0,1.0,0.0,0.0,0.0,0.0
cc7d03a3a03a3325,0,clean,4536,2,0,-0.1,False,0.0,0.9,0.6200000000000001,0.6200000000000001,0.0,0.0,0.0,0.0
cc7d03a3a03a3325,0,clean,4537,1,1,-0.1,False,0.0,0.9,0.8,0.8,0.0,0.0,0.0,0.0
cc7d03a3a03a3325,0,clean,4538,2,1,1.0,True,0.0,0.9,1.0,1.0,0.0,0.0,0.0,0.0
cc7d03a3a03a3325,0,clean,4539,2,1,1.0,True,0.0,0.9,1.0,1.0,0.0,0.0,0.0,0.0
cc7d03a3a03a3325,0,clean,4540,2,1,1.0,True,0.0,0.9,1.0,1.0,0.0,0.0,0.0,0.0
cc7d03a3a03a3325,0,clean,4541,2,1,1.0,True,0.0,0.9,1.0,1.0,0.0,0.0,0.0,0.0
cc7d03a3a03a3325,0,clean,4542,2,1,1.0,True,0.0,0.9,1.0,1.0,0.0,0.0,0.0,0.0
cc7d03a3a03a3325,0,clean,4543,2,1,1.0,True,0.0,0.9,1.0,1.0,0.0,0.0,0.0,0.0
cc7d03a3a03a3325,0,clean,4544,2,1,1.0,True,0.0,0.9,1.0,1.0,0.0,0.0,0.0,0.0
cc7d03a3a03a3325,0,clean,4545,2,1,1.0,True,0.0,0.9,1.0,1.0,0.0,0.0,0.0,0.0
cc7d03a3a03a3325,0,clean,4546,2,0,-0.1,False,0.0,0.9,0.6200000000000001,0.6200000000000001,0.0,0.0,0.0,0.0
cc7d03a3a03a3325,0,clean,4547,1,1,-0.1,False,0.0,0.9,0.8,0.8,0.0,0.0,0.0,0.0
cc7d03a3a03a3325,0,clean,4548,2,1,1.0,True,0.0,0.9,1.0,1.0,0.0,0.0,0.0,0.0
cc7d03a3a03a3325,0,clean,4549,2,1,1.0,True,0.0,0.9,1.0,1.0,0.0,0.0,0.0,0.0
cc7d03a3a03a3325,0,clean,4550,2,1,1.0,True,0.0,0.9,1.0,1.0,0.0,0.0,0.0,0.0
cc7d03a3a03a3325,0,clean,4551,2,0,-0.1,False,0.0,0.9,0.6200000000000001,0.6200000000000001,0.0,0.0,0.0,0.0
cc7d03a3a03a3325,0,clean,4552,1,1,-0.1,False,0.0,0.9,0.8,0.8,0.0,0.0,0.0,0.0
cc7d03a3a03a3325,0,clean,4553,2,1,1.0,True,0.0,0.9,1.0,1.0,0.0,0.0,0.0,0.0
cc7d03a3a03a3325,0,clean,4554,2,1,1.0,True,0.0,0.9,1.0,1.0,0.0,0.0,0.0,0.0
cc7d03a3a03a3325,0,clean,4555,2,1,1.0,True,0.0,0.9,1.0,1.0,0.0,0.0,0.0,0.0
cc7d03a3a03a3325,0,clean,4556,2,1,1.0,True,0.0,0.9,1.0,1.0,0.0,0.0,0.0,0.0
cc7d03a3a03a3325,0,clean,4557,2,1,1.0,True,0.0,0.9,1.0,1.0,0.0,0.0,0.0,0.0
cc7d03a3a03a3325,0,clean,4558,2,1,1.0,True,0.0,0.9,1.0,1.0,0.0,0.0,0.0,0.0
cc7d03a3a03a3325,0,clean,4559,2,1,1.0,True,0.0,0.9,1.0,1.0,0.0,0.0,0.0,0.0
cc7d03a3a03a3325,0,clean,4560,2,1,1.0,True,0.0,0.9,1.0,1.0,0.0,0.0,0.0,0.0
cc7d03a3a03a3325,0,clean,4561,2,1,1.0,True,0.0,0.9,1.0,1.0,0.0,0.0,0.0,0.0
cc7d03a3a03a3325,0,clean,4562,2,1,1.0,True,0.0,0.9,1.0,1.0,0.0,0.0,0.0,0.0
cc7d03a3a03a3325,0,clean,4563,2,0,-0.1,False,0.0,0.9,0.6200000000000001,0.6200000000000001,0.0,0.0,0.0,0.0
cc7d03a3a03a3325,0,clean,4564,1,1,-0.1,False,0.0,0.9,0.8,0.8,0.0,0.0,0.0,0.0
cc7d03a3a03a3325,0,clean,4565,2,1,1.0,True,0.0,0.9,1.0,1.0,0.0,0.0,0.0,0.0
cc7d03a3a03a3325,0,clean,4566,2,1,1.0,True,0.0,0.9,1.0,1.0,0.0,0.0,0.0,0.0
cc7d03a3a03a3325,0,clean,4567,2,1,1.0,True,0.0,0.9,1.0,1.0,0.0,0.0,0.0,0.0
cc7d03a3a03a3325,0,clean,4568,2,0,-0.1,False,0.0,0.9,0.6200000000000001,0.6200000000000001,0.0,0.0,0.0,0.0
cc7d03a3a03a3325,0,clean,4569,1,1,-0.1,False,0.0,0.9,0.8,0.8,0.0,0.0,0.0,0.0
cc7d03a3a03a3325,0,clean,4570,2,1,1.0,True,0.0,0.9,1.0,1.0,0.0,0.0,0.0,0.0
cc7d03a3a03a3325,0,clean,4571,2,1,1.0,True,0.0,0.9,1.0,1.0,0.0,0.0,0.0,0.0
cc7d03a3a03a3325,0,clean,4572,2,1,1.0,True,0.0,0.9,1.0,1.0,0.0,0.0,0.0,0.0
cc7d03a3a03a3325,0,clean,4573,2,1,1.0,True,0.0,0.9,1.0,1.0,0.0,0.0,0.0,0.0
cc7d03a3a03a3325,0,clean,4574,2,1,1.0,True,0.0,0.9,1.0,1.0,0.0,0.0,0.0,0.0
cc7d03a3a03a3325,0,clean,4575,2,1,1.0,True,0.0,0.9,1.0,1.0,0.0,0.0,0.0,0.0
cc7d03a3a03a3325,0,clean,4576,2,1,1.0,True,0.0,0.9,1.0,1.0,0.0,0.0,0.0,0.0
cc7d03a3a03a3325,0,clean,4577,2,0,-0.1,False,0.0,0.9,0.6200000000000001,0.6200000000000001,0.0,0.0,0.0,0.0
cc7d03a3a03a3325,0,clean,4578,1,1,-0.1,False,0.0,0.9,0.8,0.8,0.0,0.0,0.0,0.0
cc7d03a3a03a3325,0,clean,4579,2,1,1.0,True,0.0,0.9,1.0,1.0,0.0,0.0,0.0,0.0
cc7d03a3a03a3325,0,clean,4580,2,1,1.0,True,0.0,0.9,1.0,1.0,0.0,0.0,0.0,0.0
cc7d03a3a03a3325,0,clean,4581,2,1,1.0,True,0.0,0.9,1.0,1.0,0.0,0.0,0.0,0.0
cc7d03a3a03a3325,0,clean,4582,2,1,1.0,True,0.0,0.9,1.0,1.0,0.0,0.0,0.0,0.0
cc7d03a3a03a3325,0,clean,4583,2,1,1.0,True,0.0,0.9,1.0,1.0,0.0,0.0,0.0,0.0
cc7d03a3a03a3325,0,clean,4584,2,0,-0.1,False,0.0,0.9,0.6200000000000001,0.6200000000000001,0.0,0.0,0.0,0.0
cc7d03a3a03a3325,0,clean,4585,1,1,-0.1,False,0.0,0.9,0.8,0.8,0.0,0.0,0.0,0.0
cc7d03a3a03a3325,0,clean,4586,2,1,1.0,True,0.0,0.9,1.0,1.0,0.0,0.0,0.0,0.0
cc7d03a3a03a3325,0,clean,4587,2,0,-0.1,False,0.0,0.9,0.6200000000000001,0.6200000000000001,0.0,0.0,0.0,0.0
cc7d03a3a03a3325,0,clean,4588,1,1,-0.1,False,0.0,0.9,0.8,0.8,0.0,0.0,0.0,0.0
cc7d03a3a03a3325,0,clean,4589,2,1,1.0,True,0.0,0.9,1.0,1.0,0.0,0.0,0.0,0.0
cc7d03a3a03a3325,0,clean,4590,2,1,1.0,True,0.0,0.9,1.0,1.0,0.0,0.0,0.0,0.0
cc7d03a3a03a3325,0,clean,4591,2,1,1.0,True,0.0,0.9,1.0,1.0,0.0,0.0,0.0,0.0
cc7d03a3a03a3325,0,clean,4592,2,1,1.0,True,0.0,0.9,1.0,1.0,0.0,0.0,0.0,0.0
cc7d03a3a03a3325,0,clean,4593,2,1,1.0,True,0.0,0.9,1.0,1.0,0.0,0.0,0.0,0.0
cc7d03a3a03a3325,0,clean,4594,2,1,1.0,True,0.0,0.9,1.0,1.0,0.0,0.0,0.0,0.0
cc7d03a3a03a3325,0,clean,4595,2,1,1.0,True,0.0,0.9,1.0,1.0,0.0,0.0,0.0,0.0
cc7d03a3a03a3325,0,clean,4596,2,1,1.0,True,0.0,0.9,1.0,1.0,0.0,0.0,0.0,0.0
cc7d03a3a03a3325,0,clean,4597,2,1,1.0,True,0.0,0.9,1.0,1.0,0.0,0.0,0.0,0.0
cc7d03a3a03a3325,0,clean,4598,2,1,1.0,True,0.0,0.9,1.0,1.0,0.0,0.0,0.0,0.0
cc7d03a3a03a3325,0,clean,4599,2,1,1.0,True,0.0,0.9,1.0,1.0,0.0,0.0,0.0,0.0
cc7d03a3a03a3325,0,clean,4600,2,1,1.0,True,0.0,0.9,1.0,1.0,0.0,0.0,0.0,0.0
cc7d03a3a03a3325,0,clean,4601,2,1,1.0,True,0.0,0.9,1.0,1.0,0.0,0.0,0.0,0.0
cc7d03a3a03a3325,0,clean,4602,2,1,1.0,True,0.0,0.9,1.0,1.0,0.0,0.0,0.0,0.0
cc7d03a3a03a3325,0,clean,4603,2,1,1.0,True,0.0,0.9,1.0,1.0,0.0,0.0,0.0,0.0
cc7d03a3a03a3325,0,clean,4604,2,1,1.0,True,0.0,0.9,1.0,1.0,0.0,0.0,0.0,0.0
cc7d03a3a03a3325,0,clean,4605,2,1,1.0,True,0.0,0.9,1.0,1.0,0.0,0.0,0.0,0.0
cc7d03a3a03a3325,0,clean,4606,2,1,1.0,True,0.0,0.9,1.0,1.0,0.0,0.0,0.0,0.0
cc7d03a3a03a3325,0,clean,4607,2,1,1.0,True,0.0,0.9,1.0,1.0,0.0,0.0,0.0,0.0
cc7d03a3a03a3325,0,clean,4608,2,1,1.0,True,0.0,0.9,1.0,1.0,0.0,0.0,0.0,0.0
cc7d03a3a03a3325,0,clean,4609,2,1,1.0,True,0.0,0.9,1.0,1.0,0.0,0.0,0.0,0.0
cc7d03a3a03a3325,0,clean,4610,2,1,1.0,True,0.0,0.9,1.0,1.0,0.0,0.0,0.0,0.0
cc7d03a3a03a3325,0,clean,4611,2,1,1.0,True,0.0,0.9,1.0,1.0,0.0,0.0,0.0,0.0
cc7d03a3a03a3325,0,clean,4612,2,1,1.0,True,0.0,0.9,1.0,1.0,0.0,0.0,0.0,0.0
cc7d03a3a03a3325,0,clean,4613,2,0,-0.1,False,0.0,0.9,0.6200000000000001,0.6200000000000001,0.0,0.0,0.0,0.0
cc7d03a3a03a3325,0,clean,4614,1,1,-0.1,False,0.0,0.9,0.8,0.8,0.0,0.0,0.0,0.0
cc7d03a3a03a3325,0,clean,4615,2,1,1.0,True,0.0,0.9,1.0,1.0,0.0,0.0,0.0,0.0
cc7d03a3a03a3325,0,clean,4616,2,1,1.0,True,0.0,0.9,1.0,1.0,0.0,0.0,0.0,0.0
cc7d03a3a03a3325,0,clean,4617,2,1,1.0,True,0.0,0.9,1.0,1.0,0.0,0.0,0.0,0.0
cc7d03a3a03a3325,0,clean,4618,2,1,1.0,True,0.0,0.9,1.0,1.0,0.0,0.0,0.0,0.0
cc7d03a3a03a3325,0,clean,4619,2,1,1.0,True,0.0,0.9,1.0,1.0,0.0,0.0,0.0,0.0
cc7d03a3a03a3325,0,clean,4620,2,1,1.0,True,0.0,0.9,1.0,1.0,0.0,0.0,0.0,0.0
cc7d03a3a03a3325,0,clean,4621,2,1,1.0,True,0.0,0.9,1.0,1.0,0.0,0.0,0.0,0.0
cc7d03a3a03a3325,0,clean,4622,2,0,-0.1,False,0.0,0.9,0.6200000000000001,0.6200000000000001,0.0,0.0,0.0,0.0
cc7d03a3a03a3325,0,clean,4623,1,1,-0.1,False,0.0,0.9,0.8,0.8,0.0,0.0,0.0,0.0
cc7d03a3a03a3325,0,clean,4624,2,1,1.0,True,0.0,0.9,1.0,1.0,0.0,0.0,0.0,0.0
cc7d03a3a03a3325,0,clean,4625,2,0,-0.1,False,0.0,0.9,0.6200000000000001,0.6200000000000001,0.0,0.0,0.0,0.0
cc7d03a3a03a3325,0,clean,4626,1,0,-0.1,False,0.0,0.9,0.4580000000000002,0.4580000000000002,0.0,0.0,0.0,0.0
cc7d03a3a03a3325,0,clean,4627,0,1,-0.1,False,0.0,0.9,0.6200000000000001,0.6200000000000001,0.0,0.0,0.0,0.0
cc7d03a3a03a3325,0,clean,4628,1,1,-0.1,False,0.0,0.9,0.8,0.8,0.0,0.0,0.0,0.0
cc7d03a3a03a3325,0,clean,4629,2,1,1.0,True,0.0,0.9,1.0,1.0,0.0,0.0,0.0,0.0
cc7d03a3a03a3325,0,clean,4630,2,1,1.0,True,0.0,0.9,1.0,1.0,0.0,0.0,0.0,0.0
cc7d03a3a03a3325,0,clean,4631,2,1,1.0,True,0.0,0.9,1.0,1.0,0.0,0.0,0.0,0.0
cc7d03a3a03a3325,0,clean,4632,2,1,1.0,True,0.0,0.9,1.0,1.0,0.0,0.0,0.0,0.0
cc7d03a3a03a3325,0,clean,4633,2,1,1.0,True,0.0,0.9,1.0,1.0,0.0,0.0,0.0,0.0
cc7d03a3a03a3325,0,clean,4634,2,1,1.0,True,0.0,0.9,1.0,1.0,0.0,0.0,0.0,0.0
cc7d03a3a03a3325,0,clean,4635,2,1,1.0,True,0.0,0.9,1.0,1.0,0.0,0.0,0.0,0.0
cc7d03a3a03a3325,0,clean,4636,2,0,-0.1,False,0.0,0.9,0.6200000000000001,0.6200000000000001,0.0,0.0,0.0,0.0
cc7d03a3a03a3325,0,clean,4637,1,1,-0.1,False,0.0,0.9,0.8,0.8,0.0,0.0,0.0,0.0
cc7d03a3a03a3325,0,clean,4638,2,1,1.0,True,0.0,0.9,1.0,1.0,0.0,0.0,0.0,0.0
cc7d03a3a03a3325,0,clean,4639,2,1,1.0,True,0.0,0.9,1.0,1.0,0.0,0.0,0.0,0.0
cc7d03a3a03a3325,0,clean,4640,2,1,1.0,True,0.0,0.9,1.0,1.0,0.0,0.0,0.0,0.0
cc7d03a3a03a3325,0,clean,4641,2,1,1.0,True,0.0,0.9,1.0,1.0,0.0,0.0,0.0,0.0
cc7d03a3a03a3325,0,clean,4642,2,1,1.0,True,0.0,0.9,1.0,1.0,0.0,0.0,0.0,0.0
cc7d03a3a03a3325,0,clean,4643,2,1,1.0,True,0.0,0.9,1.0,1.0,0.0,0.0,0.0,0.0
cc7d03a3a03a3325,0,clean,4644,2,1,1.0,True,0.0,0.9,1.0,1.0,0.0,0.0,0.0,0.0
cc7d03a3a03a3325,0,clean,4645,2,1,1.0,True,0.0,0.9,1.0,1.0,0.0,0.0,0.0,0.0
cc7d03a3a03a3325,0,clean,4646,2,1,1.0,True,0.0,0.9,1.0,1.0,0.0,0.0,0.0,0.0
cc7d03a3a03a3325,0,clean,4647,2,0,-0.1,False,0.0,0.9,0.6200000000000001,0.6200000000000001,0.0,0.0,0.0,0.0
cc7d03a3a03a3325,0,clean,4648,1,0,-0.1,False,0.0,0.9,0.4580000000000002,0.4580000000000002,0.0,0.0,0.0,0.0
cc7d03a3a03a3325,0,clean,4649,0,1,-0.1,False,0.0,0.9,0.6200000000000001,0.6200000000000001,0.0,0.0,0.0,0.0
cc7d03a3a03a3325,0,clean,4650,1,1,-0.1,False,0.0,0.9,0.8,0.8,0.0,0.0,0.0,0.0
cc7d03a3a03a3325,0,clean,4651,2,0,-0.1,False,0.0,0.9,0.6200000000000001,0.6200000000000001,0.0,0.0,0.0,0.0
cc7d03a3a03a3325,0,clean,4652,1,0,-0.1,False,0.0,0.9,0.4580000000000002,0.4580000000000002,0.0,0.0,0.0,0.0
cc7d03a3a03a3325,0,clean,4653,0,0,-0.1,False,0.0,0.9,0.4580000000000002,0.4580000000000002,0.0,0.0,0.0,0.0
cc7d03a3a03a3325,0,clean,4654,0,0,-0.1,False,0.0,0.9,0.4580000000000002,0.4580000000000002,0.0,0.0,0.0,0.0
cc7d03a3a03a3325,0,clean,4655,0,0,-0.1,False,0.0,0.9,0.4580000000000002,0.4580000000000002,0.0,0.0,0.0,0.0
cc7d03a3a03a3325,0,clean,4656,0,1,-0.1,False,0.0,0.9,0.6200000000000001,0.6200000000000001,0.0,0.0,0.0,0.0
cc7d03a3a03a3325,0,clean,4657,1,1,-0.1,False,0.0,0.9,0.8,0.8,0.0,0.0,0.0,0.0
cc7d03a3a03a3325,0,clean,4658,2,1,1.0,True,0.0,0.9,1.0,1.0,0.0,0.0,0.0,0.0
cc7d03a3a03a3325,0,clean,4659,2,1,1.0,True,0.0,0.9,1.0,1.0,0.0,0.0,0.0,0.0
cc7d03a3a03a3325,0,clean,4660,2,1,1.0,True,0.0,0.9,1.0,1.0,0.0,0.0,0.0,0.0
cc7d03a3a03a3325,0,clean,4661,2,1,1.0,True,0.0,0.9,1.0,1.0,0.0,0.0,0.0,0.0
cc7d03a3a03a3325,0,clean,4662,2,1,1.0,True,0.0,0.9,1.0,1.0,0.0,0.0,0.0,0.0
cc7d03a3a03a3325,0,clean,4663,2,1,1.0,True,0.0,0.9,1.0,1.0,0.0,0.0,0.0,0.0
cc7d03a3a03a3325,0,clean,4664,2,1,1.0,True,0.0,0.9,1.0,1.0,0.0,0.0,0.0,0.0
cc7d03a3a03a3325,0,clean,4665,2,1,1.0,True,0.0,0.9,1.0,1.0,0.0,0.0,0.0,0.0
cc7d03a3a03a3325,0,clean,4666,2,1,1.0,True,0.0,0.9,1.0,1.0,0.0,0.0,0.0,0.0
cc7d03a3a03a3325,0,clean,4667,2,1,1.0,True,0.0,0.9,1.0,1.0,0.0,0.0,0.0,0.0
cc7d03a3a03a3325,0,clean,4668,2,1,1.0,True,0.0,0.9,1.0,1.0,0.0,0.0,0.0,0.0
cc7d03a3a03a3325,0,clean,4669,2,1,1.0,True,0.0,0.9,1.0,1.0,0.0,0.0,0.0,0.0
cc7d03a3a03a3325,0,clean,4670,2,1,1.0,True,0.0,0.9,1.0,1.0,0.0,0.0,0.0,0.0
cc7d03a3a03a3325,0,clean,4671,2,1,1.0,True,0.0,0.9,1.0,1.0,0.0,0.0,0.0,0.0
cc7d03a3a03a3325,0,clean,4672,2,1,1.0,True,0.0,0.9,1.0,1.0,0.0,0.0,0.0,0.0
cc7d03a3a03a3325,0,clean,4673,2,1,1.0,True,0.0,0.9,1.0,1.0,0.0,0.0,0.0,0.0
cc7d03a3a03a3325,0,clean,4674,2,1,1.0,True,0.0,0.9,1.0,1.0,0.0,0.0,0.0,0.0
cc7d03a3a03a3325,0,clean,4675,2,1,1.0,True,0.0,0.9,1.0,1.0,0.0,0.0,0.0,0.0
cc7d03a3a03a3325,0,clean,4676,2,1,1.0,True,0.0,0.9,1.0,1.0,0.0,0.0,0.0,0.0
cc7d03a3a03a3325,0,clean,4677,2,1,1.0,True,0.0,0.9,1.0,1.0,0.0,0.0,0.0,0.0
cc7d03a3a03a3325,0,clean,4678,2,1,1.0,True,0.0,0.9,1.0,1.0,0.0,0.0,0.0,0.0
cc7d03a3a03a3325,0,clean,4679,2,0,-0.1,False,0.0,0.9,0.6200000000000001,0.6200000000000001,0.0,0.0,0.0,0.0
cc7d03a3a03a3325,0,clean,4680,1,0,-0.1,False,0.0,0.9,0.4580000000000002,0.4580000000000002,0.0,0.0,0.0,0.0
cc7d03a3a03a3325,0,clean,4681,0,1,-0.1,False,0.0,0.9,0.6200000000000001,0.6200000000000001,0.0,0.0,0.0,0.0
cc7d03a3a03a3325,0,clean,4682,1,0,-0.1,False,0.0,0.9,0.4580000000000002,0.4580000000000002,0.0,0.0,0.0,0.0
cc7d03a3a03a3325,0,clean,4683,0,1,-0.1,False,0.0,0.9,0.6200000000000001,0.6200000000000001,0.0,0.0,0.0,0.0
cc7d03a3a03a3325,0,clean,4684,1,1,-0.1,False,0.0,0.9,0.8,0.8,0.0,0.0,0.0,0.0
cc7d03a3a03a3325,0,clean,4685,2,1,1.0,True,0.0,0.9,1.0,1.0,0.0,0.0,0.0,0.0
cc7d03a3a03a3325,0,clean,4686,2,1,1.0,True,0.0,0.9,1.0,1.0,0.0,0.0,0.0,0.0
cc7d03a3a03a3325,0,clean,4687,2,1,1.0,True,0.0,0.9,1.0,1.0,0.0,0.0,0.0,0.0
cc7d03a3a03a3325,0,clean,4688,2,1,1.0,True,0.0,0.9,1.0,1.0,0.0,0.0,0.0,0.0
cc7d03a3a03a3325,0,clean,4689,2,1,1.0,True,0.0,0.9,1.0,1.0,0.0,0.0,0.0,0.0
cc7d03a3a03a3325,0,clean,4690,2,1,1.0,True,0.0,0.9,1.0,1.0,0.0,0.0,0.0,0.0
cc7d03a3a03a3325,0,clean,4691,2,1,1.0,True,0.0,0.9,1.0,1.0,0.0,0.0,0.0,0.0
cc7d03a3a03a3325,0,clean,4692,2,1,1.0,True,0.0,0.9,1.0,1.0,0.0,0.0,0.0,0.0
cc7d03a3a03a3325,0,clean,4693,2,1,1.0,True,0.0,0.9,1.0,1.0,0.0,0.0,0.0,0.0
cc7d03a3a03a3325,0,clean,4694,2,1,1.0,True,0.0,0.9,1.0,1.0,0.0,0.0,0.0,0.0
cc7d03a3a03a3325,0,clean,4695,2,1,1.0,True,0.0,0.9,1.0,1.0,0.0,0.0,0.0,0.0
cc7d03a3a03a3325,0,clean,4696,2,1,1.0,True,0.0,0.9,1.0,1.0,0.0,0.0,0.0,0.0
cc7d03a3a03a3325,0,clean,4697,2,1,1.0,True,0.0,0.9,1.0,1.0,0.0,0.0,0.0,0.0
cc7d03a3a03a3325,0,clean,4698,2,1,1.0,True,0.0,0.9,1.0,1.0,0.0,0.0,0.0,0.0
cc7d03a3a03a3325,0,clean,4699,2,1,1.0,True,0.0,0.9,1.0,1.0,0.0,0.0,0.0,0.0
cc7d03a3a03a3325,0,clean,4700,2,0,-0.1,False,0.0,0.9,0.6200000000000001,0.6200000000000001,0.0,0.0,0.0,0.0
cc7d03a3a03a3325,0,clean,4701,1,1,-0.1,False,0.0,0.9,0.8,0.8,0.0,0.0,0.0,0.0
cc7d03a3a03a3325,0,clean,4702,2,1,1.0,True,0.0,0.9,1.0,1.0,0.0,0.0,0.0,0.0
cc7d03a3a03a3325,0,clean,4703,2,1,1.0,True,0.0,0.9,1.0,1.0,0.0,0.0,0.0,0.0
cc7d03a3a03a3325,0,clean,4704,2,1,1.0,True,0.0,0.9,1.0,1.0,0.0,0.0,0.0,0.0
cc7d03a3a03a3325,0,clean,4705,2,0,-0.1,False,0.0,0.9,0.6200000000000001,0.6200000000000001,0.0,0.0,0.0,0.0
cc7d03a3a03a3325,0,clean,4706,1,1,-0.1,False,0.0,0.9,0.8,0.8,0.0,0.0,0.0,0.0
cc7d03a3a03a3325,0,clean,4707,2,0,-0.1,False,0.0,0.9,0.6200000000000001,0.6200000000000001,0.0,0.0,0.0,0.0
cc7d03a3a03a3325,0,clean,4708,1,1,-0.1,False,0.0,0.9,0.8,0.8,0.0,0.0,0.0,0.0
cc7d03a3a03a3325,0,clean,4709,2,1,1.0,True,0.0,0.9,1.0,1.0,0.0,0.0,0.0,0.0
cc7d03a3a03a3325,0,clean,4710,2,1,1.0,True,0.0,0.9,1.0,1.0,0.0,0.0,0.0,0.0
cc7d03a3a03a3325,0,clean,4711,2,0,-0.1,False,0.0,0.9,0.6200000000000001,0.6200000000000001,0.0,0.0,0.0,0.0
cc7d03a3a03a3325,0,clean,4712,1,1,-0.1,False,0.0,0.9,0.8,0.8,0.0,0.0,0.0,0.0
cc7d03a3a03a3325,0,clean,4713,2,1,1.0,True,0.0,0.9,1.0,1.0,0.0,0.0,0.0,0.0
cc7d03a3a03a3325,0,clean,4714,2,1,1.0,True,0.0,0.9,1.0,1.0,0.0,0.0,0.0,0.0
cc7d03a3a03a3325,0,clean,4715,2,0,-0.1,False,0.0,0.9,0.6200000000000001,0.6200000000000001,0.0,0.0,0.0,0.0
cc7d03a3a03a3325,0,clean,4716,1,1,-0.1,False,0.0,0.9,0.8,0.8,0.0,0.0,0.0,0.0
cc7d03a3a03a3325,0,clean,4717,2,1,1.0,True,0.0,0.9,1.0,1.0,0.0,0.0,0.0,0.0
cc7d03a3a03a3325,0,clean,4718,2,1,1.0,True,0.0,0.9,1.0,1.0,0.0,0.0,0.0,0.0
cc7d03a3a03a3325,0,clean,4719,2,0,-0.1,False,0.0,0.9,0.6200000000000001,0.6200000000000001,0.0,0.0,0.0,0.0
cc7d03a3a03a3325,0,clean,4720,1,1,-0.1,False,0.0,0.9,0.8,0.8,0.0,0.0,0.0,0.0
cc7d03a3a03a3325,0,clean,4721,2,1,1.0,True,0.0,0.9,1.0,1.0,0.0,0.0,0.0,0.0
cc7d03a3a03a3325,0,clean,4722,2,1,1.0,True,0.0,0.9,1.0,1.0,0.0,0.0,0.0,0.0
cc7d03a3a03a3325,0,clean,4723,2,1,1.0,True,0.0,0.9,1.0,1.0,0.0,0.0,0.0,0.0
cc7d03a3a03a3325,0,clean,4724,2,0,-0.1,False,0.0,0.9,0.6200000000000001,0.6200000000000001,0.0,0.0,0.0,0.0
cc7d03a3a03a3325,0,clean,4725,1,1,-0.1,False,0.0,0.9,0.8,0.8,0.0,0.0,0.0,0.0
cc7d03a3a03a3325,0,clean,4726,2,0,-0.1,False,0.0,0.9,0.6200000000000001,0.6200000000000001,0.0,0.0,0.0,0.0
cc7d03a3a03a3325,0,clean,4727,1,1,-0.1,False,0.0,0.9,0.8,0.8,0.0,0.0,0.0,0.0
cc7d03a3a03a3325,0,clean,4728,2,1,1.0,True,0.0,0.9,1.0,1.0,0.0,0.0,0.0,0.0
cc7d03a3a03a3325,0,clean,4729,2,1,1.0,True,0.0,0.9,1.0,1.0,0.0,0.0,0.0,0.0
cc7d03a3a03a3325,0,clean,4730,2,1,1.0,True,0.0,0.9,1.0,1.0,0.0,0.0,0.0,0.0
cc7d03a3a03a3325,0,clean,4731,2,1,1.0,True,0.0,0.9,1.0,1.0,0.0,0.0,0.0,0.0
cc7d03a3a03a3325,0,clean,4732,2,1,1.0,True,0.0,0.9,1.0,1.0,0.0,0.0,0.0,0.0
cc7d03a3a03a3325,0,clean,4733,2,0,-0.1,False,0.0,0.9,0.6200000000000001,0.6200000000000001,0.0,0.0,0.0,0.0
cc7d03a3a03a3325,0,clean,4734,1,1,-0.1,False,0.0,0.9,0.8,0.8,0.0,0.0,0.0,0.0
cc7d03a3a03a3325,0,clean,4735,2,0,-0.1,False,0.0,0.9,0.6200000000000001,0.6200000000000001,0.0,0.0,0.0,0.0
cc7d03a3a03a3325,0,clean,4736,1,1,-0.1,False,0.0,0.9,0.8,0.8,0.0,0.0,0.0,0.0
cc7d03a3a03a3325,0,clean,4737,2,1,1.0,True,0.0,0.9,1.0,1.0,0.0,0.0,0.0,0.0
cc7d03a3a03a3325,0,clean,4738,2,1,1.0,True,0.0,0.9,1.0,1.0,0.0,0.0,0.0,0.0
cc7d03a3a03a3325,0,clean,4739,2,1,1.0,True,0.0,0.9,1.0,1.0,0.0,0.0,0.0,0.0
cc7d03a3a03a3325,0,clean,4740,2,1,1.0,True,0.0,0.9,1.0,1.0,0.0,0.0,0.0,0.0
cc7d03a3a03a3325,0,clean,4741,2,1,1.0,True,0.0,0.9,1.0,1.0,0.0,0.0,0.0,0.0
cc7d03a3a03a3325,0,clean,4742,2,1,1.0,True,0.0,0.9,1.0,1.0,0.0,0.0,0.0,0.0
cc7d03a3a03a3325,0,clean,4743,2,1,1.0,True,0.0,0.9,1.0,1.0,0.0,0.0,0.0,0.0
cc7d03a3a03a3325,0,clean,4744,2,1,1.0,True,0.0,0.9,1.0,1.0,0.0,0.0,0.0,0.0
cc7d03a3a03a3325,0,clean,4745,2,1,1.0,True,0.0,0.9,1.0,1.0,0.0,0.0,0.0,0.0
cc7d03a3a03a3325,0,clean,4746,2,1,1.0,True,0.0,0.9,1.0,1.0,0.0,0.0,0.0,0.0
cc7d03a3a03a3325,0,clean,4747,2,1,1.0,True,0.0,0.9,1.0,1.0,0.0,0.0,0.0,0.0
cc7d03a3a03a3325,0,clean,4748,2,1,1.0,True,0.0,0.9,1.0,1.0,0.0,0.0,0.0,0.0
cc7d03a3a03a3325,0,clean,4749,2,1,1.0,True,0.0,0.9,1.0,1.0,0.0,0.0,0.0,0.0
cc7d03a3a03a3325,0,clean,4750,2,1,1.0,True,0.0,0.9,1.0,1.0,0.0,0.0,0.0,0.0
cc7d03a3a03a3325,0,clean,4751,2,1,1.0,True,0.0,0.9,1.0,1.0,0.0,0.0,0.0,0.0
cc7d03a3a03a3325,0,clean,4752,2,1,1.0,True,0.0,0.9,1.0,1.0,0.0,0.0,0.0,0.0
cc7d03a3a03a3325,0,clean,4753,2,0,-0.1,False,0.0,0.9,0.6200000000000001,0.6200000000000001,0.0,0.0,0.0,0.0
cc7d03a3a03a3325,0,clean,4754,1,0,-0.1,False,0.0,0.9,0.4580000000000002,0.4580000000000002,0.0,0.0,0.0,0.0
cc7d03a3a03a3325,0,clean,4755,0,0,-0.1,False,0.0,0.9,0.4580000000000002,0.4580000000000002,0.0,0.0,0.0,0.0
cc7d03a3a03a3325,0,clean,4756,0,1,-0.1,False,0.0,0.9,0.6200000000000001,0.6200000000000001,0.0,0.0,0.0,0.0
cc7d03a3a03a3325,0,clean,4757,1,0,-0.1,False,0.0,0.9,0.4580000000000002,0.4580000000000002,0.0,0.0,0.0,0.0
cc7d03a3a03a3325,0,clean,4758,0,0,-0.1,False,0.0,0.9,0.4580000000000002,0.4580000000000002,0.0,0.0,0.0,0.0
cc7d03a3a03a3325,0,clean,4759,0,1,-0.1,False,0.0,0.9,0.6200000000000001,0.6200000000000001,0.0,0.0,0.0,0.0
cc7d03a3a03a3325,0,clean,4760,1,1,-0.1,False,0.0,0.9,0.8,0.8,0.0,0.0,0.0,0.0
cc7d03a3a03a3325,0,clean,4761,2,1,1.0,True,0.0,0.9,1.0,1.0,0.0,0.0,0.0,0.0
cc7d03a3a03a3325,0,clean,4762,2,1,1.0,True,0.0,0.9,1.0,1.0,0.0,0.0,0.0,0.0
cc7d03a3a03a3325,0,clean,4763,2,1,1.0,True,0.0,0.9,1.0,1.0,0.0,0.0,0.0,0.0
cc7d03a3a03a3325,0,clean,4764,2,0,-0.1,False,0.0,0.9,0.6200000000000001,0.6200000000000001,0.0,0.0,0.0,0.0
cc7d03a3a03a3325,0,clean,4765,1,1,-0.1,False,0.0,0.9,0.8,0.8,0.0,0.0,0.0,0.0
cc7d03a3a03a3325,0,clean,4766,2,1,1.0,True,0.0,0.9,1.0,1.0,0.0,0.0,0.0,0.0
cc7d03a3a03a3325,0,clean,4767,2,0,-0.1,False,0.0,0.9,0.6200000000000001,0.6200000000000001,0.0,0.0,0.0,0.0
cc7d03a3a03a3325,0,clean,4768,1,0,-0.1,False,0.0,0.9,0.4580000000000002,0.4580000000000002,0.0,0.0,0.0,0.0
cc7d03a3a03a3325,0,clean,4769,0,1,-0.1,False,0.0,0.9,0.6200000000000001,0.6200000000000001,0.0,0.0,0.0,0.0
cc7d03a3a03a3325,0,clean,4770,1,0,-0.1,False,0.0,0.9,0.4580000000000002,0.4580000000000002,0.0,0.0,0.0,0.0
cc7d03a3a03a3325,0,clean,4771,0,1,-0.1,False,0.0,0.9,0.6200000000000001,0.6200000000000001,0.0,0.0,0.0,0.0
cc7d03a3a03a3325,0,clean,4772,1,1,-0.1,False,0.0,0.9,0.8,0.8,0.0,0.0,0.0,0.0
cc7d03a3a03a3325,0,clean,4773,2,1,1.0,True,0.0,0.9,1.0,1.0,0.0,0.0,0.0,0.0
cc7d03a3a03a3325,0,clean,4774,2,1,1.0,True,0.0,0.9,1.0,1.0,0.0,0.0,0.0,0.0
cc7d03a3a03a3325,0,clean,4775,2,1,1.0,True,0.0,0.9,1.0,1.0,0.0,0.0,0.0,0.0
cc7d03a3a03a3325,0,clean,4776,2,1,1.0,True,0.0,0.9,1.0,1.0,0.0,0.0,0.0,0.0
cc7d03a3a03a3325,0,clean,4777,2,1,1.0,True,0.0,0.9,1.0,1.0,0.0,0.0,0.0,0.0
cc7d03a3a03a3325,0,clean,4778,2,1,1.0,True,0.0,0.9,1.0,1.0,0.0,0.0,0.0,0.0
cc7d03a3a03a3325,0,clean,4779,2,1,1.0,True,0.0,0.9,1.0,1.0,0.0,0.0,0.0,0.0
cc7d03a3a03a3325,0,clean,4780,2,1,1.0,True,0.0,0.9,1.0,1.0,0.0,0.0,0.0,0.0
cc7d03a3a03a3325,0,clean,4781,2,1,1.0,True,0.0,0.9,1.0,1.0,0.0,0.0,0.0,0.0
cc7d03a3a03a3325,0,clean,4782,2,1,1.0,True,0.0,0.9,1.0,1.0,0.0,0.0,0.0,0.0
cc7d03a3a03a3325,0,clean,4783,2,0,-0.1,False,0.0,0.9,0.6200000000000001,0.6200000000000001,0.0,0.0,0.0,0.0
cc7d03a3a03a3325,0,clean,4784,1,1,-0.1,False,0.0,0.9,0.8,0.8,0.0,0.0,0.0,0.0
cc7d03a3a03a3325,0,clean,4785,2,1,1.0,True,0.0,0.9,1.0,1.0,0.0,0.0,0.0,0.0
cc7d03a3a03a3325,0,clean,4786,2,1,1.0,True,0.0,0.9,1.0,1.0,0.0,0.0,0.0,0.0
cc7d03a3a03a3325,0,clean,4787,2,1,1.0,True,0.0,0.9,1.0,1.0,0.0,0.0,0.0,0.0
cc7d03a3a03a3325,0,clean,4788,2,1,1.0,True,0.0,0.9,1.0,1.0,0.0,0.0,0.0,0.0
cc7d03a3a03a3325,0,clean,4789,2,0,-0.1,False,0.0,0.9,0.6200000000000001,0.6200000000000001,0.0,0.0,0.0,0.0
cc7d03a3a03a3325,0,clean,4790,1,0,-0.1,False,0.0,0.9,0.4580000000000002,0.4580000000000002,0.0,0.0,0.0,0.0
cc7d03a3a03a3325,0,clean,4791,0,0,-0.1,False,0.0,0.9,0.4580000000000002,0.4580000000000002,0.0,0.0,0.0,0.0
cc7d03a3a03a3325,0,clean,4792,0,1,-0.1,False,0.0,0.9,0.6200000000000001,0.6200000000000001,0.0,0.0,0.0,0.0
cc7d03a3a03a3325,0,clean,4793,1,1,-0.1,False,0.0,0.9,0.8,0.8,0.0,0.0,0.0,0.0
cc7d03a3a03a3325,0,clean,4794,2,1,1.0,True,0.0,0.9,1.0,1.0,0.0,0.0,0.0,0.0
cc7d03a3a03a3325,0,clean,4795,2,1,1.0,True,0.0,0.9,1.0,1.0,0.0,0.0,0.0,0.0
cc7d03a3a03a3325,0,clean,4796,2,1,1.0,True,0.0,0.9,1.0,1.0,0.0,0.0,0.0,0.0
cc7d03a3a03a3325,0,clean,4797,2,1,1.0,True,0.0,0.9,1.0,1.0,0.0,0.0,0.0,0.0
cc7d03a3a03a3325,0,clean,4798,2,1,1.0,True,0.0,0.9,1.0,1.0,0.0,0.0,0.0,0.0
cc7d03a3a03a3325,0,clean,4799,2,1,1.0,True,0.0,0.9,1.0,1.0,0.0,0.0,0.0,0.0
cc7d03a3a03a3325,0,clean,4800,2,1,1.0,True,0.0,0.9,1.0,1.0,0.0,0.0,0.0,0.0
cc7d03a3a03a3325,0,clean,4801,2,0,-0.1,False,0.0,0.9,0.6200000000000001,0.6200000000000001,0.0,0.0,0.0,0.0
cc7d03a3a03a3325,0,clean,4802,1,1,-0.1,False,0.0,0.9,0.8,0.8,0.0,0.0,0.0,0.0
cc7d03a3a03a3325,0,clean,4803,2,0,-0.1,False,0.0,0.9,0.6200000000000001,0.6200000000000001,0.0,0.0,0.0,0.0
cc7d03a3a03a3325,0,clean,4804,1,0,-0.1,False,0.0,0.9,0.4580000000000002,0.4580000000000002,0.0,0.0,0.0,0.0
cc7d03a3a03a3325,0,clean,4805,0,0,-0.1,False,0.0,0.9,0.4580000000000002,0.4580000000000002,0.0,0.0,0.0,0.0
cc7d03a3a03a3325,0,clean,4806,0,1,-0.1,False,0.0,0.9,0.6200000000000001,0.6200000000000001,0.0,0.0,0.0,0.0
cc7d03a3a03a3325,0,clean,4807,1,1,-0.1,False,0.0,0.9,0.8,0.8,0.0,0.0,0.0,0.0
cc7d03a3a03a3325,0,clean,4808,2,1,1.0,True,0.0,0.9,1.0,1.0,0.0,0.0,0.0,0.0
cc7d03a3a03a3325,0,clean,4809,2,1,1.0,True,0.0,0.9,1.0,1.0,0.0,0.0,0.0,0.0
cc7d03a3a03a3325,0,clean,4810,2,1,1.0,True,0.0,0.9,1.0,1.0,0.0,0.0,0.0,0.0
cc7d03a3a03a3325,0,clean,4811,2,1,1.0,True,0.0,0.9,1.0,1.0,0.0,0.0,0.0,0.0
cc7d03a3a03a3325,0,clean,4812,2,1,1.0,True,0.0,0.9,1.0,1.0,0.0,0.0,0.0,0.0
cc7d03a3a03a3325,0,clean,4813,2,1,1.0,True,0.0,0.9,1.0,1.0,0.0,0.0,0.0,0.0
cc7d03a3a03a3325,0,clean,4814,2,0,-0.1,False,0.0,0.9,0.6200000000000001,0.6200000000000001,0.0,0.0,0.0,0.0
cc7d03a3a03a3325,0,clean,4815,1,1,-0.1,False,0.0,0.9,0.8,0.8,0.0,0.0,0.0,0.0
cc7d03a3a03a3325,0,clean,4816,2,1,1.0,True,0.0,0.9,1.0,1.0,0.0,0.0,0.0,0.0
cc7d03a3a03a3325,0,clean,4817,2,1,1.0,True,0.0,0.9,1.0,1.0,0.0,0.0,0.0,0.0
cc7d03a3a03a3325,0,clean,4818,2,1,1.0,True,0.0,0.9,1.0,1.0,0.0,0.0,0.0,0.0
cc7d03a3a03a3325,0,clean,4819,2,1,1.0,True,0.0,0.9,1.0,1.0,0.0,0.0,0.0,0.0
cc7d03a3a03a3325,0,clean,4820,2,1,1.0,True,0.0,0.9,1.0,1.0,0.0,0.0,0.0,0.0
cc7d03a3a03a3325,0,clean,4821,2,1,1.0,True,0.0,0.9,1.0,1.0,0.0,0.0,0.0,0.0
cc7d03a3a03a3325,0,clean,4822,2,1,1.0,True,0.0,0.9,1.0,1.0,0.0,0.0,0.0,0.0
cc7d03a3a03a3325,0,clean,4823,2,1,1.0,True,0.0,0.9,1.0,1.0,0.0,0.0,0.0,0.0
cc7d03a3a03a3325,0,clean,4824,2,1,1.0,True,0.0,0.9,1.0,1.0,0.0,0.0,0.0,0.0
cc7d03a3a03a3325,0,clean,4825,2,1,1.0,True,0.0,0.9,1.0,1.0,0.0,0.0,0.0,0.0
cc7d03a3a03a3325,0,clean,4826,2,1,1.0,True,0.0,0.9,1.0,1.0,0.0,0.0,0.0,0.0
cc7d03a3a03a3325,0,clean,4827,2,1,1.0,True,0.0,0.9,1.0,1.0,0.0,0.0,0.0,0.0
cc7d03a3a03a3325,0,clean,4828,2,1,1.0,True,0.0,0.9,1.0,1.0,0.0,0.0,0.0,0.0
cc7d03a3a03a3325,0,clean,4829,2,1,1.0,True,0.0,0.9,1.0,1.0,0.0,0.0,0.0,0.0
cc7d03a3a03a3325,0,clean,4830,2,0,-0.1,False,0.0,0.9,0.6200000000000001,0.6200000000000001,0.0,0.0,0.0,0.0
cc7d03a3a03a3325,0,clean,4831,1,1,-0.1,False,0.0,0.9,0.8,0.8,0.0,0.0,0.0,0.0
cc7d03a3a03a3325,0,clean,4832,2,0,-0.1,False,0.0,0.9,0.6200000000000001,0.6200000000000001,0.0,0.0,0.0,0.0
cc7d03a3a03a3325,0,clean,4833,1,1,-0.1,False,0.0,0.9,0.8,0.8,0.0,0.0,0.0,0.0
cc7d03a3a03a3325,0,clean,4834,2,1,1.0,True,0.0,0.9,1.0,1.0,0.0,0.0,0.0,0.0
cc7d03a3a03a3325,0,clean,4835,2,1,1.0,True,0.0,0.9,1.0,1.0,0.0,0.0,0.0,0.0
cc7d03a3a03a3325,0,clean,4836,2,1,1.0,True,0.0,0.9,1.0,1.0,0.0,0.0,0.0,0.0
cc7d03a3a03a3325,0,clean,4837,2,1,1.0,True,0.0,0.9,1.0,1.0,0.0,0.0,0.0,0.0
cc7d03a3a03a3325,0,clean,4838,2,1,1.0,True,0.0,0.9,1.0,1.0,0.0,0.0,0.0,0.0
cc7d03a3a03a3325,0,clean,4839,2,1,1.0,True,0.0,0.9,1.0,1.0,0.0,0.0,0.0,0.0
cc7d03a3a03a3325,0,clean,4840,2,1,1.0,True,0.0,0.9,1.0,1.0,0.0,0.0,0.0,0.0
cc7d03a3a03a3325,0,clean,4841,2,1,1.0,True,0.0,0.9,1.0,1.0,0.0,0.0,0.0,0.0
cc7d03a3a03a3325,0,clean,4842,2,1,1.0,True,0.0,0.9,1.0,1.0,0.0,0.0,0.0,0.0
cc7d03a3a03a3325,0,clean,4843,2,0,-0.1,False,0.0,0.9,0.6200000000000001,0.6200000000000001,0.0,0.0,0.0,0.0
cc7d03a3a03a3325,0,clean,4844,1,1,-0.1,False,0.0,0.9,0.8,0.8,0.0,0.0,0.0,0.0
cc7d03a3a03a3325,0,clean,4845,2,1,1.0,True,0.0,0.9,1.0,1.0,0.0,0.0,0.0,0.0
cc7d03a3a03a3325,0,clean,4846,2,1,1.0,True,0.0,0.9,1.0,1.0,0.0,0.0,0.0,0.0
cc7d03a3a03a3325,0,clean,4847,2,1,1.0,True,0.0,0.9,1.0,1.0,0.0,0.0,0.0,0.0
cc7d03a3a03a3325,0,clean,4848,2,1,1.0,True,0.0,0.9,1.0,1.0,0.0,0.0,0.0,0.0
cc7d03a3a03a3325,0,clean,4849,2,1,1.0,True,0.0,0.9,1.0,1.0,0.0,0.0,0.0,0.0
cc7d03a3a03a3325,0,clean,4850,2,1,1.0,True,0.0,0.9,1.0,1.0,0.0,0.0,0.0,0.0
cc7d03a3a03a3325,0,clean,4851,2,1,1.0,True,0.0,0.9,1.0,1.0,0.0,0.0,0.0,0.0
cc7d03a3a03a3325,0,clean,4852,2,0,-0.1,False,0.0,0.9,0.6200000000000001,0.6200000000000001,0.0,0.0,0.0,0.0
cc7d03a3a03a3325,0,clean,4853,1,1,-0.1,False,0.0,0.9,0.8,0.8,0.0,0.0,0.0,0.0
cc7d03a3a03a3325,0,clean,4854,2,1,1.0,True,0.0,0.9,1.0,1.0,0.0,0.0,0.0,0.0
cc7d03a3a03a3325,0,clean,4855,2,1,1.0,True,0.0,0.9,1.0,1.0,0.0,0.0,0.0,0.0
cc7d03a3a03a3325,0,clean,4856,2,1,1.0,True,0.0,0.9,1.0,1.0,0.0,0.0,0.0,0.0
cc7d03a3a03a3325,0,clean,4857,2,1,1.0,True,0.0,0.9,1.0,1.0,0.0,0.0,0.0,0.0
cc7d03a3a03a3325,0,clean,4858,2,1,1.0,True,0.0,0.9,1.0,1.0,0.0,0.0,0.0,0.0
cc7d03a3a03a3325,0,clean,4859,2,1,1.0,True,0.0,0.9,1.0,1.0,0.0,0.0,0.0,0.0
cc7d03a3a03a3325,0,clean,4860,2,1,1.0,True,0.0,0.9,1.0,1.0,0.0,0.0,0.0,0.0
cc7d03a3a03a3325,0,clean,4861,2,1,1.0,True,0.0,0.9,1.0,1.0,0.0,0.0,0.0,0.0
cc7d03a3a03a3325,0,clean,4862,2,1,1.0,True,0.0,0.9,1.0,1.0,0.0,0.0,0.0,0.0
cc7d03a3a03a3325,0,clean,4863,2,1,1.0,True,0.0,0.9,1.0,1.0,0.0,0.0,0.0,0.0
cc7d03a3a03a3325,0,clean,4864,2,1,1.0,True,0.0,0.9,1.0,1.0,0.0,0.0,0.0,0.0
cc7d03a3a03a3325,0,clean,4865,2,0,-0.1,False,0.0,0.9,0.6200000000000001,0.6200000000000001,0.0,0.0,0.0,0.0
cc7d03a3a03a3325,0,clean,4866,1,1,-0.1,False,0.0,0.9,0.8,0.8,0.0,0.0,0.0,0.0
cc7d03a3a03a3325,0,clean,4867,2,1,1.0,True,0.0,0.9,1.0,1.0,0.0,0.0,0.0,0.0
cc7d03a3a03a3325,0,clean,4868,2,1,1.0,True,0.0,0.9,1.0,1.0,0.0,0.0,0.0,0.0
cc7d03a3a03a3325,0,clean,4869,2,1,1.0,True,0.0,0.9,1.0,1.0,0.0,0.0,0.0,0.0
cc7d03a3a03a3325,0,clean,4870,2,1,1.0,True,0.0,0.9,1.0,1.0,0.0,0.0,0.0,0.0
cc7d03a3a03a3325,0,clean,4871,2,1,1.0,True,0.0,0.9,1.0,1.0,0.0,0.0,0.0,0.0
cc7d03a3a03a3325,0,clean,4872,2,1,1.0,True,0.0,0.9,1.0,1.0,0.0,0.0,0.0,0.0
cc7d03a3a03a3325,0,clean,4873,2,0,-0.1,False,0.0,0.9,0.6200000000000001,0.6200000000000001,0.0,0.0,0.0,0.0
cc7d03a3a03a3325,0,clean,4874,1,1,-0.1,False,0.0,0.9,0.8,0.8,0.0,0.0,0.0,0.0
cc7d03a3a03a3325,0,clean,4875,2,1,1.0,True,0.0,0.9,1.0,1.0,0.0,0.0,0.0,0.0
cc7d03a3a03a3325,0,clean,4876,2,1,1.0,True,0.0,0.9,1.0,1.0,0.0,0.0,0.0,0.0
cc7d03a3a03a3325,0,clean,4877,2,1,1.0,True,0.0,0.9,1.0,1.0,0.0,0.0,0.0,0.0
cc7d03a3a03a3325,0,clean,4878,2,1,1.0,True,0.0,0.9,1.0,1.0,0.0,0.0,0.0,0.0
cc7d03a3a03a3325,0,clean,4879,2,1,1.0,True,0.0,0.9,1.0,1.0,0.0,0.0,0.0,0.0
cc7d03a3a03a3325,0,clean,4880,2,1,1.0,True,0.0,0.9,1.0,1.0,0.0,0.0,0.0,0.0
cc7d03a3a03a3325,0,clean,4881,2,1,1.0,True,0.0,0.9,1.0,1.0,0.0,0.0,0.0,0.0
cc7d03a3a03a3325,0,clean,4882,2,1,1.0,True,0.0,0.9,1.0,1.0,0.0,0.0,0.0,0.0
cc7d03a3a03a3325,0,clean,4883,2,1,1.0,True,0.0,0.9,1.0,1.0,0.0,0.0,0.0,0.0
cc7d03a3a03a3325,0,clean,4884,2,1,1.0,True,0.0,0.9,1.0,1.0,0.0,0.0,0.0,0.0
cc7d03a3a03a3325,0,clean,4885,2,1,1.0,True,0.0,0.9,1.0,1.0,0.0,0.0,0.0,0.0
cc7d03a3a03a3325,0,clean,4886,2,1,1.0,True,0.0,0.9,1.0,1.0,0.0,0.0,0.0,0.0
cc7d03a3a03a3325,0,clean,4887,2,1,1.0,True,0.0,0.9,1.0,1.0,0.0,0.0,0.0,0.0
cc7d03a3a03a3325,0,clean,4888,2,1,1.0,True,0.0,0.9,1.0,1.0,0.0,0.0,0.0,0.0
cc7d03a3a03a3325,0,clean,4889,2,1,1.0,True,0.0,0.9,1.0,1.0,0.0,0.0,0.0,0.0
cc7d03a3a03a3325,0,clean,4890,2,1,1.0,True,0.0,0.9,1.0,1.0,0.0,0.0,0.0,0.0
cc7d03a3a03a3325,0,clean,4891,2,0,-0.1,False,0.0,0.9,0.6200000000000001,0.6200000000000001,0.0,0.0,0.0,0.0
cc7d03a3a03a3325,0,clean,4892,1,0,-0.1,False,0.0,0.9,0.4580000000000002,0.4580000000000002,0.0,0.0,0.0,0.0
cc7d03a3a03a3325,0,clean,4893,0,1,-0.1,False,0.0,0.9,0.6200000000000001,0.6200000000000001,0.0,0.0,0.0,0.0
cc7d03a3a03a3325,0,clean,4894,1,1,-0.1,False,0.0,0.9,0.8,0.8,0.0,0.0,0.0,0.0
cc7d03a3a03a3325,0,clean,4895,2,1,1.0,True,0.0,0.9,1.0,1.0,0.0,0.0,0.0,0.0
cc7d03a3a03a3325,0,clean,4896,2,1,1.0,True,0.0,0.9,1.0,1.0,0.0,0.0,0.0,0.0
cc7d03a3a03a3325,0,clean,4897,2,1,1.0,True,0.0,0.9,1.0,1.0,0.0,0.0,0.0,0.0
cc7d03a3a03a3325,0,clean,4898,2,1,1.0,True,0.0,0.9,1.0,1.0,0.0,0.0,0.0,0.0
cc7d03a3a03a3325,0,clean,4899,2,1,1.0,True,0.0,0.9,1.0,1.0,0.0,0.0,0.0,0.0
cc7d03a3a03a3325,0,clean,4900,2,1,1.0,True,0.0,0.9,1.0,1.0,0.0,0.0,0.0,0.0
cc7d03a3a03a3325,0,clean,4901,2,1,1.0,True,0.0,0.9,1.0,1.0,0.0,0.0,0.0,0.0
cc7d03a3a03a3325,0,clean,4902,2,1,1.0,True,0.0,0.9,1.0,1.0,0.0,0.0,0.0,0.0
cc7d03a3a03a3325,0,clean,4903,2,1,1.0,True,0.0,0.9,1.0,1.0,0.0,0.0,0.0,0.0
cc7d03a3a03a3325,0,clean,4904,2,1,1.0,True,0.0,0.9,1.0,1.0,0.0,0.0,0.0,0.0
cc7d03a3a03a3325,0,clean,4905,2,1,1.0,True,0.0,0.9,1.0,1.0,0.0,0.0,0.0,0.0
cc7d03a3a03a3325,0,clean,4906,2,0,-0.1,False,0.0,0.9,0.6200000000000001,0.6200000000000001,0.0,0.0,0.0,0.0
cc7d03a3a03a3325,0,clean,4907,1,0,-0.1,False,0.0,0.9,0.4580000000000002,0.4580000000000002,0.0,0.0,0.0,0.0
cc7d03a3a03a3325,0,clean,4908,0,1,-0.1,False,0.0,0.9,0.6200000000000001,0.6200000000000001,0.0,0.0,0.0,0.0
cc7d03a3a03a3325,0,clean,4909,1,1,-0.1,False,0.0,0.9,0.8,0.8,0.0,0.0,0.0,0.0
cc7d03a3a03a3325,0,clean,4910,2,1,1.0,True,0.0,0.9,1.0,1.0,0.0,0.0,0.0,0.0
cc7d03a3a03a3325,0,clean,4911,2,1,1.0,True,0.0,0.9,1.0,1.0,0.0,0.0,0.0,0.0
cc7d03a3a03a3325,0,clean,4912,2,1,1.0,True,0.0,0.9,1.0,1.0,0.0,0.0,0.0,0.0
cc7d03a3a03a3325,0,clean,4913,2,1,1.0,True,0.0,0.9,1.0,1.0,0.0,0.0,0.0,0.0
cc7d03a3a03a3325,0,clean,4914,2,1,1.0,True,0.0,0.9,1.0,1.0,0.0,0.0,0.0,0.0
cc7d03a3a03a3325,0,clean,4915,2,1,1.0,True,0.0,0.9,1.0,1.0,0.0,0.0,0.0,0.0
cc7d03a3a03a3325,0,clean,4916,2,1,1.0,True,0.0,0.9,1.0,1.0,0.0,0.0,0.0,0.0
cc7d03a3a03a3325,0,clean,4917,2,1,1.0,True,0.0,0.9,1.0,1.0,0.0,0.0,0.0,0.0
cc7d03a3a03a3325,0,clean,4918,2,1,1.0,True,0.0,0.9,1.0,1.0,0.0,0.0,0.0,0.0
cc7d03a3a03a3325,0,clean,4919,2,1,1.0,True,0.0,0.9,1.0,1.0,0.0,0.0,0.0,0.0
cc7d03a3a03a3325,0,clean,4920,2,0,-0.1,False,0.0,0.9,0.6200000000000001,0.6200000000000001,0.0,0.0,0.0,0.0
cc7d03a3a03a3325,0,clean,4921,1,0,-0.1,False,0.0,0.9,0.4580000000000002,0.4580000000000002,0.0,0.0,0.0,0.0
cc7d03a3a03a3325,0,clean,4922,0,0,-0.1,False,0.0,0.9,0.4580000000000002,0.4580000000000002,0.0,0.0,0.0,0.0
cc7d03a3a03a3325,0,clean,4923,0,1,-0.1,False,0.0,0.9,0.6200000000000001,0.6200000000000001,0.0,0.0,0.0,0.0
cc7d03a3a03a3325,0,clean,4924,1,1,-0.1,False,0.0,0.9,0.8,0.8,0.0,0.0,0.0,0.0
cc7d03a3a03a3325,0,clean,4925,2,1,1.0,True,0.0,0.9,1.0,1.0,0.0,0.0,0.0,0.0
cc7d03a3a03a3325,0,clean,4926,2,1,1.0,True,0.0,0.9,1.0,1.0,0.0,0.0,0.0,0.0
cc7d03a3a03a3325,0,clean,4927,2,0,-0.1,False,0.0,0.9,0.6200000000000001,0.6200000000000001,0.0,0.0,0.0,0.0
cc7d03a3a03a3325,0,clean,4928,1,0,-0.1,False,0.0,0.9,0.4580000000000002,0.4580000000000002,0.0,0.0,0.0,0.0
cc7d03a3a03a3325,0,clean,4929,0,0,-0.1,False,0.0,0.9,0.4580000000000002,0.4580000000000002,0.0,0.0,0.0,0.0
cc7d03a3a03a3325,0,clean,4930,0,0,-0.1,False,0.0,0.9,0.4580000000000002,0.4580000000000002,0.0,0.0,0.0,0.0
cc7d03a3a03a3325,0,clean,4931,0,1,-0.1,False,0.0,0.9,0.6200000000000001,0.6200000000000001,0.0,0.0,0.0,0.0
cc7d03a3a03a3325,0,clean,4932,1,1,-0.1,False,0.0,0.9,0.8,0.8,0.0,0.0,0.0,0.0
cc7d03a3a03a3325,0,clean,4933,2,0,-0.1,False,0.0,0.9,0.6200000000000001,0.6200000000000001,0.0,0.0,0.0,0.0
cc7d03a3a03a3325,0,clean,4934,1,1,-0.1,False,0.0,0.9,0.8,0.8,0.0,0.0,0.0,0.0
cc7d03a3a03a3325,0,clean,4935,2,1,1.0,True,0.0,0.9,1.0,1.0,0.0,0.0,0.0,0.0
cc7d03a3a03a3325,0,clean,4936,2,1,1.0,True,0.0,0.9,1.0,1.0,0.0,0.0,0.0,0.0
cc7d03a3a03a3325,0,clean,4937,2,1,1.0,True,0.0,0.9,1.0,1.0,0.0,0.0,0.0,0.0
cc7d03a3a03a3325,0,clean,4938,2,1,1.0,True,0.0,0.9,1.0,1.0,0.0,0.0,0.0,0.0
cc7d03a3a03a3325,0,clean,4939,2,1,1.0,True,0.0,0.9,1.0,1.0,0.0,0.0,0.0,0.0
cc7d03a3a03a3325,0,clean,4940,2,1,1.0,True,0.0,0.9,1.0,1.0,0.0,0.0,0.0,0.0
cc7d03a3a03a3325,0,clean,4941,2,1,1.0,True,0.0,0.9,1.0,1.0,0.0,0.0,0.0,0.0
cc7d03a3a03a3325,0,clean,4942,2,1,1.0,True,0.0,0.9,1.0,1.0,0.0,0.0,0.0,0.0
cc7d03a3a03a3325,0,clean,4943,2,1,1.0,True,0.0,0.9,1.0,1.0,0.0,0.0,0.0,0.0
cc7d03a3a03a3325,0,clean,4944,2,1,1.0,True,0.0,0.9,1.0,1.0,0.0,0.0,0.0,0.0
cc7d03a3a03a3325,0,clean,4945,2,1,1.0,True,0.0,0.9,1.0,1.0,0.0,0.0,0.0,0.0
cc7d03a3a03a3325,0,clean,4946,2,1,1.0,True,0.0,0.9,1.0,1.0,0.0,0.0,0.0,0.0
cc7d03a3a03a3325,0,clean,4947,2,1,1.0,True,0.0,0.9,1.0,1.0,0.0,0.0,0.0,0.0
cc7d03a3a03a3325,0,clean,4948,2,1,1.0,True,0.0,0.9,1.0,1.0,0.0,0.0,0.0,0.0
cc7d03a3a03a3325,0,clean,4949,2,1,1.0,True,0.0,0.9,1.0,1.0,0.0,0.0,0.0,0.0
cc7d03a3a03a3325,0,clean,4950,2,1,1.0,True,0.0,0.9,1.0,1.0,0.0,0.0,0.0,0.0
cc7d03a3a03a3325,0,clean,4951,2,1,1.0,True,0.0,0.9,1.0,1.0,0.0,0.0,0.0,0.0
cc7d03a3a03a3325,0,clean,4952,2,1,1.0,True,0.0,0.9,1.0,1.0,0.0,0.0,0.0,0.0
cc7d03a3a03a3325,0,clean,4953,2,1,1.0,True,0.0,0.9,1.0,1.0,0.0,0.0,0.0,0.0
cc7d03a3a03a3325,0,clean,4954,2,1,1.0,True,0.0,0.9,1.0,1.0,0.0,0.0,0.0,0.0
cc7d03a3a03a3325,0,clean,4955,2,1,1.0,True,0.0,0.9,1.0,1.0,0.0,0.0,0.0,0.0
cc7d03a3a03a3325,0,clean,4956,2,1,1.0,True,0.0,0.9,1.0,1.0,0.0,0.0,0.0,0.0
cc7d03a3a03a3325,0,clean,4957,2,1,1.0,True,0.0,0.9,1.0,1.0,0.0,0.0,0.0,0.0
cc7d03a3a03a3325,0,clean,4958,2,0,-0.1,False,0.0,0.9,0.6200000000000001,0.6200000000000001,0.0,0.0,0.0,0.0
cc7d03a3a03a3325,0,clean,4959,1,1,-0.1,False,0.0,0.9,0.8,0.8,0.0,0.0,0.0,0.0
cc7d03a3a03a3325,0,clean,4960,2,1,1.0,True,0.0,0.9,1.0,1.0,0.0,0.0,0.0,0.0
cc7d03a3a03a3325,0,clean,4961,2,1,1.0,True,0.0,0.9,1.0,1.0,0.0,0.0,0.0,0.0
cc7d03a3a03a3325,0,clean,4962,2,1,1.0,True,0.0,0.9,1.0,1.0,0.0,0.0,0.0,0.0
cc7d03a3a03a3325,0,clean,4963,2,1,1.0,True,0.0,0.9,1.0,1.0,0.0,0.0,0.0,0.0
cc7d03a3a03a3325,0,clean,4964,2,1,1.0,True,0.0,0.9,1.0,1.0,0.0,0.0,0.0,0.0
cc7d03a3a03a3325,0,clean,4965,2,1,1.0,True,0.0,0.9,1.0,1.0,0.0,0.0,0.0,0.0
cc7d03a3a03a3325,0,clean,4966,2,1,1.0,True,0.0,0.9,1.0,1.0,0.0,0.0,0.0,0.0
cc7d03a3a03a3325,0,clean,4967,2,1,1.0,True,0.0,0.9,1.0,1.0,0.0,0.0,0.0,0.0
cc7d03a3a03a3325,0,clean,4968,2,1,1.0,True,0.0,0.9,1.0,1.0,0.0,0.0,0.0,0.0
cc7d03a3a03a3325,0,clean,4969,2,1,1.0,True,0.0,0.9,1.0,1.0,0.0,0.0,0.0,0.0
cc7d03a3a03a3325,0,clean,4970,2,1,1.0,True,0.0,0.9,1.0,1.0,0.0,0.0,0.0,0.0
cc7d03a3a03a3325,0,clean,4971,2,1,1.0,True,0.0,0.9,1.0,1.0,0.0,0.0,0.0,0.0
cc7d03a3a03a3325,0,clean,4972,2,1,1.0,True,0.0,0.9,1.0,1.0,0.0,0.0,0.0,0.0
cc7d03a3a03a3325,0,clean,4973,2,1,1.0,True,0.0,0.9,1.0,1.0,0.0,0.0,0.0,0.0
cc7d03a3a03a3325,0,clean,4974,2,1,1.0,True,0.0,0.9,1.0,1.0,0.0,0.0,0.0,0.0
cc7d03a3a03a3325,0,clean,4975,2,0,-0.1,False,0.0,0.9,0.6200000000000001,0.6200000000000001,0.0,0.0,0.0,0.0
cc7d03a3a03a3325,0,clean,4976,1,0,-0.1,False,0.0,0.9,0.4580000000000002,0.4580000000000002,0.0,0.0,0.0,0.0
cc7d03a3a03a3325,0,clean,4977,0,0,-0.1,False,0.0,0.9,0.4580000000000002,0.4580000000000002,0.0,0.0,0.0,0.0
cc7d03a3a03a3325,0,clean,4978,0,0,-0.1,False,0.0,0.9,0.4580000000000002,0.4580000000000002,0.0,0.0,0.0,0.0
cc7d03a3a03a3325,0,clean,4979,0,1,-0.1,False,0.0,0.9,0.6200000000000001,0.6200000000000001,0.0,0.0,0.0,0.0
cc7d03a3a03a3325,0,clean,4980,1,1,-0.1,False,0.0,0.9,0.8,0.8,0.0,0.0,0.0,0.0
cc7d03a3a03a3325,0,clean,4981,2,1,1.0,True,0.0,0.9,1.0,1.0,0.0,0.0,0.0,0.0
cc7d03a3a03a3325,0,clean,4982,2,1,1.0,True,0.0,0.9,1.0,1.0,0.0,0.0,0.0,0.0
cc7d03a3a03a3325,0,clean,4983,2,1,1.0,True,0.0,0.9,1.0,1.0,0.0,0.0,0.0,0.0
cc7d03a3a03a3325,0,clean,4984,2,1,1.0,True,0.0,0.9,1.0,1.0,0.0,0.0,0.0,0.0
cc7d03a3a03a3325,0,clean,4985,2,1,1.0,True,0.0,0.9,1.0,1.0,0.0,0.0,0.0,0.0
cc7d03a3a03a3325,0,clean,4986,2,1,1.0,True,0.0,0.9,1.0,1.0,0.0,0.0,0.0,0.0
cc7d03a3a03a3325,0,clean,4987,2,1,1.0,True,0.0,0.9,1.0,1.0,0.0,0.0,0.0,0.0
cc7d03a3a03a3325,0,clean,4988,2,0,-0.1,False,0.0,0.9,0.6200000000000001,0.6200000000000001,0.0,0.0,0.0,0.0
cc7d03a3a03a3325,0,clean,4989,1,0,-0.1,False,0.0,0.9,0.4580000000000002,0.4580000000000002,0.0,0.0,0.0,0.0
cc7d03a3a03a3325,0,clean,4990,0,1,-0.1,False,0.0,0.9,0.6200000000000001,0.6200000000000001,0.0,0.0,0.0,0.0
cc7d03a3a03a3325,0,clean,4991,1,1,-0.1,False,0.0,0.9,0.8,0.8,0.0,0.0,0.0,0.0
cc7d03a3a03a3325,0,clean,4992,2,1,1.0,True,0.0,0.9,1.0,1.0,0.0,0.0,0.0,0.0
cc7d03a3a03a3325,0,clean,4993,2,1,1.0,True,0.0,0.9,1.0,1.0,0.0,0.0,0.0,0.0
cc7d03a3a03a3325,0,clean,4994,2,1,1.0,True,0.0,0.9,1.0,1.0,0.0,0.0,0.0,0.0
cc7d03a3a03a3325,0,clean,4995,2,1,1.0,True,0.0,0.9,1.0,1.0,0.0,0.0,0.0,0.0
cc7d03a3a03a3325,0,clean,4996,2,0,-0.1,False,0.0,0.9,0.6200000000000001,0.6200000000000001,0.0,0.0,0.0,0.0
cc7d03a3a03a3325,0,clean,4997,1,1,-0.1,False,0.0,0.9,0.8,0.8,0.0,0.0,0.0,0.0
cc7d03a3a03a3325,0,clean,4998,2,0,-0.1,False,0.0,0.9,0.6200000000000001,0.6200000000000001,0.0,0.0,0.0,0.0
cc7d03a3a03a3325,0,clean,4999,1,1,-0.1,False,0.0,0.9,0.8,0.8,0.0,0.0,0.0,0.0
cc7d03a3a03a3325,0,clean,5000,2,1,1.0,True,0.0,0.9,1.0,1.0,0.0,0.0,0.0,0.0
cc7d03a3a03a3325,0,clean,5001,2,1,1.0,True,0.0,0.9,1.0,1.0,0.0,0.0,0.0,0.0
cc7d03a3a03a3325,0,clean,5002,2,1,1.0,True,0.0,0.9,1.0,1.0,0.0,0.0,0.0,0.0
cc7d03a3a03a3325,0,clean,5003,2,1,1.0,True,0.0,0.9,1.0,1.0,0.0,0.0,0.0,0.0
cc7d03a3a03a3325,0,clean,5004,2,1,1.0,True,0.0,0.9,1.0,1.0,0.0,0.0,0.0,0.0
cc7d03a3a03a3325,0,clean,5005,2,1,1.0,True,0.0,0.9,1.0,1.0,0.0,0.0,0.0,0.0
cc7d03a3a03a3325,0,clean,5006,2,1,1.0,True,0.0,0.9,1.0,1.0,0.0,0.0,0.0,0.0
cc7d03a3a03a3325,0,clean,5007,2,1,1.0,True,0.0,0.9,1.0,1.0,0.0,0.0,0.0,0.0
cc7d03a3a03a3325,0,clean,5008,2,1,1.0,True,0.0,0.9,1.0,1.0,0.0,0.0,0.0,0.0
cc7d03a3a03a3325,0,clean,5009,2,0,-0.1,False,0.0,0.9,0.6200000000000001,0.6200000000000001,0.0,0.0,0.0,0.0
cc7d03a3a03a3325,0,clean,5010,1,1,-0.1,False,0.0,0.9,0.8,0.8,0.0,0.0,0.0,0.0
cc7d03a3a03a3325,0,clean,5011,2,1,1.0,True,0.0,0.9,1.0,1.0,0.0,0.0,0.0,0.0
cc7d03a3a03a3325,0,clean,5012,2,1,1.0,True,0.0,0.9,1.0,1.0,0.0,0.0,0.0,0.0
cc7d03a3a03a3325,0,clean,5013,2,1,1.0,True,0.0,0.9,1.0,1.0,0.0,0.0,0.0,0.0
cc7d03a3a03a3325,0,clean,5014,2,1,1.0,True,0.0,0.9,1.0,1.0,0.0,0.0,0.0,0.0
cc7d03a3a03a3325,0,clean,5015,2,1,1.0,True,0.0,0.9,1.0,1.0,0.0,0.0,0.0,0.0
cc7d03a3a03a3325,0,clean,5016,2,1,1.0,True,0.0,0.9,1.0,1.0,0.0,0.0,0.0,0.0
cc7d03a3a03a3325,0,clean,5017,2,1,1.0,True,0.0,0.9,1.0,1.0,0.0,0.0,0.0,0.0
cc7d03a3a03a3325,0,clean,5018,2,1,1.0,True,0.0,0.9,1.0,1.0,0.0,0.0,0.0,0.0
cc7d03a3a03a3325,0,clean,5019,2,1,1.0,True,0.0,0.9,1.0,1.0,0.0,0.0,0.0,0.0
cc7d03a3a03a3325,0,clean,5020,2,1,1.0,True,0.0,0.9,1.0,1.0,0.0,0.0,0.0,0.0
cc7d03a3a03a3325,0,clean,5021,2,1,1.0,True,0.0,0.9,1.0,1.0,0.0,0.0,0.0,0.0
cc7d03a3a03a3325,0,clean,5022,2,1,1.0,True,0.0,0.9,1.0,1.0,0.0,0.0,0.0,0.0
cc7d03a3a03a3325,0,clean,5023,2,1,1.0,True,0.0,0.9,1.0,1.0,0.0,0.0,0.0,0.0
cc7d03a3a03a3325,0,clean,5024,2,1,1.0,True,0.0,0.9,1.0,1.0,0.0,0.0,0.0,0.0
cc7d03a3a03a3325,0,clean,5025,2,1,1.0,True,0.0,0.9,1.0,1.0,0.0,0.0,0.0,0.0
cc7d03a3a03a3325,0,clean,5026,2,1,1.0,True,0.0,0.9,1.0,1.0,0.0,0.0,0.0,0.0
cc7d03a3a03a3325,0,clean,5027,2,0,-0.1,False,0.0,0.9,0.6200000000000001,0.6200000000000001,0.0,0.0,0.0,0.0
cc7d03a3a03a3325,0,clean,5028,1,1,-0.1,False,0.0,0.9,0.8,0.8,0.0,0.0,0.0,0.0
cc7d03a3a03a3325,0,clean,5029,2,1,1.0,True,0.0,0.9,1.0,1.0,0.0,0.0,0.0,0.0
cc7d03a3a03a3325,0,clean,5030,2,0,-0.1,False,0.0,0.9,0.6200000000000001,0.6200000000000001,0.0,0.0,0.0,0.0
cc7d03a3a03a3325,0,clean,5031,1,1,-0.1,False,0.0,0.9,0.8,0.8,0.0,0.0,0.0,0.0
cc7d03a3a03a3325,0,clean,5032,2,1,1.0,True,0.0,0.9,1.0,1.0,0.0,0.0,0.0,0.0
cc7d03a3a03a3325,0,clean,5033,2,0,-0.1,False,0.0,0.9,0.6200000000000001,0.6200000000000001,0.0,0.0,0.0,0.0
cc7d03a3a03a3325,0,clean,5034,1,1,-0.1,False,0.0,0.9,0.8,0.8,0.0,0.0,0.0,0.0
cc7d03a3a03a3325,0,clean,5035,2,1,1.0,True,0.0,0.9,1.0,1.0,0.0,0.0,0.0,0.0
cc7d03a3a03a3325,0,clean,5036,2,1,1.0,True,0.0,0.9,1.0,1.0,0.0,0.0,0.0,0.0
cc7d03a3a03a3325,0,clean,5037,2,0,-0.1,False,0.0,0.9,0.6200000000000001,0.6200000000000001,0.0,0.0,0.0,0.0
cc7d03a3a03a3325,0,clean,5038,1,0,-0.1,False,0.0,0.9,0.4580000000000002,0.4580000000000002,0.0,0.0,0.0,0.0
cc7d03a3a03a3325,0,clean,5039,0,0,-0.1,False,0.0,0.9,0.4580000000000002,0.4580000000000002,0.0,0.0,0.0,0.0
cc7d03a3a03a3325,0,clean,5040,0,1,-0.1,False,0.0,0.9,0.6200000000000001,0.6200000000000001,0.0,0.0,0.0,0.0
cc7d03a3a03a3325,0,clean,5041,1,1,-0.1,False,0.0,0.9,0.8,0.8,0.0,0.0,0.0,0.0
cc7d03a3a03a3325,0,clean,5042,2,1,1.0,True,0.0,0.9,1.0,1.0,0.0,0.0,0.0,0.0
cc7d03a3a03a3325,0,clean,5043,2,1,1.0,True,0.0,0.9,1.0,1.0,0.0,0.0,0.0,0.0
cc7d03a3a03a3325,0,clean,5044,2,1,1.0,True,0.0,0.9,1.0,1.0,0.0,0.0,0.0,0.0
cc7d03a3a03a3325,0,clean,5045,2,1,1.0,True,0.0,0.9,1.0,1.0,0.0,0.0,0.0,0.0
cc7d03a3a03a3325,0,clean,5046,2,1,1.0,True,0.0,0.9,1.0,1.0,0.0,0.0,0.0,0.0
cc7d03a3a03a3325,0,clean,5047,2,1,1.0,True,0.0,0.9,1.0,1.0,0.0,0.0,0.0,0.0
cc7d03a3a03a3325,0,clean,5048,2,0,-0.1,False,0.0,0.9,0.6200000000000001,0.6200000000000001,0.0,0.0,0.0,0.0
cc7d03a3a03a3325,0,clean,5049,1,1,-0.1,False,0.0,0.9,0.8,0.8,0.0,0.0,0.0,0.0
cc7d03a3a03a3325,0,clean,5050,2,1,1.0,True,0.0,0.9,1.0,1.0,0.0,0.0,0.0,0.0
cc7d03a3a03a3325,0,clean,5051,2,1,1.0,True,0.0,0.9,1.0,1.0,0.0,0.0,0.0,0.0
cc7d03a3a03a3325,0,clean,5052,2,1,1.0,True,0.0,0.9,1.0,1.0,0.0,0.0,0.0,0.0
cc7d03a3a03a3325,0,clean,5053,2,1,1.0,True,0.0,0.9,1.0,1.0,0.0,0.0,0.0,0.0
cc7d03a3a03a3325,0,clean,5054,2,1,1.0,True,0.0,0.9,1.0,1.0,0.0,0.0,0.0,0.0
cc7d03a3a03a3325,0,clean,5055,2,1,1.0,True,0.0,0.9,1.0,1.0,0.0,0.0,0.0,0.0
cc7d03a3a03a3325,0,clean,5056,2,1,1.0,True,0.0,0.9,1.0,1.0,0.0,0.0,0.0,0.0
cc7d03a3a03a3325,0,clean,5057,2,1,1.0,True,0.0,0.9,1.0,1.0,0.0,0.0,0.0,0.0
cc7d03a3a03a3325,0,clean,5058,2,1,1.0,True,0.0,0.9,1.0,1.0,0.0,0.0,0.0,0.0
cc7d03a3a03a3325,0,clean,5059,2,1,1.0,True,0.0,0.9,1.0,1.0,0.0,0.0,0.0,0.0
cc7d03a3a03a3325,0,clean,5060,2,1,1.0,True,0.0,0.9,1.0,1.0,0.0,0.0,0.0,0.0
cc7d03a3a03a3325,0,clean,5061,2,1,1.0,True,0.0,0.9,1.0,1.0,0.0,0.0,0.0,0.0
cc7d03a3a03a3325,0,clean,5062,2,1,1.0,True,0.0,0.9,1.0,1.0,0.0,0.0,0.0,0.0
cc7d03a3a03a3325,0,clean,5063,2,1,1.0,True,0.0,0.9,1.0,1.0,0.0,0.0,0.0,0.0
cc7d03a3a03a3325,0,clean,5064,2,1,1.0,True,0.0,0.9,1.0,1.0,0.0,0.0,0.0,0.0
cc7d03a3a03a3325,0,clean,5065,2,1,1.0,True,0.0,0.9,1.0,1.0,0.0,0.0,0.0,0.0
cc7d03a3a03a3325,0,clean,5066,2,0,-0.1,False,0.0,0.9,0.6200000000000001,0.6200000000000001,0.0,0.0,0.0,0.0
cc7d03a3a03a3325,0,clean,5067,1,1,-0.1,False,0.0,0.9,0.8,0.8,0.0,0.0,0.0,0.0
cc7d03a3a03a3325,0,clean,5068,2,1,1.0,True,0.0,0.9,1.0,1.0,0.0,0.0,0.0,0.0
cc7d03a3a03a3325,0,clean,5069,2,1,1.0,True,0.0,0.9,1.0,1.0,0.0,0.0,0.0,0.0
cc7d03a3a03a3325,0,clean,5070,2,1,1.0,True,0.0,0.9,1.0,1.0,0.0,0.0,0.0,0.0
cc7d03a3a03a3325,0,clean,5071,2,1,1.0,True,0.0,0.9,1.0,1.0,0.0,0.0,0.0,0.0
cc7d03a3a03a3325,0,clean,5072,2,1,1.0,True,0.0,0.9,1.0,1.0,0.0,0.0,0.0,0.0
cc7d03a3a03a3325,0,clean,5073,2,1,1.0,True,0.0,0.9,1.0,1.0,0.0,0.0,0.0,0.0
cc7d03a3a03a3325,0,clean,5074,2,1,1.0,True,0.0,0.9,1.0,1.0,0.0,0.0,0.0,0.0
cc7d03a3a03a3325,0,clean,5075,2,1,1.0,True,0.0,0.9,1.0,1.0,0.0,0.0,0.0,0.0
cc7d03a3a03a3325,0,clean,5076,2,1,1.0,True,0.0,0.9,1.0,1.0,0.0,0.0,0.0,0.0
cc7d03a3a03a3325,0,clean,5077,2,1,1.0,True,0.0,0.9,1.0,1.0,0.0,0.0,0.0,0.0
cc7d03a3a03a3325,0,clean,5078,2,1,1.0,True,0.0,0.9,1.0,1.0,0.0,0.0,0.0,0.0
cc7d03a3a03a3325,0,clean,5079,2,1,1.0,True,0.0,0.9,1.0,1.0,0.0,0.0,0.0,0.0
cc7d03a3a03a3325,0,clean,5080,2,1,1.0,True,0.0,0.9,1.0,1.0,0.0,0.0,0.0,0.0
cc7d03a3a03a3325,0,clean,5081,2,1,1.0,True,0.0,0.9,1.0,1.0,0.0,0.0,0.0,0.0
cc7d03a3a03a3325,0,clean,5082,2,1,1.0,True,0.0,0.9,1.0,1.0,0.0,0.0,0.0,0.0
cc7d03a3a03a3325,0,clean,5083,2,1,1.0,True,0.0,0.9,1.0,1.0,0.0,0.0,0.0,0.0
cc7d03a3a03a3325,0,clean,5084,2,1,1.0,True,0.0,0.9,1.0,1.0,0.0,0.0,0.0,0.0
cc7d03a3a03a3325,0,clean,5085,2,1,1.0,True,0.0,0.9,1.0,1.0,0.0,0.0,0.0,0.0
cc7d03a3a03a3325,0,clean,5086,2,1,1.0,True,0.0,0.9,1.0,1.0,0.0,0.0,0.0,0.0
cc7d03a3a03a3325,0,clean,5087,2,1,1.0,True,0.0,0.9,1.0,1.0,0.0,0.0,0.0,0.0
cc7d03a3a03a3325,0,clean,5088,2,1,1.0,True,0.0,0.9,1.0,1.0,0.0,0.0,0.0,0.0
cc7d03a3a03a3325,0,clean,5089,2,1,1.0,True,0.0,0.9,1.0,1.0,0.0,0.0,0.0,0.0
cc7d03a3a03a3325,0,clean,5090,2,1,1.0,True,0.0,0.9,1.0,1.0,0.0,0.0,0.0,0.0
cc7d03a3a03a3325,0,clean,5091,2,1,1.0,True,0.0,0.9,1.0,1.0,0.0,0.0,0.0,0.0
cc7d03a3a03a3325,0,clean,5092,2,1,1.0,True,0.0,0.9,1.0,1.0,0.0,0.0,0.0,0.0
cc7d03a3a03a3325,0,clean,5093,2,1,1.0,True,0.0,0.9,1.0,1.0,0.0,0.0,0.0,0.0
cc7d03a3a03a3325,0,clean,5094,2,1,1.0,True,0.0,0.9,1.0,1.0,0.0,0.0,0.0,0.0
cc7d03a3a03a3325,0,clean,5095,2,1,1.0,True,0.0,0.9,1.0,1.0,0.0,0.0,0.0,0.0
cc7d03a3a03a3325,0,clean,5096,2,1,1.0,True,0.0,0.9,1.0,1.0,0.0,0.0,0.0,0.0
cc7d03a3a03a3325,0,clean,5097,2,1,1.0,True,0.0,0.9,1.0,1.0,0.0,0.0,0.0,0.0
cc7d03a3a03a3325,0,clean,5098,2,1,1.0,True,0.0,0.9,1.0,1.0,0.0,0.0,0.0,0.0
cc7d03a3a03a3325,0,clean,5099,2,1,1.0,True,0.0,0.9,1.0,1.0,0.0,0.0,0.0,0.0
cc7d03a3a03a3325,0,clean,5100,2,1,1.0,True,0.0,0.9,1.0,1.0,0.0,0.0,0.0,0.0
cc7d03a3a03a3325,0,clean,5101,2,1,1.0,True,0.0,0.9,1.0,1.0,0.0,0.0,0.0,0.0
cc7d03a3a03a3325,0,clean,5102,2,1,1.0,True,0.0,0.9,1.0,1.0,0.0,0.0,0.0,0.0
cc7d03a3a03a3325,0,clean,5103,2,1,1.0,True,0.0,0.9,1.0,1.0,0.0,0.0,0.0,0.0
cc7d03a3a03a3325,0,clean,5104,2,1,1.0,True,0.0,0.9,1.0,1.0,0.0,0.0,0.0,0.0
cc7d03a3a03a3325,0,clean,5105,2,1,1.0,True,0.0,0.9,1.0,1.0,0.0,0.0,0.0,0.0
cc7d03a3a03a3325,0,clean,5106,2,1,1.0,True,0.0,0.9,1.0,1.0,0.0,0.0,0.0,0.0
cc7d03a3a03a3325,0,clean,5107,2,0,-0.1,False,0.0,0.9,0.6200000000000001,0.6200000000000001,0.0,0.0,0.0,0.0
cc7d03a3a03a3325,0,clean,5108,1,1,-0.1,False,0.0,0.9,0.8,0.8,0.0,0.0,0.0,0.0
cc7d03a3a03a3325,0,clean,5109,2,1,1.0,True,0.0,0.9,1.0,1.0,0.0,0.0,0.0,0.0
cc7d03a3a03a3325,0,clean,5110,2,1,1.0,True,0.0,0.9,1.0,1.0,0.0,0.0,0.0,0.0
cc7d03a3a03a3325,0,clean,5111,2,1,1.0,True,0.0,0.9,1.0,1.0,0.0,0.0,0.0,0.0
cc7d03a3a03a3325,0,clean,5112,2,1,1.0,True,0.0,0.9,1.0,1.0,0.0,0.0,0.0,0.0
cc7d03a3a03a3325,0,clean,5113,2,1,1.0,True,0.0,0.9,1.0,1.0,0.0,0.0,0.0,0.0
cc7d03a3a03a3325,0,clean,5114,2,1,1.0,True,0.0,0.9,1.0,1.0,0.0,0.0,0.0,0.0
cc7d03a3a03a3325,0,clean,5115,2,0,-0.1,False,0.0,0.9,0.6200000000000001,0.6200000000000001,0.0,0.0,0.0,0.0
cc7d03a3a03a3325,0,clean,5116,1,1,-0.1,False,0.0,0.9,0.8,0.8,0.0,0.0,0.0,0.0
cc7d03a3a03a3325,0,clean,5117,2,1,1.0,True,0.0,0.9,1.0,1.0,0.0,0.0,0.0,0.0
cc7d03a3a03a3325,0,clean,5118,2,0,-0.1,False,0.0,0.9,0.6200000000000001,0.6200000000000001,0.0,0.0,0.0,0.0
cc7d03a3a03a3325,0,clean,5119,1,1,-0.1,False,0.0,0.9,0.8,0.8,0.0,0.0,0.0,0.0
cc7d03a3a03a3325,0,clean,5120,2,0,-0.1,False,0.0,0.9,0.6200000000000001,0.6200000000000001,0.0,0.0,0.0,0.0
cc7d03a3a03a3325,0,clean,5121,1,1,-0.1,False,0.0,0.9,0.8,0.8,0.0,0.0,0.0,0.0
cc7d03a3a03a3325,0,clean,5122,2,1,1.0,True,0.0,0.9,1.0,1.0,0.0,0.0,0.0,0.0
cc7d03a3a03a3325,0,clean,5123,2,0,-0.1,False,0.0,0.9,0.6200000000000001,0.6200000000000001,0.0,0.0,0.0,0.0
cc7d03a3a03a3325,0,clean,5124,1,1,-0.1,False,0.0,0.9,0.8,0.8,0.0,0.0,0.0,0.0
cc7d03a3a03a3325,0,clean,5125,2,1,1.0,True,0.0,0.9,1.0,1.0,0.0,0.0,0.0,0.0
cc7d03a3a03a3325,0,clean,5126,2,1,1.0,True,0.0,0.9,1.0,1.0,0.0,0.0,0.0,0.0
cc7d03a3a03a3325,0,clean,5127,2,1,1.0,True,0.0,0.9,1.0,1.0,0.0,0.0,0.0,0.0
cc7d03a3a03a3325,0,clean,5128,2,1,1.0,True,0.0,0.9,1.0,1.0,0.0,0.0,0.0,0.0
cc7d03a3a03a3325,0,clean,5129,2,1,1.0,True,0.0,0.9,1.0,1.0,0.0,0.0,0.0,0.0
cc7d03a3a03a3325,0,clean,5130,2,1,1.0,True,0.0,0.9,1.0,1.0,0.0,0.0,0.0,0.0
cc7d03a3a03a3325,0,clean,5131,2,1,1.0,True,0.0,0.9,1.0,1.0,0.0,0.0,0.0,0.0
cc7d03a3a03a3325,0,clean,5132,2,1,1.0,True,0.0,0.9,1.0,1.0,0.0,0.0,0.0,0.0
cc7d03a3a03a3325,0,clean,5133,2,0,-0.1,False,0.0,0.9,0.6200000000000001,0.6200000000000001,0.0,0.0,0.0,0.0
cc7d03a3a03a3325,0,clean,5134,1,1,-0.1,False,0.0,0.9,0.8,0.8,0.0,0.0,0.0,0.0
cc7d03a3a03a3325,0,clean,5135,2,1,1.0,True,0.0,0.9,1.0,1.0,0.0,0.0,0.0,0.0
cc7d03a3a03a3325,0,clean,5136,2,1,1.0,True,0.0,0.9,1.0,1.0,0.0,0.0,0.0,0.0
cc7d03a3a03a3325,0,clean,5137,2,1,1.0,True,0.0,0.9,1.0,1.0,0.0,0.0,0.0,0.0
cc7d03a3a03a3325,0,clean,5138,2,1,1.0,True,0.0,0.9,1.0,1.0,0.0,0.0,0.0,0.0
cc7d03a3a03a3325,0,clean,5139,2,1,1.0,True,0.0,0.9,1.0,1.0,0.0,0.0,0.0,0.0
cc7d03a3a03a3325,0,clean,5140,2,1,1.0,True,0.0,0.9,1.0,1.0,0.0,0.0,0.0,0.0
cc7d03a3a03a3325,0,clean,5141,2,1,1.0,True,0.0,0.9,1.0,1.0,0.0,0.0,0.0,0.0
cc7d03a3a03a3325,0,clean,5142,2,1,1.0,True,0.0,0.9,1.0,1.0,0.0,0.0,0.0,0.0
cc7d03a3a03a3325,0,clean,5143,2,1,1.0,True,0.0,0.9,1.0,1.0,0.0,0.0,0.0,0.0
cc7d03a3a03a3325,0,clean,5144,2,1,1.0,True,0.0,0.9,1.0,1.0,0.0,0.0,0.0,0.0
cc7d03a3a03a3325,0,clean,5145,2,1,1.0,True,0.0,0.9,1.0,1.0,0.0,0.0,0.0,0.0
cc7d03a3a03a3325,0,clean,5146,2,1,1.0,True,0.0,0.9,1.0,1.0,0.0,0.0,0.0,0.0
cc7d03a3a03a3325,0,clean,5147,2,1,1.0,True,0.0,0.9,1.0,1.0,0.0,0.0,0.0,0.0
cc7d03a3a03a3325,0,clean,5148,2,0,-0.1,False,0.0,0.9,0.6200000000000001,0.6200000000000001,0.0,0.0,0.0,0.0
cc7d03a3a03a3325,0,clean,5149,1,1,-0.1,False,0.0,0.9,0.8,0.8,0.0,0.0,0.0,0.0
cc7d03a3a03a3325,0,clean,5150,2,1,1.0,True,0.0,0.9,1.0,1.0,0.0,0.0,0.0,0.0
cc7d03a3a03a3325,0,clean,5151,2,1,1.0,True,0.0,0.9,1.0,1.0,0.0,0.0,0.0,0.0
cc7d03a3a03a3325,0,clean,5152,2,1,1.0,True,0.0,0.9,1.0,1.0,0.0,0.0,0.0,0.0
cc7d03a3a03a3325,0,clean,5153,2,0,-0.1,False,0.0,0.9,0.6200000000000001,0.6200000000000001,0.0,0.0,0.0,0.0
cc7d03a3a03a3325,0,clean,5154,1,1,-0.1,False,0.0,0.9,0.8,0.8,0.0,0.0,0.0,0.0
cc7d03a3a03a3325,0,clean,5155,2,0,-0.1,False,0.0,0.9,0.6200000000000001,0.6200000000000001,0.0,0.0,0.0,0.0
cc7d03a3a03a3325,0,clean,5156,1,1,-0.1,False,0.0,0.9,0.8,0.8,0.0,0.0,0.0,0.0
cc7d03a3a03a3325,0,clean,5157,2,1,1.0,True,0.0,0.9,1.0,1.0,0.0,0.0,0.0,0.0
cc7d03a3a03a3325,0,clean,5158,2,0,-0.1,False,0.0,0.9,0.6200000000000001,0.6200000000000001,0.0,0.0,0.0,0.0
cc7d03a3a03a3325,0,clean,5159,1,1,-0.1,False,0.0,0.9,0.8,0.8,0.0,0.0,0.0,0.0
cc7d03a3a03a3325,0,clean,5160,2,0,-0.1,False,0.0,0.9,0.6200000000000001,0.6200000000000001,0.0,0.0,0.0,0.0
cc7d03a3a03a3325,0,clean,5161,1,1,-0.1,False,0.0,0.9,0.8,0.8,0.0,0.0,0.0,0.0
cc7d03a3a03a3325,0,clean,5162,2,1,1.0,True,0.0,0.9,1.0,1.0,0.0,0.0,0.0,0.0
cc7d03a3a03a3325,0,clean,5163,2,1,1.0,True,0.0,0.9,1.0,1.0,0.0,0.0,0.0,0.0
cc7d03a3a03a3325,0,clean,5164,2,1,1.0,True,0.0,0.9,1.0,1.0,0.0,0.0,0.0,0.0
cc7d03a3a03a3325,0,clean,5165,2,1,1.0,True,0.0,0.9,1.0,1.0,0.0,0.0,0.0,0.0
cc7d03a3a03a3325,0,clean,5166,2,1,1.0,True,0.0,0.9,1.0,1.0,0.0,0.0,0.0,0.0
cc7d03a3a03a3325,0,clean,5167,2,1,1.0,True,0.0,0.9,1.0,1.0,0.0,0.0,0.0,0.0
cc7d03a3a03a3325,0,clean,5168,2,1,1.0,True,0.0,0.9,1.0,1.0,0.0,0.0,0.0,0.0
cc7d03a3a03a3325,0,clean,5169,2,1,1.0,True,0.0,0.9,1.0,1.0,0.0,0.0,0.0,0.0
cc7d03a3a03a3325,0,clean,5170,2,1,1.0,True,0.0,0.9,1.0,1.0,0.0,0.0,0.0,0.0
cc7d03a3a03a3325,0,clean,5171,2,0,-0.1,False,0.0,0.9,0.6200000000000001,0.6200000000000001,0.0,0.0,0.0,0.0
cc7d03a3a03a3325,0,clean,5172,1,1,-0.1,False,0.0,0.9,0.8,0.8,0.0,0.0,0.0,0.0
cc7d03a3a03a3325,0,clean,5173,2,1,1.0,True,0.0,0.9,1.0,1.0,0.0,0.0,0.0,0.0
cc7d03a3a03a3325,0,clean,5174,2,1,1.0,True,0.0,0.9,1.0,1.0,0.0,0.0,0.0,0.0
cc7d03a3a03a3325,0,clean,5175,2,0,-0.1,False,0.0,0.9,0.6200000000000001,0.6200000000000001,0.0,0.0,0.0,0.0
cc7d03a3a03a3325,0,clean,5176,1,1,-0.1,False,0.0,0.9,0.8,0.8,0.0,0.0,0.0,0.0
cc7d03a3a03a3325,0,clean,5177,2,1,1.0,True,0.0,0.9,1.0,1.0,0.0,0.0,0.0,0.0
cc7d03a3a03a3325,0,clean,5178,2,1,1.0,True,0.0,0.9,1.0,1.0,0.0,0.0,0.0,0.0
cc7d03a3a03a3325,0,clean,5179,2,1,1.0,True,0.0,0.9,1.0,1.0,0.0,0.0,0.0,0.0
cc7d03a3a03a3325,0,clean,5180,2,1,1.0,True,0.0,0.9,1.0,1.0,0.0,0.0,0.0,0.0
cc7d03a3a03a3325,0,clean,5181,2,1,1.0,True,0.0,0.9,1.0,1.0,0.0,0.0,0.0,0.0
cc7d03a3a03a3325,0,clean,5182,2,1,1.0,True,0.0,0.9,1.0,1.0,0.0,0.0,0.0,0.0
cc7d03a3a03a3325,0,clean,5183,2,1,1.0,True,0.0,0.9,1.0,1.0,0.0,0.0,0.0,0.0
cc7d03a3a03a3325,0,clean,5184,2,1,1.0,True,0.0,0.9,1.0,1.0,0.0,0.0,0.0,0.0
cc7d03a3a03a3325,0,clean,5185,2,1,1.0,True,0.0,0.9,1.0,1.0,0.0,0.0,0.0,0.0
cc7d03a3a03a3325,0,clean,5186,2,1,1.0,True,0.0,0.9,1.0,1.0,0.0,0.0,0.0,0.0
cc7d03a3a03a3325,0,clean,5187,2,1,1.0,True,0.0,0.9,1.0,1.0,0.0,0.0,0.0,0.0
cc7d03a3a03a3325,0,clean,5188,2,1,1.0,True,0.0,0.9,1.0,1.0,0.0,0.0,0.0,0.0
cc7d03a3a03a3325,0,clean,5189,2,1,1.0,True,0.0,0.9,1.0,1.0,0.0,0.0,0.0,0.0
cc7d03a3a03a3325,0,clean,5190,2,0,-0.1,False,0.0,0.9,0.6200000000000001,0.6200000000000001,0.0,0.0,0.0,0.0
cc7d03a3a03a3325,0,clean,5191,1,1,-0.1,False,0.0,0.9,0.8,0.8,0.0,0.0,0.0,0.0
cc7d03a3a03a3325,0,clean,5192,2,1,1.0,True,0.0,0.9,1.0,1.0,0.0,0.0,0.0,0.0
cc7d03a3a03a3325,0,clean,5193,2,1,1.0,True,0.0,0.9,1.0,1.0,0.0,0.0,0.0,0.0
cc7d03a3a03a3325,0,clean,5194,2,1,1.0,True,0.0,0.9,1.0,1.0,0.0,0.0,0.0,0.0
cc7d03a3a03a3325,0,clean,5195,2,1,1.0,True,0.0,0.9,1.0,1.0,0.0,0.0,0.0,0.0
cc7d03a3a03a3325,0,clean,5196,2,1,1.0,True,0.0,0.9,1.0,1.0,0.0,0.0,0.0,0.0
cc7d03a3a03a3325,0,clean,5197,2,1,1.0,True,0.0,0.9,1.0,1.0,0.0,0.0,0.0,0.0
cc7d03a3a03a3325,0,clean,5198,2,0,-0.1,False,0.0,0.9,0.6200000000000001,0.6200000000000001,0.0,0.0,0.0,0.0
cc7d03a3a03a3325,0,clean,5199,1,1,-0.1,False,0.0,0.9,0.8,0.8,0.0,0.0,0.0,0.0
cc7d03a3a03a3325,0,clean,5200,2,0,-0.1,False,0.0,0.9,0.6200000000000001,0.6200000000000001,0.0,0.0,0.0,0.0
cc7d03a3a03a3325,0,clean,5201,1,1,-0.1,False,0.0,0.9,0.8,0.8,0.0,0.0,0.0,0.0
cc7d03a3a03a3325,0,clean,5202,2,1,1.0,True,0.0,0.9,1.0,1.0,0.0,0.0,0.0,0.0
cc7d03a3a03a3325,0,clean,5203,2,1,1.0,True,0.0,0.9,1.0,1.0,0.0,0.0,0.0,0.0
cc7d03a3a03a3325,0,clean,5204,2,0,-0.1,False,0.0,0.9,0.6200000000000001,0.6200000000000001,0.0,0.0,0.0,0.0
cc7d03a3a03a3325,0,clean,5205,1,1,-0.1,False,0.0,0.9,0.8,0.8,0.0,0.0,0.0,0.0
cc7d03a3a03a3325,0,clean,5206,2,1,1.0,True,0.0,0.9,1.0,1.0,0.0,0.0,0.0,0.0
cc7d03a3a03a3325,0,clean,5207,2,1,1.0,True,0.0,0.9,1.0,1.0,0.0,0.0,0.0,0.0
cc7d03a3a03a3325,0,clean,5208,2,1,1.0,True,0.0,0.9,1.0,1.0,0.0,0.0,0.0,0.0
cc7d03a3a03a3325,0,clean,5209,2,1,1.0,True,0.0,0.9,1.0,1.0,0.0,0.0,0.0,0.0
cc7d03a3a03a3325,0,clean,5210,2,1,1.0,True,0.0,0.9,1.0,1.0,0.0,0.0,0.0,0.0
cc7d03a3a03a3325,0,clean,5211,2,1,1.0,True,0.0,0.9,1.0,1.0,0.0,0.0,0.0,0.0
cc7d03a3a03a3325,0,clean,5212,2,1,1.0,True,0.0,0.9,1.0,1.0,0.0,0.0,0.0,0.0
cc7d03a3a03a3325,0,clean,5213,2,1,1.0,True,0.0,0.9,1.0,1.0,0.0,0.0,0.0,0.0
cc7d03a3a03a3325,0,clean,5214,2,1,1.0,True,0.0,0.9,1.0,1.0,0.0,0.0,0.0,0.0
cc7d03a3a03a3325,0,clean,5215,2,1,1.0,True,0.0,0.9,1.0,1.0,0.0,0.0,0.0,0.0
cc7d03a3a03a3325,0,clean,5216,2,0,-0.1,False,0.0,0.9,0.6200000000000001,0.6200000000000001,0.0,0.0,0.0,0.0
cc7d03a3a03a3325,0,clean,5217,1,1,-0.1,False,0.0,0.9,0.8,0.8,0.0,0.0,0.0,0.0
cc7d03a3a03a3325,0,clean,5218,2,1,1.0,True,0.0,0.9,1.0,1.0,0.0,0.0,0.0,0.0
cc7d03a3a03a3325,0,clean,5219,2,1,1.0,True,0.0,0.9,1.0,1.0,0.0,0.0,0.0,0.0
cc7d03a3a03a3325,0,clean,5220,2,1,1.0,True,0.0,0.9,1.0,1.0,0.0,0.0,0.0,0.0
cc7d03a3a03a3325,0,clean,5221,2,0,-0.1,False,0.0,0.9,0.6200000000000001,0.6200000000000001,0.0,0.0,0.0,0.0
cc7d03a3a03a3325,0,clean,5222,1,1,-0.1,False,0.0,0.9,0.8,0.8,0.0,0.0,0.0,0.0
cc7d03a3a03a3325,0,clean,5223,2,1,1.0,True,0.0,0.9,1.0,1.0,0.0,0.0,0.0,0.0
cc7d03a3a03a3325,0,clean,5224,2,1,1.0,True,0.0,0.9,1.0,1.0,0.0,0.0,0.0,0.0
cc7d03a3a03a3325,0,clean,5225,2,1,1.0,True,0.0,0.9,1.0,1.0,0.0,0.0,0.0,0.0
cc7d03a3a03a3325,0,clean,5226,2,1,1.0,True,0.0,0.9,1.0,1.0,0.0,0.0,0.0,0.0
cc7d03a3a03a3325,0,clean,5227,2,1,1.0,True,0.0,0.9,1.0,1.0,0.0,0.0,0.0,0.0
cc7d03a3a03a3325,0,clean,5228,2,1,1.0,True,0.0,0.9,1.0,1.0,0.0,0.0,0.0,0.0
cc7d03a3a03a3325,0,clean,5229,2,0,-0.1,False,0.0,0.9,0.6200000000000001,0.6200000000000001,0.0,0.0,0.0,0.0
cc7d03a3a03a3325,0,clean,5230,1,1,-0.1,False,0.0,0.9,0.8,0.8,0.0,0.0,0.0,0.0
cc7d03a3a03a3325,0,clean,5231,2,1,1.0,True,0.0,0.9,1.0,1.0,0.0,0.0,0.0,0.0
cc7d03a3a03a3325,0,clean,5232,2,1,1.0,True,0.0,0.9,1.0,1.0,0.0,0.0,0.0,0.0
cc7d03a3a03a3325,0,clean,5233,2,1,1.0,True,0.0,0.9,1.0,1.0,0.0,0.0,0.0,0.0
cc7d03a3a03a3325,0,clean,5234,2,1,1.0,True,0.0,0.9,1.0,1.0,0.0,0.0,0.0,0.0
cc7d03a3a03a3325,0,clean,5235,2,1,1.0,True,0.0,0.9,1.0,1.0,0.0,0.0,0.0,0.0
cc7d03a3a03a3325,0,clean,5236,2,1,1.0,True,0.0,0.9,1.0,1.0,0.0,0.0,0.0,0.0
cc7d03a3a03a3325,0,clean,5237,2,0,-0.1,False,0.0,0.9,0.6200000000000001,0.6200000000000001,0.0,0.0,0.0,0.0
cc7d03a3a03a3325,0,clean,5238,1,1,-0.1,False,0.0,0.9,0.8,0.8,0.0,0.0,0.0,0.0
cc7d03a3a03a3325,0,clean,5239,2,1,1.0,True,0.0,0.9,1.0,1.0,0.0,0.0,0.0,0.0
cc7d03a3a03a3325,0,clean,5240,2,1,1.0,True,0.0,0.9,1.0,1.0,0.0,0.0,0.0,0.0
cc7d03a3a03a3325,0,clean,5241,2,1,1.0,True,0.0,0.9,1.0,1.0,0.0,0.0,0.0,0.0
cc7d03a3a03a3325,0,clean,5242,2,1,1.0,True,0.0,0.9,1.0,1.0,0.0,0.0,0.0,0.0
cc7d03a3a03a3325,0,clean,5243,2,1,1.0,True,0.0,0.9,1.0,1.0,0.0,0.0,0.0,0.0
cc7d03a3a03a3325,0,clean,5244,2,1,1.0,True,0.0,0.9,1.0,1.0,0.0,0.0,0.0,0.0
cc7d03a3a03a3325,0,clean,5245,2,1,1.0,True,0.0,0.9,1.0,1.0,0.0,0.0,0.0,0.0
cc7d03a3a03a3325,0,clean,5246,2,0,-0.1,False,0.0,0.9,0.6200000000000001,0.6200000000000001,0.0,0.0,0.0,0.0
cc7d03a3a03a3325,0,clean,5247,1,1,-0.1,False,0.0,0.9,0.8,0.8,0.0,0.0,0.0,0.0
cc7d03a3a03a3325,0,clean,5248,2,1,1.0,True,0.0,0.9,1.0,1.0,0.0,0.0,0.0,0.0
cc7d03a3a03a3325,0,clean,5249,2,1,1.0,True,0.0,0.9,1.0,1.0,0.0,0.0,0.0,0.0
cc7d03a3a03a3325,0,clean,5250,2,1,1.0,True,0.0,0.9,1.0,1.0,0.0,0.0,0.0,0.0
cc7d03a3a03a3325,0,clean,5251,2,1,1.0,True,0.0,0.9,1.0,1.0,0.0,0.0,0.0,0.0
cc7d03a3a03a3325,0,clean,5252,2,1,1.0,True,0.0,0.9,1.0,1.0,0.0,0.0,0.0,0.0
cc7d03a3a03a3325,0,clean,5253,2,1,1.0,True,0.0,0.9,1.0,1.0,0.0,0.0,0.0,0.0
cc7d03a3a03a3325,0,clean,5254,2,1,1.0,True,0.0,0.9,1.0,1.0,0.0,0.0,0.0,0.0
cc7d03a3a03a3325,0,clean,5255,2,0,-0.1,False,0.0,0.9,0.6200000000000001,0.6200000000000001,0.0,0.0,0.0,0.0
cc7d03a3a03a3325,0,clean,5256,1,1,-0.1,False,0.0,0.9,0.8,0.8,0.0,0.0,0.0,0.0
cc7d03a3a03a3325,0,clean,5257,2,1,1.0,True,0.0,0.9,1.0,1.0,0.0,0.0,0.0,0.0
cc7d03a3a03a3325,0,clean,5258,2,1,1.0,True,0.0,0.9,1.0,1.0,0.0,0.0,0.0,0.0
cc7d03a3a03a3325,0,clean,5259,2,0,-0.1,False,0.0,0.9,0.6200000000000001,0.6200000000000001,0.0,0.0,0.0,0.0
cc7d03a3a03a3325,0,clean,5260,1,1,-0.1,False,0.0,0.9,0.8,0.8,0.0,0.0,0.0,0.0
cc7d03a3a03a3325,0,clean,5261,2,1,1.0,True,0.0,0.9,1.0,1.0,0.0,0.0,0.0,0.0
cc7d03a3a03a3325,0,clean,5262,2,1,1.0,True,0.0,0.9,1.0,1.0,0.0,0.0,0.0,0.0
cc7d03a3a03a3325,0,clean,5263,2,1,1.0,True,0.0,0.9,1.0,1.0,0.0,0.0,0.0,0.0
cc7d03a3a03a3325,0,clean,5264,2,1,1.0,True,0.0,0.9,1.0,1.0,0.0,0.0,0.0,0.0
cc7d03a3a03a3325,0,clean,5265,2,1,1.0,True,0.0,0.9,1.0,1.0,0.0,0.0,0.0,0.0
cc7d03a3a03a3325,0,clean,5266,2,1,1.0,True,0.0,0.9,1.0,1.0,0.0,0.0,0.0,0.0
cc7d03a3a03a3325,0,clean,5267,2,1,1.0,True,0.0,0.9,1.0,1.0,0.0,0.0,0.0,0.0
cc7d03a3a03a3325,0,clean,5268,2,1,1.0,True,0.0,0.9,1.0,1.0,0.0,0.0,0.0,0.0
cc7d03a3a03a3325,0,clean,5269,2,1,1.0,True,0.0,0.9,1.0,1.0,0.0,0.0,0.0,0.0
cc7d03a3a03a3325,0,clean,5270,2,0,-0.1,False,0.0,0.9,0.6200000000000001,0.6200000000000001,0.0,0.0,0.0,0.0
cc7d03a3a03a3325,0,clean,5271,1,1,-0.1,False,0.0,0.9,0.8,0.8,0.0,0.0,0.0,0.0
cc7d03a3a03a3325,0,clean,5272,2,1,1.0,True,0.0,0.9,1.0,1.0,0.0,0.0,0.0,0.0
cc7d03a3a03a3325,0,clean,5273,2,0,-0.1,False,0.0,0.9,0.6200000000000001,0.6200000000000001,0.0,0.0,0.0,0.0
cc7d03a3a03a3325,0,clean,5274,1,0,-0.1,False,0.0,0.9,0.4580000000000002,0.4580000000000002,0.0,0.0,0.0,0.0
cc7d03a3a03a3325,0,clean,5275,0,1,-0.1,False,0.0,0.9,0.6200000000000001,0.6200000000000001,0.0,0.0,0.0,0.0
cc7d03a3a03a3325,0,clean,5276,1,1,-0.1,False,0.0,0.9,0.8,0.8,0.0,0.0,0.0,0.0
cc7d03a3a03a3325,0,clean,5277,2,1,1.0,True,0.0,0.9,1.0,1.0,0.0,0.0,0.0,0.0
cc7d03a3a03a3325,0,clean,5278,2,1,1.0,True,0.0,0.9,1.0,1.0,0.0,0.0,0.0,0.0
cc7d03a3a03a3325,0,clean,5279,2,1,1.0,True,0.0,0.9,1.0,1.0,0.0,0.0,0.0,0.0
cc7d03a3a03a3325,0,clean,5280,2,1,1.0,True,0.0,0.9,1.0,1.0,0.0,0.0,0.0,0.0
cc7d03a3a03a3325,0,clean,5281,2,0,-0.1,False,0.0,0.9,0.6200000000000001,0.6200000000000001,0.0,0.0,0.0,0.0
cc7d03a3a03a3325,0,clean,5282,1,1,-0.1,False,0.0,0.9,0.8,0.8,0.0,0.0,0.0,0.0
cc7d03a3a03a3325,0,clean,5283,2,1,1.0,True,0.0,0.9,1.0,1.0,0.0,0.0,0.0,0.0
cc7d03a3a03a3325,0,clean,5284,2,0,-0.1,False,0.0,0.9,0.6200000000000001,0.6200000000000001,0.0,0.0,0.0,0.0
cc7d03a3a03a3325,0,clean,5285,1,1,-0.1,False,0.0,0.9,0.8,0.8,0.0,0.0,0.0,0.0
cc7d03a3a03a3325,0,clean,5286,2,1,1.0,True,0.0,0.9,1.0,1.0,0.0,0.0,0.0,0.0
cc7d03a3a03a3325,0,clean,5287,2,1,1.0,True,0.0,0.9,1.0,1.0,0.0,0.0,0.0,0.0
cc7d03a3a03a3325,0,clean,5288,2,1,1.0,True,0.0,0.9,1.0,1.0,0.0,0.0,0.0,0.0
cc7d03a3a03a3325,0,clean,5289,2,1,1.0,True,0.0,0.9,1.0,1.0,0.0,0.0,0.0,0.0
cc7d03a3a03a3325,0,clean,5290,2,1,1.0,True,0.0,0.9,1.0,1.0,0.0,0.0,0.0,0.0
cc7d03a3a03a3325,0,clean,5291,2,1,1.0,True,0.0,0.9,1.0,1.0,0.0,0.0,0.0,0.0
cc7d03a3a03a3325,0,clean,5292,2,1,1.0,True,0.0,0.9,1.0,1.0,0.0,0.0,0.0,0.0
cc7d03a3a03a3325,0,clean,5293,2,1,1.0,True,0.0,0.9,1.0,1.0,0.0,0.0,0.0,0.0
cc7d03a3a03a3325,0,clean,5294,2,1,1.0,True,0.0,0.9,1.0,1.0,0.0,0.0,0.0,0.0
cc7d03a3a03a3325,0,clean,5295,2,1,1.0,True,0.0,0.9,1.0,1.0,0.0,0.0,0.0,0.0
cc7d03a3a03a3325,0,clean,5296,2,1,1.0,True,0.0,0.9,1.0,1.0,0.0,0.0,0.0,0.0
cc7d03a3a03a3325,0,clean,5297,2,1,1.0,True,0.0,0.9,1.0,1.0,0.0,0.0,0.0,0.0
cc7d03a3a03a3325,0,clean,5298,2,1,1.0,True,0.0,0.9,1.0,1.0,0.0,0.0,0.0,0.0
cc7d03a3a03a3325,0,clean,5299,2,1,1.0,True,0.0,0.9,1.0,1.0,0.0,0.0,0.0,0.0
cc7d03a3a03a3325,0,clean,5300,2,0,-0.1,False,0.0,0.9,0.6200000000000001,0.6200000000000001,0.0,0.0,0.0,0.0
cc7d03a3a03a3325,0,clean,5301,1,1,-0.1,False,0.0,0.9,0.8,0.8,0.0,0.0,0.0,0.0
cc7d03a3a03a3325,0,clean,5302,2,1,1.0,True,0.0,0.9,1.0,1.0,0.0,0.0,0.0,0.0
cc7d03a3a03a3325,0,clean,5303,2,1,1.0,True,0.0,0.9,1.0,1.0,0.0,0.0,0.0,0.0
cc7d03a3a03a3325,0,clean,5304,2,1,1.0,True,0.0,0.9,1.0,1.0,0.0,0.0,0.0,0.0
cc7d03a3a03a3325,0,clean,5305,2,1,1.0,True,0.0,0.9,1.0,1.0,0.0,0.0,0.0,0.0
cc7d03a3a03a3325,0,clean,5306,2,0,-0.1,False,0.0,0.9,0.6200000000000001,0.6200000000000001,0.0,0.0,0.0,0.0
cc7d03a3a03a3325,0,clean,5307,1,1,-0.1,False,0.0,0.9,0.8,0.8,0.0,0.0,0.0,0.0
cc7d03a3a03a3325,0,clean,5308,2,1,1.0,True,0.0,0.9,1.0,1.0,0.0,0.0,0.0,0.0
cc7d03a3a03a3325,0,clean,5309,2,1,1.0,True,0.0,0.9,1.0,1.0,0.0,0.0,0.0,0.0
cc7d03a3a03a3325,0,clean,5310,2,1,1.0,True,0.0,0.9,1.0,1.0,0.0,0.0,0.0,0.0
cc7d03a3a03a3325,0,clean,5311,2,1,1.0,True,0.0,0.9,1.0,1.0,0.0,0.0,0.0,0.0
cc7d03a3a03a3325,0,clean,5312,2,1,1.0,True,0.0,0.9,1.0,1.0,0.0,0.0,0.0,0.0
cc7d03a3a03a3325,0,clean,5313,2,1,1.0,True,0.0,0.9,1.0,1.0,0.0,0.0,0.0,0.0
cc7d03a3a03a3325,0,clean,5314,2,1,1.0,True,0.0,0.9,1.0,1.0,0.0,0.0,0.0,0.0
cc7d03a3a03a3325,0,clean,5315,2,1,1.0,True,0.0,0.9,1.0,1.0,0.0,0.0,0.0,0.0
cc7d03a3a03a3325,0,clean,5316,2,1,1.0,True,0.0,0.9,1.0,1.0,0.0,0.0,0.0,0.0
cc7d03a3a03a3325,0,clean,5317,2,1,1.0,True,0.0,0.9,1.0,1.0,0.0,0.0,0.0,0.0
cc7d03a3a03a3325,0,clean,5318,2,1,1.0,True,0.0,0.9,1.0,1.0,0.0,0.0,0.0,0.0
cc7d03a3a03a3325,0,clean,5319,2,1,1.0,True,0.0,0.9,1.0,1.0,0.0,0.0,0.0,0.0
cc7d03a3a03a3325,0,clean,5320,2,1,1.0,True,0.0,0.9,1.0,1.0,0.0,0.0,0.0,0.0
cc7d03a3a03a3325,0,clean,5321,2,1,1.0,True,0.0,0.9,1.0,1.0,0.0,0.0,0.0,0.0
cc7d03a3a03a3325,0,clean,5322,2,1,1.0,True,0.0,0.9,1.0,1.0,0.0,0.0,0.0,0.0
cc7d03a3a03a3325,0,clean,5323,2,1,1.0,True,0.0,0.9,1.0,1.0,0.0,0.0,0.0,0.0
cc7d03a3a03a3325,0,clean,5324,2,1,1.0,True,0.0,0.9,1.0,1.0,0.0,0.0,0.0,0.0
cc7d03a3a03a3325,0,clean,5325,2,1,1.0,True,0.0,0.9,1.0,1.0,0.0,0.0,0.0,0.0
cc7d03a3a03a3325,0,clean,5326,2,1,1.0,True,0.0,0.9,1.0,1.0,0.0,0.0,0.0,0.0
cc7d03a3a03a3325,0,clean,5327,2,1,1.0,True,0.0,0.9,1.0,1.0,0.0,0.0,0.0,0.0
cc7d03a3a03a3325,0,clean,5328,2,1,1.0,True,0.0,0.9,1.0,1.0,0.0,0.0,0.0,0.0
cc7d03a3a03a3325,0,clean,5329,2,1,1.0,True,0.0,0.9,1.0,1.0,0.0,0.0,0.0,0.0
cc7d03a3a03a3325,0,clean,5330,2,0,-0.1,False,0.0,0.9,0.6200000000000001,0.6200000000000001,0.0,0.0,0.0,0.0
cc7d03a3a03a3325,0,clean,5331,1,1,-0.1,False,0.0,0.9,0.8,0.8,0.0,0.0,0.0,0.0
cc7d03a3a03a3325,0,clean,5332,2,0,-0.1,False,0.0,0.9,0.6200000000000001,0.6200000000000001,0.0,0.0,0.0,0.0
cc7d03a3a03a3325,0,clean,5333,1,1,-0.1,False,0.0,0.9,0.8,0.8,0.0,0.0,0.0,0.0
cc7d03a3a03a3325,0,clean,5334,2,1,1.0,True,0.0,0.9,1.0,1.0,0.0,0.0,0.0,0.0
cc7d03a3a03a3325,0,clean,5335,2,1,1.0,True,0.0,0.9,1.0,1.0,0.0,0.0,0.0,0.0
cc7d03a3a03a3325,0,clean,5336,2,1,1.0,True,0.0,0.9,1.0,1.0,0.0,0.0,0.0,0.0
cc7d03a3a03a3325,0,clean,5337,2,1,1.0,True,0.0,0.9,1.0,1.0,0.0,0.0,0.0,0.0
cc7d03a3a03a3325,0,clean,5338,2,1,1.0,True,0.0,0.9,1.0,1.0,0.0,0.0,0.0,0.0
cc7d03a3a03a3325,0,clean,5339,2,1,1.0,True,0.0,0.9,1.0,1.0,0.0,0.0,0.0,0.0
cc7d03a3a03a3325,0,clean,5340,2,1,1.0,True,0.0,0.9,1.0,1.0,0.0,0.0,0.0,0.0
cc7d03a3a03a3325,0,clean,5341,2,1,1.0,True,0.0,0.9,1.0,1.0,0.0,0.0,0.0,0.0
cc7d03a3a03a3325,0,clean,5342,2,1,1.0,True,0.0,0.9,1.0,1.0,0.0,0.0,0.0,0.0
cc7d03a3a03a3325,0,clean,5343,2,1,1.0,True,0.0,0.9,1.0,1.0,0.0,0.0,0.0,0.0
cc7d03a3a03a3325,0,clean,5344,2,1,1.0,True,0.0,0.9,1.0,1.0,0.0,0.0,0.0,0.0
cc7d03a3a03a3325,0,clean,5345,2,1,1.0,True,0.0,0.9,1.0,1.0,0.0,0.0,0.0,0.0
cc7d03a3a03a3325,0,clean,5346,2,1,1.0,True,0.0,0.9,1.0,1.0,0.0,0.0,0.0,0.0
cc7d03a3a03a3325,0,clean,5347,2,1,1.0,True,0.0,0.9,1.0,1.0,0.0,0.0,0.0,0.0
cc7d03a3a03a3325,0,clean,5348,2,1,1.0,True,0.0,0.9,1.0,1.0,0.0,0.0,0.0,0.0
cc7d03a3a03a3325,0,clean,5349,2,1,1.0,True,0.0,0.9,1.0,1.0,0.0,0.0,0.0,0.0
cc7d03a3a03a3325,0,clean,5350,2,0,-0.1,False,0.0,0.9,0.6200000000000001,0.6200000000000001,0.0,0.0,0.0,0.0
cc7d03a3a03a3325,0,clean,5351,1,0,-0.1,False,0.0,0.9,0.4580000000000002,0.4580000000000002,0.0,0.0,0.0,0.0
cc7d03a3a03a3325,0,clean,5352,0,0,-0.1,False,0.0,0.9,0.4580000000000002,0.4580000000000002,0.0,0.0,0.0,0.0
cc7d03a3a03a3325,0,clean,5353,0,1,-0.1,False,0.0,0.9,0.6200000000000001,0.6200000000000001,0.0,0.0,0.0,0.0
cc7d03a3a03a3325,0,clean,5354,1,1,-0.1,False,0.0,0.9,0.8,0.8,0.0,0.0,0.0,0.0
cc7d03a3a03a3325,0,clean,5355,2,1,1.0,True,0.0,0.9,1.0,1.0,0.0,0.0,0.0,0.0
cc7d03a3a03a3325,0,clean,5356,2,1,1.0,True,0.0,0.9,1.0,1.0,0.0,0.0,0.0,0.0
cc7d03a3a03a3325,0,clean,5357,2,1,1.0,True,0.0,0.9,1.0,1.0,0.0,0.0,0.0,0.0
cc7d03a3a03a3325,0,clean,5358,2,0,-0.1,False,0.0,0.9,0.6200000000000001,0.6200000000000001,0.0,0.0,0.0,0.0
cc7d03a3a03a3325,0,clean,5359,1,1,-0.1,False,0.0,0.9,0.8,0.8,0.0,0.0,0.0,0.0
cc7d03a3a03a3325,0,clean,5360,2,1,1.0,True,0.0,0.9,1.0,1.0,0.0,0.0,0.0,0.0
cc7d03a3a03a3325,0,clean,5361,2,1,1.0,True,0.0,0.9,1.0,1.0,0.0,0.0,0.0,0.0
cc7d03a3a03a3325,0,clean,5362,2,1,1.0,True,0.0,0.9,1.0,1.0,0.0,0.0,0.0,0.0
cc7d03a3a03a3325,0,clean,5363,2,1,1.0,True,0.0,0.9,1.0,1.0,0.0,0.0,0.0,0.0
cc7d03a3a03a3325,0,clean,5364,2,1,1.0,True,0.0,0.9,1.0,1.0,0.0,0.0,0.0,0.0
cc7d03a3a03a3325,0,clean,5365,2,1,1.0,True,0.0,0.9,1.0,1.0,0.0,0.0,0.0,0.0
cc7d03a3a03a3325,0,clean,5366,2,1,1.0,True,0.0,0.9,1.0,1.0,0.0,0.0,0.0,0.0
cc7d03a3a03a3325,0,clean,5367,2,0,-0.1,False,0.0,0.9,0.6200000000000001,0.6200000000000001,0.0,0.0,0.0,0.0
cc7d03a3a03a3325,0,clean,5368,1,0,-0.1,False,0.0,0.9,0.4580000000000002,0.4580000000000002,0.0,0.0,0.0,0.0
cc7d03a3a03a3325,0,clean,5369,0,1,-0.1,False,0.0,0.9,0.6200000000000001,0.6200000000000001,0.0,0.0,0.0,0.0
cc7d03a3a03a3325,0,clean,5370,1,0,-0.1,False,0.0,0.9,0.4580000000000002,0.4580000000000002,0.0,0.0,0.0,0.0
cc7d03a3a03a3325,0,clean,5371,0,0,-0.1,False,0.0,0.9,0.4580000000000002,0.4580000000000002,0.0,0.0,0.0,0.0
cc7d03a3a03a3325,0,clean,5372,0,1,-0.1,False,0.0,0.9,0.6200000000000001,0.6200000000000001,0.0,0.0,0.0,0.0
cc7d03a3a03a3325,0,clean,5373,1,0,-0.1,False,0.0,0.9,0.4580000000000002,0.4580000000000002,0.0,0.0,0.0,0.0
cc7d03a3a03a3325,0,clean,5374,0,1,-0.1,False,0.0,0.9,0.6200000000000001,0.6200000000000001,0.0,0.0,0.0,0.0
cc7d03a3a03a3325,0,clean,5375,1,1,-0.1,False,0.0,0.9,0.8,0.8,0.0,0.0,0.0,0.0
cc7d03a3a03a3325,0,clean,5376,2,1,1.0,True,0.0,0.9,1.0,1.0,0.0,0.0,0.0,0.0
cc7d03a3a03a3325,0,clean,5377,2,1,1.0,True,0.0,0.9,1.0,1.0,0.0,0.0,0.0,0.0
cc7d03a3a03a3325,0,clean,5378,2,1,1.0,True,0.0,0.9,1.0,1.0,0.0,0.0,0.0,0.0
cc7d03a3a03a3325,0,clean,5379,2,1,1.0,True,0.0,0.9,1.0,1.0,0.0,0.0,0.0,0.0
cc7d03a3a03a3325,0,clean,5380,2,0,-0.1,False,0.0,0.9,0.6200000000000001,0.6200000000000001,0.0,0.0,0.0,0.0
cc7d03a3a03a3325,0,clean,5381,1,0,-0.1,False,0.0,0.9,0.4580000000000002,0.4580000000000002,0.0,0.0,0.0,0.0
cc7d03a3a03a3325,0,clean,5382,0,1,-0.1,False,0.0,0.9,0.6200000000000001,0.6200000000000001,0.0,0.0,0.0,0.0
cc7d03a3a03a3325,0,clean,5383,1,0,-0.1,False,0.0,0.9,0.4580000000000002,0.4580000000000002,0.0,0.0,0.0,0.0
cc7d03a3a03a3325,0,clean,5384,0,0,-0.1,False,0.0,0.9,0.4580000000000002,0.4580000000000002,0.0,0.0,0.0,0.0
cc7d03a3a03a3325,0,clean,5385,0,1,-0.1,False,0.0,0.9,0.6200000000000001,0.6200000000000001,0.0,0.0,0.0,0.0
cc7d03a3a03a3325,0,clean,5386,1,1,-0.1,False,0.0,0.9,0.8,0.8,0.0,0.0,0.0,0.0
cc7d03a3a03a3325,0,clean,5387,2,1,1.0,True,0.0,0.9,1.0,1.0,0.0,0.0,0.0,0.0
cc7d03a3a03a3325,0,clean,5388,2,1,1.0,True,0.0,0.9,1.0,1.0,0.0,0.0,0.0,0.0
cc7d03a3a03a3325,0,clean,5389,2,1,1.0,True,0.0,0.9,1.0,1.0,0.0,0.0,0.0,0.0
cc7d03a3a03a3325,0,clean,5390,2,1,1.0,True,0.0,0.9,1.0,1.0,0.0,0.0,0.0,0.0
cc7d03a3a03a3325,0,clean,5391,2,1,1.0,True,0.0,0.9,1.0,1.0,0.0,0.0,0.0,0.0
cc7d03a3a03a3325,0,clean,5392,2,0,-0.1,False,0.0,0.9,0.6200000000000001,0.6200000000000001,0.0,0.0,0.0,0.0
cc7d03a3a03a3325,0,clean,5393,1,1,-0.1,False,0.0,0.9,0.8,0.8,0.0,0.0,0.0,0.0
cc7d03a3a03a3325,0,clean,5394,2,1,1.0,True,0.0,0.9,1.0,1.0,0.0,0.0,0.0,0.0
cc7d03a3a03a3325,0,clean,5395,2,1,1.0,True,0.0,0.9,1.0,1.0,0.0,0.0,0.0,0.0
cc7d03a3a03a3325,0,clean,5396,2,0,-0.1,False,0.0,0.9,0.6200000000000001,0.6200000000000001,0.0,0.0,0.0,0.0
cc7d03a3a03a3325,0,clean,5397,1,1,-0.1,False,0.0,0.9,0.8,0.8,0.0,0.0,0.0,0.0
cc7d03a3a03a3325,0,clean,5398,2,1,1.0,True,0.0,0.9,1.0,1.0,0.0,0.0,0.0,0.0
cc7d03a3a03a3325,0,clean,5399,2,1,1.0,True,0.0,0.9,1.0,1.0,0.0,0.0,0.0,0.0
cc7d03a3a03a3325,0,clean,5400,2,1,1.0,True,0.0,0.9,1.0,1.0,0.0,0.0,0.0,0.0
cc7d03a3a03a3325,0,clean,5401,2,1,1.0,True,0.0,0.9,1.0,1.0,0.0,0.0,0.0,0.0
cc7d03a3a03a3325,0,clean,5402,2,0,-0.1,False,0.0,0.9,0.6200000000000001,0.6200000000000001,0.0,0.0,0.0,0.0
cc7d03a3a03a3325,0,clean,5403,1,1,-0.1,False,0.0,0.9,0.8,0.8,0.0,0.0,0.0,0.0
cc7d03a3a03a3325,0,clean,5404,2,0,-0.1,False,0.0,0.9,0.6200000000000001,0.6200000000000001,0.0,0.0,0.0,0.0
cc7d03a3a03a3325,0,clean,5405,1,1,-0.1,False,0.0,0.9,0.8,0.8,0.0,0.0,0.0,0.0
cc7d03a3a03a3325,0,clean,5406,2,0,-0.1,False,0.0,0.9,0.6200000000000001,0.6200000000000001,0.0,0.0,0.0,0.0
cc7d03a3a03a3325,0,clean,5407,1,1,-0.1,False,0.0,0.9,0.8,0.8,0.0,0.0,0.0,0.0
cc7d03a3a03a3325,0,clean,5408,2,1,1.0,True,0.0,0.9,1.0,1.0,0.0,0.0,0.0,0.0
cc7d03a3a03a3325,0,clean,5409,2,0,-0.1,False,0.0,0.9,0.6200000000000001,0.6200000000000001,0.0,0.0,0.0,0.0
cc7d03a3a03a3325,0,clean,5410,1,1,-0.1,False,0.0,0.9,0.8,0.8,0.0,0.0,0.0,0.0
cc7d03a3a03a3325,0,clean,5411,2,0,-0.1,False,0.0,0.9,0.6200000000000001,0.6200000000000001,0.0,0.0,0.0,0.0
cc7d03a3a03a3325,0,clean,5412,1,0,-0.1,False,0.0,0.9,0.4580000000000002,0.4580000000000002,0.0,0.0,0.0,0.0
cc7d03a3a03a3325,0,clean,5413,0,1,-0.1,False,0.0,0.9,0.6200000000000001,0.6200000000000001,0.0,0.0,0.0,0.0
cc7d03a3a03a3325,0,clean,5414,1,1,-0.1,False,0.0,0.9,0.8,0.8,0.0,0.0,0.0,0.0
cc7d03a3a03a3325,0,clean,5415,2,1,1.0,True,0.0,0.9,1.0,1.0,0.0,0.0,0.0,0.0
cc7d03a3a03a3325,0,clean,5416,2,1,1.0,True,0.0,0.9,1.0,1.0,0.0,0.0,0.0,0.0
cc7d03a3a03a3325,0,clean,5417,2,1,1.0,True,0.0,0.9,1.0,1.0,0.0,0.0,0.0,0.0
cc7d03a3a03a3325,0,clean,5418,2,1,1.0,True,0.0,0.9,1.0,1.0,0.0,0.0,0.0,0.0
cc7d03a3a03a3325,0,clean,5419,2,1,1.0,True,0.0,0.9,1.0,1.0,0.0,0.0,0.0,0.0
cc7d03a3a03a3325,0,clean,5420,2,1,1.0,True,0.0,0.9,1.0,1.0,0.0,0.0,0.0,0.0
cc7d03a3a03a3325,0,clean,5421,2,1,1.0,True,0.0,0.9,1.0,1.0,0.0,0.0,0.0,0.0
cc7d03a3a03a3325,0,clean,5422,2,1,1.0,True,0.0,0.9,1.0,1.0,0.0,0.0,0.0,0.0
cc7d03a3a03a3325,0,clean,5423,2,1,1.0,True,0.0,0.9,1.0,1.0,0.0,0.0,0.0,0.0
cc7d03a3a03a3325,0,clean,5424,2,0,-0.1,False,0.0,0.9,0.6200000000000001,0.6200000000000001,0.0,0.0,0.0,0.0
cc7d03a3a03a3325,0,clean,5425,1,0,-0.1,False,0.0,0.9,0.4580000000000002,0.4580000000000002,0.0,0.0,0.0,0.0
cc7d03a3a03a3325,0,clean,5426,0,1,-0.1,False,0.0,0.9,0.6200000000000001,0.6200000000000001,0.0,0.0,0.0,0.0
cc7d03a3a03a3325,0,clean,5427,1,1,-0.1,False,0.0,0.9,0.8,0.8,0.0,0.0,0.0,0.0
cc7d03a3a03a3325,0,clean,5428,2,1,1.0,True,0.0,0.9,1.0,1.0,0.0,0.0,0.0,0.0
cc7d03a3a03a3325,0,clean,5429,2,1,1.0,True,0.0,0.9,1.0,1.0,0.0,0.0,0.0,0.0
cc7d03a3a03a3325,0,clean,5430,2,0,-0.1,False,0.0,0.9,0.6200000000000001,0.6200000000000001,0.0,0.0,0.0,0.0
cc7d03a3a03a3325,0,clean,5431,1,1,-0.1,False,0.0,0.9,0.8,0.8,0.0,0.0,0.0,0.0
cc7d03a3a03a3325,0,clean,5432,2,0,-0.1,False,0.0,0.9,0.6200000000000001,0.6200000000000001,0.0,0.0,0.0,0.0
cc7d03a3a03a3325,0,clean,5433,1,1,-0.1,False,0.0,0.9,0.8,0.8,0.0,0.0,0.0,0.0
cc7d03a3a03a3325,0,clean,5434,2,1,1.0,True,0.0,0.9,1.0,1.0,0.0,0.0,0.0,0.0
cc7d03a3a03a3325,0,clean,5435,2,1,1.0,True,0.0,0.9,1.0,1.0,0.0,0.0,0.0,0.0
cc7d03a3a03a3325,0,clean,5436,2,1,1.0,True,0.0,0.9,1.0,1.0,0.0,0.0,0.0,0.0
cc7d03a3a03a3325,0,clean,5437,2,1,1.0,True,0.0,0.9,1.0,1.0,0.0,0.0,0.0,0.0
cc7d03a3a03a3325,0,clean,5438,2,0,-0.1,False,0.0,0.9,0.6200000000000001,0.6200000000000001,0.0,0.0,0.0,0.0
cc7d03a3a03a3325,0,clean,5439,1,1,-0.1,False,0.0,0.9,0.8,0.8,0.0,0.0,0.0,0.0
cc7d03a3a03a3325,0,clean,5440,2,1,1.0,True,0.0,0.9,1.0,1.0,0.0,0.0,0.0,0.0
cc7d03a3a03a3325,0,clean,5441,2,1,1.0,True,0.0,0.9,1.0,1.0,0.0,0.0,0.0,0.0
cc7d03a3a03a3325,0,clean,5442,2,0,-0.1,False,0.0,0.9,0.6200000000000001,0.6200000000000001,0.0,0.0,0.0,0.0
cc7d03a3a03a3325,0,clean,5443,1,1,-0.1,False,0.0,0.9,0.8,0.8,0.0,0.0,0.0,0.0
cc7d03a3a03a3325,0,clean,5444,2,1,1.0,True,0.0,0.9,1.0,1.0,0.0,0.0,0.0,0.0
cc7d03a3a03a3325,0,clean,5445,2,1,1.0,True,0.0,0.9,1.0,1.0,0.0,0.0,0.0,0.0
cc7d03a3a03a3325,0,clean,5446,2,1,1.0,True,0.0,0.9,1.0,1.0,0.0,0.0,0.0,0.0
cc7d03a3a03a3325,0,clean,5447,2,1,1.0,True,0.0,0.9,1.0,1.0,0.0,0.0,0.0,0.0
cc7d03a3a03a3325,0,clean,5448,2,1,1.0,True,0.0,0.9,1.0,1.0,0.0,0.0,0.0,0.0
cc7d03a3a03a3325,0,clean,5449,2,1,1.0,True,0.0,0.9,1.0,1.0,0.0,0.0,0.0,0.0
cc7d03a3a03a3325,0,clean,5450,2,1,1.0,True,0.0,0.9,1.0,1.0,0.0,0.0,0.0,0.0
cc7d03a3a03a3325,0,clean,5451,2,1,1.0,True,0.0,0.9,1.0,1.0,0.0,0.0,0.0,0.0
cc7d03a3a03a3325,0,clean,5452,2,1,1.0,True,0.0,0.9,1.0,1.0,0.0,0.0,0.0,0.0
cc7d03a3a03a3325,0,clean,5453,2,1,1.0,True,0.0,0.9,1.0,1.0,0.0,0.0,0.0,0.0
cc7d03a3a03a3325,0,clean,5454,2,0,-0.1,False,0.0,0.9,0.6200000000000001,0.6200000000000001,0.0,0.0,0.0,0.0
cc7d03a3a03a3325,0,clean,5455,1,1,-0.1,False,0.0,0.9,0.8,0.8,0.0,0.0,0.0,0.0
cc7d03a3a03a3325,0,clean,5456,2,1,1.0,True,0.0,0.9,1.0,1.0,0.0,0.0,0.0,0.0
cc7d03a3a03a3325,0,clean,5457,2,1,1.0,True,0.0,0.9,1.0,1.0,0.0,0.0,0.0,0.0
cc7d03a3a03a3325,0,clean,5458,2,0,-0.1,False,0.0,0.9,0.6200000000000001,0.6200000000000001,0.0,0.0,0.0,0.0
cc7d03a3a03a3325,0,clean,5459,1,1,-0.1,False,0.0,0.9,0.8,0.8,0.0,0.0,0.0,0.0
cc7d03a3a03a3325,0,clean,5460,2,1,1.0,True,0.0,0.9,1.0,1.0,0.0,0.0,0.0,0.0
cc7d03a3a03a3325,0,clean,5461,2,1,1.0,True,0.0,0.9,1.0,1.0,0.0,0.0,0.0,0.0
cc7d03a3a03a3325,0,clean,5462,2,1,1.0,True,0.0,0.9,1.0,1.0,0.0,0.0,0.0,0.0
cc7d03a3a03a3325,0,clean,5463,2,1,1.0,True,0.0,0.9,1.0,1.0,0.0,0.0,0.0,0.0
cc7d03a3a03a3325,0,clean,5464,2,0,-0.1,False,0.0,0.9,0.6200000000000001,0.6200000000000001,0.0,0.0,0.0,0.0
cc7d03a3a03a3325,0,clean,5465,1,1,-0.1,False,0.0,0.9,0.8,0.8,0.0,0.0,0.0,0.0
cc7d03a3a03a3325,0,clean,5466,2,1,1.0,True,0.0,0.9,1.0,1.0,0.0,0.0,0.0,0.0
cc7d03a3a03a3325,0,clean,5467,2,0,-0.1,False,0.0,0.9,0.6200000000000001,0.6200000000000001,0.0,0.0,0.0,0.0
cc7d03a3a03a3325,0,clean,5468,1,1,-0.1,False,0.0,0.9,0.8,0.8,0.0,0.0,0.0,0.0
cc7d03a3a03a3325,0,clean,5469,2,1,1.0,True,0.0,0.9,1.0,1.0,0.0,0.0,0.0,0.0
cc7d03a3a03a3325,0,clean,5470,2,0,-0.1,False,0.0,0.9,0.6200000000000001,0.6200000000000001,0.0,0.0,0.0,0.0
cc7d03a3a03a3325,0,clean,5471,1,1,-0.1,False,0.0,0.9,0.8,0.8,0.0,0.0,0.0,0.0
cc7d03a3a03a3325,0,clean,5472,2,1,1.0,True,0.0,0.9,1.0,1.0,0.0,0.0,0.0,0.0
cc7d03a3a03a3325,0,clean,5473,2,1,1.0,True,0.0,0.9,1.0,1.0,0.0,0.0,0.0,0.0
cc7d03a3a03a3325,0,clean,5474,2,1,1.0,True,0.0,0.9,1.0,1.0,0.0,0.0,0.0,0.0
cc7d03a3a03a3325,0,clean,5475,2,1,1.0,True,0.0,0.9,1.0,1.0,0.0,0.0,0.0,0.0
cc7d03a3a03a3325,0,clean,5476,2,1,1.0,True,0.0,0.9,1.0,1.0,0.0,0.0,0.0,0.0
cc7d03a3a03a3325,0,clean,5477,2,1,1.0,True,0.0,0.9,1.0,1.0,0.0,0.0,0.0,0.0
cc7d03a3a03a3325,0,clean,5478,2,1,1.0,True,0.0,0.9,1.0,1.0,0.0,0.0,0.0,0.0
cc7d03a3a03a3325,0,clean,5479,2,1,1.0,True,0.0,0.9,1.0,1.0,0.0,0.0,0.0,0.0
cc7d03a3a03a3325,0,clean,5480,2,1,1.0,True,0.0,0.9,1.0,1.0,0.0,0.0,0.0,0.0
cc7d03a3a03a3325,0,clean,5481,2,1,1.0,True,0.0,0.9,1.0,1.0,0.0,0.0,0.0,0.0
cc7d03a3a03a3325,0,clean,5482,2,1,1.0,True,0.0,0.9,1.0,1.0,0.0,0.0,0.0,0.0
cc7d03a3a03a3325,0,clean,5483,2,1,1.0,True,0.0,0.9,1.0,1.0,0.0,0.0,0.0,0.0
cc7d03a3a03a3325,0,clean,5484,2,1,1.0,True,0.0,0.9,1.0,1.0,0.0,0.0,0.0,0.0
cc7d03a3a03a3325,0,clean,5485,2,1,1.0,True,0.0,0.9,1.0,1.0,0.0,0.0,0.0,0.0
cc7d03a3a03a3325,0,clean,5486,2,0,-0.1,False,0.0,0.9,0.6200000000000001,0.6200000000000001,0.0,0.0,0.0,0.0
cc7d03a3a03a3325,0,clean,5487,1,1,-0.1,False,0.0,0.9,0.8,0.8,0.0,0.0,0.0,0.0
cc7d03a3a03a3325,0,clean,5488,2,1,1.0,True,0.0,0.9,1.0,1.0,0.0,0.0,0.0,0.0
cc7d03a3a03a3325,0,clean,5489,2,1,1.0,True,0.0,0.9,1.0,1.0,0.0,0.0,0.0,0.0
cc7d03a3a03a3325,0,clean,5490,2,1,1.0,True,0.0,0.9,1.0,1.0,0.0,0.0,0.0,0.0
cc7d03a3a03a3325,0,clean,5491,2,1,1.0,True,0.0,0.9,1.0,1.0,0.0,0.0,0.0,0.0
cc7d03a3a03a3325,0,clean,5492,2,1,1.0,True,0.0,0.9,1.0,1.0,0.0,0.0,0.0,0.0
cc7d03a3a03a3325,0,clean,5493,2,1,1.0,True,0.0,0.9,1.0,1.0,0.0,0.0,0.0,0.0
cc7d03a3a03a3325,0,clean,5494,2,0,-0.1,False,0.0,0.9,0.6200000000000001,0.6200000000000001,0.0,0.0,0.0,0.0
cc7d03a3a03a3325,0,clean,5495,1,0,-0.1,False,0.0,0.9,0.4580000000000002,0.4580000000000002,0.0,0.0,0.0,0.0
cc7d03a3a03a3325,0,clean,5496,0,1,-0.1,False,0.0,0.9,0.6200000000000001,0.6200000000000001,0.0,0.0,0.0,0.0
cc7d03a3a03a3325,0,clean,5497,1,1,-0.1,False,0.0,0.9,0.8,0.8,0.0,0.0,0.0,0.0
cc7d03a3a03a3325,0,clean,5498,2,1,1.0,True,0.0,0.9,1.0,1.0,0.0,0.0,0.0,0.0
cc7d03a3a03a3325,0,clean,5499,2,1,1.0,True,0.0,0.9,1.0,1.0,0.0,0.0,0.0,0.0
cc7d03a3a03a3325,0,clean,5500,2,1,1.0,True,0.0,0.9,1.0,1.0,0.0,0.0,0.0,0.0
cc7d03a3a03a3325,0,faa,1,2,1,1.0,True,-0.43333333333333324,0.9,1.0,0.6100000000000001,0.0,0.3899999999999999,0.0,0.3899999999999999
cc7d03a3a03a3325,0,faa,2,2,1,1.0,True,-0.38999999999999996,0.9,0.6100000000000001,0.6100000000000001,0.3899999999999999,0.3899999999999999,0.0,0.3899999999999999
cc7d03a3a03a3325,0,faa,3,2,1,1.0,True,-0.38999999999999996,0.9,0.6100000000000001,0.6100000000000001,0.3899999999999999,0.3899999999999999,0.0,0.3899999999999999
cc7d03a3a03a3325,0,faa,4,2,1,1.0,True,-0.38999999999999996,0.9,0.6100000000000001,0.6100000000000001,0.3899999999999999,0.3899999999999999,0.0,0.3899999999999999
cc7d03a3a03a3325,0,faa,5,2,1,1.0,True,-0.38999999999999996,0.9,0.6100000000000001,0.6100000000000001,0.3899999999999999,0.3899999999999999,0.0,0.3899999999999999
cc7d03a3a03a3325,0,faa,6,2,1,1.0,True,-0.38999999999999996,0.9,0.6100000000000001,0.6100000000000001,0.3899999999999999,0.3899999999999999,0.0,0.3899999999999999
cc7d03a3a03a3325,0,faa,7,2,0,-0.1,False,0.0,0.9,0.6200000000000001,0.6200000000000001,0.0,0.0,0.0,0.3899999999999999
cc7d03a3a03a3325,0,faa,8,1,0,-0.1,False,0.39111111111111097,0.9,0.4580000000000002,0.81,0.0,0.35199999999999987,0.0,0.3899999999999999
cc7d03a3a03a3325,0,faa,9,0,0,-0.1,False,0.19111111111111104,0.9,0.4580000000000002,0.6300000000000001,0.0,0.17199999999999993,0.0,0.3899999999999999
cc7d03a3a03a3325,0,faa,10,0,0,-0.1,False,0.034444444444444944,0.9,0.6300000000000001,0.5143000000000006,0.17199999999999993,0.05630000000000046,0.009000000000000008,0.3899999999999999
cc7d03a3a03a3325,0,faa,11,0,1,-0.1,False,-0.0,0.9,0.6200000000000001,0.6281000000000001,0.0,0.008099999999999996,0.009000000000000008,0.3899999999999999
cc7d03a3a03a3325,0,faa,12,1,1,-0.1,False,0.0,0.9,0.8,0.4922000000000002,0.0,0.30779999999999985,-0.3419999999999999,0.3899999999999999
cc7d03a3a03a3325,0,faa,13,2,0,-0.1,False,0.0,0.9,0.6200000000000001,0.6281000000000001,0.0,0.008099999999999996,0.009000000000000008,0.3899999999999999
cc7d03a3a03a3325,0,faa,14,1,0,-0.1,False,0.0,0.9,0.81,0.4997610000000001,0.35199999999999987,0.04176099999999994,0.007289999999999997,0.3899999999999999
cc7d03a3a03a3325,0,faa,15,0,0,-0.1,False,0.0,0.9,0.5143000000000006,0.47019100000000014,0.05630000000000046,0.012190999999999952,0.007289999999999997,0.3899999999999999
cc7d03a3a03a3325,0,faa,16,0,0,-0.1,False,0.0,0.9,0.47019100000000014,0.4657801000000001,0.012190999999999952,0.007780099999999901,0.007289999999999997,0.3899999999999999
cc7d03a3a03a3325,0,faa,17,0,1,-0.1,False,0.0,0.9,0.6281000000000001,0.37761641000000007,0.008099999999999996,0.24238359000000004,-0.27021509999999993,0.3899999999999999
cc7d03a3a03a3325,0,faa,18,1,0,-0.1,False,0.0,0.9,0.4997610000000001,0.33725798100000015,0.04176099999999994,0.12074201900000003,-0.13879791000000002,0.3899999999999999
cc7d03a3a03a3325,0,faa,19,0,0,-0.1,False,0.0,0.9,0.4657801000000001,0.33385989100000013,0.007780099999999901,0.12414010900000005,-0.13879791000000002,0.3899999999999999
cc7d03a3a03a3325,0,faa,20,0,1,-0.1,False,-0.0,0.9,0.37761641000000007,0.3464436410000002,0.24238359000000004,0.2735563589999999,-0.2770199999999999,0.3899999999999999
cc7d03a3a03a3325,0,faa,21,1,1,-0.1,False,-0.0,0.9,0.4922000000000002,0.4679810000000001,0.30779999999999985,0.33201899999999995,-0.3347099999999999,0.3899999999999999
cc7d03a3a03a3325,0,faa,22,2,0,-0.1,False,0.0,0.9,0.6281000000000001,0.35187461000000003,0.008099999999999996,0.2681253900000001,-0.29881709999999995,0.3899999999999999
cc7d03a3a03a3325,0,faa,23,1,1,-0.1,False,-0.0,0.9,0.4679810000000001,0.4508981000000002,0.33201899999999995,0.34910189999999985,-0.3509999999999999,0.3899999999999999
cc7d03a3a03a3325,0,faa,24,2,1,1.0,True,-0.0,0.9,0.6100000000000001,0.9610000000000001,0.3899999999999999,0.038999999999999924,0.0,0.34910189999999985
cc7d03a3a03a3325,0,faa,25,2,1,1.0,True,-0.0,0.9,0.9610000000000001,0.9961,0.038999999999999924,0.0039000000000000146,0.0,0.34910189999999985
cc7d03a3a03a3325,0,faa,26,2,1,1.0,True,-0.0,0.9,0.9961,0.99961,0.0039000000000000146,0.00039000000000000146,0.0,0.34910189999999985
cc7d03a3a03a3325,0,faa,27,2,1,1.0,True,-0.0,0.9,0.99961,0.999961,0.00039000000000000146,3.900000000001125e-05,0.0,0.34910189999999985
cc7d03a3a03a3325,0,faa,28,2,1,1.0,True,-0.0,0.9,0.999961,0.9999960999999999,3.900000000001125e-05,3.900000000056636e-06,0.0,0.34910189999999985
cc7d03a3a03a3325,0,faa,29,2,1,1.0,True,-0.0,0.9,0.9999960999999999,0.99999961,3.900000000056636e-06,3.8999999996125467e-07,0.0,0.34910189999999985
cc7d03a3a03a3325,0,faa,30,2,1,1.0,True,-0.0,0.9,0.99999961,0.999999961,3.8999999996125467e-07,3.90000000072277e-08,0.0,0.34910189999999985
cc7d03a3a03a3325,0,faa,31,2,1,1.0,True,-0.0,0.9,0.999999961,0.9999999961,3.90000000072277e-08,3.8999999896205395e-09,0.0,0.34910189999999985
cc7d03a3a03a3325,0,faa,32,2,1,1.0,True,-0.0,0.9,0.9999999961,0.99999999961,3.8999999896205395e-09,3.900000322687447e-10,0.0,0.34910189999999985
cc7d03a3a03a3325,0,faa,33,2,1,1.0,True,-0.0,0.9,0.99999999961,0.999999999961,3.900000322687447e-10,3.900002543133496e-11,0.0,0.34910189999999985
cc7d03a3a03a3325,0,faa,34,2,1,1.0,True,-0.0,0.9,0.999999999961,0.9999999999961,3.900002543133496e-11,3.89999144090325e-12,0.0,0.34910189999999985
cc7d03a3a03a3325,0,faa,35,2,1,1.0,True,-0.0,0.9,0.9999999999961,0.99999999999961,3.89999144090325e-12,3.900213485508175e-13,0.0,0.34910189999999985
cc7d03a3a03a3325,0,faa,36,2,1,1.0,True,-0.0,0.9,0.99999999999961,0.999999999999961,3.900213485508175e-13,3.8968828164342995e-14,0.0,0.34910189999999985
cc7d03a3a03a3325,0,faa,37,2,1,1.0,True,-0.0,0.9,0.999999999999961,0.9999999999999961,3.8968828164342995e-14,3.885780586188048e-15,0.0,0.34910189999999985
cc7d03a3a03a3325,0,faa,38,2,1,1.0,True,-0.0,0.9,0.9999999999999961,0.9999999999999996,3.885780586188048e-15,4.440892098500626e-16,0.0,0.34910189999999985
cc7d03a3a03a3325,0,faa,39,2,1,1.0,True,-0.0,0.9,0.9999999999999996,1.0,4.440892098500626e-16,0.0,0.0,0.34910189999999985
cc7d03a3a03a3325,0,faa,40,2,1,1.0,True,-0.0,0.9,1.0,1.0,0.0,0.0,0.0,0.34910189999999985
cc7d03a3a03a3325,0,faa,41,2,1,1.0,True,-0.0,0.9,1.0,1.0,0.0,0.0,0.0,0.34910189999999985
cc7d03a3a03a3325,0,faa,42,2,1,1.0,True,-0.0,0.9,1.0,1.0,0.0,0.0,0.0,0.34910189999999985
cc7d03a3a03a3325,0,faa,43,2,1,1.0,True,-0.0,0.9,1.0,1.0,0.0,0.0,0.0,0.34910189999999985
cc7d03a3a03a3325,0,faa,44,2,1,1.0,True,-0.0,0.9,1.0,1.0,0.0,0.0,0.0,0.34910189999999985
cc7d03a3a03a3325,0,faa,45,2,1,1.0,True,-0.0,0.9,1.0,1.0,0.0,0.0,0.0,0.34910189999999985
cc7d03a3a03a3325,0,faa,46,2,1,1.0,True,-0.0,0.9,1.0,1.0,0.0,0.0,0.0,0.34910189999999985
cc7d03a3a03a3325,0,faa,47,2,1,1.0,True,-0.0,0.9,1.0,1.0,0.0,0.0,0.0,0.34910189999999985
cc7d03a3a03a3325,0,faa,48,2,1,1.0,True,-0.0,0.9,1.0,1.0,0.0,0.0,0.0,0.34910189999999985
cc7d03a3a03a3325,0,faa,49,2,1,1.0,True,-0.0,0.9,1.0,1.0,0.0,0.0,0.0,0.34910189999999985
cc7d03a3a03a3325,0,faa,50,2,1,1.0,True,-0.0,0.9,1.0,1.0,0.0,0.0,0.0,0.34910189999999985
cc7d03a3a03a3325,0,faa,51,2,1,1.0,True,-0.0,0.9,1.0,1.0,0.0,0.0,0.0,0.34910189999999985
cc7d03a3a03a3325,0,faa,52,2,1,1.0,True,-0.0,0.9,1.0,1.0,0.0,0.0,0.0,0.34910189999999985
cc7d03a3a03a3325,0,faa,53,2,1,1.0,True,-0.0,0.9,1.0,1.0,0.0,0.0,0.0,0.34910189999999985
cc7d03a3a03a3325,0,faa,54,2,1,1.0,True,-0.0,0.9,1.0,1.0,0.0,0.0,0.0,0.34910189999999985
cc7d03a3a03a3325,0,faa,55,2,1,1.0,True,-0.0,0.9,1.0,1.0,0.0,0.0,0.0,0.34910189999999985
cc7d03a3a03a3325,0,faa,56,2,1,1.0,True,-0.0,0.9,1.0,1.0,0.0,0.0,0.0,0.34910189999999985
cc7d03a3a03a3325,0,faa,57,2,1,1.0,True,-0.0,0.9,1.0,1.0,0.0,0.0,0.0,0.34910189999999985
cc7d03a3a03a3325,0,faa,58,2,1,1.0,True,-0.0,0.9,1.0,1.0,0.0,0.0,0.0,0.34910189999999985
cc7d03a3a03a3325,0,faa,59,2,1,1.0,True,-0.0,0.9,1.0,1.0,0.0,0.0,0.0,0.34910189999999985
cc7d03a3a03a3325,0,faa,60,2,1,1.0,True,-0.0,0.9,1.0,1.0,0.0,0.0,0.0,0.34910189999999985
cc7d03a3a03a3325,0,faa,61,2,1,1.0,True,-0.0,0.9,1.0,1.0,0.0,0.0,0.0,0.34910189999999985
cc7d03a3a03a3325,0,faa,62,2,1,1.0,True,-0.0,0.9,1.0,1.0,0.0,0.0,0.0,0.34910189999999985
cc7d03a3a03a3325,0,faa,63,2,1,1.0,True,-0.0,0.9,1.0,1.0,0.0,0.0,0.0,0.34910189999999985
cc7d03a3a03a3325,0,faa,64,2,1,1.0,True,-0.0,0.9,1.0,1.0,0.0,0.0,0.0,0.34910189999999985
cc7d03a3a03a3325,0,faa,65,2,1,1.0,True,-0.0,0.9,1.0,1.0,0.0,0.0,0.0,0.34910189999999985
cc7d03a3a03a3325,0,faa,66,2,1,1.0,True,-0.0,0.9,1.0,1.0,0.0,0.0,0.0,0.34910189999999985
cc7d03a3a03a3325,0,faa,67,2,1,1.0,True,-0.0,0.9,1.0,1.0,0.0,0.0,0.0,0.34910189999999985
cc7d03a3a03a3325,0,faa,68,2,1,1.0,True,-0.0,0.9,1.0,1.0,0.0,0.0,0.0,0.34910189999999985
cc7d03a3a03a3325,0,faa,69,2,1,1.0,True,-0.0,0.9,1.0,1.0,0.0,0.0,0.0,0.34910189999999985
cc7d03a3a03a3325,0,faa,70,2,1,1.0,True,-0.0,0.9,1.0,1.0,0.0,0.0,0.0,0.34910189999999985
cc7d03a3a03a3325,0,faa,71,2,1,1.0,True,-0.0,0.9,1.0,1.0,0.0,0.0,0.0,0.34910189999999985
cc7d03a3a03a3325,0,faa,72,2,1,1.0,True,-0.0,0.9,1.0,1.0,0.0,0.0,0.0,0.34910189999999985
cc7d03a3a03a3325,0,faa,73,2,1,1.0,True,-0.0,0.9,1.0,1.0,0.0,0.0,0.0,0.34910189999999985
cc7d03a3a03a3325,0,faa,74,2,1,1.0,True,-0.0,0.9,1.0,1.0,0.0,0.0,0.0,0.34910189999999985
cc7d03a3a03a3325,0,faa,75,2,1,1.0,True,-0.0,0.9,1.0,1.0,0.0,0.0,0.0,0.34910189999999985
cc7d03a3a03a3325,0,faa,76,2,1,1.0,True,-0.0,0.9,1.0,1.0,0.0,0.0,0.0,0.34910189999999985
cc7d03a3a03a3325,0,faa,77,2,1,1.0,True,-0.0,0.9,1.0,1.0,0.0,0.0,0.0,0.34910189999999985
cc7d03a3a03a3325,0,faa,78,2,1,1.0,True,-0.0,0.9,1.0,1.0,0.0,0.0,0.0,0.34910189999999985
cc7d03a3a03a3325,0,faa,79,2,1,1.0,True,-0.0,0.9,1.0,1.0,0.0,0.0,0.0,0.34910189999999985
cc7d03a3a03a3325,0,faa,80,2,1,1.0,True,-0.0,0.9,1.0,1.0,0.0,0.0,0.0,0.34910189999999985
cc7d03a3a03a3325,0,faa,81,2,1,1.0,True,-0.0,0.9,1.0,1.0,0.0,0.0,0.0,0.34910189999999985
cc7d03a3a03a3325,0,faa,82,2,1,1.0,True,-0.0,0.9,1.0,1.0,0.0,0.0,0.0,0.34910189999999985
cc7d03a3a03a3325,0,faa,83,2,1,1.0,True,-0.0,0.9,1.0,1.0,0.0,0.0,0.0,0.34910189999999985
cc7d03a3a03a3325,0,faa,84,2,1,1.0,True,-0.0,0.9,1.0,1.0,0.0,0.0,0.0,0.34910189999999985
cc7d03a3a03a3325,0,faa,85,2,1,1.0,True,-0.0,0.9,1.0,1.0,0.0,0.0,0.0,0.34910189999999985
cc7d03a3a03a3325,0,faa,86,2,1,1.0,True,-0.0,0.9,1.0,1.0,0.0,0.0,0.0,0.34910189999999985
cc7d03a3a03a3325,0,faa,87,2,1,1.0,True,-0.0,0.9,1.0,1.0,0.0,0.0,0.0,0.34910189999999985
cc7d03a3a03a3325,0,faa,88,2,1,1.0,True,-0.0,0.9,1.0,1.0,0.0,0.0,0.0,0.34910189999999985
cc7d03a3a03a3325,0,faa,89,2,1,1.0,True,-0.0,0.9,1.0,1.0,0.0,0.0,0.0,0.34910189999999985
cc7d03a3a03a3325,0,faa,90,2,1,1.0,True,-0.0,0.9,1.0,1.0,0.0,0.0,0.0,0.34910189999999985
cc7d03a3a03a3325,0,faa,91,2,1,1.0,True,-0.0,0.9,1.0,1.0,0.0,0.0,0.0,0.34910189999999985
cc7d03a3a03a3325,0,faa,92,2,1,1.0,True,-0.0,0.9,1.0,1.0,0.0,0.0,0.0,0.34910189999999985
cc7d03a3a03a3325,0,faa,93,2,1,1.0,True,-0.0,0.9,1.0,1.0,0.0,0.0,0.0,0.34910189999999985
cc7d03a3a03a3325,0,faa,94,2,1,1.0,True,-0.0,0.9,1.0,1.0,0.0,0.0,0.0,0.34910189999999985
cc7d03a3a03a3325,0,faa,95,2,1,1.0,True,-0.0,0.9,1.0,1.0,0.0,0.0,0.0,0.34910189999999985
cc7d03a3a03a3325,0,faa,96,2,1,1.0,True,-0.0,0.9,1.0,1.0,0.0,0.0,0.0,0.34910189999999985
cc7d03a3a03a3325,0,faa,97,2,1,1.0,True,-0.0,0.9,1.0,1.0,0.0,0.0,0.0,0.34910189999999985
cc7d03a3a03a3325,0,faa,98,2,1,1.0,True,-0.0,0.9,1.0,1.0,0.0,0.0,0.0,0.34910189999999985
cc7d03a3a03a3325,0,faa,99,2,1,1.0,True,-0.0,0.9,1.0,1.0,0.0,0.0,0.0,0.34910189999999985
cc7d03a3a03a3325,0,faa,100,2,1,1.0,True,-0.0,0.9,1.0,1.0,0.0,0.0,0.0,0.34910189999999985
cc7d03a3a03a3325,0,faa,101,2,1,1.0,True,-0.0,0.9,1.0,1.0,0.0,0.0,0.0,0.34910189999999985
cc7d03a3a03a3325,0,faa,102,2,1,1.0,True,-0.0,0.9,1.0,1.0,0.0,0.0,0.0,0.34910189999999985
cc7d03a3a03a3325,0,faa,103,2,1,1.0,True,-0.0,0.9,1.0,1.0,0.0,0.0,0.0,0.34910189999999985
cc7d03a3a03a3325,0,faa,104,2,1,1.0,True,-0.0,0.9,1.0,1.0,0.0,0.0,0.0,0.34910189999999985
cc7d03a3a03a3325,0,faa,105,2,1,1.0,True,-0.0,0.9,1.0,1.0,0.0,0.0,0.0,0.34910189999999985
cc7d03a3a03a3325,0,faa,106,2,1,1.0,True,-0.0,0.9,1.0,1.0,0.0,0.0,0.0,0.34910189999999985
cc7d03a3a03a3325,0,faa,107,2,1,1.0,True,-0.0,0.9,1.0,1.0,0.0,0.0,0.0,0.34910189999999985
cc7d03a3a03a3325,0,faa,108,2,1,1.0,True,-0.0,0.9,1.0,1.0,0.0,0.0,0.0,0.34910189999999985
cc7d03a3a03a3325,0,faa,109,2,1,1.0,True,-0.0,0.9,1.0,1.0,0.0,0.0,0.0,0.34910189999999985
cc7d03a3a03a3325,0,faa,110,2,1,1.0,True,-0.0,0.9,1.0,1.0,0.0,0.0,0.0,0.34910189999999985
cc7d03a3a03a3325,0,faa,111,2,1,1.0,True,-0.0,0.9,1.0,1.0,0.0,0.0,0.0,0.34910189999999985
cc7d03a3a03a3325,0,faa,112,2,1,1.0,True,-0.0,0.9,1.0,1.0,0.0,0.0,0.0,0.34910189999999985
cc7d03a3a03a3325,0,faa,113,2,1,1.0,True,-0.0,0.9,1.0,1.0,0.0,0.0,0.0,0.34910189999999985
cc7d03a3a03a3325,0,faa,114,2,1,1.0,True,-0.0,0.9,1.0,1.0,0.0,0.0,0.0,0.34910189999999985
cc7d03a3a03a3325,0,faa,115,2,1,1.0,True,-0.0,0.9,1.0,1.0,0.0,0.0,0.0,0.34910189999999985
cc7d03a3a03a3325,0,faa,116,2,1,1.0,True,-0.0,0.9,1.0,1.0,0.0,0.0,0.0,0.34910189999999985
cc7d03a3a03a3325,0,faa,117,2,1,1.0,True,-0.0,0.9,1.0,1.0,0.0,0.0,0.0,0.34910189999999985
cc7d03a3a03a3325,0,faa,118,2,1,1.0,True,-0.0,0.9,1.0,1.0,0.0,0.0,0.0,0.34910189999999985
cc7d03a3a03a3325,0,faa,119,2,1,1.0,True,-0.0,0.9,1.0,1.0,0.0,0.0,0.0,0.34910189999999985
cc7d03a3a03a3325,0,faa,120,2,1,1.0,True,-0.0,0.9,1.0,1.0,0.0,0.0,0.0,0.34910189999999985
cc7d03a3a03a3325,0,faa,121,2,1,1.0,True,-0.0,0.9,1.0,1.0,0.0,0.0,0.0,0.34910189999999985
cc7d03a3a03a3325,0,faa,122,2,1,1.0,True,-0.0,0.9,1.0,1.0,0.0,0.0,0.0,0.34910189999999985
cc7d03a3a03a3325,0,faa,123,2,1,1.0,True,-0.0,0.9,1.0,1.0,0.0,0.0,0.0,0.34910189999999985
cc7d03a3a03a3325,0,faa,124,2,1,1.0,True,-0.0,0.9,1.0,1.0,0.0,0.0,0.0,0.34910189999999985
cc7d03a3a03a3325,0,faa,125,2,1,1.0,True,-0.0,0.9,1.0,1.0,0.0,0.0,0.0,0.34910189999999985
cc7d03a3a03a3325,0,faa,126,2,1,1.0,True,-0.0,0.9,1.0,1.0,0.0,0.0,0.0,0.34910189999999985
cc7d03a3a03a3325,0,faa,127,2,1,1.0,True,-0.0,0.9,1.0,1.0,0.0,0.0,0.0,0.34910189999999985
cc7d03a3a03a3325,0,faa,128,2,1,1.0,True,-0.0,0.9,1.0,1.0,0.0,0.0,0.0,0.34910189999999985
cc7d03a3a03a3325,0,faa,129,2,1,1.0,True,-0.0,0.9,1.0,1.0,0.0,0.0,0.0,0.34910189999999985
cc7d03a3a03a3325,0,faa,130,2,1,1.0,True,-0.0,0.9,1.0,1.0,0.0,0.0,0.0,0.34910189999999985
cc7d03a3a03a3325,0,faa,131,2,1,1.0,True,-0.0,0.9,1.0,1.0,0.0,0.0,0.0,0.34910189999999985
cc7d03a3a03a3325,0,faa,132,2,1,1.0,True,-0.0,0.9,1.0,1.0,0.0,0.0,0.0,0.34910189999999985
cc7d03a3a03a3325,0,faa,133,2,1,1.0,True,-0.0,0.9,1.0,1.0,0.0,0.0,0.0,0.34910189999999985
cc7d03a3a03a3325,0,faa,134,2,1,1.0,True,-0.0,0.9,1.0,1.0,0.0,0.0,0.0,0.34910189999999985
cc7d03a3a03a3325,0,faa,135,2,1,1.0,True,-0.0,0.9,1.0,1.0,0.0,0.0,0.0,0.34910189999999985
cc7d03a3a03a3325,0,faa,136,2,1,1.0,True,-0.0,0.9,1.0,1.0,0.0,0.0,0.0,0.34910189999999985
cc7d03a3a03a3325,0,faa,137,2,0,-0.1,False,0.0,0.9,0.35187461000000003,0.31041492200000015,0.2681253900000001,0.30958507799999996,-0.3141917099999999,0.34910189999999985
cc7d03a3a03a3325,0,faa,138,1,0,-0.1,False,0.0,0.9,0.33725798100000015,0.2243451473100002,0.12074201900000003,0.23365485269,-0.24620072309999994,0.34910189999999985
cc7d03a3a03a3325,0,faa,139,0,1,-0.1,False,0.0,0.9,0.3464436410000002,0.30987182510000016,0.2735563589999999,0.31012817489999994,-0.3141917099999999,0.34910189999999985
cc7d03a3a03a3325,0,faa,140,1,0,-0.1,False,0.0,0.9,0.2243451473100002,0.20286102644100013,0.23365485269,0.25513897355900006,-0.2575260981,0.34910189999999985
cc7d03a3a03a3325,0,faa,141,0,0,-0.1,False,0.0,0.9,0.33385989100000013,0.2138125008100001,0.12414010900000005,0.24418749919000007,-0.2575260981,0.34910189999999985
cc7d03a3a03a3325,0,faa,142,0,1,-0.1,False,-0.0,0.9,0.30987182510000016,0.30621464351000016,0.31012817489999994,0.31378535648999994,-0.3141917099999999,0.34910189999999985
cc7d03a3a03a3325,0,faa,143,1,1,-0.1,False,-0.0,0.9,0.4508981000000002,0.7650898100000001,0.34910189999999985,0.03491018999999995,0.0,0.31378535648999994
cc7d03a3a03a3325,0,faa,144,2,1,1.0,True,-0.0,0.9,1.0,1.0,0.0,0.0,0.0,0.31378535648999994
cc7d03a3a03a3325,0,faa,145,2,0,-0.1,False,0.0,0.9,0.31041492200000015,0.5607642383000001,0.30958507799999996,0.0592357617,-0.03141917099999996,0.31378535648999994
cc7d03a3a03a3325,0,faa,146,1,1,-0.1,False,-0.0,0.9,0.7650898100000001,0.7965089810000001,0.03491018999999995,0.0034910189999999286,0.0,0.31378535648999994
cc7d03a3a03a3325,0,faa,147,2,1,1.0,True,-0.0,0.9,1.0,1.0,0.0,0.0,0.0,0.31378535648999994
cc7d03a3a03a3325,0,faa,148,2,1,1.0,True,-0.0,0.9,1.0,1.0,0.0,0.0,0.0,0.31378535648999994
cc7d03a3a03a3325,0,faa,149,2,0,-0.1,False,0.0,0.9,0.5607642383000001,0.6112486984400001,0.0592357617,0.008751301560000035,-0.003141917099999936,0.31378535648999994
cc7d03a3a03a3325,0,faa,150,1,1,-0.1,False,-0.0,0.9,0.7965089810000001,0.7996508981000001,0.0034910189999999286,0.00034910189999992625,0.0,0.31378535648999994
cc7d03a3a03a3325,0,faa,151,2,0,-0.1,False,0.0,0.9,0.6112486984400001,0.6188420973050002,0.008751301560000035,0.001157902694999935,-0.00031419170999993364,0.31378535648999994
cc7d03a3a03a3325,0,faa,152,1,1,-0.1,False,-0.0,0.9,0.7996508981000001,0.7999650898100001,0.00034910189999992625,3.491018999990381e-05,0.0,0.31378535648999994
cc7d03a3a03a3325,0,faa,153,2,1,1.0,True,-0.0,0.9,1.0,1.0,0.0,0.0,0.0,0.31378535648999994
cc7d03a3a03a3325,0,faa,154,2,1,1.0,True,-0.0,0.9,1.0,1.0,0.0,0.0,0.0,0.31378535648999994
cc7d03a3a03a3325,0,faa,155,2,1,1.0,True,-0.0,0.9,1.0,1.0,0.0,0.0,0.0,0.31378535648999994
cc7d03a3a03a3325,0,faa,156,2,1,1.0,True,-0.0,0.9,1.0,1.0,0.0,0.0,0.0,0.31378535648999994
cc7d03a3a03a3325,0,faa,157,2,1,1.0,True,-0.0,0.9,1.0,1.0,0.0,0.0,0.0,0.31378535648999994
cc7d03a3a03a3325,0,faa,158,2,1,1.0,True,-0.0,0.9,1.0,1.0,0.0,0.0,0.0,0.31378535648999994
cc7d03a3a03a3325,0,faa,159,2,1,1.0,True,-0.0,0.9,1.0,1.0,0.0,0.0,0.0,0.31378535648999994
cc7d03a3a03a3325,0,faa,160,2,1,1.0,True,-0.0,0.9,1.0,1.0,0.0,0.0,0.0,0.31378535648999994
cc7d03a3a03a3325,0,faa,161,2,1,1.0,True,-0.0,0.9,1.0,1.0,0.0,0.0,0.0,0.31378535648999994
cc7d03a3a03a3325,0,faa,162,2,0,-0.1,False,0.0,0.9,0.6188420973050002,0.6198559324766002,0.001157902694999935,0.00014406752339990447,-3.1419170999913426e-05,0.31378535648999994
cc7d03a3a03a3325,0,faa,163,1,1,-0.1,False,-0.0,0.9,0.7999650898100001,0.799996508981,3.491018999990381e-05,3.4910189999903807e-06,0.0,0.31378535648999994
cc7d03a3a03a3325,0,faa,164,2,1,1.0,True,-0.0,0.9,1.0,1.0,0.0,0.0,0.0,0.31378535648999994
cc7d03a3a03a3325,0,faa,165,2,1,1.0,True,-0.0,0.9,1.0,1.0,0.0,0.0,0.0,0.31378535648999994
cc7d03a3a03a3325,0,faa,166,2,0,-0.1,False,0.0,0.9,0.6198559324766002,0.61998276552227,0.00014406752339990447,1.723447773005482e-05,-3.1419170999913426e-06,0.31378535648999994
cc7d03a3a03a3325,0,faa,167,1,1,-0.1,False,-0.0,0.9,0.799996508981,0.7999996508981001,3.4910189999903807e-06,3.491018999435269e-07,0.0,0.31378535648999994
cc7d03a3a03a3325,0,faa,168,2,1,1.0,True,-0.0,0.9,1.0,1.0,0.0,0.0,0.0,0.31378535648999994
cc7d03a3a03a3325,0,faa,169,2,1,1.0,True,-0.0,0.9,1.0,1.0,0.0,0.0,0.0,0.31378535648999994
cc7d03a3a03a3325,0,faa,170,2,1,1.0,True,-0.0,0.9,1.0,1.0,0.0,0.0,0.0,0.31378535648999994
cc7d03a3a03a3325,0,faa,171,2,1,1.0,True,-0.0,0.9,1.0,1.0,0.0,0.0,0.0,0.31378535648999994
cc7d03a3a03a3325,0,faa,172,2,1,1.0,True,-0.0,0.9,1.0,1.0,0.0,0.0,0.0,0.31378535648999994
cc7d03a3a03a3325,0,faa,173,2,1,1.0,True,-0.0,0.9,1.0,1.0,0.0,0.0,0.0,0.31378535648999994
cc7d03a3a03a3325,0,faa,174,2,1,1.0,True,-0.0,0.9,1.0,1.0,0.0,0.0,0.0,0.31378535648999994
cc7d03a3a03a3325,0,faa,175,2,0,-0.1,False,0.0,0.9,0.61998276552227,0.6199979937796881,1.723447773005482e-05,2.006220311989715e-06,-3.1419170994917426e-07,0.31378535648999994
cc7d03a3a03a3325,0,faa,176,1,1,-0.1,False,-0.0,0.9,0.7999996508981001,0.7999999650898101,3.491018999435269e-07,3.4910189961046e-08,0.0,0.31378535648999994
cc7d03a3a03a3325,0,faa,177,2,1,1.0,True,-0.0,0.9,1.0,1.0,0.0,0.0,0.0,0.31378535648999994
cc7d03a3a03a3325,0,faa,178,2,0,-0.1,False,0.0,0.9,0.6199979937796881,0.619999771100715,2.006220311989715e-06,2.2889928508185164e-07,-3.14191709649414e-08,0.31378535648999994
cc7d03a3a03a3325,0,faa,179,1,1,-0.1,False,-0.0,0.9,0.7999999650898101,0.799999996508981,3.4910189961046e-08,3.491019029411291e-09,0.0,0.31378535648999994
cc7d03a3a03a3325,0,faa,180,2,0,-0.1,False,0.0,0.9,0.619999771100715,0.6199999742823461,2.2889928508185164e-07,2.571765400638526e-08,-3.141917126470162e-09,0.31378535648999994
cc7d03a3a03a3325,0,faa,181,1,1,-0.1,False,-0.0,0.9,0.799999996508981,0.7999999996508982,3.491019029411291e-09,3.491018585322081e-10,0.0,0.31378535648999994
cc7d03a3a03a3325,0,faa,182,2,1,1.0,True,-0.0,0.9,1.0,1.0,0.0,0.0,0.0,0.31378535648999994
cc7d03a3a03a3325,0,faa,183,2,1,1.0,True,-0.0,0.9,1.0,1.0,0.0,0.0,0.0,0.31378535648999994
cc7d03a3a03a3325,0,faa,184,2,1,1.0,True,-0.0,0.9,1.0,1.0,0.0,0.0,0.0,0.31378535648999994
cc7d03a3a03a3325,0,faa,185,2,1,1.0,True,-0.0,0.9,1.0,1.0,0.0,0.0,0.0,0.31378535648999994
cc7d03a3a03a3325,0,faa,186,2,1,1.0,True,-0.0,0.9,1.0,1.0,0.0,0.0,0.0,0.31378535648999994
cc7d03a3a03a3325,0,faa,187,2,1,1.0,True,-0.0,0.9,1.0,1.0,0.0,0.0,0.0,0.31378535648999994
cc7d03a3a03a3325,0,faa,188,2,1,1.0,True,-0.0,0.9,1.0,1.0,0.0,0.0,0.0,0.31378535648999994
cc7d03a3a03a3325,0,faa,189,2,1,1.0,True,-0.0,0.9,1.0,1.0,0.0,0.0,0.0,0.31378535648999994
cc7d03a3a03a3325,0,faa,190,2,1,1.0,True,-0.0,0.9,1.0,1.0,0.0,0.0,0.0,0.31378535648999994
cc7d03a3a03a3325,0,faa,191,2,1,1.0,True,-0.0,0.9,1.0,1.0,0.0,0.0,0.0,0.31378535648999994
cc7d03a3a03a3325,0,faa,192,2,1,1.0,True,-0.0,0.9,1.0,1.0,0.0,0.0,0.0,0.31378535648999994
cc7d03a3a03a3325,0,faa,193,2,1,1.0,True,-0.0,0.9,1.0,1.0,0.0,0.0,0.0,0.31378535648999994
cc7d03a3a03a3325,0,faa,194,2,1,1.0,True,-0.0,0.9,1.0,1.0,0.0,0.0,0.0,0.31378535648999994
cc7d03a3a03a3325,0,faa,195,2,1,1.0,True,-0.0,0.9,1.0,1.0,0.0,0.0,0.0,0.31378535648999994
cc7d03a3a03a3325,0,faa,196,2,1,1.0,True,-0.0,0.9,1.0,1.0,0.0,0.0,0.0,0.31378535648999994
cc7d03a3a03a3325,0,faa,197,2,1,1.0,True,-0.0,0.9,1.0,1.0,0.0,0.0,0.0,0.31378535648999994
cc7d03a3a03a3325,0,faa,198,2,1,1.0,True,-0.0,0.9,1.0,1.0,0.0,0.0,0.0,0.31378535648999994
cc7d03a3a03a3325,0,faa,199,2,1,1.0,True,-0.0,0.9,1.0,1.0,0.0,0.0,0.0,0.31378535648999994
cc7d03a3a03a3325,0,faa,200,2,1,1.0,True,-0.0,0.9,1.0,1.0,0.0,0.0,0.0,0.31378535648999994
cc7d03a3a03a3325,0,faa,201,2,0,-0.1,False,0.0,0.9,0.6199999742823461,0.6199999971454622,2.571765400638526e-08,2.8545379393563053e-09,-3.141916726789873e-10,0.31378535648999994
cc7d03a3a03a3325,0,faa,202,1,1,-0.1,False,-0.0,0.9,0.7999999996508982,0.7999999999650899,3.491018585322081e-10,3.491018585322081e-11,0.0,0.31378535648999994
cc7d03a3a03a3325,0,faa,203,2,1,1.0,True,-0.0,0.9,1.0,1.0,0.0,0.0,0.0,0.31378535648999994
cc7d03a3a03a3325,0,faa,204,2,1,1.0,True,-0.0,0.9,1.0,1.0,0.0,0.0,0.0,0.31378535648999994
cc7d03a3a03a3325,0,faa,205,2,1,1.0,True,-0.0,0.9,1.0,1.0,0.0,0.0,0.0,0.31378535648999994
cc7d03a3a03a3325,0,faa,206,2,1,1.0,True,-0.0,0.9,1.0,1.0,0.0,0.0,0.0,0.31378535648999994
cc7d03a3a03a3325,0,faa,207,2,1,1.0,True,-0.0,0.9,1.0,1.0,0.0,0.0,0.0,0.31378535648999994
cc7d03a3a03a3325,0,faa,208,2,1,1.0,True,-0.0,0.9,1.0,1.0,0.0,0.0,0.0,0.31378535648999994
cc7d03a3a03a3325,0,faa,209,2,1,1.0,True,-0.0,0.9,1.0,1.0,0.0,0.0,0.0,0.31378535648999994
cc7d03a3a03a3325,0,faa,210,2,1,1.0,True,-0.0,0.9,1.0,1.0,0.0,0.0,0.0,0.31378535648999994
cc7d03a3a03a3325,0,faa,211,2,0,-0.1,False,0.0,0.9,0.6199999971454622,0.619999999686269,2.8545379393563053e-09,3.1373115216837277e-10,-3.141916726789873e-11,0.31378535648999994
cc7d03a3a03a3325,0,faa,212,1,1,-0.1,False,-0.0,0.9,0.7999999999650899,0.7999999999965091,3.491018585322081e-11,3.4909852786313422e-12,0.0,0.31378535648999994
cc7d03a3a03a3325,0,faa,213,2,1,1.0,True,-0.0,0.9,1.0,1.0,0.0,0.0,0.0,0.31378535648999994
cc7d03a3a03a3325,0,faa,214,2,1,1.0,True,-0.0,0.9,1.0,1.0,0.0,0.0,0.0,0.31378535648999994
cc7d03a3a03a3325,0,faa,215,2,1,1.0,True,-0.0,0.9,1.0,1.0,0.0,0.0,0.0,0.31378535648999994
cc7d03a3a03a3325,0,faa,216,2,1,1.0,True,-0.0,0.9,1.0,1.0,0.0,0.0,0.0,0.31378535648999994
cc7d03a3a03a3325,0,faa,217,2,1,1.0,True,-0.0,0.9,1.0,1.0,0.0,0.0,0.0,0.31378535648999994
cc7d03a3a03a3325,0,faa,218,2,0,-0.1,False,0.0,0.9,0.619999999686269,0.6199999999657994,3.1373115216837277e-10,3.4200753340485335e-11,-3.1418867507682082e-12,0.31378535648999994
cc7d03a3a03a3325,0,faa,219,1,1,-0.1,False,-0.0,0.9,0.7999999999965091,0.799999999999651,3.4909852786313422e-12,3.490541189421492e-13,0.0,0.31378535648999994
cc7d03a3a03a3325,0,faa,220,2,1,1.0,True,-0.0,0.9,1.0,1.0,0.0,0.0,0.0,0.31378535648999994
cc7d03a3a03a3325,0,faa,221,2,0,-0.1,False,0.0,0.9,0.6199999999657994,0.6199999999962973,3.4200753340485335e-11,3.702815831729822e-12,-3.141487070479343e-13,0.31378535648999994
cc7d03a3a03a3325,0,faa,222,1,1,-0.1,False,-0.0,0.9,0.799999999999651,0.7999999999999652,3.490541189421492e-13,3.4861002973229915e-14,0.0,0.31378535648999994
cc7d03a3a03a3325,0,faa,223,2,1,1.0,True,-0.0,0.9,1.0,1.0,0.0,0.0,0.0,0.31378535648999994
cc7d03a3a03a3325,0,faa,224,2,1,1.0,True,-0.0,0.9,1.0,1.0,0.0,0.0,0.0,0.31378535648999994
cc7d03a3a03a3325,0,faa,225,2,1,1.0,True,-0.0,0.9,1.0,1.0,0.0,0.0,0.0,0.31378535648999994
cc7d03a3a03a3325,0,faa,226,2,1,1.0,True,-0.0,0.9,1.0,1.0,0.0,0.0,0.0,0.31378535648999994
cc7d03a3a03a3325,0,faa,227,2,1,1.0,True,-0.0,0.9,1.0,1.0,0.0,0.0,0.0,0.31378535648999994
cc7d03a3a03a3325,0,faa,228,2,1,1.0,True,-0.0,0.9,1.0,1.0,0.0,0.0,0.0,0.31378535648999994
cc7d03a3a03a3325,0,faa,229,2,1,1.0,True,-0.0,0.9,1.0,1.0,0.0,0.0,0.0,0.31378535648999994
cc7d03a3a03a3325,0,faa,230,2,1,1.0,True,-0.0,0.9,1.0,1.0,0.0,0.0,0.0,0.31378535648999994
cc7d03a3a03a3325,0,faa,231,2,0,-0.1,False,0.0,0.9,0.6199999999962973,0.6199999999996015,3.702815831729822e-12,3.985700658404312e-13,-3.1374902675906926e-14,0.31378535648999994
cc7d03a3a03a3325,0,faa,232,1,1,-0.1,False,-0.0,0.9,0.7999999999999652,0.7999999999999966,3.4861002973229915e-14,3.4416913763379853e-15,0.0,0.31378535648999994
cc7d03a3a03a3325,0,faa,233,2,1,1.0,True,-0.0,0.9,1.0,1.0,0.0,0.0,0.0,0.31378535648999994
cc7d03a3a03a3325,0,faa,234,2,1,1.0,True,-0.0,0.9,1.0,1.0,0.0,0.0,0.0,0.31378535648999994
cc7d03a3a03a3325,0,faa,235,2,1,1.0,True,-0.0,0.9,1.0,1.0,0.0,0.0,0.0,0.31378535648999994
cc7d03a3a03a3325,0,faa,236,2,1,1.0,True,-0.0,0.9,1.0,1.0,0.0,0.0,0.0,0.31378535648999994
cc7d03a3a03a3325,0,faa,237,2,1,1.0,True,-0.0,0.9,1.0,1.0,0.0,0.0,0.0,0.31378535648999994
cc7d03a3a03a3325,0,faa,238,2,1,1.0,True,-0.0,0.9,1.0,1.0,0.0,0.0,0.0,0.31378535648999994
cc7d03a3a03a3325,0,faa,239,2,1,1.0,True,-0.0,0.9,1.0,1.0,0.0,0.0,0.0,0.31378535648999994
cc7d03a3a03a3325,0,faa,240,2,1,1.0,True,-0.0,0.9,1.0,1.0,0.0,0.0,0.0,0.31378535648999994
cc7d03a3a03a3325,0,faa,241,2,1,1.0,True,-0.0,0.9,1.0,1.0,0.0,0.0,0.0,0.31378535648999994
cc7d03a3a03a3325,0,faa,242,2,1,1.0,True,-0.0,0.9,1.0,1.0,0.0,0.0,0.0,0.31378535648999994
cc7d03a3a03a3325,0,faa,243,2,1,1.0,True,-0.0,0.9,1.0,1.0,0.0,0.0,0.0,0.31378535648999994
cc7d03a3a03a3325,0,faa,244,2,1,1.0,True,-0.0,0.9,1.0,1.0,0.0,0.0,0.0,0.31378535648999994
cc7d03a3a03a3325,0,faa,245,2,1,1.0,True,-0.0,0.9,1.0,1.0,0.0,0.0,0.0,0.31378535648999994
cc7d03a3a03a3325,0,faa,246,2,1,1.0,True,-0.0,0.9,1.0,1.0,0.0,0.0,0.0,0.31378535648999994
cc7d03a3a03a3325,0,faa,247,2,1,1.0,True,-0.0,0.9,1.0,1.0,0.0,0.0,0.0,0.31378535648999994
cc7d03a3a03a3325,0,faa,248,2,1,1.0,True,-0.0,0.9,1.0,1.0,0.0,0.0,0.0,0.31378535648999994
cc7d03a3a03a3325,0,faa,249,2,1,1.0,True,-0.0,0.9,1.0,1.0,0.0,0.0,0.0,0.31378535648999994
cc7d03a3a03a3325,0,faa,250,2,1,1.0,True,-0.0,0.9,1.0,1.0,0.0,0.0,0.0,0.31378535648999994
cc7d03a3a03a3325,0,faa,251,2,1,1.0,True,-0.0,0.9,1.0,1.0,0.0,0.0,0.0,0.31378535648999994
cc7d03a3a03a3325,0,faa,252,2,1,1.0,True,-0.0,0.9,1.0,1.0,0.0,0.0,0.0,0.31378535648999994
cc7d03a3a03a3325,0,faa,253,2,1,1.0,True,-0.0,0.9,1.0,1.0,0.0,0.0,0.0,0.31378535648999994
cc7d03a3a03a3325,0,faa,254,2,1,1.0,True,-0.0,0.9,1.0,1.0,0.0,0.0,0.0,0.31378535648999994
cc7d03a3a03a3325,0,faa,255,2,1,1.0,True,-0.0,0.9,1.0,1.0,0.0,0.0,0.0,0.31378535648999994
cc7d03a3a03a3325,0,faa,256,2,1,1.0,True,-0.0,0.9,1.0,1.0,0.0,0.0,0.0,0.31378535648999994
cc7d03a3a03a3325,0,faa,257,2,1,1.0,True,-0.0,0.9,1.0,1.0,0.0,0.0,0.0,0.31378535648999994
cc7d03a3a03a3325,0,faa,258,2,0,-0.1,False,0.0,0.9,0.6199999999996015,0.6199999999999575,3.985700658404312e-13,4.263256414560601e-14,-3.097522238704187e-15,0.31378535648999994
cc7d03a3a03a3325,0,faa,259,1,1,-0.1,False,-0.0,0.9,0.7999999999999966,0.7999999999999997,3.4416913763379853e-15,3.3306690738754696e-16,0.0,0.31378535648999994
cc7d03a3a03a3325,0,faa,260,2,1,1.0,True,-0.0,0.9,1.0,1.0,0.0,0.0,0.0,0.31378535648999994
cc7d03a3a03a3325,0,faa,261,2,1,1.0,True,-0.0,0.9,1.0,1.0,0.0,0.0,0.0,0.31378535648999994
cc7d03a3a03a3325,0,faa,262,2,1,1.0,True,-0.0,0.9,1.0,1.0,0.0,0.0,0.0,0.31378535648999994
cc7d03a3a03a3325,0,faa,263,2,1,1.0,True,-0.0,0.9,1.0,1.0,0.0,0.0,0.0,0.31378535648999994
cc7d03a3a03a3325,0,faa,264,2,1,1.0,True,-0.0,0.9,1.0,1.0,0.0,0.0,0.0,0.31378535648999994
cc7d03a3a03a3325,0,faa,265,2,1,1.0,True,-0.0,0.9,1.0,1.0,0.0,0.0,0.0,0.31378535648999994
cc7d03a3a03a3325,0,faa,266,2,1,1.0,True,-0.0,0.9,1.0,1.0,0.0,0.0,0.0,0.31378535648999994
cc7d03a3a03a3325,0,faa,267,2,0,-0.1,False,0.0,0.9,0.6199999999999575,0.6199999999999956,4.263256414560601e-14,4.551914400963142e-15,-2.997602166487923e-16,0.31378535648999994
cc7d03a3a03a3325,0,faa,268,1,1,-0.1,False,-0.0,0.9,0.7999999999999997,0.8,3.3306690738754696e-16,0.0,0.0,0.31378535648999994
cc7d03a3a03a3325,0,faa,269,2,1,1.0,True,-0.0,0.9,1.0,1.0,0.0,0.0,0.0,0.31378535648999994
cc7d03a3a03a3325,0,faa,270,2,1,1.0,True,-0.0,0.9,1.0,1.0,0.0,0.0,0.0,0.31378535648999994
cc7d03a3a03a3325,0,faa,271,2,1,1.0,True,-0.0,0.9,1.0,1.0,0.0,0.0,0.0,0.31378535648999994
cc7d03a3a03a3325,0,faa,272,2,1,1.0,True,-0.0,0.9,1.0,1.0,0.0,0.0,0.0,0.31378535648999994
cc7d03a3a03a3325,0,faa,273,2,1,1.0,True,-0.0,0.9,1.0,1.0,0.0,0.0,0.0,0.31378535648999994
cc7d03a3a03a3325,0,faa,274,2,1,1.0,True,-0.0,0.9,1.0,1.0,0.0,0.0,0.0,0.31378535648999994
cc7d03a3a03a3325,0,faa,275,2,1,1.0,True,-0.0,0.9,1.0,1.0,0.0,0.0,0.0,0.31378535648999994
cc7d03a3a03a3325,0,faa,276,2,1,1.0,True,-0.0,0.9,1.0,1.0,0.0,0.0,0.0,0.31378535648999994
cc7d03a3a03a3325,0,faa,277,2,1,1.0,True,-0.0,0.9,1.0,1.0,0.0,0.0,0.0,0.31378535648999994
cc7d03a3a03a3325,0,faa,278,2,1,1.0,True,-0.0,0.9,1.0,1.0,0.0,0.0,0.0,0.31378535648999994
cc7d03a3a03a3325,0,faa,279,2,1,1.0,True,-0.0,0.9,1.0,1.0,0.0,0.0,0.0,0.31378535648999994
cc7d03a3a03a3325,0,faa,280,2,1,1.0,True,-0.0,0.9,1.0,1.0,0.0,0.0,0.0,0.31378535648999994
cc7d03a3a03a3325,0,faa,281,2,1,1.0,True,-0.0,0.9,1.0,1.0,0.0,0.0,0.0,0.31378535648999994
cc7d03a3a03a3325,0,faa,282,2,1,1.0,True,-0.0,0.9,1.0,1.0,0.0,0.0,0.0,0.31378535648999994
cc7d03a3a03a3325,0,faa,283,2,1,1.0,True,-0.0,0.9,1.0,1.0,0.0,0.0,0.0,0.31378535648999994
cc7d03a3a03a3325,0,faa,284,2,1,1.0,True,-0.0,0.9,1.0,1.0,0.0,0.0,0.0,0.31378535648999994
cc7d03a3a03a3325,0,faa,285,2,1,1.0,True,-0.0,0.9,1.0,1.0,0.0,0.0,0.0,0.31378535648999994
cc7d03a3a03a3325,0,faa,286,2,1,1.0,True,-0.0,0.9,1.0,1.0,0.0,0.0,0.0,0.31378535648999994
cc7d03a3a03a3325,0,faa,287,2,1,1.0,True,-0.0,0.9,1.0,1.0,0.0,0.0,0.0,0.31378535648999994
cc7d03a3a03a3325,0,faa,288,2,0,-0.1,False,0.0,0.9,0.6199999999999956,0.6199999999999997,4.551914400963142e-15,4.440892098500626e-16,0.0,0.31378535648999994
cc7d03a3a03a3325,0,faa,289,1,1,-0.1,False,-0.0,0.9,0.8,0.8,0.0,0.0,0.0,0.31378535648999994
cc7d03a3a03a3325,0,faa,290,2,0,-0.1,False,0.0,0.9,0.6199999999999997,0.6200000000000001,4.440892098500626e-16,0.0,0.0,0.31378535648999994
cc7d03a3a03a3325,0,faa,291,1,1,-0.1,False,-0.0,0.9,0.8,0.8,0.0,0.0,0.0,0.31378535648999994
cc7d03a3a03a3325,0,faa,292,2,0,-0.1,False,0.0,0.9,0.6200000000000001,0.6200000000000001,0.0,0.0,0.0,0.31378535648999994
cc7d03a3a03a3325,0,faa,293,1,1,-0.1,False,-0.0,0.9,0.8,0.8,0.0,0.0,0.0,0.31378535648999994
cc7d03a3a03a3325,0,faa,294,2,1,1.0,True,-0.0,0.9,1.0,1.0,0.0,0.0,0.0,0.31378535648999994
cc7d03a3a03a3325,0,faa,295,2,0,-0.1,False,0.0,0.9,0.6200000000000001,0.6200000000000001,0.0,0.0,0.0,0.31378535648999994
cc7d03a3a03a3325,0,faa,296,1,1,-0.1,False,-0.0,0.9,0.8,0.8,0.0,0.0,0.0,0.31378535648999994
cc7d03a3a03a3325,0,faa,297,2,1,1.0,True,-0.0,0.9,1.0,1.0,0.0,0.0,0.0,0.31378535648999994
cc7d03a3a03a3325,0,faa,298,2,1,1.0,True,-0.0,0.9,1.0,1.0,0.0,0.0,0.0,0.31378535648999994
cc7d03a3a03a3325,0,faa,299,2,1,1.0,True,-0.0,0.9,1.0,1.0,0.0,0.0,0.0,0.31378535648999994
cc7d03a3a03a3325,0,faa,300,2,1,1.0,True,-0.0,0.9,1.0,1.0,0.0,0.0,0.0,0.31378535648999994
cc7d03a3a03a3325,0,faa,301,2,1,1.0,True,-0.0,0.9,1.0,1.0,0.0,0.0,0.0,0.31378535648999994
cc7d03a3a03a3325,0,faa,302,2,1,1.0,True,-0.0,0.9,1.0,1.0,0.0,0.0,0.0,0.31378535648999994
cc7d03a3a03a3325,0,faa,303,2,1,1.0,True,-0.0,0.9,1.0,1.0,0.0,0.0,0.0,0.31378535648999994
cc7d03a3a03a3325,0,faa,304,2,1,1.0,True,-0.0,0.9,1.0,1.0,0.0,0.0,0.0,0.31378535648999994
cc7d03a3a03a3325,0,faa,305,2,0,-0.1,False,0.0,0.9,0.6200000000000001,0.6200000000000001,0.0,0.0,0.0,0.31378535648999994
cc7d03a3a03a3325,0,faa,306,1,1,-0.1,False,-0.0,0.9,0.8,0.8,0.0,0.0,0.0,0.31378535648999994
cc7d03a3a03a3325,0,faa,307,2,1,1.0,True,-0.0,0.9,1.0,1.0,0.0,0.0,0.0,0.31378535648999994
cc7d03a3a03a3325,0,faa,308,2,0,-0.1,False,0.0,0.9,0.6200000000000001,0.6200000000000001,0.0,0.0,0.0,0.31378535648999994
cc7d03a3a03a3325,0,faa,309,1,1,-0.1,False,-0.0,0.9,0.8,0.8,0.0,0.0,0.0,0.31378535648999994
cc7d03a3a03a3325,0,faa,310,2,1,1.0,True,-0.0,0.9,1.0,1.0,0.0,0.0,0.0,0.31378535648999994
cc7d03a3a03a3325,0,faa,311,2,1,1.0,True,-0.0,0.9,1.0,1.0,0.0,0.0,0.0,0.31378535648999994
cc7d03a3a03a3325,0,faa,312,2,0,-0.1,False,0.0,0.9,0.6200000000000001,0.6200000000000001,0.0,0.0,0.0,0.31378535648999994
cc7d03a3a03a3325,0,faa,313,1,1,-0.1,False,-0.0,0.9,0.8,0.8,0.0,0.0,0.0,0.31378535648999994
cc7d03a3a03a3325,0,faa,314,2,1,1.0,True,-0.0,0.9,1.0,1.0,0.0,0.0,0.0,0.31378535648999994
cc7d03a3a03a3325,0,faa,315,2,1,1.0,True,-0.0,0.9,1.0,1.0,0.0,0.0,0.0,0.31378535648999994
cc7d03a3a03a3325,0,faa,316,2,1,1.0,True,-0.0,0.9,1.0,1.0,0.0,0.0,0.0,0.31378535648999994
cc7d03a3a03a3325,0,faa,317,2,1,1.0,True,-0.0,0.9,1.0,1.0,0.0,0.0,0.0,0.31378535648999994
cc7d03a3a03a3325,0,faa,318,2,1,1.0,True,-0.0,0.9,1.0,1.0,0.0,0.0,0.0,0.31378535648999994
cc7d03a3a03a3325,0,faa,319,2,1,1.0,True,-0.0,0.9,1.0,1.0,0.0,0.0,0.0,0.31378535648999994
cc7d03a3a03a3325,0,faa,320,2,1,1.0,True,-0.0,0.9,1.0,1.0,0.0,0.0,0.0,0.31378535648999994
cc7d03a3a03a3325,0,faa,321,2,1,1.0,True,-0.0,0.9,1.0,1.0,0.0,0.0,0.0,0.31378535648999994
cc7d03a3a03a3325,0,faa,322,2,1,1.0,True,-0.0,0.9,1.0,1.0,0.0,0.0,0.0,0.31378535648999994
cc7d03a3a03a3325,0,faa,323,2,1,1.0,True,-0.0,0.9,1.0,1.0,0.0,0.0,0.0,0.31378535648999994
cc7d03a3a03a3325,0,faa,324,2,1,1.0,True,-0.0,0.9,1.0,1.0,0.0,0.0,0.0,0.31378535648999994
cc7d03a3a03a3325,0,faa,325,2,1,1.0,True,-0.0,0.9,1.0,1.0,0.0,0.0,0.0,0.31378535648999994
cc7d03a3a03a3325,0,faa,326,2,1,1.0,True,-0.0,0.9,1.0,1.0,0.0,0.0,0.0,0.31378535648999994
cc7d03a3a03a3325,0,faa,327,2,1,1.0,True,-0.0,0.9,1.0,1.0,0.0,0.0,0.0,0.31378535648999994
cc7d03a3a03a3325,0,faa,328,2,0,-0.1,False,0.0,0.9,0.6200000000000001,0.6200000000000001,0.0,0.0,0.0,0.31378535648999994
cc7d03a3a03a3325,0,faa,329,1,1,-0.1,False,-0.0,0.9,0.8,0.8,0.0,0.0,0.0,0.31378535648999994
cc7d03a3a03a3325,0,faa,330,2,1,1.0,True,-0.0,0.9,1.0,1.0,0.0,0.0,0.0,0.31378535648999994
cc7d03a3a03a3325,0,faa,331,2,1,1.0,True,-0.0,0.9,1.0,1.0,0.0,0.0,0.0,0.31378535648999994
cc7d03a3a03a3325,0,faa,332,2,1,1.0,True,-0.0,0.9,1.0,1.0,0.0,0.0,0.0,0.31378535648999994
cc7d03a3a03a3325,0,faa,333,2,1,1.0,True,-0.0,0.9,1.0,1.0,0.0,0.0,0.0,0.31378535648999994
cc7d03a3a03a3325,0,faa,334,2,1,1.0,True,-0.0,0.9,1.0,1.0,0.0,0.0,0.0,0.31378535648999994
cc7d03a3a03a3325,0,faa,335,2,1,1.0,True,-0.0,0.9,1.0,1.0,0.0,0.0,0.0,0.31378535648999994
cc7d03a3a03a3325,0,faa,336,2,1,1.0,True,-0.0,0.9,1.0,1.0,0.0,0.0,0.0,0.31378535648999994
cc7d03a3a03a3325,0,faa,337,2,1,1.0,True,-0.0,0.9,1.0,1.0,0.0,0.0,0.0,0.31378535648999994
cc7d03a3a03a3325,0,faa,338,2,1,1.0,True,-0.0,0.9,1.0,1.0,0.0,0.0,0.0,0.31378535648999994
cc7d03a3a03a3325,0,faa,339,2,1,1.0,True,-0.0,0.9,1.0,1.0,0.0,0.0,0.0,0.31378535648999994
cc7d03a3a03a3325,0,faa,340,2,1,1.0,True,-0.0,0.9,1.0,1.0,0.0,0.0,0.0,0.31378535648999994
cc7d03a3a03a3325,0,faa,341,2,1,1.0,True,-0.0,0.9,1.0,1.0,0.0,0.0,0.0,0.31378535648999994
cc7d03a3a03a3325,0,faa,342,2,1,1.0,True,-0.0,0.9,1.0,1.0,0.0,0.0,0.0,0.31378535648999994
cc7d03a3a03a3325,0,faa,343,2,1,1.0,True,-0.0,0.9,1.0,1.0,0.0,0.0,0.0,0.31378535648999994
cc7d03a3a03a3325,0,faa,344,2,1,1.0,True,-0.0,0.9,1.0,1.0,0.0,0.0,0.0,0.31378535648999994
cc7d03a3a03a3325,0,faa,345,2,1,1.0,True,-0.0,0.9,1.0,1.0,0.0,0.0,0.0,0.31378535648999994
cc7d03a3a03a3325,0,faa,346,2,1,1.0,True,-0.0,0.9,1.0,1.0,0.0,0.0,0.0,0.31378535648999994
cc7d03a3a03a3325,0,faa,347,2,1,1.0,True,-0.0,0.9,1.0,1.0,0.0,0.0,0.0,0.31378535648999994
cc7d03a3a03a3325,0,faa,348,2,1,1.0,True,-0.0,0.9,1.0,1.0,0.0,0.0,0.0,0.31378535648999994
cc7d03a3a03a3325,0,faa,349,2,1,1.0,True,-0.0,0.9,1.0,1.0,0.0,0.0,0.0,0.31378535648999994
cc7d03a3a03a3325,0,faa,350,2,1,1.0,True,-0.0,0.9,1.0,1.0,0.0,0.0,0.0,0.31378535648999994
cc7d03a3a03a3325,0,faa,351,2,1,1.0,True,-0.0,0.9,1.0,1.0,0.0,0.0,0.0,0.31378535648999994
cc7d03a3a03a3325,0,faa,352,2,1,1.0,True,-0.0,0.9,1.0,1.0,0.0,0.0,0.0,0.31378535648999994
cc7d03a3a03a3325,0,faa,353,2,1,1.0,True,-0.0,0.9,1.0,1.0,0.0,0.0,0.0,0.31378535648999994
cc7d03a3a03a3325,0,faa,354,2,1,1.0,True,-0.0,0.9,1.0,1.0,0.0,0.0,0.0,0.31378535648999994
cc7d03a3a03a3325,0,faa,355,2,1,1.0,True,-0.0,0.9,1.0,1.0,0.0,0.0,0.0,0.31378535648999994
cc7d03a3a03a3325,0,faa,356,2,1,1.0,True,-0.0,0.9,1.0,1.0,0.0,0.0,0.0,0.31378535648999994
cc7d03a3a03a3325,0,faa,357,2,1,1.0,True,-0.0,0.9,1.0,1.0,0.0,0.0,0.0,0.31378535648999994
cc7d03a3a03a3325,0,faa,358,2,0,-0.1,False,0.0,0.9,0.6200000000000001,0.6200000000000001,0.0,0.0,0.0,0.31378535648999994
cc7d03a3a03a3325,0,faa,359,1,1,-0.1,False,-0.0,0.9,0.8,0.8,0.0,0.0,0.0,0.31378535648999994
cc7d03a3a03a3325,0,faa,360,2,1,1.0,True,-0.0,0.9,1.0,1.0,0.0,0.0,0.0,0.31378535648999994
cc7d03a3a03a3325,0,faa,361,2,1,1.0,True,-0.0,0.9,1.0,1.0,0.0,0.0,0.0,0.31378535648999994
cc7d03a3a03a3325,0,faa,362,2,1,1.0,True,-0.0,0.9,1.0,1.0,0.0,0.0,0.0,0.31378535648999994
cc7d03a3a03a3325,0,faa,363,2,1,1.0,True,-0.0,0.9,1.0,1.0,0.0,0.0,0.0,0.31378535648999994
cc7d03a3a03a3325,0,faa,364,2,1,1.0,True,-0.0,0.9,1.0,1.0,0.0,0.0,0.0,0.31378535648999994
cc7d03a3a03a3325,0,faa,365,2,1,1.0,True,-0.0,0.9,1.0,1.0,0.0,0.0,0.0,0.31378535648999994
cc7d03a3a03a3325,0,faa,366,2,1,1.0,True,-0.0,0.9,1.0,1.0,0.0,0.0,0.0,0.31378535648999994
cc7d03a3a03a3325,0,faa,367,2,1,1.0,True,-0.0,0.9,1.0,1.0,0.0,0.0,0.0,0.31378535648999994
cc7d03a3a03a3325,0,faa,368,2,1,1.0,True,-0.0,0.9,1.0,1.0,0.0,0.0,0.0,0.31378535648999994
cc7d03a3a03a3325,0,faa,369,2,1,1.0,True,-0.0,0.9,1.0,1.0,0.0,0.0,0.0,0.31378535648999994
cc7d03a3a03a3325,0,faa,370,2,1,1.0,True,-0.0,0.9,1.0,1.0,0.0,0.0,0.0,0.31378535648999994
cc7d03a3a03a3325,0,faa,371,2,1,1.0,True,-0.0,0.9,1.0,1.0,0.0,0.0,0.0,0.31378535648999994
cc7d03a3a03a3325,0,faa,372,2,1,1.0,True,-0.0,0.9,1.0,1.0,0.0,0.0,0.0,0.31378535648999994
cc7d03a3a03a3325,0,faa,373,2,1,1.0,True,-0.0,0.9,1.0,1.0,0.0,0.0,0.0,0.31378535648999994
cc7d03a3a03a3325,0,faa,374,2,0,-0.1,False,0.0,0.9,0.6200000000000001,0.6200000000000001,0.0,0.0,0.0,0.31378535648999994
cc7d03a3a03a3325,0,faa,375,1,1,-0.1,False,-0.0,0.9,0.8,0.8,0.0,0.0,0.0,0.31378535648999994
cc7d03a3a03a3325,0,faa,376,2,0,-0.1,False,0.0,0.9,0.6200000000000001,0.6200000000000001,0.0,0.0,0.0,0.31378535648999994
cc7d03a3a03a3325,0,faa,377,1,1,-0.1,False,-0.0,0.9,0.8,0.8,0.0,0.0,0.0,0.31378535648999994
cc7d03a3a03a3325,0,faa,378,2,1,1.0,True,-0.0,0.9,1.0,1.0,0.0,0.0,0.0,0.31378535648999994
cc7d03a3a03a3325,0,faa,379,2,1,1.0,True,-0.0,0.9,1.0,1.0,0.0,0.0,0.0,0.31378535648999994
cc7d03a3a03a3325,0,faa,380,2,1,1.0,True,-0.0,0.9,1.0,1.0,0.0,0.0,0.0,0.31378535648999994
cc7d03a3a03a3325,0,faa,381,2,1,1.0,True,-0.0,0.9,1.0,1.0,0.0,0.0,0.0,0.31378535648999994
cc7d03a3a03a3325,0,faa,382,2,1,1.0,True,-0.0,0.9,1.0,1.0,0.0,0.0,0.0,0.31378535648999994
cc7d03a3a03a3325,0,faa,383,2,1,1.0,True,-0.0,0.9,1.0,1.0,0.0,0.0,0.0,0.31378535648999994
cc7d03a3a03a3325,0,faa,384,2,1,1.0,True,-0.0,0.9,1.0,1.0,0.0,0.0,0.0,0.31378535648999994
cc7d03a3a03a3325,0,faa,385,2,0,-0.1,False,0.0,0.9,0.6200000000000001,0.6200000000000001,0.0,0.0,0.0,0.31378535648999994
cc7d03a3a03a3325,0,faa,386,1,1,-0.1,False,-0.0,0.9,0.8,0.8,0.0,0.0,0.0,0.31378535648999994
cc7d03a3a03a3325,0,faa,387,2,1,1.0,True,-0.0,0.9,1.0,1.0,0.0,0.0,0.0,0.31378535648999994
cc7d03a3a03a3325,0,faa,388,2,1,1.0,True,-0.0,0.9,1.0,1.0,0.0,0.0,0.0,0.31378535648999994
cc7d03a3a03a3325,0,faa,389,2,1,1.0,True,-0.0,0.9,1.0,1.0,0.0,0.0,0.0,0.31378535648999994
cc7d03a3a03a3325,0,faa,390,2,1,1.0,True,-0.0,0.9,1.0,1.0,0.0,0.0,0.0,0.31378535648999994
cc7d03a3a03a3325,0,faa,391,2,1,1.0,True,-0.0,0.9,1.0,1.0,0.0,0.0,0.0,0.31378535648999994
cc7d03a3a03a3325,0,faa,392,2,1,1.0,True,-0.0,0.9,1.0,1.0,0.0,0.0,0.0,0.31378535648999994
cc7d03a3a03a3325,0,faa,393,2,1,1.0,True,-0.0,0.9,1.0,1.0,0.0,0.0,0.0,0.31378535648999994
cc7d03a3a03a3325,0,faa,394,2,1,1.0,True,-0.0,0.9,1.0,1.0,0.0,0.0,0.0,0.31378535648999994
cc7d03a3a03a3325,0,faa,395,2,1,1.0,True,-0.0,0.9,1.0,1.0,0.0,0.0,0.0,0.31378535648999994
cc7d03a3a03a3325,0,faa,396,2,0,-0.1,False,0.0,0.9,0.6200000000000001,0.6200000000000001,0.0,0.0,0.0,0.31378535648999994
cc7d03a3a03a3325,0,faa,397,1,1,-0.1,False,-0.0,0.9,0.8,0.8,0.0,0.0,0.0,0.31378535648999994
cc7d03a3a03a3325,0,faa,398,2,1,1.0,True,-0.0,0.9,1.0,1.0,0.0,0.0,0.0,0.31378535648999994
cc7d03a3a03a3325,0,faa,399,2,1,1.0,True,-0.0,0.9,1.0,1.0,0.0,0.0,0.0,0.31378535648999994
cc7d03a3a03a3325,0,faa,400,2,1,1.0,True,-0.0,0.9,1.0,1.0,0.0,0.0,0.0,0.31378535648999994
cc7d03a3a03a3325,0,faa,401,2,1,1.0,True,-0.0,0.9,1.0,1.0,0.0,0.0,0.0,0.31378535648999994
cc7d03a3a03a3325,0,faa,402,2,1,1.0,True,-0.0,0.9,1.0,1.0,0.0,0.0,0.0,0.31378535648999994
cc7d03a3a03a3325,0,faa,403,2,1,1.0,True,-0.0,0.9,1.0,1.0,0.0,0.0,0.0,0.31378535648999994
cc7d03a3a03a3325,0,faa,404,2,1,1.0,True,-0.0,0.9,1.0,1.0,0.0,0.0,0.0,0.31378535648999994
cc7d03a3a03a3325,0,faa,405,2,0,-0.1,False,0.0,0.9,0.6200000000000001,0.6200000000000001,0.0,0.0,0.0,0.31378535648999994
cc7d03a3a03a3325,0,faa,406,1,1,-0.1,False,-0.0,0.9,0.8,0.8,0.0,0.0,0.0,0.31378535648999994
cc7d03a3a03a3325,0,faa,407,2,1,1.0,True,-0.0,0.9,1.0,1.0,0.0,0.0,0.0,0.31378535648999994
cc7d03a3a03a3325,0,faa,408,2,1,1.0,True,-0.0,0.9,1.0,1.0,0.0,0.0,0.0,0.31378535648999994
cc7d03a3a03a3325,0,faa,409,2,1,1.0,True,-0.0,0.9,1.0,1.0,0.0,0.0,0.0,0.31378535648999994
cc7d03a3a03a3325,0,faa,410,2,1,1.0,True,-0.0,0.9,1.0,1.0,0.0,0.0,0.0,0.31378535648999994
cc7d03a3a03a3325,0,faa,411,2,1,1.0,True,-0.0,0.9,1.0,1.0,0.0,0.0,0.0,0.31378535648999994
cc7d03a3a03a3325,0,faa,412,2,1,1.0,True,-0.0,0.9,1.0,1.0,0.0,0.0,0.0,0.31378535648999994
cc7d03a3a03a3325,0,faa,413,2,0,-0.1,False,0.0,0.9,0.6200000000000001,0.6200000000000001,0.0,0.0,0.0,0.31378535648999994
cc7d03a3a03a3325,0,faa,414,1,1,-0.1,False,-0.0,0.9,0.8,0.8,0.0,0.0,0.0,0.31378535648999994
cc7d03a3a03a3325,0,faa,415,2,1,1.0,True,-0.0,0.9,1.0,1.0,0.0,0.0,0.0,0.31378535648999994
cc7d03a3a03a3325,0,faa,416,2,1,1.0,True,-0.0,0.9,1.0,1.0,0.0,0.0,0.0,0.31378535648999994
cc7d03a3a03a3325,0,faa,417,2,0,-0.1,False,0.0,0.9,0.6200000000000001,0.6200000000000001,0.0,0.0,0.0,0.31378535648999994
cc7d03a3a03a3325,0,faa,418,1,1,-0.1,False,-0.0,0.9,0.8,0.8,0.0,0.0,0.0,0.31378535648999994
cc7d03a3a03a3325,0,faa,419,2,1,1.0,True,-0.0,0.9,1.0,1.0,0.0,0.0,0.0,0.31378535648999994
cc7d03a3a03a3325,0,faa,420,2,1,1.0,True,-0.0,0.9,1.0,1.0,0.0,0.0,0.0,0.31378535648999994
cc7d03a3a03a3325,0,faa,421,2,1,1.0,True,-0.0,0.9,1.0,1.0,0.0,0.0,0.0,0.31378535648999994
cc7d03a3a03a3325,0,faa,422,2,1,1.0,True,-0.0,0.9,1.0,1.0,0.0,0.0,0.0,0.31378535648999994
cc7d03a3a03a3325,0,faa,423,2,1,1.0,True,-0.0,0.9,1.0,1.0,0.0,0.0,0.0,0.31378535648999994
cc7d03a3a03a3325,0,faa,424,2,1,1.0,True,-0.0,0.9,1.0,1.0,0.0,0.0,0.0,0.31378535648999994
cc7d03a3a03a3325,0,faa,425,2,1,1.0,True,-0.0,0.9,1.0,1.0,0.0,0.0,0.0,0.31378535648999994
cc7d03a3a03a3325,0,faa,426,2,1,1.0,True,-0.0,0.9,1.0,1.0,0.0,0.0,0.0,0.31378535648999994
cc7d03a3a03a3325,0,faa,427,2,1,1.0,True,-0.0,0.9,1.0,1.0,0.0,0.0,0.0,0.31378535648999994
cc7d03a3a03a3325,0,faa,428,2,1,1.0,True,-0.0,0.9,1.0,1.0,0.0,0.0,0.0,0.31378535648999994
cc7d03a3a03a3325,0,faa,429,2,1,1.0,True,-0.0,0.9,1.0,1.0,0.0,0.0,0.0,0.31378535648999994
cc7d03a3a03a3325,0,faa,430,2,1,1.0,True,-0.0,0.9,1.0,1.0,0.0,0.0,0.0,0.31378535648999994
cc7d03a3a03a3325,0,faa,431,2,1,1.0,True,-0.0,0.9,1.0,1.0,0.0,0.0,0.0,0.31378535648999994
cc7d03a3a03a3325,0,faa,432,2,1,1.0,True,-0.0,0.9,1.0,1.0,0.0,0.0,0.0,0.31378535648999994
cc7d03a3a03a3325,0,faa,433,2,1,1.0,True,-0.0,0.9,1.0,1.0,0.0,0.0,0.0,0.31378535648999994
cc7d03a3a03a3325,0,faa,434,2,1,1.0,True,-0.0,0.9,1.0,1.0,0.0,0.0,0.0,0.31378535648999994
cc7d03a3a03a3325,0,faa,435,2,0,-0.1,False,0.0,0.9,0.6200000000000001,0.6200000000000001,0.0,0.0,0.0,0.31378535648999994
cc7d03a3a03a3325,0,faa,436,1,1,-0.1,False,-0.0,0.9,0.8,0.8,0.0,0.0,0.0,0.31378535648999994
cc7d03a3a03a3325,0,faa,437,2,1,1.0,True,-0.0,0.9,1.0,1.0,0.0,0.0,0.0,0.31378535648999994
cc7d03a3a03a3325,0,faa,438,2,0,-0.1,False,0.0,0.9,0.6200000000000001,0.6200000000000001,0.0,0.0,0.0,0.31378535648999994
cc7d03a3a03a3325,0,faa,439,1,1,-0.1,False,-0.0,0.9,0.8,0.8,0.0,0.0,0.0,0.31378535648999994
cc7d03a3a03a3325,0,faa,440,2,1,1.0,True,-0.0,0.9,1.0,1.0,0.0,0.0,0.0,0.31378535648999994
cc7d03a3a03a3325,0,faa,441,2,1,1.0,True,-0.0,0.9,1.0,1.0,0.0,0.0,0.0,0.31378535648999994
cc7d03a3a03a3325,0,faa,442,2,1,1.0,True,-0.0,0.9,1.0,1.0,0.0,0.0,0.0,0.31378535648999994
cc7d03a3a03a3325,0,faa,443,2,1,1.0,True,-0.0,0.9,1.0,1.0,0.0,0.0,0.0,0.31378535648999994
cc7d03a3a03a3325,0,faa,444,2,1,1.0,True,-0.0,0.9,1.0,1.0,0.0,0.0,0.0,0.31378535648999994
cc7d03a3a03a3325,0,faa,445,2,1,1.0,True,-0.0,0.9,1.0,1.0,0.0,0.0,0.0,0.31378535648999994
cc7d03a3a03a3325,0,faa,446,2,0,-0.1,False,0.0,0.9,0.6200000000000001,0.6200000000000001,0.0,0.0,0.0,0.31378535648999994
cc7d03a3a03a3325,0,faa,447,1,0,-0.1,False,0.0,0.9,0.20286102644100013,0.17831996388720017,0.25513897355900006,0.2796800361128,-0.28240682084099994,0.31378535648999994
cc7d03a3a03a3325,0,faa,448,0,0,-0.1,False,0.0,0.9,0.2138125008100001,0.17941511132410015,0.24418749919000007,0.27858488867590003,-0.28240682084099994,0.31378535648999994
cc7d03a3a03a3325,0,faa,449,0,1,-0.1,False,-0.0,0.9,0.30621464351000016,0.5886214643510002,0.31378535648999994,0.03137853564899995,0.0,0.2796800361128
cc7d03a3a03a3325,0,faa,450,1,1,-0.1,False,-0.0,0.9,0.8,0.8,0.0,0.0,0.0,0.2796800361128
cc7d03a3a03a3325,0,faa,451,2,1,1.0,True,-0.0,0.9,1.0,1.0,0.0,0.0,0.0,0.2796800361128
cc7d03a3a03a3325,0,faa,452,2,1,1.0,True,-0.0,0.9,1.0,1.0,0.0,0.0,0.0,0.2796800361128
cc7d03a3a03a3325,0,faa,453,2,1,1.0,True,-0.0,0.9,1.0,1.0,0.0,0.0,0.0,0.2796800361128
cc7d03a3a03a3325,0,faa,454,2,1,1.0,True,-0.0,0.9,1.0,1.0,0.0,0.0,0.0,0.2796800361128
cc7d03a3a03a3325,0,faa,455,2,1,1.0,True,-0.0,0.9,1.0,1.0,0.0,0.0,0.0,0.2796800361128
cc7d03a3a03a3325,0,faa,456,2,1,1.0,True,-0.0,0.9,1.0,1.0,0.0,0.0,0.0,0.2796800361128
cc7d03a3a03a3325,0,faa,457,2,1,1.0,True,-0.0,0.9,1.0,1.0,0.0,0.0,0.0,0.2796800361128
cc7d03a3a03a3325,0,faa,458,2,1,1.0,True,-0.0,0.9,1.0,1.0,0.0,0.0,0.0,0.2796800361128
cc7d03a3a03a3325,0,faa,459,2,1,1.0,True,-0.0,0.9,1.0,1.0,0.0,0.0,0.0,0.2796800361128
cc7d03a3a03a3325,0,faa,460,2,1,1.0,True,-0.0,0.9,1.0,1.0,0.0,0.0,0.0,0.2796800361128
cc7d03a3a03a3325,0,faa,461,2,0,-0.1,False,0.0,0.9,0.6200000000000001,0.6200000000000001,0.0,0.0,0.0,0.2796800361128
cc7d03a3a03a3325,0,faa,462,1,1,-0.1,False,-0.0,0.9,0.8,0.8,0.0,0.0,0.0,0.2796800361128
cc7d03a3a03a3325,0,faa,463,2,1,1.0,True,-0.0,0.9,1.0,1.0,0.0,0.0,0.0,0.2796800361128
cc7d03a3a03a3325,0,faa,464,2,0,-0.1,False,0.0,0.9,0.6200000000000001,0.6200000000000001,0.0,0.0,0.0,0.2796800361128
cc7d03a3a03a3325,0,faa,465,1,1,-0.1,False,-0.0,0.9,0.8,0.8,0.0,0.0,0.0,0.2796800361128
cc7d03a3a03a3325,0,faa,466,2,1,1.0,True,-0.0,0.9,1.0,1.0,0.0,0.0,0.0,0.2796800361128
cc7d03a3a03a3325,0,faa,467,2,0,-0.1,False,0.0,0.9,0.6200000000000001,0.6200000000000001,0.0,0.0,0.0,0.2796800361128
cc7d03a3a03a3325,0,faa,468,1,1,-0.1,False,-0.0,0.9,0.8,0.8,0.0,0.0,0.0,0.2796800361128
cc7d03a3a03a3325,0,faa,469,2,1,1.0,True,-0.0,0.9,1.0,1.0,0.0,0.0,0.0,0.2796800361128
cc7d03a3a03a3325,0,faa,470,2,1,1.0,True,-0.0,0.9,1.0,1.0,0.0,0.0,0.0,0.2796800361128
cc7d03a3a03a3325,0,faa,471,2,0,-0.1,False,0.0,0.9,0.6200000000000001,0.6200000000000001,0.0,0.0,0.0,0.2796800361128
cc7d03a3a03a3325,0,faa,472,1,1,-0.1,False,-0.0,0.9,0.8,0.8,0.0,0.0,0.0,0.2796800361128
cc7d03a3a03a3325,0,faa,473,2,1,1.0,True,-0.0,0.9,1.0,1.0,0.0,0.0,0.0,0.2796800361128
cc7d03a3a03a3325,0,faa,474,2,1,1.0,True,-0.0,0.9,1.0,1.0,0.0,0.0,0.0,0.2796800361128
cc7d03a3a03a3325,0,faa,475,2,1,1.0,True,-0.0,0.9,1.0,1.0,0.0,0.0,0.0,0.2796800361128
cc7d03a3a03a3325,0,faa,476,2,1,1.0,True,-0.0,0.9,1.0,1.0,0.0,0.0,0.0,0.2796800361128
cc7d03a3a03a3325,0,faa,477,2,1,1.0,True,-0.0,0.9,1.0,1.0,0.0,0.0,0.0,0.2796800361128
cc7d03a3a03a3325,0,faa,478,2,1,1.0,True,-0.0,0.9,1.0,1.0,0.0,0.0,0.0,0.2796800361128
cc7d03a3a03a3325,0,faa,479,2,1,1.0,True,-0.0,0.9,1.0,1.0,0.0,0.0,0.0,0.2796800361128
cc7d03a3a03a3325,0,faa,480,2,1,1.0,True,-0.0,0.9,1.0,1.0,0.0,0.0,0.0,0.2796800361128
cc7d03a3a03a3325,0,faa,481,2,1,1.0,True,-0.0,0.9,1.0,1.0,0.0,0.0,0.0,0.2796800361128
cc7d03a3a03a3325,0,faa,482,2,1,1.0,True,-0.0,0.9,1.0,1.0,0.0,0.0,0.0,0.2796800361128
cc7d03a3a03a3325,0,faa,483,2,1,1.0,True,-0.0,0.9,1.0,1.0,0.0,0.0,0.0,0.2796800361128
cc7d03a3a03a3325,0,faa,484,2,0,-0.1,False,0.0,0.9,0.6200000000000001,0.6200000000000001,0.0,0.0,0.0,0.2796800361128
cc7d03a3a03a3325,0,faa,485,1,1,-0.1,False,-0.0,0.9,0.8,0.8,0.0,0.0,0.0,0.2796800361128
cc7d03a3a03a3325,0,faa,486,2,1,1.0,True,-0.0,0.9,1.0,1.0,0.0,0.0,0.0,0.2796800361128
cc7d03a3a03a3325,0,faa,487,2,1,1.0,True,-0.0,0.9,1.0,1.0,0.0,0.0,0.0,0.2796800361128
cc7d03a3a03a3325,0,faa,488,2,1,1.0,True,-0.0,0.9,1.0,1.0,0.0,0.0,0.0,0.2796800361128
cc7d03a3a03a3325,0,faa,489,2,1,1.0,True,-0.0,0.9,1.0,1.0,0.0,0.0,0.0,0.2796800361128
cc7d03a3a03a3325,0,faa,490,2,1,1.0,True,-0.0,0.9,1.0,1.0,0.0,0.0,0.0,0.2796800361128
cc7d03a3a03a3325,0,faa,491,2,1,1.0,True,-0.0,0.9,1.0,1.0,0.0,0.0,0.0,0.2796800361128
cc7d03a3a03a3325,0,faa,492,2,1,1.0,True,-0.0,0.9,1.0,1.0,0.0,0.0,0.0,0.2796800361128
cc7d03a3a03a3325,0,faa,493,2,1,1.0,True,-0.0,0.9,1.0,1.0,0.0,0.0,0.0,0.2796800361128
cc7d03a3a03a3325,0,faa,494,2,1,1.0,True,-0.0,0.9,1.0,1.0,0.0,0.0,0.0,0.2796800361128
cc7d03a3a03a3325,0,faa,495,2,1,1.0,True,-0.0,0.9,1.0,1.0,0.0,0.0,0.0,0.2796800361128
cc7d03a3a03a3325,0,faa,496,2,1,1.0,True,-0.0,0.9,1.0,1.0,0.0,0.0,0.0,0.2796800361128
cc7d03a3a03a3325,0,faa,497,2,1,1.0,True,-0.0,0.9,1.0,1.0,0.0,0.0,0.0,0.2796800361128
cc7d03a3a03a3325,0,faa,498,2,1,1.0,True,-0.0,0.9,1.0,1.0,0.0,0.0,0.0,0.2796800361128
cc7d03a3a03a3325,0,faa,499,2,1,1.0,True,-0.0,0.9,1.0,1.0,0.0,0.0,0.0,0.2796800361128
cc7d03a3a03a3325,0,faa,500,2,1,1.0,True,-0.0,0.9,1.0,1.0,0.0,0.0,0.0,0.2796800361128
cc7d03a3a03a3325,0,faa,501,2,1,1.0,True,0.0,0.9,1.0,1.0,0.0,0.0,0.0,0.2796800361128
cc7d03a3a03a3325,0,faa,502,2,0,-0.1,False,0.0,0.9,0.6200000000000001,0.6200000000000001,0.0,0.0,0.0,0.2796800361128
cc7d03a3a03a3325,0,faa,503,1,1,-0.1,False,0.0,0.9,0.8,0.8,0.0,0.0,0.0,0.2796800361128
cc7d03a3a03a3325,0,faa,504,2,1,1.0,True,0.0,0.9,1.0,1.0,0.0,0.0,0.0,0.2796800361128
cc7d03a3a03a3325,0,faa,505,2,1,1.0,True,0.0,0.9,1.0,1.0,0.0,0.0,0.0,0.2796800361128
cc7d03a3a03a3325,0,faa,506,2,1,1.0,True,0.0,0.9,1.0,1.0,0.0,0.0,0.0,0.2796800361128
cc7d03a3a03a3325,0,faa,507,2,1,1.0,True,0.0,0.9,1.0,1.0,0.0,0.0,0.0,0.2796800361128
cc7d03a3a03a3325,0,faa,508,2,1,1.0,True,0.0,0.9,1.0,1.0,0.0,0.0,0.0,0.2796800361128
cc7d03a3a03a3325,0,faa,509,2,1,1.0,True,0.0,0.9,1.0,1.0,0.0,0.0,0.0,0.2796800361128
cc7d03a3a03a3325,0,faa,510,2,1,1.0,True,0.0,0.9,1.0,1.0,0.0,0.0,0.0,0.2796800361128
cc7d03a3a03a3325,0,faa,511,2,1,1.0,True,0.0,0.9,1.0,1.0,0.0,0.0,0.0,0.2796800361128
cc7d03a3a03a3325,0,faa,512,2,1,1.0,True,0.0,0.9,1.0,1.0,0.0,0.0,0.0,0.2796800361128
cc7d03a3a03a3325,0,faa,513,2,1,1.0,True,0.0,0.9,1.0,1.0,0.0,0.0,0.0,0.2796800361128
cc7d03a3a03a3325,0,faa,514,2,0,-0.1,False,0.0,0.9,0.6200000000000001,0.6200000000000001,0.0,0.0,0.0,0.2796800361128
cc7d03a3a03a3325,0,faa,515,1,1,-0.1,False,0.0,0.9,0.8,0.8,0.0,0.0,0.0,0.2796800361128
cc7d03a3a03a3325,0,faa,516,2,1,1.0,True,0.0,0.9,1.0,1.0,0.0,0.0,0.0,0.2796800361128
cc7d03a3a03a3325,0,faa,517,2,1,1.0,True,0.0,0.9,1.0,1.0,0.0,0.0,0.0,0.2796800361128
cc7d03a3a03a3325,0,faa,518,2,1,1.0,True,0.0,0.9,1.0,1.0,0.0,0.0,0.0,0.2796800361128
cc7d03a3a03a3325,0,faa,519,2,0,-0.1,False,0.0,0.9,0.6200000000000001,0.6200000000000001,0.0,0.0,0.0,0.2796800361128
cc7d03a3a03a3325,0,faa,520,1,1,-0.1,False,0.0,0.9,0.8,0.8,0.0,0.0,0.0,0.2796800361128
cc7d03a3a03a3325,0,faa,521,2,1,1.0,True,0.0,0.9,1.0,1.0,0.0,0.0,0.0,0.2796800361128
cc7d03a3a03a3325,0,faa,522,2,1,1.0,True,0.0,0.9,1.0,1.0,0.0,0.0,0.0,0.2796800361128
cc7d03a3a03a3325,0,faa,523,2,0,-0.1,False,0.0,0.9,0.6200000000000001,0.6200000000000001,0.0,0.0,0.0,0.2796800361128
cc7d03a3a03a3325,0,faa,524,1,1,-0.1,False,0.0,0.9,0.8,0.8,0.0,0.0,0.0,0.2796800361128
cc7d03a3a03a3325,0,faa,525,2,0,-0.1,False,0.0,0.9,0.6200000000000001,0.6200000000000001,0.0,0.0,0.0,0.2796800361128
cc7d03a3a03a3325,0,faa,526,1,1,-0.1,False,0.0,0.9,0.8,0.8,0.0,0.0,0.0,0.2796800361128
cc7d03a3a03a3325,0,faa,527,2,1,1.0,True,0.0,0.9,1.0,1.0,0.0,0.0,0.0,0.2796800361128
cc7d03a3a03a3325,0,faa,528,2,1,1.0,True,0.0,0.9,1.0,1.0,0.0,0.0,0.0,0.2796800361128
cc7d03a3a03a3325,0,faa,529,2,1,1.0,True,0.0,0.9,1.0,1.0,0.0,0.0,0.0,0.2796800361128
cc7d03a3a03a3325,0,faa,530,2,0,-0.1,False,0.0,0.9,0.6200000000000001,0.6200000000000001,0.0,0.0,0.0,0.2796800361128
cc7d03a3a03a3325,0,faa,531,1,1,-0.1,False,0.0,0.9,0.8,0.8,0.0,0.0,0.0,0.2796800361128
cc7d03a3a03a3325,0,faa,532,2,1,1.0,True,0.0,0.9,1.0,1.0,0.0,0.0,0.0,0.2796800361128
cc7d03a3a03a3325,0,faa,533,2,1,1.0,True,0.0,0.9,1.0,1.0,0.0,0.0,0.0,0.2796800361128
cc7d03a3a03a3325,0,faa,534,2,1,1.0,True,0.0,0.9,1.0,1.0,0.0,0.0,0.0,0.2796800361128
cc7d03a3a03a3325,0,faa,535,2,1,1.0,True,0.0,0.9,1.0,1.0,0.0,0.0,0.0,0.2796800361128
cc7d03a3a03a3325,0,faa,536,2,0,-0.1,False,0.0,0.9,0.6200000000000001,0.6200000000000001,0.0,0.0,0.0,0.2796800361128
cc7d03a3a03a3325,0,faa,537,1,1,-0.1,False,0.0,0.9,0.8,0.8,0.0,0.0,0.0,0.2796800361128
cc7d03a3a03a3325,0,faa,538,2,1,1.0,True,0.0,0.9,1.0,1.0,0.0,0.0,0.0,0.2796800361128
cc7d03a3a03a3325,0,faa,539,2,0,-0.1,False,0.0,0.9,0.6200000000000001,0.6200000000000001,0.0,0.0,0.0,0.2796800361128
cc7d03a3a03a3325,0,faa,540,1,1,-0.1,False,0.0,0.9,0.8,0.8,0.0,0.0,0.0,0.2796800361128
cc7d03a3a03a3325,0,faa,541,2,1,1.0,True,0.0,0.9,1.0,1.0,0.0,0.0,0.0,0.2796800361128
cc7d03a3a03a3325,0,faa,542,2,1,1.0,True,0.0,0.9,1.0,1.0,0.0,0.0,0.0,0.2796800361128
cc7d03a3a03a3325,0,faa,543,2,1,1.0,True,0.0,0.9,1.0,1.0,0.0,0.0,0.0,0.2796800361128
cc7d03a3a03a3325,0,faa,544,2,0,-0.1,False,0.0,0.9,0.6200000000000001,0.6200000000000001,0.0,0.0,0.0,0.2796800361128
cc7d03a3a03a3325,0,faa,545,1,1,-0.1,False,0.0,0.9,0.8,0.8,0.0,0.0,0.0,0.2796800361128
cc7d03a3a03a3325,0,faa,546,2,1,1.0,True,0.0,0.9,1.0,1.0,0.0,0.0,0.0,0.2796800361128
cc7d03a3a03a3325,0,faa,547,2,1,1.0,True,0.0,0.9,1.0,1.0,0.0,0.0,0.0,0.2796800361128
cc7d03a3a03a3325,0,faa,548,2,1,1.0,True,0.0,0.9,1.0,1.0,0.0,0.0,0.0,0.2796800361128
cc7d03a3a03a3325,0,faa,549,2,1,1.0,True,0.0,0.9,1.0,1.0,0.0,0.0,0.0,0.2796800361128
cc7d03a3a03a3325,0,faa,550,2,1,1.0,True,0.0,0.9,1.0,1.0,0.0,0.0,0.0,0.2796800361128
cc7d03a3a03a3325,0,faa,551,2,1,1.0,True,0.0,0.9,1.0,1.0,0.0,0.0,0.0,0.2796800361128
cc7d03a3a03a3325,0,faa,552,2,1,1.0,True,0.0,0.9,1.0,1.0,0.0,0.0,0.0,0.2796800361128
cc7d03a3a03a3325,0,faa,553,2,1,1.0,True,0.0,0.9,1.0,1.0,0.0,0.0,0.0,0.2796800361128
cc7d03a3a03a3325,0,faa,554,2,1,1.0,True,0.0,0.9,1.0,1.0,0.0,0.0,0.0,0.2796800361128
cc7d03a3a03a3325,0,faa,555,2,0,-0.1,False,0.0,0.9,0.6200000000000001,0.6200000000000001,0.0,0.0,0.0,0.2796800361128
cc7d03a3a03a3325,0,faa,556,1,0,-0.1,False,0.0,0.9,0.17831996388720017,0.4046153825130302,0.2796800361128,0.05338461748696999,-0.028240682084099956,0.27858488867590003
cc7d03a3a03a3325,0,faa,557,0,1,-0.1,False,0.0,0.9,0.5886214643510002,0.6168621464351002,0.03137853564899995,0.0031378535648999284,0.0,0.27858488867590003
cc7d03a3a03a3325,0,faa,558,1,1,-0.1,False,0.0,0.9,0.8,0.8,0.0,0.0,0.0,0.27858488867590003
cc7d03a3a03a3325,0,faa,559,2,1,1.0,True,0.0,0.9,1.0,1.0,0.0,0.0,0.0,0.27858488867590003
cc7d03a3a03a3325,0,faa,560,2,1,1.0,True,0.0,0.9,1.0,1.0,0.0,0.0,0.0,0.27858488867590003
cc7d03a3a03a3325,0,faa,561,2,1,1.0,True,0.0,0.9,1.0,1.0,0.0,0.0,0.0,0.27858488867590003
cc7d03a3a03a3325,0,faa,562,2,1,1.0,True,0.0,0.9,1.0,1.0,0.0,0.0,0.0,0.27858488867590003
cc7d03a3a03a3325,0,faa,563,2,0,-0.1,False,0.0,0.9,0.6200000000000001,0.6200000000000001,0.0,0.0,0.0,0.27858488867590003
cc7d03a3a03a3325,0,faa,564,1,1,-0.1,False,0.0,0.9,0.8,0.8,0.0,0.0,0.0,0.27858488867590003
cc7d03a3a03a3325,0,faa,565,2,1,1.0,True,0.0,0.9,1.0,1.0,0.0,0.0,0.0,0.27858488867590003
cc7d03a3a03a3325,0,faa,566,2,1,1.0,True,0.0,0.9,1.0,1.0,0.0,0.0,0.0,0.27858488867590003
cc7d03a3a03a3325,0,faa,567,2,1,1.0,True,0.0,0.9,1.0,1.0,0.0,0.0,0.0,0.27858488867590003
cc7d03a3a03a3325,0,faa,568,2,0,-0.1,False,0.0,0.9,0.6200000000000001,0.6200000000000001,0.0,0.0,0.0,0.27858488867590003
cc7d03a3a03a3325,0,faa,569,1,1,-0.1,False,0.0,0.9,0.8,0.8,0.0,0.0,0.0,0.27858488867590003
cc7d03a3a03a3325,0,faa,570,2,1,1.0,True,0.0,0.9,1.0,1.0,0.0,0.0,0.0,0.27858488867590003
cc7d03a3a03a3325,0,faa,571,2,1,1.0,True,0.0,0.9,1.0,1.0,0.0,0.0,0.0,0.27858488867590003
cc7d03a3a03a3325,0,faa,572,2,1,1.0,True,0.0,0.9,1.0,1.0,0.0,0.0,0.0,0.27858488867590003
cc7d03a3a03a3325,0,faa,573,2,0,-0.1,False,0.0,0.9,0.6200000000000001,0.6200000000000001,0.0,0.0,0.0,0.27858488867590003
cc7d03a3a03a3325,0,faa,574,1,1,-0.1,False,0.0,0.9,0.8,0.8,0.0,0.0,0.0,0.27858488867590003
cc7d03a3a03a3325,0,faa,575,2,1,1.0,True,0.0,0.9,1.0,1.0,0.0,0.0,0.0,0.27858488867590003
cc7d03a3a03a3325,0,faa,576,2,1,1.0,True,0.0,0.9,1.0,1.0,0.0,0.0,0.0,0.27858488867590003
cc7d03a3a03a3325,0,faa,577,2,1,1.0,True,0.0,0.9,1.0,1.0,0.0,0.0,0.0,0.27858488867590003
cc7d03a3a03a3325,0,faa,578,2,0,-0.1,False,0.0,0.9,0.6200000000000001,0.6200000000000001,0.0,0.0,0.0,0.27858488867590003
cc7d03a3a03a3325,0,faa,579,1,1,-0.1,False,0.0,0.9,0.8,0.8,0.0,0.0,0.0,0.27858488867590003
cc7d03a3a03a3325,0,faa,580,2,1,1.0,True,0.0,0.9,1.0,1.0,0.0,0.0,0.0,0.27858488867590003
cc7d03a3a03a3325,0,faa,581,2,1,1.0,True,0.0,0.9,1.0,1.0,0.0,0.0,0.0,0.27858488867590003
cc7d03a3a03a3325,0,faa,582,2,1,1.0,True,0.0,0.9,1.0,1.0,0.0,0.0,0.0,0.27858488867590003
cc7d03a3a03a3325,0,faa,583,2,1,1.0,True,0.0,0.9,1.0,1.0,0.0,0.0,0.0,0.27858488867590003
cc7d03a3a03a3325,0,faa,584,2,1,1.0,True,0.0,0.9,1.0,1.0,0.0,0.0,0.0,0.27858488867590003
cc7d03a3a03a3325,0,faa,585,2,1,1.0,True,0.0,0.9,1.0,1.0,0.0,0.0,0.0,0.27858488867590003
cc7d03a3a03a3325,0,faa,586,2,1,1.0,True,0.0,0.9,1.0,1.0,0.0,0.0,0.0,0.27858488867590003
cc7d03a3a03a3325,0,faa,587,2,1,1.0,True,0.0,0.9,1.0,1.0,0.0,0.0,0.0,0.27858488867590003
cc7d03a3a03a3325,0,faa,588,2,0,-0.1,False,0.0,0.9,0.6200000000000001,0.6200000000000001,0.0,0.0,0.0,0.27858488867590003
cc7d03a3a03a3325,0,faa,589,1,1,-0.1,False,0.0,0.9,0.8,0.8,0.0,0.0,0.0,0.27858488867590003
cc7d03a3a03a3325,0,faa,590,2,1,1.0,True,0.0,0.9,1.0,1.0,0.0,0.0,0.0,0.27858488867590003
cc7d03a3a03a3325,0,faa,591,2,0,-0.1,False,0.0,0.9,0.6200000000000001,0.6200000000000001,0.0,0.0,0.0,0.27858488867590003
cc7d03a3a03a3325,0,faa,592,1,1,-0.1,False,0.0,0.9,0.8,0.8,0.0,0.0,0.0,0.27858488867590003
cc7d03a3a03a3325,0,faa,593,2,1,1.0,True,0.0,0.9,1.0,1.0,0.0,0.0,0.0,0.27858488867590003
cc7d03a3a03a3325,0,faa,594,2,1,1.0,True,0.0,0.9,1.0,1.0,0.0,0.0,0.0,0.27858488867590003
cc7d03a3a03a3325,0,faa,595,2,1,1.0,True,0.0,0.9,1.0,1.0,0.0,0.0,0.0,0.27858488867590003
cc7d03a3a03a3325,0,faa,596,2,1,1.0,True,0.0,0.9,1.0,1.0,0.0,0.0,0.0,0.27858488867590003
cc7d03a3a03a3325,0,faa,597,2,1,1.0,True,0.0,0.9,1.0,1.0,0.0,0.0,0.0,0.27858488867590003
cc7d03a3a03a3325,0,faa,598,2,1,1.0,True,0.0,0.9,1.0,1.0,0.0,0.0,0.0,0.27858488867590003
cc7d03a3a03a3325,0,faa,599,2,0,-0.1,False,0.0,0.9,0.6200000000000001,0.6200000000000001,0.0,0.0,0.0,0.27858488867590003
cc7d03a3a03a3325,0,faa,600,1,1,-0.1,False,0.0,0.9,0.8,0.8,0.0,0.0,0.0,0.27858488867590003
cc7d03a3a03a3325,0,faa,601,2,1,1.0,True,0.0,0.9,1.0,1.0,0.0,0.0,0.0,0.27858488867590003
cc7d03a3a03a3325,0,faa,602,2,1,1.0,True,0.0,0.9,1.0,1.0,0.0,0.0,0.0,0.27858488867590003
cc7d03a3a03a3325,0,faa,603,2,1,1.0,True,0.0,0.9,1.0,1.0,0.0,0.0,0.0,0.27858488867590003
cc7d03a3a03a3325,0,faa,604,2,0,-0.1,False,0.0,0.9,0.6200000000000001,0.6200000000000001,0.0,0.0,0.0,0.27858488867590003
cc7d03a3a03a3325,0,faa,605,1,1,-0.1,False,0.0,0.9,0.8,0.8,0.0,0.0,0.0,0.27858488867590003
cc7d03a3a03a3325,0,faa,606,2,1,1.0,True,0.0,0.9,1.0,1.0,0.0,0.0,0.0,0.27858488867590003
cc7d03a3a03a3325,0,faa,607,2,1,1.0,True,0.0,0.9,1.0,1.0,0.0,0.0,0.0,0.27858488867590003
cc7d03a3a03a3325,0,faa,608,2,1,1.0,True,0.0,0.9,1.0,1.0,0.0,0.0,0.0,0.27858488867590003
cc7d03a3a03a3325,0,faa,609,2,1,1.0,True,0.0,0.9,1.0,1.0,0.0,0.0,0.0,0.27858488867590003
cc7d03a3a03a3325,0,faa,610,2,1,1.0,True,0.0,0.9,1.0,1.0,0.0,0.0,0.0,0.27858488867590003
cc7d03a3a03a3325,0,faa,611,2,1,1.0,True,0.0,0.9,1.0,1.0,0.0,0.0,0.0,0.27858488867590003
cc7d03a3a03a3325,0,faa,612,2,1,1.0,True,0.0,0.9,1.0,1.0,0.0,0.0,0.0,0.27858488867590003
cc7d03a3a03a3325,0,faa,613,2,1,1.0,True,0.0,0.9,1.0,1.0,0.0,0.0,0.0,0.27858488867590003
cc7d03a3a03a3325,0,faa,614,2,1,1.0,True,0.0,0.9,1.0,1.0,0.0,0.0,0.0,0.27858488867590003
cc7d03a3a03a3325,0,faa,615,2,1,1.0,True,0.0,0.9,1.0,1.0,0.0,0.0,0.0,0.27858488867590003
cc7d03a3a03a3325,0,faa,616,2,1,1.0,True,0.0,0.9,1.0,1.0,0.0,0.0,0.0,0.27858488867590003
cc7d03a3a03a3325,0,faa,617,2,1,1.0,True,0.0,0.9,1.0,1.0,0.0,0.0,0.0,0.27858488867590003
cc7d03a3a03a3325,0,faa,618,2,1,1.0,True,0.0,0.9,1.0,1.0,0.0,0.0,0.0,0.27858488867590003
cc7d03a3a03a3325,0,faa,619,2,1,1.0,True,0.0,0.9,1.0,1.0,0.0,0.0,0.0,0.27858488867590003
cc7d03a3a03a3325,0,faa,620,2,1,1.0,True,0.0,0.9,1.0,1.0,0.0,0.0,0.0,0.27858488867590003
cc7d03a3a03a3325,0,faa,621,2,1,1.0,True,0.0,0.9,1.0,1.0,0.0,0.0,0.0,0.27858488867590003
cc7d03a3a03a3325,0,faa,622,2,1,1.0,True,0.0,0.9,1.0,1.0,0.0,0.0,0.0,0.27858488867590003
cc7d03a3a03a3325,0,faa,623,2,0,-0.1,False,0.0,0.9,0.6200000000000001,0.6200000000000001,0.0,0.0,0.0,0.27858488867590003
cc7d03a3a03a3325,0,faa,624,1,1,-0.1,False,0.0,0.9,0.8,0.8,0.0,0.0,0.0,0.27858488867590003
cc7d03a3a03a3325,0,faa,625,2,1,1.0,True,0.0,0.9,1.0,1.0,0.0,0.0,0.0,0.27858488867590003
cc7d03a3a03a3325,0,faa,626,2,1,1.0,True,0.0,0.9,1.0,1.0,0.0,0.0,0.0,0.27858488867590003
cc7d03a3a03a3325,0,faa,627,2,1,1.0,True,0.0,0.9,1.0,1.0,0.0,0.0,0.0,0.27858488867590003
cc7d03a3a03a3325,0,faa,628,2,1,1.0,True,0.0,0.9,1.0,1.0,0.0,0.0,0.0,0.27858488867590003
cc7d03a3a03a3325,0,faa,629,2,0,-0.1,False,0.0,0.9,0.6200000000000001,0.6200000000000001,0.0,0.0,0.0,0.27858488867590003
cc7d03a3a03a3325,0,faa,630,1,1,-0.1,False,0.0,0.9,0.8,0.8,0.0,0.0,0.0,0.27858488867590003
cc7d03a3a03a3325,0,faa,631,2,1,1.0,True,0.0,0.9,1.0,1.0,0.0,0.0,0.0,0.27858488867590003
cc7d03a3a03a3325,0,faa,632,2,1,1.0,True,0.0,0.9,1.0,1.0,0.0,0.0,0.0,0.27858488867590003
cc7d03a3a03a3325,0,faa,633,2,1,1.0,True,0.0,0.9,1.0,1.0,0.0,0.0,0.0,0.27858488867590003
cc7d03a3a03a3325,0,faa,634,2,1,1.0,True,0.0,0.9,1.0,1.0,0.0,0.0,0.0,0.27858488867590003
cc7d03a3a03a3325,0,faa,635,2,1,1.0,True,0.0,0.9,1.0,1.0,0.0,0.0,0.0,0.27858488867590003
cc7d03a3a03a3325,0,faa,636,2,1,1.0,True,0.0,0.9,1.0,1.0,0.0,0.0,0.0,0.27858488867590003
cc7d03a3a03a3325,0,faa,637,2,1,1.0,True,0.0,0.9,1.0,1.0,0.0,0.0,0.0,0.27858488867590003
cc7d03a3a03a3325,0,faa,638,2,1,1.0,True,0.0,0.9,1.0,1.0,0.0,0.0,0.0,0.27858488867590003
cc7d03a3a03a3325,0,faa,639,2,1,1.0,True,0.0,0.9,1.0,1.0,0.0,0.0,0.0,0.27858488867590003
cc7d03a3a03a3325,0,faa,640,2,0,-0.1,False,0.0,0.9,0.6200000000000001,0.6200000000000001,0.0,0.0,0.0,0.27858488867590003
cc7d03a3a03a3325,0,faa,641,1,1,-0.1,False,0.0,0.9,0.8,0.8,0.0,0.0,0.0,0.27858488867590003
cc7d03a3a03a3325,0,faa,642,2,0,-0.1,False,0.0,0.9,0.6200000000000001,0.6200000000000001,0.0,0.0,0.0,0.27858488867590003
cc7d03a3a03a3325,0,faa,643,1,1,-0.1,False,0.0,0.9,0.8,0.8,0.0,0.0,0.0,0.27858488867590003
cc7d03a3a03a3325,0,faa,644,2,1,1.0,True,0.0,0.9,1.0,1.0,0.0,0.0,0.0,0.27858488867590003
cc7d03a3a03a3325,0,faa,645,2,1,1.0,True,0.0,0.9,1.0,1.0,0.0,0.0,0.0,0.27858488867590003
cc7d03a3a03a3325,0,faa,646,2,1,1.0,True,0.0,0.9,1.0,1.0,0.0,0.0,0.0,0.27858488867590003
cc7d03a3a03a3325,0,faa,647,2,0,-0.1,False,0.0,0.9,0.6200000000000001,0.6200000000000001,0.0,0.0,0.0,0.27858488867590003
cc7d03a3a03a3325,0,faa,648,1,1,-0.1,False,0.0,0.9,0.8,0.8,0.0,0.0,0.0,0.27858488867590003
cc7d03a3a03a3325,0,faa,649,2,1,1.0,True,0.0,0.9,1.0,1.0,0.0,0.0,0.0,0.27858488867590003
cc7d03a3a03a3325,0,faa,650,2,1,1.0,True,0.0,0.9,1.0,1.0,0.0,0.0,0.0,0.27858488867590003
cc7d03a3a03a3325,0,faa,651,2,1,1.0,True,0.0,0.9,1.0,1.0,0.0,0.0,0.0,0.27858488867590003
cc7d03a3a03a3325,0,faa,652,2,1,1.0,True,0.0,0.9,1.0,1.0,0.0,0.0,0.0,0.27858488867590003
cc7d03a3a03a3325,0,faa,653,2,0,-0.1,False,0.0,0.9,0.6200000000000001,0.6200000000000001,0.0,0.0,0.0,0.27858488867590003
cc7d03a3a03a3325,0,faa,654,1,1,-0.1,False,0.0,0.9,0.8,0.8,0.0,0.0,0.0,0.27858488867590003
cc7d03a3a03a3325,0,faa,655,2,1,1.0,True,0.0,0.9,1.0,1.0,0.0,0.0,0.0,0.27858488867590003
cc7d03a3a03a3325,0,faa,656,2,1,1.0,True,0.0,0.9,1.0,1.0,0.0,0.0,0.0,0.27858488867590003
cc7d03a3a03a3325,0,faa,657,2,1,1.0,True,0.0,0.9,1.0,1.0,0.0,0.0,0.0,0.27858488867590003
cc7d03a3a03a3325,0,faa,658,2,1,1.0,True,0.0,0.9,1.0,1.0,0.0,0.0,0.0,0.27858488867590003
cc7d03a3a03a3325,0,faa,659,2,1,1.0,True,0.0,0.9,1.0,1.0,0.0,0.0,0.0,0.27858488867590003
cc7d03a3a03a3325,0,faa,660,2,0,-0.1,False,0.0,0.9,0.6200000000000001,0.6200000000000001,0.0,0.0,0.0,0.27858488867590003
cc7d03a3a03a3325,0,faa,661,1,1,-0.1,False,0.0,0.9,0.8,0.8,0.0,0.0,0.0,0.27858488867590003
cc7d03a3a03a3325,0,faa,662,2,1,1.0,True,0.0,0.9,1.0,1.0,0.0,0.0,0.0,0.27858488867590003
cc7d03a3a03a3325,0,faa,663,2,1,1.0,True,0.0,0.9,1.0,1.0,0.0,0.0,0.0,0.27858488867590003
cc7d03a3a03a3325,0,faa,664,2,1,1.0,True,0.0,0.9,1.0,1.0,0.0,0.0,0.0,0.27858488867590003
cc7d03a3a03a3325,0,faa,665,2,0,-0.1,False,0.0,0.9,0.6200000000000001,0.6200000000000001,0.0,0.0,0.0,0.27858488867590003
cc7d03a3a03a3325,0,faa,666,1,1,-0.1,False,0.0,0.9,0.8,0.8,0.0,0.0,0.0,0.27858488867590003
cc7d03a3a03a3325,0,faa,667,2,1,1.0,True,0.0,0.9,1.0,1.0,0.0,0.0,0.0,0.27858488867590003
cc7d03a3a03a3325,0,faa,668,2,1,1.0,True,0.0,0.9,1.0,1.0,0.0,0.0,0.0,0.27858488867590003
cc7d03a3a03a3325,0,faa,669,2,0,-0.1,False,0.0,0.9,0.6200000000000001,0.6200000000000001,0.0,0.0,0.0,0.27858488867590003
cc7d03a3a03a3325,0,faa,670,1,1,-0.1,False,0.0,0.9,0.8,0.8,0.0,0.0,0.0,0.27858488867590003
cc7d03a3a03a3325,0,faa,671,2,1,1.0,True,0.0,0.9,1.0,1.0,0.0,0.0,0.0,0.27858488867590003
cc7d03a3a03a3325,0,faa,672,2,1,1.0,True,0.0,0.9,1.0,1.0,0.0,0.0,0.0,0.27858488867590003
cc7d03a3a03a3325,0,faa,673,2,1,1.0,True,0.0,0.9,1.0,1.0,0.0,0.0,0.0,0.27858488867590003
cc7d03a3a03a3325,0,faa,674,2,1,1.0,True,0.0,0.9,1.0,1.0,0.0,0.0,0.0,0.27858488867590003
cc7d03a3a03a3325,0,faa,675,2,1,1.0,True,0.0,0.9,1.0,1.0,0.0,0.0,0.0,0.27858488867590003
cc7d03a3a03a3325,0,faa,676,2,0,-0.1,False,0.0,0.9,0.6200000000000001,0.6200000000000001,0.0,0.0,0.0,0.27858488867590003
cc7d03a3a03a3325,0,faa,677,1,1,-0.1,False,0.0,0.9,0.8,0.8,0.0,0.0,0.0,0.27858488867590003
cc7d03a3a03a3325,0,faa,678,2,1,1.0,True,0.0,0.9,1.0,1.0,0.0,0.0,0.0,0.27858488867590003
cc7d03a3a03a3325,0,faa,679,2,1,1.0,True,0.0,0.9,1.0,1.0,0.0,0.0,0.0,0.27858488867590003
cc7d03a3a03a3325,0,faa,680,2,1,1.0,True,0.0,0.9,1.0,1.0,0.0,0.0,0.0,0.27858488867590003
cc7d03a3a03a3325,0,faa,681,2,1,1.0,True,0.0,0.9,1.0,1.0,0.0,0.0,0.0,0.27858488867590003
cc7d03a3a03a3325,0,faa,682,2,1,1.0,True,0.0,0.9,1.0,1.0,0.0,0.0,0.0,0.27858488867590003
cc7d03a3a03a3325,0,faa,683,2,1,1.0,True,0.0,0.9,1.0,1.0,0.0,0.0,0.0,0.27858488867590003
cc7d03a3a03a3325,0,faa,684,2,1,1.0,True,0.0,0.9,1.0,1.0,0.0,0.0,0.0,0.27858488867590003
cc7d03a3a03a3325,0,faa,685,2,1,1.0,True,0.0,0.9,1.0,1.0,0.0,0.0,0.0,0.27858488867590003
cc7d03a3a03a3325,0,faa,686,2,1,1.0,True,0.0,0.9,1.0,1.0,0.0,0.0,0.0,0.27858488867590003
cc7d03a3a03a3325,0,faa,687,2,1,1.0,True,0.0,0.9,1.0,1.0,0.0,0.0,0.0,0.27858488867590003
cc7d03a3a03a3325,0,faa,688,2,1,1.0,True,0.0,0.9,1.0,1.0,0.0,0.0,0.0,0.27858488867590003
cc7d03a3a03a3325,0,faa,689,2,1,1.0,True,0.0,0.9,1.0,1.0,0.0,0.0,0.0,0.27858488867590003
cc7d03a3a03a3325,0,faa,690,2,1,1.0,True,0.0,0.9,1.0,1.0,0.0,0.0,0.0,0.27858488867590003
cc7d03a3a03a3325,0,faa,691,2,1,1.0,True,0.0,0.9,1.0,1.0,0.0,0.0,0.0,0.27858488867590003
cc7d03a3a03a3325,0,faa,692,2,1,1.0,True,0.0,0.9,1.0,1.0,0.0,0.0,0.0,0.27858488867590003
cc7d03a3a03a3325,0,faa,693,2,1,1.0,True,0.0,0.9,1.0,1.0,0.0,0.0,0.0,0.27858488867590003
cc7d03a3a03a3325,0,faa,694,2,1,1.0,True,0.0,0.9,1.0,1.0,0.0,0.0,0.0,0.27858488867590003
cc7d03a3a03a3325,0,faa,695,2,1,1.0,True,0.0,0.9,1.0,1.0,0.0,0.0,0.0,0.27858488867590003
cc7d03a3a03a3325,0,faa,696,2,1,1.0,True,0.0,0.9,1.0,1.0,0.0,0.0,0.0,0.27858488867590003
cc7d03a3a03a3325,0,faa,697,2,1,1.0,True,0.0,0.9,1.0,1.0,0.0,0.0,0.0,0.27858488867590003
cc7d03a3a03a3325,0,faa,698,2,1,1.0,True,0.0,0.9,1.0,1.0,0.0,0.0,0.0,0.27858488867590003
cc7d03a3a03a3325,0,faa,699,2,1,1.0,True,0.0,0.9,1.0,1.0,0.0,0.0,0.0,0.27858488867590003
cc7d03a3a03a3325,0,faa,700,2,1,1.0,True,0.0,0.9,1.0,1.0,0.0,0.0,0.0,0.27858488867590003
cc7d03a3a03a3325,0,faa,701,2,1,1.0,True,0.0,0.9,1.0,1.0,0.0,0.0,0.0,0.27858488867590003
cc7d03a3a03a3325,0,faa,702,2,1,1.0,True,0.0,0.9,1.0,1.0,0.0,0.0,0.0,0.27858488867590003
cc7d03a3a03a3325,0,faa,703,2,1,1.0,True,0.0,0.9,1.0,1.0,0.0,0.0,0.0,0.27858488867590003
cc7d03a3a03a3325,0,faa,704,2,0,-0.1,False,0.0,0.9,0.6200000000000001,0.6200000000000001,0.0,0.0,0.0,0.27858488867590003
cc7d03a3a03a3325,0,faa,705,1,1,-0.1,False,0.0,0.9,0.8,0.8,0.0,0.0,0.0,0.27858488867590003
cc7d03a3a03a3325,0,faa,706,2,1,1.0,True,0.0,0.9,1.0,1.0,0.0,0.0,0.0,0.27858488867590003
cc7d03a3a03a3325,0,faa,707,2,1,1.0,True,0.0,0.9,1.0,1.0,0.0,0.0,0.0,0.27858488867590003
cc7d03a3a03a3325,0,faa,708,2,1,1.0,True,0.0,0.9,1.0,1.0,0.0,0.0,0.0,0.27858488867590003
cc7d03a3a03a3325,0,faa,709,2,1,1.0,True,0.0,0.9,1.0,1.0,0.0,0.0,0.0,0.27858488867590003
cc7d03a3a03a3325,0,faa,710,2,1,1.0,True,0.0,0.9,1.0,1.0,0.0,0.0,0.0,0.27858488867590003
cc7d03a3a03a3325,0,faa,711,2,1,1.0,True,0.0,0.9,1.0,1.0,0.0,0.0,0.0,0.27858488867590003
cc7d03a3a03a3325,0,faa,712,2,1,1.0,True,0.0,0.9,1.0,1.0,0.0,0.0,0.0,0.27858488867590003
cc7d03a3a03a3325,0,faa,713,2,1,1.0,True,0.0,0.9,1.0,1.0,0.0,0.0,0.0,0.27858488867590003
cc7d03a3a03a3325,0,faa,714,2,1,1.0,True,0.0,0.9,1.0,1.0,0.0,0.0,0.0,0.27858488867590003
cc7d03a3a03a3325,0,faa,715,2,1,1.0,True,0.0,0.9,1.0,1.0,0.0,0.0,0.0,0.27858488867590003
cc7d03a3a03a3325,0,faa,716,2,1,1.0,True,0.0,0.9,1.0,1.0,0.0,0.0,0.0,0.27858488867590003
cc7d03a3a03a3325,0,faa,717,2,1,1.0,True,0.0,0.9,1.0,1.0,0.0,0.0,0.0,0.27858488867590003
cc7d03a3a03a3325,0,faa,718,2,1,1.0,True,0.0,0.9,1.0,1.0,0.0,0.0,0.0,0.27858488867590003
cc7d03a3a03a3325,0,faa,719,2,1,1.0,True,0.0,0.9,1.0,1.0,0.0,0.0,0.0,0.27858488867590003
cc7d03a3a03a3325,0,faa,720,2,0,-0.1,False,0.0,0.9,0.6200000000000001,0.6200000000000001,0.0,0.0,0.0,0.27858488867590003
cc7d03a3a03a3325,0,faa,721,1,1,-0.1,False,0.0,0.9,0.8,0.8,0.0,0.0,0.0,0.27858488867590003
cc7d03a3a03a3325,0,faa,722,2,1,1.0,True,0.0,0.9,1.0,1.0,0.0,0.0,0.0,0.27858488867590003
cc7d03a3a03a3325,0,faa,723,2,1,1.0,True,0.0,0.9,1.0,1.0,0.0,0.0,0.0,0.27858488867590003
cc7d03a3a03a3325,0,faa,724,2,1,1.0,True,0.0,0.9,1.0,1.0,0.0,0.0,0.0,0.27858488867590003
cc7d03a3a03a3325,0,faa,725,2,1,1.0,True,0.0,0.9,1.0,1.0,0.0,0.0,0.0,0.27858488867590003
cc7d03a3a03a3325,0,faa,726,2,1,1.0,True,0.0,0.9,1.0,1.0,0.0,0.0,0.0,0.27858488867590003
cc7d03a3a03a3325,0,faa,727,2,1,1.0,True,0.0,0.9,1.0,1.0,0.0,0.0,0.0,0.27858488867590003
cc7d03a3a03a3325,0,faa,728,2,1,1.0,True,0.0,0.9,1.0,1.0,0.0,0.0,0.0,0.27858488867590003
cc7d03a3a03a3325,0,faa,729,2,1,1.0,True,0.0,0.9,1.0,1.0,0.0,0.0,0.0,0.27858488867590003
cc7d03a3a03a3325,0,faa,730,2,1,1.0,True,0.0,0.9,1.0,1.0,0.0,0.0,0.0,0.27858488867590003
cc7d03a3a03a3325,0,faa,731,2,0,-0.1,False,0.0,0.9,0.6200000000000001,0.6200000000000001,0.0,0.0,0.0,0.27858488867590003
cc7d03a3a03a3325,0,faa,732,1,0,-0.1,False,0.0,0.9,0.4046153825130302,0.4501198768637342,0.05338461748696999,0.00788012313626596,-0.0028240682084099355,0.27858488867590003
cc7d03a3a03a3325,0,faa,733,0,0,-0.1,False,0.0,0.9,0.17941511132410015,0.4275998497448412,0.27858488867590003,0.030400150255158964,-0.0028240682084099355,0.030400150255158964
cc7d03a3a03a3325,0,faa,734,0,1,-0.1,False,0.0,0.9,0.6168621464351002,0.6196862146435101,0.0031378535648999284,0.00031378535648995953,0.0,0.030400150255158964
cc7d03a3a03a3325,0,faa,735,1,1,-0.1,False,0.0,0.9,0.8,0.8,0.0,0.0,0.0,0.030400150255158964
cc7d03a3a03a3325,0,faa,736,2,1,1.0,True,0.0,0.9,1.0,1.0,0.0,0.0,0.0,0.030400150255158964
cc7d03a3a03a3325,0,faa,737,2,0,-0.1,False,0.0,0.9,0.6200000000000001,0.6200000000000001,0.0,0.0,0.0,0.030400150255158964
cc7d03a3a03a3325,0,faa,738,1,0,-0.1,False,0.0,0.9,0.4501198768637342,0.4569578215476167,0.00788012313626596,0.0010421784523834687,-0.0002824068208409636,0.030400150255158964
cc7d03a3a03a3325,0,faa,739,0,0,-0.1,False,0.0,0.9,0.4275998497448412,0.4547058188357274,0.030400150255158964,0.003294181164272769,-0.0002824068208409636,0.003294181164272769
cc7d03a3a03a3325,0,faa,740,0,1,-0.1,False,0.0,0.9,0.6196862146435101,0.6199686214643512,0.00031378535648995953,3.137853564894044e-05,0.0,0.003294181164272769
cc7d03a3a03a3325,0,faa,741,1,1,-0.1,False,0.0,0.9,0.8,0.8,0.0,0.0,0.0,0.003294181164272769
cc7d03a3a03a3325,0,faa,742,2,1,1.0,True,0.0,0.9,1.0,1.0,0.0,0.0,0.0,0.003294181164272769
cc7d03a3a03a3325,0,faa,743,2,1,1.0,True,0.0,0.9,1.0,1.0,0.0,0.0,0.0,0.003294181164272769
cc7d03a3a03a3325,0,faa,744,2,0,-0.1,False,0.0,0.9,0.6200000000000001,0.6200000000000001,0.0,0.0,0.0,0.003294181164272769
cc7d03a3a03a3325,0,faa,745,1,1,-0.1,False,0.0,0.9,0.8,0.8,0.0,0.0,0.0,0.003294181164272769
cc7d03a3a03a3325,0,faa,746,2,1,1.0,True,0.0,0.9,1.0,1.0,0.0,0.0,0.0,0.003294181164272769
cc7d03a3a03a3325,0,faa,747,2,1,1.0,True,0.0,0.9,1.0,1.0,0.0,0.0,0.0,0.003294181164272769
cc7d03a3a03a3325,0,faa,748,2,1,1.0,True,0.0,0.9,1.0,1.0,0.0,0.0,0.0,0.003294181164272769
cc7d03a3a03a3325,0,faa,749,2,1,1.0,True,0.0,0.9,1.0,1.0,0.0,0.0,0.0,0.003294181164272769
cc7d03a3a03a3325,0,faa,750,2,1,1.0,True,0.0,0.9,1.0,1.0,0.0,0.0,0.0,0.003294181164272769
cc7d03a3a03a3325,0,faa,751,2,1,1.0,True,0.0,0.9,1.0,1.0,0.0,0.0,0.0,0.003294181164272769
cc7d03a3a03a3325,0,faa,752,2,1,1.0,True,0.0,0.9,1.0,1.0,0.0,0.0,0.0,0.003294181164272769
cc7d03a3a03a3325,0,faa,753,2,1,1.0,True,0.0,0.9,1.0,1.0,0.0,0.0,0.0,0.003294181164272769
cc7d03a3a03a3325,0,faa,754,2,1,1.0,True,0.0,0.9,1.0,1.0,0.0,0.0,0.0,0.003294181164272769
cc7d03a3a03a3325,0,faa,755,2,1,1.0,True,0.0,0.9,1.0,1.0,0.0,0.0,0.0,0.003294181164272769
cc7d03a3a03a3325,0,faa,756,2,1,1.0,True,0.0,0.9,1.0,1.0,0.0,0.0,0.0,0.003294181164272769
cc7d03a3a03a3325,0,faa,757,2,1,1.0,True,0.0,0.9,1.0,1.0,0.0,0.0,0.0,0.003294181164272769
cc7d03a3a03a3325,0,faa,758,2,1,1.0,True,0.0,0.9,1.0,1.0,0.0,0.0,0.0,0.003294181164272769
cc7d03a3a03a3325,0,faa,759,2,1,1.0,True,0.0,0.9,1.0,1.0,0.0,0.0,0.0,0.003294181164272769
cc7d03a3a03a3325,0,faa,760,2,1,1.0,True,0.0,0.9,1.0,1.0,0.0,0.0,0.0,0.003294181164272769
cc7d03a3a03a3325,0,faa,761,2,1,1.0,True,0.0,0.9,1.0,1.0,0.0,0.0,0.0,0.003294181164272769
cc7d03a3a03a3325,0,faa,762,2,1,1.0,True,0.0,0.9,1.0,1.0,0.0,0.0,0.0,0.003294181164272769
cc7d03a3a03a3325,0,faa,763,2,0,-0.1,False,0.0,0.9,0.6200000000000001,0.6200000000000001,0.0,0.0,0.0,0.003294181164272769
cc7d03a3a03a3325,0,faa,764,1,1,-0.1,False,0.0,0.9,0.8,0.8,0.0,0.0,0.0,0.003294181164272769
cc7d03a3a03a3325,0,faa,765,2,1,1.0,True,0.0,0.9,1.0,1.0,0.0,0.0,0.0,0.003294181164272769
cc7d03a3a03a3325,0,faa,766,2,0,-0.1,False,0.0,0.9,0.6200000000000001,0.6200000000000001,0.0,0.0,0.0,0.003294181164272769
cc7d03a3a03a3325,0,faa,767,1,1,-0.1,False,0.0,0.9,0.8,0.8,0.0,0.0,0.0,0.003294181164272769
cc7d03a3a03a3325,0,faa,768,2,1,1.0,True,0.0,0.9,1.0,1.0,0.0,0.0,0.0,0.003294181164272769
cc7d03a3a03a3325,0,faa,769,2,1,1.0,True,0.0,0.9,1.0,1.0,0.0,0.0,0.0,0.003294181164272769
cc7d03a3a03a3325,0,faa,770,2,1,1.0,True,0.0,0.9,1.0,1.0,0.0,0.0,0.0,0.003294181164272769
cc7d03a3a03a3325,0,faa,771,2,1,1.0,True,0.0,0.9,1.0,1.0,0.0,0.0,0.0,0.003294181164272769
cc7d03a3a03a3325,0,faa,772,2,1,1.0,True,0.0,0.9,1.0,1.0,0.0,0.0,0.0,0.003294181164272769
cc7d03a3a03a3325,0,faa,773,2,1,1.0,True,0.0,0.9,1.0,1.0,0.0,0.0,0.0,0.003294181164272769
cc7d03a3a03a3325,0,faa,774,2,1,1.0,True,0.0,0.9,1.0,1.0,0.0,0.0,0.0,0.003294181164272769
cc7d03a3a03a3325,0,faa,775,2,1,1.0,True,0.0,0.9,1.0,1.0,0.0,0.0,0.0,0.003294181164272769
cc7d03a3a03a3325,0,faa,776,2,0,-0.1,False,0.0,0.9,0.6200000000000001,0.6200000000000001,0.0,0.0,0.0,0.003294181164272769
cc7d03a3a03a3325,0,faa,777,1,1,-0.1,False,0.0,0.9,0.8,0.8,0.0,0.0,0.0,0.003294181164272769
cc7d03a3a03a3325,0,faa,778,2,1,1.0,True,0.0,0.9,1.0,1.0,0.0,0.0,0.0,0.003294181164272769
cc7d03a3a03a3325,0,faa,779,2,1,1.0,True,0.0,0.9,1.0,1.0,0.0,0.0,0.0,0.003294181164272769
cc7d03a3a03a3325,0,faa,780,2,1,1.0,True,0.0,0.9,1.0,1.0,0.0,0.0,0.0,0.003294181164272769
cc7d03a3a03a3325,0,faa,781,2,0,-0.1,False,0.0,0.9,0.6200000000000001,0.6200000000000001,0.0,0.0,0.0,0.003294181164272769
cc7d03a3a03a3325,0,faa,782,1,1,-0.1,False,0.0,0.9,0.8,0.8,0.0,0.0,0.0,0.003294181164272769
cc7d03a3a03a3325,0,faa,783,2,1,1.0,True,0.0,0.9,1.0,1.0,0.0,0.0,0.0,0.003294181164272769
cc7d03a3a03a3325,0,faa,784,2,1,1.0,True,0.0,0.9,1.0,1.0,0.0,0.0,0.0,0.003294181164272769
cc7d03a3a03a3325,0,faa,785,2,1,1.0,True,0.0,0.9,1.0,1.0,0.0,0.0,0.0,0.003294181164272769
cc7d03a3a03a3325,0,faa,786,2,1,1.0,True,0.0,0.9,1.0,1.0,0.0,0.0,0.0,0.003294181164272769
cc7d03a3a03a3325,0,faa,787,2,1,1.0,True,0.0,0.9,1.0,1.0,0.0,0.0,0.0,0.003294181164272769
cc7d03a3a03a3325,0,faa,788,2,1,1.0,True,0.0,0.9,1.0,1.0,0.0,0.0,0.0,0.003294181164272769
cc7d03a3a03a3325,0,faa,789,2,1,1.0,True,0.0,0.9,1.0,1.0,0.0,0.0,0.0,0.003294181164272769
cc7d03a3a03a3325,0,faa,790,2,1,1.0,True,0.0,0.9,1.0,1.0,0.0,0.0,0.0,0.003294181164272769
cc7d03a3a03a3325,0,faa,791,2,1,1.0,True,0.0,0.9,1.0,1.0,0.0,0.0,0.0,0.003294181164272769
cc7d03a3a03a3325,0,faa,792,2,1,1.0,True,0.0,0.9,1.0,1.0,0.0,0.0,0.0,0.003294181164272769
cc7d03a3a03a3325,0,faa,793,2,1,1.0,True,0.0,0.9,1.0,1.0,0.0,0.0,0.0,0.003294181164272769
cc7d03a3a03a3325,0,faa,794,2,1,1.0,True,0.0,0.9,1.0,1.0,0.0,0.0,0.0,0.003294181164272769
cc7d03a3a03a3325,0,faa,795,2,1,1.0,True,0.0,0.9,1.0,1.0,0.0,0.0,0.0,0.003294181164272769
cc7d03a3a03a3325,0,faa,796,2,1,1.0,True,0.0,0.9,1.0,1.0,0.0,0.0,0.0,0.003294181164272769
cc7d03a3a03a3325,0,faa,797,2,0,-0.1,False,0.0,0.9,0.6200000000000001,0.6200000000000001,0.0,0.0,0.0,0.003294181164272769
cc7d03a3a03a3325,0,faa,798,1,0,-0.1,False,0.0,0.9,0.4569578215476167,0.45787036554088617,0.0010421784523834687,0.00012963445911401417,-2.82406820840464e-05,0.003294181164272769
cc7d03a3a03a3325,0,faa,799,0,1,-0.1,False,0.0,0.9,0.6199686214643512,0.6199968621464352,3.137853564894044e-05,3.1378535648718398e-06,0.0,0.003294181164272769
cc7d03a3a03a3325,0,faa,800,1,1,-0.1,False,0.0,0.9,0.8,0.8,0.0,0.0,0.0,0.003294181164272769
cc7d03a3a03a3325,0,faa,801,2,1,1.0,True,0.0,0.9,1.0,1.0,0.0,0.0,0.0,0.003294181164272769
cc7d03a3a03a3325,0,faa,802,2,1,1.0,True,0.0,0.9,1.0,1.0,0.0,0.0,0.0,0.003294181164272769
cc7d03a3a03a3325,0,faa,803,2,1,1.0,True,0.0,0.9,1.0,1.0,0.0,0.0,0.0,0.003294181164272769
cc7d03a3a03a3325,0,faa,804,2,1,1.0,True,0.0,0.9,1.0,1.0,0.0,0.0,0.0,0.003294181164272769
cc7d03a3a03a3325,0,faa,805,2,1,1.0,True,0.0,0.9,1.0,1.0,0.0,0.0,0.0,0.003294181164272769
cc7d03a3a03a3325,0,faa,806,2,1,1.0,True,0.0,0.9,1.0,1.0,0.0,0.0,0.0,0.003294181164272769
cc7d03a3a03a3325,0,faa,807,2,1,1.0,True,0.0,0.9,1.0,1.0,0.0,0.0,0.0,0.003294181164272769
cc7d03a3a03a3325,0,faa,808,2,1,1.0,True,0.0,0.9,1.0,1.0,0.0,0.0,0.0,0.003294181164272769
cc7d03a3a03a3325,0,faa,809,2,1,1.0,True,0.0,0.9,1.0,1.0,0.0,0.0,0.0,0.003294181164272769
cc7d03a3a03a3325,0,faa,810,2,1,1.0,True,0.0,0.9,1.0,1.0,0.0,0.0,0.0,0.003294181164272769
cc7d03a3a03a3325,0,faa,811,2,1,1.0,True,0.0,0.9,1.0,1.0,0.0,0.0,0.0,0.003294181164272769
cc7d03a3a03a3325,0,faa,812,2,0,-0.1,False,0.0,0.9,0.6200000000000001,0.6200000000000001,0.0,0.0,0.0,0.003294181164272769
cc7d03a3a03a3325,0,faa,813,1,1,-0.1,False,0.0,0.9,0.8,0.8,0.0,0.0,0.0,0.003294181164272769
cc7d03a3a03a3325,0,faa,814,2,1,1.0,True,0.0,0.9,1.0,1.0,0.0,0.0,0.0,0.003294181164272769
cc7d03a3a03a3325,0,faa,815,2,1,1.0,True,0.0,0.9,1.0,1.0,0.0,0.0,0.0,0.003294181164272769
cc7d03a3a03a3325,0,faa,816,2,1,1.0,True,0.0,0.9,1.0,1.0,0.0,0.0,0.0,0.003294181164272769
cc7d03a3a03a3325,0,faa,817,2,1,1.0,True,0.0,0.9,1.0,1.0,0.0,0.0,0.0,0.003294181164272769
cc7d03a3a03a3325,0,faa,818,2,1,1.0,True,0.0,0.9,1.0,1.0,0.0,0.0,0.0,0.003294181164272769
cc7d03a3a03a3325,0,faa,819,2,0,-0.1,False,0.0,0.9,0.6200000000000001,0.6200000000000001,0.0,0.0,0.0,0.003294181164272769
cc7d03a3a03a3325,0,faa,820,1,1,-0.1,False,0.0,0.9,0.8,0.8,0.0,0.0,0.0,0.003294181164272769
cc7d03a3a03a3325,0,faa,821,2,1,1.0,True,0.0,0.9,1.0,1.0,0.0,0.0,0.0,0.003294181164272769
cc7d03a3a03a3325,0,faa,822,2,1,1.0,True,0.0,0.9,1.0,1.0,0.0,0.0,0.0,0.003294181164272769
cc7d03a3a03a3325,0,faa,823,2,1,1.0,True,0.0,0.9,1.0,1.0,0.0,0.0,0.0,0.003294181164272769
cc7d03a3a03a3325,0,faa,824,2,1,1.0,True,0.0,0.9,1.0,1.0,0.0,0.0,0.0,0.003294181164272769
cc7d03a3a03a3325,0,faa,825,2,1,1.0,True,0.0,0.9,1.0,1.0,0.0,0.0,0.0,0.003294181164272769
cc7d03a3a03a3325,0,faa,826,2,1,1.0,True,0.0,0.9,1.0,1.0,0.0,0.0,0.0,0.003294181164272769
cc7d03a3a03a3325,0,faa,827,2,1,1.0,True,0.0,0.9,1.0,1.0,0.0,0.0,0.0,0.003294181164272769
cc7d03a3a03a3325,0,faa,828,2,1,1.0,True,0.0,0.9,1.0,1.0,0.0,0.0,0.0,0.003294181164272769
cc7d03a3a03a3325,0,faa,829,2,1,1.0,True,0.0,0.9,1.0,1.0,0.0,0.0,0.0,0.003294181164272769
cc7d03a3a03a3325,0,faa,830,2,1,1.0,True,0.0,0.9,1.0,1.0,0.0,0.0,0.0,0.003294181164272769
cc7d03a3a03a3325,0,faa,831,2,1,1.0,True,0.0,0.9,1.0,1.0,0.0,0.0,0.0,0.003294181164272769
cc7d03a3a03a3325,0,faa,832,2,1,1.0,True,0.0,0.9,1.0,1.0,0.0,0.0,0.0,0.003294181164272769
cc7d03a3a03a3325,0,faa,833,2,1,1.0,True,0.0,0.9,1.0,1.0,0.0,0.0,0.0,0.003294181164272769
cc7d03a3a03a3325,0,faa,834,2,1,1.0,True,0.0,0.9,1.0,1.0,0.0,0.0,0.0,0.003294181164272769
cc7d03a3a03a3325,0,faa,835,2,1,1.0,True,0.0,0.9,1.0,1.0,0.0,0.0,0.0,0.003294181164272769
cc7d03a3a03a3325,0,faa,836,2,1,1.0,True,0.0,0.9,1.0,1.0,0.0,0.0,0.0,0.003294181164272769
cc7d03a3a03a3325,0,faa,837,2,1,1.0,True,0.0,0.9,1.0,1.0,0.0,0.0,0.0,0.003294181164272769
cc7d03a3a03a3325,0,faa,838,2,1,1.0,True,0.0,0.9,1.0,1.0,0.0,0.0,0.0,0.003294181164272769
cc7d03a3a03a3325,0,faa,839,2,1,1.0,True,0.0,0.9,1.0,1.0,0.0,0.0,0.0,0.003294181164272769
cc7d03a3a03a3325,0,faa,840,2,0,-0.1,False,0.0,0.9,0.6200000000000001,0.6200000000000001,0.0,0.0,0.0,0.003294181164272769
cc7d03a3a03a3325,0,faa,841,1,1,-0.1,False,0.0,0.9,0.8,0.8,0.0,0.0,0.0,0.003294181164272769
cc7d03a3a03a3325,0,faa,842,2,1,1.0,True,0.0,0.9,1.0,1.0,0.0,0.0,0.0,0.003294181164272769
cc7d03a3a03a3325,0,faa,843,2,0,-0.1,False,0.0,0.9,0.6200000000000001,0.6200000000000001,0.0,0.0,0.0,0.003294181164272769
cc7d03a3a03a3325,0,faa,844,1,1,-0.1,False,0.0,0.9,0.8,0.8,0.0,0.0,0.0,0.003294181164272769
cc7d03a3a03a3325,0,faa,845,2,0,-0.1,False,0.0,0.9,0.6200000000000001,0.6200000000000001,0.0,0.0,0.0,0.003294181164272769
cc7d03a3a03a3325,0,faa,846,1,1,-0.1,False,0.0,0.9,0.8,0.8,0.0,0.0,0.0,0.003294181164272769
cc7d03a3a03a3325,0,faa,847,2,1,1.0,True,0.0,0.9,1.0,1.0,0.0,0.0,0.0,0.003294181164272769
cc7d03a3a03a3325,0,faa,848,2,1,1.0,True,0.0,0.9,1.0,1.0,0.0,0.0,0.0,0.003294181164272769
cc7d03a3a03a3325,0,faa,849,2,1,1.0,True,0.0,0.9,1.0,1.0,0.0,0.0,0.0,0.003294181164272769
cc7d03a3a03a3325,0,faa,850,2,0,-0.1,False,0.0,0.9,0.6200000000000001,0.6200000000000001,0.0,0.0,0.0,0.003294181164272769
cc7d03a3a03a3325,0,faa,851,1,1,-0.1,False,0.0,0.9,0.8,0.8,0.0,0.0,0.0,0.003294181164272769
cc7d03a3a03a3325,0,faa,852,2,1,1.0,True,0.0,0.9,1.0,1.0,0.0,0.0,0.0,0.003294181164272769
cc7d03a3a03a3325,0,faa,853,2,1,1.0,True,0.0,0.9,1.0,1.0,0.0,0.0,0.0,0.003294181164272769
cc7d03a3a03a3325,0,faa,854,2,1,1.0,True,0.0,0.9,1.0,1.0,0.0,0.0,0.0,0.003294181164272769
cc7d03a3a03a3325,0,faa,855,2,1,1.0,True,0.0,0.9,1.0,1.0,0.0,0.0,0.0,0.003294181164272769
cc7d03a3a03a3325,0,faa,856,2,1,1.0,True,0.0,0.9,1.0,1.0,0.0,0.0,0.0,0.003294181164272769
cc7d03a3a03a3325,0,faa,857,2,1,1.0,True,0.0,0.9,1.0,1.0,0.0,0.0,0.0,0.003294181164272769
cc7d03a3a03a3325,0,faa,858,2,1,1.0,True,0.0,0.9,1.0,1.0,0.0,0.0,0.0,0.003294181164272769
cc7d03a3a03a3325,0,faa,859,2,1,1.0,True,0.0,0.9,1.0,1.0,0.0,0.0,0.0,0.003294181164272769
cc7d03a3a03a3325,0,faa,860,2,1,1.0,True,0.0,0.9,1.0,1.0,0.0,0.0,0.0,0.003294181164272769
cc7d03a3a03a3325,0,faa,861,2,1,1.0,True,0.0,0.9,1.0,1.0,0.0,0.0,0.0,0.003294181164272769
cc7d03a3a03a3325,0,faa,862,2,1,1.0,True,0.0,0.9,1.0,1.0,0.0,0.0,0.0,0.003294181164272769
cc7d03a3a03a3325,0,faa,863,2,1,1.0,True,0.0,0.9,1.0,1.0,0.0,0.0,0.0,0.003294181164272769
cc7d03a3a03a3325,0,faa,864,2,1,1.0,True,0.0,0.9,1.0,1.0,0.0,0.0,0.0,0.003294181164272769
cc7d03a3a03a3325,0,faa,865,2,1,1.0,True,0.0,0.9,1.0,1.0,0.0,0.0,0.0,0.003294181164272769
cc7d03a3a03a3325,0,faa,866,2,1,1.0,True,0.0,0.9,1.0,1.0,0.0,0.0,0.0,0.003294181164272769
cc7d03a3a03a3325,0,faa,867,2,1,1.0,True,0.0,0.9,1.0,1.0,0.0,0.0,0.0,0.003294181164272769
cc7d03a3a03a3325,0,faa,868,2,1,1.0,True,0.0,0.9,1.0,1.0,0.0,0.0,0.0,0.003294181164272769
cc7d03a3a03a3325,0,faa,869,2,0,-0.1,False,0.0,0.9,0.6200000000000001,0.6200000000000001,0.0,0.0,0.0,0.003294181164272769
cc7d03a3a03a3325,0,faa,870,1,0,-0.1,False,0.0,0.9,0.45787036554088617,0.4579844948927012,0.00012963445911401417,1.5505107298974252e-05,-2.824068208384656e-06,0.003294181164272769
cc7d03a3a03a3325,0,faa,871,0,1,-0.1,False,0.0,0.9,0.6199968621464352,0.6199996862146436,3.1378535648718398e-06,3.1378535647608174e-07,0.0,0.003294181164272769
cc7d03a3a03a3325,0,faa,872,1,1,-0.1,False,0.0,0.9,0.8,0.8,0.0,0.0,0.0,0.003294181164272769
cc7d03a3a03a3325,0,faa,873,2,1,1.0,True,0.0,0.9,1.0,1.0,0.0,0.0,0.0,0.003294181164272769
cc7d03a3a03a3325,0,faa,874,2,1,1.0,True,0.0,0.9,1.0,1.0,0.0,0.0,0.0,0.003294181164272769
cc7d03a3a03a3325,0,faa,875,2,1,1.0,True,0.0,0.9,1.0,1.0,0.0,0.0,0.0,0.003294181164272769
cc7d03a3a03a3325,0,faa,876,2,1,1.0,True,0.0,0.9,1.0,1.0,0.0,0.0,0.0,0.003294181164272769
cc7d03a3a03a3325,0,faa,877,2,1,1.0,True,0.0,0.9,1.0,1.0,0.0,0.0,0.0,0.003294181164272769
cc7d03a3a03a3325,0,faa,878,2,1,1.0,True,0.0,0.9,1.0,1.0,0.0,0.0,0.0,0.003294181164272769
cc7d03a3a03a3325,0,faa,879,2,1,1.0,True,0.0,0.9,1.0,1.0,0.0,0.0,0.0,0.003294181164272769
cc7d03a3a03a3325,0,faa,880,2,1,1.0,True,0.0,0.9,1.0,1.0,0.0,0.0,0.0,0.003294181164272769
cc7d03a3a03a3325,0,faa,881,2,1,1.0,True,0.0,0.9,1.0,1.0,0.0,0.0,0.0,0.003294181164272769
cc7d03a3a03a3325,0,faa,882,2,1,1.0,True,0.0,0.9,1.0,1.0,0.0,0.0,0.0,0.003294181164272769
cc7d03a3a03a3325,0,faa,883,2,1,1.0,True,0.0,0.9,1.0,1.0,0.0,0.0,0.0,0.003294181164272769
cc7d03a3a03a3325,0,faa,884,2,0,-0.1,False,0.0,0.9,0.6200000000000001,0.6200000000000001,0.0,0.0,0.0,0.003294181164272769
cc7d03a3a03a3325,0,faa,885,1,1,-0.1,False,0.0,0.9,0.8,0.8,0.0,0.0,0.0,0.003294181164272769
cc7d03a3a03a3325,0,faa,886,2,1,1.0,True,0.0,0.9,1.0,1.0,0.0,0.0,0.0,0.003294181164272769
cc7d03a3a03a3325,0,faa,887,2,1,1.0,True,0.0,0.9,1.0,1.0,0.0,0.0,0.0,0.003294181164272769
cc7d03a3a03a3325,0,faa,888,2,1,1.0,True,0.0,0.9,1.0,1.0,0.0,0.0,0.0,0.003294181164272769
cc7d03a3a03a3325,0,faa,889,2,1,1.0,True,0.0,0.9,1.0,1.0,0.0,0.0,0.0,0.003294181164272769
cc7d03a3a03a3325,0,faa,890,2,1,1.0,True,0.0,0.9,1.0,1.0,0.0,0.0,0.0,0.003294181164272769
cc7d03a3a03a3325,0,faa,891,2,1,1.0,True,0.0,0.9,1.0,1.0,0.0,0.0,0.0,0.003294181164272769
cc7d03a3a03a3325,0,faa,892,2,1,1.0,True,0.0,0.9,1.0,1.0,0.0,0.0,0.0,0.003294181164272769
cc7d03a3a03a3325,0,faa,893,2,1,1.0,True,0.0,0.9,1.0,1.0,0.0,0.0,0.0,0.003294181164272769
cc7d03a3a03a3325,0,faa,894,2,1,1.0,True,0.0,0.9,1.0,1.0,0.0,0.0,0.0,0.003294181164272769
cc7d03a3a03a3325,0,faa,895,2,1,1.0,True,0.0,0.9,1.0,1.0,0.0,0.0,0.0,0.003294181164272769
cc7d03a3a03a3325,0,faa,896,2,1,1.0,True,0.0,0.9,1.0,1.0,0.0,0.0,0.0,0.003294181164272769
cc7d03a3a03a3325,0,faa,897,2,1,1.0,True,0.0,0.9,1.0,1.0,0.0,0.0,0.0,0.003294181164272769
cc7d03a3a03a3325,0,faa,898,2,1,1.0,True,0.0,0.9,1.0,1.0,0.0,0.0,0.0,0.003294181164272769
cc7d03a3a03a3325,0,faa,899,2,1,1.0,True,0.0,0.9,1.0,1.0,0.0,0.0,0.0,0.003294181164272769
cc7d03a3a03a3325,0,faa,900,2,1,1.0,True,0.0,0.9,1.0,1.0,0.0,0.0,0.0,0.003294181164272769
cc7d03a3a03a3325,0,faa,901,2,1,1.0,True,0.0,0.9,1.0,1.0,0.0,0.0,0.0,0.003294181164272769
cc7d03a3a03a3325,0,faa,902,2,1,1.0,True,0.0,0.9,1.0,1.0,0.0,0.0,0.0,0.003294181164272769
cc7d03a3a03a3325,0,faa,903,2,1,1.0,True,0.0,0.9,1.0,1.0,0.0,0.0,0.0,0.003294181164272769
cc7d03a3a03a3325,0,faa,904,2,1,1.0,True,0.0,0.9,1.0,1.0,0.0,0.0,0.0,0.003294181164272769
cc7d03a3a03a3325,0,faa,905,2,1,1.0,True,0.0,0.9,1.0,1.0,0.0,0.0,0.0,0.003294181164272769
cc7d03a3a03a3325,0,faa,906,2,1,1.0,True,0.0,0.9,1.0,1.0,0.0,0.0,0.0,0.003294181164272769
cc7d03a3a03a3325,0,faa,907,2,0,-0.1,False,0.0,0.9,0.6200000000000001,0.6200000000000001,0.0,0.0,0.0,0.003294181164272769
cc7d03a3a03a3325,0,faa,908,1,1,-0.1,False,0.0,0.9,0.8,0.8,0.0,0.0,0.0,0.003294181164272769
cc7d03a3a03a3325,0,faa,909,2,1,1.0,True,0.0,0.9,1.0,1.0,0.0,0.0,0.0,0.003294181164272769
cc7d03a3a03a3325,0,faa,910,2,1,1.0,True,0.0,0.9,1.0,1.0,0.0,0.0,0.0,0.003294181164272769
cc7d03a3a03a3325,0,faa,911,2,0,-0.1,False,0.0,0.9,0.6200000000000001,0.6200000000000001,0.0,0.0,0.0,0.003294181164272769
cc7d03a3a03a3325,0,faa,912,1,1,-0.1,False,0.0,0.9,0.8,0.8,0.0,0.0,0.0,0.003294181164272769
cc7d03a3a03a3325,0,faa,913,2,1,1.0,True,0.0,0.9,1.0,1.0,0.0,0.0,0.0,0.003294181164272769
cc7d03a3a03a3325,0,faa,914,2,1,1.0,True,0.0,0.9,1.0,1.0,0.0,0.0,0.0,0.003294181164272769
cc7d03a3a03a3325,0,faa,915,2,1,1.0,True,0.0,0.9,1.0,1.0,0.0,0.0,0.0,0.003294181164272769
cc7d03a3a03a3325,0,faa,916,2,1,1.0,True,0.0,0.9,1.0,1.0,0.0,0.0,0.0,0.003294181164272769
cc7d03a3a03a3325,0,faa,917,2,1,1.0,True,0.0,0.9,1.0,1.0,0.0,0.0,0.0,0.003294181164272769
cc7d03a3a03a3325,0,faa,918,2,1,1.0,True,0.0,0.9,1.0,1.0,0.0,0.0,0.0,0.003294181164272769
cc7d03a3a03a3325,0,faa,919,2,1,1.0,True,0.0,0.9,1.0,1.0,0.0,0.0,0.0,0.003294181164272769
cc7d03a3a03a3325,0,faa,920,2,1,1.0,True,0.0,0.9,1.0,1.0,0.0,0.0,0.0,0.003294181164272769
cc7d03a3a03a3325,0,faa,921,2,1,1.0,True,0.0,0.9,1.0,1.0,0.0,0.0,0.0,0.003294181164272769
cc7d03a3a03a3325,0,faa,922,2,1,1.0,True,0.0,0.9,1.0,1.0,0.0,0.0,0.0,0.003294181164272769
cc7d03a3a03a3325,0,faa,923,2,1,1.0,True,0.0,0.9,1.0,1.0,0.0,0.0,0.0,0.003294181164272769
cc7d03a3a03a3325,0,faa,924,2,1,1.0,True,0.0,0.9,1.0,1.0,0.0,0.0,0.0,0.003294181164272769
cc7d03a3a03a3325,0,faa,925,2,1,1.0,True,0.0,0.9,1.0,1.0,0.0,0.0,0.0,0.003294181164272769
cc7d03a3a03a3325,0,faa,926,2,1,1.0,True,0.0,0.9,1.0,1.0,0.0,0.0,0.0,0.003294181164272769
cc7d03a3a03a3325,0,faa,927,2,0,-0.1,False,0.0,0.9,0.6200000000000001,0.6200000000000001,0.0,0.0,0.0,0.003294181164272769
cc7d03a3a03a3325,0,faa,928,1,1,-0.1,False,0.0,0.9,0.8,0.8,0.0,0.0,0.0,0.003294181164272769
cc7d03a3a03a3325,0,faa,929,2,1,1.0,True,0.0,0.9,1.0,1.0,0.0,0.0,0.0,0.003294181164272769
cc7d03a3a03a3325,0,faa,930,2,1,1.0,True,0.0,0.9,1.0,1.0,0.0,0.0,0.0,0.003294181164272769
cc7d03a3a03a3325,0,faa,931,2,0,-0.1,False,0.0,0.9,0.6200000000000001,0.6200000000000001,0.0,0.0,0.0,0.003294181164272769
cc7d03a3a03a3325,0,faa,932,1,1,-0.1,False,0.0,0.9,0.8,0.8,0.0,0.0,0.0,0.003294181164272769
cc7d03a3a03a3325,0,faa,933,2,1,1.0,True,0.0,0.9,1.0,1.0,0.0,0.0,0.0,0.003294181164272769
cc7d03a3a03a3325,0,faa,934,2,0,-0.1,False,0.0,0.9,0.6200000000000001,0.6200000000000001,0.0,0.0,0.0,0.003294181164272769
cc7d03a3a03a3325,0,faa,935,1,1,-0.1,False,0.0,0.9,0.8,0.8,0.0,0.0,0.0,0.003294181164272769
cc7d03a3a03a3325,0,faa,936,2,1,1.0,True,0.0,0.9,1.0,1.0,0.0,0.0,0.0,0.003294181164272769
cc7d03a3a03a3325,0,faa,937,2,1,1.0,True,0.0,0.9,1.0,1.0,0.0,0.0,0.0,0.003294181164272769
cc7d03a3a03a3325,0,faa,938,2,1,1.0,True,0.0,0.9,1.0,1.0,0.0,0.0,0.0,0.003294181164272769
cc7d03a3a03a3325,0,faa,939,2,1,1.0,True,0.0,0.9,1.0,1.0,0.0,0.0,0.0,0.003294181164272769
cc7d03a3a03a3325,0,faa,940,2,1,1.0,True,0.0,0.9,1.0,1.0,0.0,0.0,0.0,0.003294181164272769
cc7d03a3a03a3325,0,faa,941,2,1,1.0,True,0.0,0.9,1.0,1.0,0.0,0.0,0.0,0.003294181164272769
cc7d03a3a03a3325,0,faa,942,2,1,1.0,True,0.0,0.9,1.0,1.0,0.0,0.0,0.0,0.003294181164272769
cc7d03a3a03a3325,0,faa,943,2,1,1.0,True,0.0,0.9,1.0,1.0,0.0,0.0,0.0,0.003294181164272769
cc7d03a3a03a3325,0,faa,944,2,0,-0.1,False,0.0,0.9,0.6200000000000001,0.6200000000000001,0.0,0.0,0.0,0.003294181164272769
cc7d03a3a03a3325,0,faa,945,1,1,-0.1,False,0.0,0.9,0.8,0.8,0.0,0.0,0.0,0.003294181164272769
cc7d03a3a03a3325,0,faa,946,2,1,1.0,True,0.0,0.9,1.0,1.0,0.0,0.0,0.0,0.003294181164272769
cc7d03a3a03a3325,0,faa,947,2,1,1.0,True,0.0,0.9,1.0,1.0,0.0,0.0,0.0,0.003294181164272769
cc7d03a3a03a3325,0,faa,948,2,1,1.0,True,0.0,0.9,1.0,1.0,0.0,0.0,0.0,0.003294181164272769
cc7d03a3a03a3325,0,faa,949,2,1,1.0,True,0.0,0.9,1.0,1.0,0.0,0.0,0.0,0.003294181164272769
cc7d03a3a03a3325,0,faa,950,2,1,1.0,True,0.0,0.9,1.0,1.0,0.0,0.0,0.0,0.003294181164272769
cc7d03a3a03a3325,0,faa,951,2,1,1.0,True,0.0,0.9,1.0,1.0,0.0,0.0,0.0,0.003294181164272769
cc7d03a3a03a3325,0,faa,952,2,0,-0.1,False,0.0,0.9,0.6200000000000001,0.6200000000000001,0.0,0.0,0.0,0.003294181164272769
cc7d03a3a03a3325,0,faa,953,1,1,-0.1,False,0.0,0.9,0.8,0.8,0.0,0.0,0.0,0.003294181164272769
cc7d03a3a03a3325,0,faa,954,2,1,1.0,True,0.0,0.9,1.0,1.0,0.0,0.0,0.0,0.003294181164272769
cc7d03a3a03a3325,0,faa,955,2,1,1.0,True,0.0,0.9,1.0,1.0,0.0,0.0,0.0,0.003294181164272769
cc7d03a3a03a3325,0,faa,956,2,1,1.0,True,0.0,0.9,1.0,1.0,0.0,0.0,0.0,0.003294181164272769
cc7d03a3a03a3325,0,faa,957,2,1,1.0,True,0.0,0.9,1.0,1.0,0.0,0.0,0.0,0.003294181164272769
cc7d03a3a03a3325,0,faa,958,2,1,1.0,True,0.0,0.9,1.0,1.0,0.0,0.0,0.0,0.003294181164272769
cc7d03a3a03a3325,0,faa,959,2,1,1.0,True,0.0,0.9,1.0,1.0,0.0,0.0,0.0,0.003294181164272769
cc7d03a3a03a3325,0,faa,960,2,1,1.0,True,0.0,0.9,1.0,1.0,0.0,0.0,0.0,0.003294181164272769
cc7d03a3a03a3325,0,faa,961,2,0,-0.1,False,0.0,0.9,0.6200000000000001,0.6200000000000001,0.0,0.0,0.0,0.003294181164272769
cc7d03a3a03a3325,0,faa,962,1,1,-0.1,False,0.0,0.9,0.8,0.8,0.0,0.0,0.0,0.003294181164272769
cc7d03a3a03a3325,0,faa,963,2,1,1.0,True,0.0,0.9,1.0,1.0,0.0,0.0,0.0,0.003294181164272769
cc7d03a3a03a3325,0,faa,964,2,1,1.0,True,0.0,0.9,1.0,1.0,0.0,0.0,0.0,0.003294181164272769
cc7d03a3a03a3325,0,faa,965,2,1,1.0,True,0.0,0.9,1.0,1.0,0.0,0.0,0.0,0.003294181164272769
cc7d03a3a03a3325,0,faa,966,2,1,1.0,True,0.0,0.9,1.0,1.0,0.0,0.0,0.0,0.003294181164272769
cc7d03a3a03a3325,0,faa,967,2,1,1.0,True,0.0,0.9,1.0,1.0,0.0,0.0,0.0,0.003294181164272769
cc7d03a3a03a3325,0,faa,968,2,1,1.0,True,0.0,0.9,1.0,1.0,0.0,0.0,0.0,0.003294181164272769
cc7d03a3a03a3325,0,faa,969,2,0,-0.1,False,0.0,0.9,0.6200000000000001,0.6200000000000001,0.0,0.0,0.0,0.003294181164272769
cc7d03a3a03a3325,0,faa,970,1,1,-0.1,False,0.0,0.9,0.8,0.8,0.0,0.0,0.0,0.003294181164272769
cc7d03a3a03a3325,0,faa,971,2,1,1.0,True,0.0,0.9,1.0,1.0,0.0,0.0,0.0,0.003294181164272769
cc7d03a3a03a3325,0,faa,972,2,1,1.0,True,0.0,0.9,1.0,1.0,0.0,0.0,0.0,0.003294181164272769
cc7d03a3a03a3325,0,faa,973,2,1,1.0,True,0.0,0.9,1.0,1.0,0.0,0.0,0.0,0.003294181164272769
cc7d03a3a03a3325,0,faa,974,2,1,1.0,True,0.0,0.9,1.0,1.0,0.0,0.0,0.0,0.003294181164272769
cc7d03a3a03a3325,0,faa,975,2,1,1.0,True,0.0,0.9,1.0,1.0,0.0,0.0,0.0,0.003294181164272769
cc7d03a3a03a3325,0,faa,976,2,1,1.0,True,0.0,0.9,1.0,1.0,0.0,0.0,0.0,0.003294181164272769
cc7d03a3a03a3325,0,faa,977,2,1,1.0,True,0.0,0.9,1.0,1.0,0.0,0.0,0.0,0.003294181164272769
cc7d03a3a03a3325,0,faa,978,2,1,1.0,True,0.0,0.9,1.0,1.0,0.0,0.0,0.0,0.003294181164272769
cc7d03a3a03a3325,0,faa,979,2,1,1.0,True,0.0,0.9,1.0,1.0,0.0,0.0,0.0,0.003294181164272769
cc7d03a3a03a3325,0,faa,980,2,1,1.0,True,0.0,0.9,1.0,1.0,0.0,0.0,0.0,0.003294181164272769
cc7d03a3a03a3325,0,faa,981,2,1,1.0,True,0.0,0.9,1.0,1.0,0.0,0.0,0.0,0.003294181164272769
cc7d03a3a03a3325,0,faa,982,2,1,1.0,True,0.0,0.9,1.0,1.0,0.0,0.0,0.0,0.003294181164272769
cc7d03a3a03a3325,0,faa,983,2,1,1.0,True,0.0,0.9,1.0,1.0,0.0,0.0,0.0,0.003294181164272769
cc7d03a3a03a3325,0,faa,984,2,1,1.0,True,0.0,0.9,1.0,1.0,0.0,0.0,0.0,0.003294181164272769
cc7d03a3a03a3325,0,faa,985,2,1,1.0,True,0.0,0.9,1.0,1.0,0.0,0.0,0.0,0.003294181164272769
cc7d03a3a03a3325,0,faa,986,2,1,1.0,True,0.0,0.9,1.0,1.0,0.0,0.0,0.0,0.003294181164272769
cc7d03a3a03a3325,0,faa,987,2,1,1.0,True,0.0,0.9,1.0,1.0,0.0,0.0,0.0,0.003294181164272769
cc7d03a3a03a3325,0,faa,988,2,1,1.0,True,0.0,0.9,1.0,1.0,0.0,0.0,0.0,0.003294181164272769
cc7d03a3a03a3325,0,faa,989,2,1,1.0,True,0.0,0.9,1.0,1.0,0.0,0.0,0.0,0.003294181164272769
cc7d03a3a03a3325,0,faa,990,2,1,1.0,True,0.0,0.9,1.0,1.0,0.0,0.0,0.0,0.003294181164272769
cc7d03a3a03a3325,0,faa,991,2,1,1.0,True,0.0,0.9,1.0,1.0,0.0,0.0,0.0,0.003294181164272769
cc7d03a3a03a3325,0,faa,992,2,1,1.0,True,0.0,0.9,1.0,1.0,0.0,0.0,0.0,0.003294181164272769
cc7d03a3a03a3325,0,faa,993,2,1,1.0,True,0.0,0.9,1.0,1.0,0.0,0.0,0.0,0.003294181164272769
cc7d03a3a03a3325,0,faa,994,2,1,1.0,True,0.0,0.9,1.0,1.0,0.0,0.0,0.0,0.003294181164272769
cc7d03a3a03a3325,0,faa,995,2,0,-0.1,False,0.0,0.9,0.6200000000000001,0.6200000000000001,0.0,0.0,0.0,0.003294181164272769
cc7d03a3a03a3325,0,faa,996,1,1,-0.1,False,0.0,0.9,0.8,0.8,0.0,0.0,0.0,0.003294181164272769
cc7d03a3a03a3325,0,faa,997,2,1,1.0,True,0.0,0.9,1.0,1.0,0.0,0.0,0.0,0.003294181164272769
cc7d03a3a03a3325,0,faa,998,2,1,1.0,True,0.0,0.9,1.0,1.0,0.0,0.0,0.0,0.003294181164272769
cc7d03a3a03a3325,0,faa,999,2,1,1.0,True,0.0,0.9,1.0,1.0,0.0,0.0,0.0,0.003294181164272769
cc7d03a3a03a3325,0,faa,1000,2,1,1.0,True,0.0,0.9,1.0,1.0,0.0,0.0,0.0,0.003294181164272769
cc7d03a3a03a3325,0,faa,1001,2,0,-0.1,False,0.0,0.9,0.6200000000000001,0.6200000000000001,0.0,0.0,0.0,0.003294181164272769
cc7d03a3a03a3325,0,faa,1002,1,1,-0.1,False,0.0,0.9,0.8,0.8,0.0,0.0,0.0,0.003294181164272769
cc7d03a3a03a3325,0,faa,1003,2,1,1.0,True,0.0,0.9,1.0,1.0,0.0,0.0,0.0,0.003294181164272769
cc7d03a3a03a3325,0,faa,1004,2,1,1.0,True,0.0,0.9,1.0,1.0,0.0,0.0,0.0,0.003294181164272769
cc7d03a3a03a3325,0,faa,1005,2,1,1.0,True,0.0,0.9,1.0,1.0,0.0,0.0,0.0,0.003294181164272769
cc7d03a3a03a3325,0,faa,1006,2,1,1.0,True,0.0,0.9,1.0,1.0,0.0,0.0,0.0,0.003294181164272769
cc7d03a3a03a3325,0,faa,1007,2,1,1.0,True,0.0,0.9,1.0,1.0,0.0,0.0,0.0,0.003294181164272769
cc7d03a3a03a3325,0,faa,1008,2,1,1.0,True,0.0,0.9,1.0,1.0,0.0,0.0,0.0,0.003294181164272769
cc7d03a3a03a3325,0,faa,1009,2,1,1.0,True,0.0,0.9,1.0,1.0,0.0,0.0,0.0,0.003294181164272769
cc7d03a3a03a3325,0,faa,1010,2,1,1.0,True,0.0,0.9,1.0,1.0,0.0,0.0,0.0,0.003294181164272769
cc7d03a3a03a3325,0,faa,1011,2,0,-0.1,False,0.0,0.9,0.6200000000000001,0.6200000000000001,0.0,0.0,0.0,0.003294181164272769
cc7d03a3a03a3325,0,faa,1012,1,0,-0.1,False,0.0,0.9,0.4579844948927012,0.4579981953231314,1.5505107298974252e-05,1.8046768687773884e-06,-2.8240682082847356e-07,0.003294181164272769
cc7d03a3a03a3325,0,faa,1013,0,1,-0.1,False,0.0,0.9,0.6199996862146436,0.6199999686214646,3.1378535647608174e-07,3.13785355476881e-08,0.0,0.003294181164272769
cc7d03a3a03a3325,0,faa,1014,1,1,-0.1,False,0.0,0.9,0.8,0.8,0.0,0.0,0.0,0.003294181164272769
cc7d03a3a03a3325,0,faa,1015,2,1,1.0,True,0.0,0.9,1.0,1.0,0.0,0.0,0.0,0.003294181164272769
cc7d03a3a03a3325,0,faa,1016,2,1,1.0,True,0.0,0.9,1.0,1.0,0.0,0.0,0.0,0.003294181164272769
cc7d03a3a03a3325,0,faa,1017,2,0,-0.1,False,0.0,0.9,0.6200000000000001,0.6200000000000001,0.0,0.0,0.0,0.003294181164272769
cc7d03a3a03a3325,0,faa,1018,1,1,-0.1,False,0.0,0.9,0.8,0.8,0.0,0.0,0.0,0.003294181164272769
cc7d03a3a03a3325,0,faa,1019,2,1,1.0,True,0.0,0.9,1.0,1.0,0.0,0.0,0.0,0.003294181164272769
cc7d03a3a03a3325,0,faa,1020,2,1,1.0,True,0.0,0.9,1.0,1.0,0.0,0.0,0.0,0.003294181164272769
cc7d03a3a03a3325,0,faa,1021,2,1,1.0,True,0.0,0.9,1.0,1.0,0.0,0.0,0.0,0.003294181164272769
cc7d03a3a03a3325,0,faa,1022,2,1,1.0,True,0.0,0.9,1.0,1.0,0.0,0.0,0.0,0.003294181164272769
cc7d03a3a03a3325,0,faa,1023,2,1,1.0,True,0.0,0.9,1.0,1.0,0.0,0.0,0.0,0.003294181164272769
cc7d03a3a03a3325,0,faa,1024,2,1,1.0,True,0.0,0.9,1.0,1.0,0.0,0.0,0.0,0.003294181164272769
cc7d03a3a03a3325,0,faa,1025,2,1,1.0,True,0.0,0.9,1.0,1.0,0.0,0.0,0.0,0.003294181164272769
cc7d03a3a03a3325,0,faa,1026,2,0,-0.1,False,0.0,0.9,0.6200000000000001,0.6200000000000001,0.0,0.0,0.0,0.003294181164272769
cc7d03a3a03a3325,0,faa,1027,1,1,-0.1,False,0.0,0.9,0.8,0.8,0.0,0.0,0.0,0.003294181164272769
cc7d03a3a03a3325,0,faa,1028,2,1,1.0,True,0.0,0.9,1.0,1.0,0.0,0.0,0.0,0.003294181164272769
cc7d03a3a03a3325,0,faa,1029,2,1,1.0,True,0.0,0.9,1.0,1.0,0.0,0.0,0.0,0.003294181164272769
cc7d03a3a03a3325,0,faa,1030,2,1,1.0,True,0.0,0.9,1.0,1.0,0.0,0.0,0.0,0.003294181164272769
cc7d03a3a03a3325,0,faa,1031,2,1,1.0,True,0.0,0.9,1.0,1.0,0.0,0.0,0.0,0.003294181164272769
cc7d03a3a03a3325,0,faa,1032,2,1,1.0,True,0.0,0.9,1.0,1.0,0.0,0.0,0.0,0.003294181164272769
cc7d03a3a03a3325,0,faa,1033,2,1,1.0,True,0.0,0.9,1.0,1.0,0.0,0.0,0.0,0.003294181164272769
cc7d03a3a03a3325,0,faa,1034,2,1,1.0,True,0.0,0.9,1.0,1.0,0.0,0.0,0.0,0.003294181164272769
cc7d03a3a03a3325,0,faa,1035,2,1,1.0,True,0.0,0.9,1.0,1.0,0.0,0.0,0.0,0.003294181164272769
cc7d03a3a03a3325,0,faa,1036,2,1,1.0,True,0.0,0.9,1.0,1.0,0.0,0.0,0.0,0.003294181164272769
cc7d03a3a03a3325,0,faa,1037,2,1,1.0,True,0.0,0.9,1.0,1.0,0.0,0.0,0.0,0.003294181164272769
cc7d03a3a03a3325,0,faa,1038,2,1,1.0,True,0.0,0.9,1.0,1.0,0.0,0.0,0.0,0.003294181164272769
cc7d03a3a03a3325,0,faa,1039,2,1,1.0,True,0.0,0.9,1.0,1.0,0.0,0.0,0.0,0.003294181164272769
cc7d03a3a03a3325,0,faa,1040,2,1,1.0,True,0.0,0.9,1.0,1.0,0.0,0.0,0.0,0.003294181164272769
cc7d03a3a03a3325,0,faa,1041,2,0,-0.1,False,0.0,0.9,0.6200000000000001,0.6200000000000001,0.0,0.0,0.0,0.003294181164272769
cc7d03a3a03a3325,0,faa,1042,1,1,-0.1,False,0.0,0.9,0.8,0.8,0.0,0.0,0.0,0.003294181164272769
cc7d03a3a03a3325,0,faa,1043,2,1,1.0,True,0.0,0.9,1.0,1.0,0.0,0.0,0.0,0.003294181164272769
cc7d03a3a03a3325,0,faa,1044,2,0,-0.1,False,0.0,0.9,0.6200000000000001,0.6200000000000001,0.0,0.0,0.0,0.003294181164272769
cc7d03a3a03a3325,0,faa,1045,1,1,-0.1,False,0.0,0.9,0.8,0.8,0.0,0.0,0.0,0.003294181164272769
cc7d03a3a03a3325,0,faa,1046,2,1,1.0,True,0.0,0.9,1.0,1.0,0.0,0.0,0.0,0.003294181164272769
cc7d03a3a03a3325,0,faa,1047,2,1,1.0,True,0.0,0.9,1.0,1.0,0.0,0.0,0.0,0.003294181164272769
cc7d03a3a03a3325,0,faa,1048,2,1,1.0,True,0.0,0.9,1.0,1.0,0.0,0.0,0.0,0.003294181164272769
cc7d03a3a03a3325,0,faa,1049,2,1,1.0,True,0.0,0.9,1.0,1.0,0.0,0.0,0.0,0.003294181164272769
cc7d03a3a03a3325,0,faa,1050,2,0,-0.1,False,0.0,0.9,0.6200000000000001,0.6200000000000001,0.0,0.0,0.0,0.003294181164272769
cc7d03a3a03a3325,0,faa,1051,1,1,-0.1,False,0.0,0.9,0.8,0.8,0.0,0.0,0.0,0.003294181164272769
cc7d03a3a03a3325,0,faa,1052,2,0,-0.1,False,0.0,0.9,0.6200000000000001,0.6200000000000001,0.0,0.0,0.0,0.003294181164272769
cc7d03a3a03a3325,0,faa,1053,1,0,-0.1,False,0.0,0.9,0.4579981953231314,0.45799979411569947,1.8046768687773884e-06,2.058843007191058e-07,-2.8240681992919293e-08,0.003294181164272769
cc7d03a3a03a3325,0,faa,1054,0,1,-0.1,False,0.0,0.9,0.6199999686214646,0.6199999968621466,3.13785355476881e-08,3.1378535325643497e-09,0.0,0.003294181164272769
cc7d03a3a03a3325,0,faa,1055,1,1,-0.1,False,0.0,0.9,0.8,0.8,0.0,0.0,0.0,0.003294181164272769
cc7d03a3a03a3325,0,faa,1056,2,1,1.0,True,0.0,0.9,1.0,1.0,0.0,0.0,0.0,0.003294181164272769
cc7d03a3a03a3325,0,faa,1057,2,1,1.0,True,0.0,0.9,1.0,1.0,0.0,0.0,0.0,0.003294181164272769
cc7d03a3a03a3325,0,faa,1058,2,1,1.0,True,0.0,0.9,1.0,1.0,0.0,0.0,0.0,0.003294181164272769
cc7d03a3a03a3325,0,faa,1059,2,1,1.0,True,0.0,0.9,1.0,1.0,0.0,0.0,0.0,0.003294181164272769
cc7d03a3a03a3325,0,faa,1060,2,1,1.0,True,0.0,0.9,1.0,1.0,0.0,0.0,0.0,0.003294181164272769
cc7d03a3a03a3325,0,faa,1061,2,1,1.0,True,0.0,0.9,1.0,1.0,0.0,0.0,0.0,0.003294181164272769
cc7d03a3a03a3325,0,faa,1062,2,1,1.0,True,0.0,0.9,1.0,1.0,0.0,0.0,0.0,0.003294181164272769
cc7d03a3a03a3325,0,faa,1063,2,1,1.0,True,0.0,0.9,1.0,1.0,0.0,0.0,0.0,0.003294181164272769
cc7d03a3a03a3325,0,faa,1064,2,1,1.0,True,0.0,0.9,1.0,1.0,0.0,0.0,0.0,0.003294181164272769
cc7d03a3a03a3325,0,faa,1065,2,1,1.0,True,0.0,0.9,1.0,1.0,0.0,0.0,0.0,0.003294181164272769
cc7d03a3a03a3325,0,faa,1066,2,1,1.0,True,0.0,0.9,1.0,1.0,0.0,0.0,0.0,0.003294181164272769
cc7d03a3a03a3325,0,faa,1067,2,0,-0.1,False,0.0,0.9,0.6200000000000001,0.6200000000000001,0.0,0.0,0.0,0.003294181164272769
cc7d03a3a03a3325,0,faa,1068,1,1,-0.1,False,0.0,0.9,0.8,0.8,0.0,0.0,0.0,0.003294181164272769
cc7d03a3a03a3325,0,faa,1069,2,1,1.0,True,0.0,0.9,1.0,1.0,0.0,0.0,0.0,0.003294181164272769
cc7d03a3a03a3325,0,faa,1070,2,1,1.0,True,0.0,0.9,1.0,1.0,0.0,0.0,0.0,0.003294181164272769
cc7d03a3a03a3325,0,faa,1071,2,1,1.0,True,0.0,0.9,1.0,1.0,0.0,0.0,0.0,0.003294181164272769
cc7d03a3a03a3325,0,faa,1072,2,1,1.0,True,0.0,0.9,1.0,1.0,0.0,0.0,0.0,0.003294181164272769
cc7d03a3a03a3325,0,faa,1073,2,1,1.0,True,0.0,0.9,1.0,1.0,0.0,0.0,0.0,0.003294181164272769
cc7d03a3a03a3325,0,faa,1074,2,1,1.0,True,0.0,0.9,1.0,1.0,0.0,0.0,0.0,0.003294181164272769
cc7d03a3a03a3325,0,faa,1075,2,1,1.0,True,0.0,0.9,1.0,1.0,0.0,0.0,0.0,0.003294181164272769
cc7d03a3a03a3325,0,faa,1076,2,1,1.0,True,0.0,0.9,1.0,1.0,0.0,0.0,0.0,0.003294181164272769
cc7d03a3a03a3325,0,faa,1077,2,1,1.0,True,0.0,0.9,1.0,1.0,0.0,0.0,0.0,0.003294181164272769
cc7d03a3a03a3325,0,faa,1078,2,1,1.0,True,0.0,0.9,1.0,1.0,0.0,0.0,0.0,0.003294181164272769
cc7d03a3a03a3325,0,faa,1079,2,1,1.0,True,0.0,0.9,1.0,1.0,0.0,0.0,0.0,0.003294181164272769
cc7d03a3a03a3325,0,faa,1080,2,0,-0.1,False,0.0,0.9,0.6200000000000001,0.6200000000000001,0.0,0.0,0.0,0.003294181164272769
cc7d03a3a03a3325,0,faa,1081,1,1,-0.1,False,0.0,0.9,0.8,0.8,0.0,0.0,0.0,0.003294181164272769
cc7d03a3a03a3325,0,faa,1082,2,0,-0.1,False,0.0,0.9,0.6200000000000001,0.6200000000000001,0.0,0.0,0.0,0.003294181164272769
cc7d03a3a03a3325,0,faa,1083,1,1,-0.1,False,0.0,0.9,0.8,0.8,0.0,0.0,0.0,0.003294181164272769
cc7d03a3a03a3325,0,faa,1084,2,0,-0.1,False,0.0,0.9,0.6200000000000001,0.6200000000000001,0.0,0.0,0.0,0.003294181164272769
cc7d03a3a03a3325,0,faa,1085,1,1,-0.1,False,0.0,0.9,0.8,0.8,0.0,0.0,0.0,0.003294181164272769
cc7d03a3a03a3325,0,faa,1086,2,1,1.0,True,0.0,0.9,1.0,1.0,0.0,0.0,0.0,0.003294181164272769
cc7d03a3a03a3325,0,faa,1087,2,1,1.0,True,0.0,0.9,1.0,1.0,0.0,0.0,0.0,0.003294181164272769
cc7d03a3a03a3325,0,faa,1088,2,1,1.0,True,0.0,0.9,1.0,1.0,0.0,0.0,0.0,0.003294181164272769
cc7d03a3a03a3325,0,faa,1089,2,1,1.0,True,0.0,0.9,1.0,1.0,0.0,0.0,0.0,0.003294181164272769
cc7d03a3a03a3325,0,faa,1090,2,1,1.0,True,0.0,0.9,1.0,1.0,0.0,0.0,0.0,0.003294181164272769
cc7d03a3a03a3325,0,faa,1091,2,1,1.0,True,0.0,0.9,1.0,1.0,0.0,0.0,0.0,0.003294181164272769
cc7d03a3a03a3325,0,faa,1092,2,1,1.0,True,0.0,0.9,1.0,1.0,0.0,0.0,0.0,0.003294181164272769
cc7d03a3a03a3325,0,faa,1093,2,0,-0.1,False,0.0,0.9,0.6200000000000001,0.6200000000000001,0.0,0.0,0.0,0.003294181164272769
cc7d03a3a03a3325,0,faa,1094,1,1,-0.1,False,0.0,0.9,0.8,0.8,0.0,0.0,0.0,0.003294181164272769
cc7d03a3a03a3325,0,faa,1095,2,1,1.0,True,0.0,0.9,1.0,1.0,0.0,0.0,0.0,0.003294181164272769
cc7d03a3a03a3325,0,faa,1096,2,1,1.0,True,0.0,0.9,1.0,1.0,0.0,0.0,0.0,0.003294181164272769
cc7d03a3a03a3325,0,faa,1097,2,1,1.0,True,0.0,0.9,1.0,1.0,0.0,0.0,0.0,0.003294181164272769
cc7d03a3a03a3325,0,faa,1098,2,1,1.0,True,0.0,0.9,1.0,1.0,0.0,0.0,0.0,0.003294181164272769
cc7d03a3a03a3325,0,faa,1099,2,1,1.0,True,0.0,0.9,1.0,1.0,0.0,0.0,0.0,0.003294181164272769
cc7d03a3a03a3325,0,faa,1100,2,1,1.0,True,0.0,0.9,1.0,1.0,0.0,0.0,0.0,0.003294181164272769
cc7d03a3a03a3325,0,faa,1101,2,1,1.0,True,0.0,0.9,1.0,1.0,0.0,0.0,0.0,0.003294181164272769
cc7d03a3a03a3325,0,faa,1102,2,1,1.0,True,0.0,0.9,1.0,1.0,0.0,0.0,0.0,0.003294181164272769
cc7d03a3a03a3325,0,faa,1103,2,0,-0.1,False,0.0,0.9,0.6200000000000001,0.6200000000000001,0.0,0.0,0.0,0.003294181164272769
cc7d03a3a03a3325,0,faa,1104,1,1,-0.1,False,0.0,0.9,0.8,0.8,0.0,0.0,0.0,0.003294181164272769
cc7d03a3a03a3325,0,faa,1105,2,1,1.0,True,0.0,0.9,1.0,1.0,0.0,0.0,0.0,0.003294181164272769
cc7d03a3a03a3325,0,faa,1106,2,1,1.0,True,0.0,0.9,1.0,1.0,0.0,0.0,0.0,0.003294181164272769
cc7d03a3a03a3325,0,faa,1107,2,0,-0.1,False,0.0,0.9,0.6200000000000001,0.6200000000000001,0.0,0.0,0.0,0.003294181164272769
cc7d03a3a03a3325,0,faa,1108,1,1,-0.1,False,0.0,0.9,0.8,0.8,0.0,0.0,0.0,0.003294181164272769
cc7d03a3a03a3325,0,faa,1109,2,0,-0.1,False,0.0,0.9,0.6200000000000001,0.6200000000000001,0.0,0.0,0.0,0.003294181164272769
cc7d03a3a03a3325,0,faa,1110,1,1,-0.1,False,0.0,0.9,0.8,0.8,0.0,0.0,0.0,0.003294181164272769
cc7d03a3a03a3325,0,faa,1111,2,0,-0.1,False,0.0,0.9,0.6200000000000001,0.6200000000000001,0.0,0.0,0.0,0.003294181164272769
cc7d03a3a03a3325,0,faa,1112,1,1,-0.1,False,0.0,0.9,0.8,0.8,0.0,0.0,0.0,0.003294181164272769
cc7d03a3a03a3325,0,faa,1113,2,1,1.0,True,0.0,0.9,1.0,1.0,0.0,0.0,0.0,0.003294181164272769
cc7d03a3a03a3325,0,faa,1114,2,1,1.0,True,0.0,0.9,1.0,1.0,0.0,0.0,0.0,0.003294181164272769
cc7d03a3a03a3325,0,faa,1115,2,1,1.0,True,0.0,0.9,1.0,1.0,0.0,0.0,0.0,0.003294181164272769
cc7d03a3a03a3325,0,faa,1116,2,1,1.0,True,0.0,0.9,1.0,1.0,0.0,0.0,0.0,0.003294181164272769
cc7d03a3a03a3325,0,faa,1117,2,1,1.0,True,0.0,0.9,1.0,1.0,0.0,0.0,0.0,0.003294181164272769
cc7d03a3a03a3325,0,faa,1118,2,1,1.0,True,0.0,0.9,1.0,1.0,0.0,0.0,0.0,0.003294181164272769
cc7d03a3a03a3325,0,faa,1119,2,1,1.0,True,0.0,0.9,1.0,1.0,0.0,0.0,0.0,0.003294181164272769
cc7d03a3a03a3325,0,faa,1120,2,1,1.0,True,0.0,0.9,1.0,1.0,0.0,0.0,0.0,0.003294181164272769
cc7d03a3a03a3325,0,faa,1121,2,1,1.0,True,0.0,0.9,1.0,1.0,0.0,0.0,0.0,0.003294181164272769
cc7d03a3a03a3325,0,faa,1122,2,0,-0.1,False,0.0,0.9,0.6200000000000001,0.6200000000000001,0.0,0.0,0.0,0.003294181164272769
cc7d03a3a03a3325,0,faa,1123,1,0,-0.1,False,0.0,0.9,0.45799979411569947,0.45799997686990873,2.058843007191058e-07,2.3130091453271717e-08,-2.824068179307915e-09,0.003294181164272769
cc7d03a3a03a3325,0,faa,1124,0,0,-0.1,False,0.0,0.9,0.4547058188357274,0.4576705793419115,0.003294181164272769,0.00032942065808866383,-2.824068179307915e-09,0.00032942065808866383
cc7d03a3a03a3325,0,faa,1125,0,1,-0.1,False,0.0,0.9,0.6199999968621466,0.6199999996862148,3.1378535325643497e-09,3.137853310519745e-10,0.0,0.00032942065808866383
cc7d03a3a03a3325,0,faa,1126,1,1,-0.1,False,0.0,0.9,0.8,0.8,0.0,0.0,0.0,0.00032942065808866383
cc7d03a3a03a3325,0,faa,1127,2,1,1.0,True,0.0,0.9,1.0,1.0,0.0,0.0,0.0,0.00032942065808866383
cc7d03a3a03a3325,0,faa,1128,2,1,1.0,True,0.0,0.9,1.0,1.0,0.0,0.0,0.0,0.00032942065808866383
cc7d03a3a03a3325,0,faa,1129,2,1,1.0,True,0.0,0.9,1.0,1.0,0.0,0.0,0.0,0.00032942065808866383
cc7d03a3a03a3325,0,faa,1130,2,0,-0.1,False,0.0,0.9,0.6200000000000001,0.6200000000000001,0.0,0.0,0.0,0.00032942065808866383
cc7d03a3a03a3325,0,faa,1131,1,1,-0.1,False,0.0,0.9,0.8,0.8,0.0,0.0,0.0,0.00032942065808866383
cc7d03a3a03a3325,0,faa,1132,2,0,-0.1,False,0.0,0.9,0.6200000000000001,0.6200000000000001,0.0,0.0,0.0,0.00032942065808866383
cc7d03a3a03a3325,0,faa,1133,1,1,-0.1,False,0.0,0.9,0.8,0.8,0.0,0.0,0.0,0.00032942065808866383
cc7d03a3a03a3325,0,faa,1134,2,0,-0.1,False,0.0,0.9,0.6200000000000001,0.6200000000000001,0.0,0.0,0.0,0.00032942065808866383
cc7d03a3a03a3325,0,faa,1135,1,1,-0.1,False,0.0,0.9,0.8,0.8,0.0,0.0,0.0,0.00032942065808866383
cc7d03a3a03a3325,0,faa,1136,2,1,1.0,True,0.0,0.9,1.0,1.0,0.0,0.0,0.0,0.00032942065808866383
cc7d03a3a03a3325,0,faa,1137,2,1,1.0,True,0.0,0.9,1.0,1.0,0.0,0.0,0.0,0.00032942065808866383
cc7d03a3a03a3325,0,faa,1138,2,1,1.0,True,0.0,0.9,1.0,1.0,0.0,0.0,0.0,0.00032942065808866383
cc7d03a3a03a3325,0,faa,1139,2,1,1.0,True,0.0,0.9,1.0,1.0,0.0,0.0,0.0,0.00032942065808866383
cc7d03a3a03a3325,0,faa,1140,2,1,1.0,True,0.0,0.9,1.0,1.0,0.0,0.0,0.0,0.00032942065808866383
cc7d03a3a03a3325,0,faa,1141,2,1,1.0,True,0.0,0.9,1.0,1.0,0.0,0.0,0.0,0.00032942065808866383
cc7d03a3a03a3325,0,faa,1142,2,1,1.0,True,0.0,0.9,1.0,1.0,0.0,0.0,0.0,0.00032942065808866383
cc7d03a3a03a3325,0,faa,1143,2,1,1.0,True,0.0,0.9,1.0,1.0,0.0,0.0,0.0,0.00032942065808866383
cc7d03a3a03a3325,0,faa,1144,2,1,1.0,True,0.0,0.9,1.0,1.0,0.0,0.0,0.0,0.00032942065808866383
cc7d03a3a03a3325,0,faa,1145,2,1,1.0,True,0.0,0.9,1.0,1.0,0.0,0.0,0.0,0.00032942065808866383
cc7d03a3a03a3325,0,faa,1146,2,1,1.0,True,0.0,0.9,1.0,1.0,0.0,0.0,0.0,0.00032942065808866383
cc7d03a3a03a3325,0,faa,1147,2,1,1.0,True,0.0,0.9,1.0,1.0,0.0,0.0,0.0,0.00032942065808866383
cc7d03a3a03a3325,0,faa,1148,2,1,1.0,True,0.0,0.9,1.0,1.0,0.0,0.0,0.0,0.00032942065808866383
cc7d03a3a03a3325,0,faa,1149,2,0,-0.1,False,0.0,0.9,0.6200000000000001,0.6200000000000001,0.0,0.0,0.0,0.00032942065808866383
cc7d03a3a03a3325,0,faa,1150,1,1,-0.1,False,0.0,0.9,0.8,0.8,0.0,0.0,0.0,0.00032942065808866383
cc7d03a3a03a3325,0,faa,1151,2,1,1.0,True,0.0,0.9,1.0,1.0,0.0,0.0,0.0,0.00032942065808866383
cc7d03a3a03a3325,0,faa,1152,2,1,1.0,True,0.0,0.9,1.0,1.0,0.0,0.0,0.0,0.00032942065808866383
cc7d03a3a03a3325,0,faa,1153,2,1,1.0,True,0.0,0.9,1.0,1.0,0.0,0.0,0.0,0.00032942065808866383
cc7d03a3a03a3325,0,faa,1154,2,1,1.0,True,0.0,0.9,1.0,1.0,0.0,0.0,0.0,0.00032942065808866383
cc7d03a3a03a3325,0,faa,1155,2,0,-0.1,False,0.0,0.9,0.6200000000000001,0.6200000000000001,0.0,0.0,0.0,0.00032942065808866383
cc7d03a3a03a3325,0,faa,1156,1,0,-0.1,False,0.0,0.9,0.45799997686990873,0.4579999974328248,2.3130091453271717e-08,2.5671753611788972e-09,-2.8240679794677706e-10,0.00032942065808866383
cc7d03a3a03a3325,0,faa,1157,0,1,-0.1,False,0.0,0.9,0.6199999996862148,0.6199999999686217,3.137853310519745e-10,3.1378455389585724e-11,0.0,0.00032942065808866383
cc7d03a3a03a3325,0,faa,1158,1,0,-0.1,False,0.0,0.9,0.4579999974328248,0.4579999997178661,2.5671753611788972e-09,2.8213409386523836e-10,-2.8240609850627154e-11,0.00032942065808866383
cc7d03a3a03a3325,0,faa,1159,0,1,-0.1,False,0.0,0.9,0.6199999999686217,0.6199999999968623,3.1378455389585724e-11,3.13782333449808e-12,0.0,0.00032942065808866383
cc7d03a3a03a3325,0,faa,1160,1,1,-0.1,False,0.0,0.9,0.8,0.8,0.0,0.0,0.0,0.00032942065808866383
cc7d03a3a03a3325,0,faa,1161,2,1,1.0,True,0.0,0.9,1.0,1.0,0.0,0.0,0.0,0.00032942065808866383
cc7d03a3a03a3325,0,faa,1162,2,1,1.0,True,0.0,0.9,1.0,1.0,0.0,0.0,0.0,0.00032942065808866383
cc7d03a3a03a3325,0,faa,1163,2,1,1.0,True,0.0,0.9,1.0,1.0,0.0,0.0,0.0,0.00032942065808866383
cc7d03a3a03a3325,0,faa,1164,2,1,1.0,True,0.0,0.9,1.0,1.0,0.0,0.0,0.0,0.00032942065808866383
cc7d03a3a03a3325,0,faa,1165,2,1,1.0,True,0.0,0.9,1.0,1.0,0.0,0.0,0.0,0.00032942065808866383
cc7d03a3a03a3325,0,faa,1166,2,1,1.0,True,0.0,0.9,1.0,1.0,0.0,0.0,0.0,0.00032942065808866383
cc7d03a3a03a3325,0,faa,1167,2,1,1.0,True,0.0,0.9,1.0,1.0,0.0,0.0,0.0,0.00032942065808866383
cc7d03a3a03a3325,0,faa,1168,2,1,1.0,True,0.0,0.9,1.0,1.0,0.0,0.0,0.0,0.00032942065808866383
cc7d03a3a03a3325,0,faa,1169,2,1,1.0,True,0.0,0.9,1.0,1.0,0.0,0.0,0.0,0.00032942065808866383
cc7d03a3a03a3325,0,faa,1170,2,1,1.0,True,0.0,0.9,1.0,1.0,0.0,0.0,0.0,0.00032942065808866383
cc7d03a3a03a3325,0,faa,1171,2,1,1.0,True,0.0,0.9,1.0,1.0,0.0,0.0,0.0,0.00032942065808866383
cc7d03a3a03a3325,0,faa,1172,2,1,1.0,True,0.0,0.9,1.0,1.0,0.0,0.0,0.0,0.00032942065808866383
cc7d03a3a03a3325,0,faa,1173,2,1,1.0,True,0.0,0.9,1.0,1.0,0.0,0.0,0.0,0.00032942065808866383
cc7d03a3a03a3325,0,faa,1174,2,1,1.0,True,0.0,0.9,1.0,1.0,0.0,0.0,0.0,0.00032942065808866383
cc7d03a3a03a3325,0,faa,1175,2,0,-0.1,False,0.0,0.9,0.6200000000000001,0.6200000000000001,0.0,0.0,0.0,0.00032942065808866383
cc7d03a3a03a3325,0,faa,1176,1,0,-0.1,False,0.0,0.9,0.4579999997178661,0.45799999996924506,2.8213409386523836e-10,3.075512067240993e-11,-2.824041001048272e-12,0.00032942065808866383
cc7d03a3a03a3325,0,faa,1177,0,1,-0.1,False,0.0,0.9,0.6199999999968623,0.6199999999996864,3.13782333449808e-12,3.1374902675906924e-13,0.0,0.00032942065808866383
cc7d03a3a03a3325,0,faa,1178,1,1,-0.1,False,0.0,0.9,0.8,0.8,0.0,0.0,0.0,0.00032942065808866383
cc7d03a3a03a3325,0,faa,1179,2,1,1.0,True,0.0,0.9,1.0,1.0,0.0,0.0,0.0,0.00032942065808866383
cc7d03a3a03a3325,0,faa,1180,2,1,1.0,True,0.0,0.9,1.0,1.0,0.0,0.0,0.0,0.00032942065808866383
cc7d03a3a03a3325,0,faa,1181,2,1,1.0,True,0.0,0.9,1.0,1.0,0.0,0.0,0.0,0.00032942065808866383
cc7d03a3a03a3325,0,faa,1182,2,1,1.0,True,0.0,0.9,1.0,1.0,0.0,0.0,0.0,0.00032942065808866383
cc7d03a3a03a3325,0,faa,1183,2,1,1.0,True,0.0,0.9,1.0,1.0,0.0,0.0,0.0,0.00032942065808866383
cc7d03a3a03a3325,0,faa,1184,2,1,1.0,True,0.0,0.9,1.0,1.0,0.0,0.0,0.0,0.00032942065808866383
cc7d03a3a03a3325,0,faa,1185,2,1,1.0,True,0.0,0.9,1.0,1.0,0.0,0.0,0.0,0.00032942065808866383
cc7d03a3a03a3325,0,faa,1186,2,1,1.0,True,0.0,0.9,1.0,1.0,0.0,0.0,0.0,0.00032942065808866383
cc7d03a3a03a3325,0,faa,1187,2,1,1.0,True,0.0,0.9,1.0,1.0,0.0,0.0,0.0,0.00032942065808866383
cc7d03a3a03a3325,0,faa,1188,2,1,1.0,True,0.0,0.9,1.0,1.0,0.0,0.0,0.0,0.00032942065808866383
cc7d03a3a03a3325,0,faa,1189,2,0,-0.1,False,0.0,0.9,0.6200000000000001,0.6200000000000001,0.0,0.0,0.0,0.00032942065808866383
cc7d03a3a03a3325,0,faa,1190,1,0,-0.1,False,0.0,0.9,0.45799999996924506,0.4579999999966705,3.075512067240993e-11,3.329669873153307e-12,-2.823741240831623e-13,0.00032942065808866383
cc7d03a3a03a3325,0,faa,1191,0,1,-0.1,False,0.0,0.9,0.6199999999996864,0.6199999999999688,3.1374902675906924e-13,3.1308289294429414e-14,0.0,0.00032942065808866383
cc7d03a3a03a3325,0,faa,1192,1,1,-0.1,False,0.0,0.9,0.8,0.8,0.0,0.0,0.0,0.00032942065808866383
cc7d03a3a03a3325,0,faa,1193,2,1,1.0,True,0.0,0.9,1.0,1.0,0.0,0.0,0.0,0.00032942065808866383
cc7d03a3a03a3325,0,faa,1194,2,1,1.0,True,0.0,0.9,1.0,1.0,0.0,0.0,0.0,0.00032942065808866383
cc7d03a3a03a3325,0,faa,1195,2,1,1.0,True,0.0,0.9,1.0,1.0,0.0,0.0,0.0,0.00032942065808866383
cc7d03a3a03a3325,0,faa,1196,2,1,1.0,True,0.0,0.9,1.0,1.0,0.0,0.0,0.0,0.00032942065808866383
cc7d03a3a03a3325,0,faa,1197,2,1,1.0,True,0.0,0.9,1.0,1.0,0.0,0.0,0.0,0.00032942065808866383
cc7d03a3a03a3325,0,faa,1198,2,1,1.0,True,0.0,0.9,1.0,1.0,0.0,0.0,0.0,0.00032942065808866383
cc7d03a3a03a3325,0,faa,1199,2,0,-0.1,False,0.0,0.9,0.6200000000000001,0.6200000000000001,0.0,0.0,0.0,0.00032942065808866383
cc7d03a3a03a3325,0,faa,1200,1,1,-0.1,False,0.0,0.9,0.8,0.8,0.0,0.0,0.0,0.00032942065808866383
cc7d03a3a03a3325,0,faa,1201,2,0,-0.1,False,0.0,0.9,0.6200000000000001,0.6200000000000001,0.0,0.0,0.0,0.00032942065808866383
cc7d03a3a03a3325,0,faa,1202,1,1,-0.1,False,0.0,0.9,0.8,0.8,0.0,0.0,0.0,0.00032942065808866383
cc7d03a3a03a3325,0,faa,1203,2,1,1.0,True,0.0,0.9,1.0,1.0,0.0,0.0,0.0,0.00032942065808866383
cc7d03a3a03a3325,0,faa,1204,2,1,1.0,True,0.0,0.9,1.0,1.0,0.0,0.0,0.0,0.00032942065808866383
cc7d03a3a03a3325,0,faa,1205,2,1,1.0,True,0.0,0.9,1.0,1.0,0.0,0.0,0.0,0.00032942065808866383
cc7d03a3a03a3325,0,faa,1206,2,1,1.0,True,0.0,0.9,1.0,1.0,0.0,0.0,0.0,0.00032942065808866383
cc7d03a3a03a3325,0,faa,1207,2,0,-0.1,False,0.0,0.9,0.6200000000000001,0.6200000000000001,0.0,0.0,0.0,0.00032942065808866383
cc7d03a3a03a3325,0,faa,1208,1,1,-0.1,False,0.0,0.9,0.8,0.8,0.0,0.0,0.0,0.00032942065808866383
cc7d03a3a03a3325,0,faa,1209,2,1,1.0,True,0.0,0.9,1.0,1.0,0.0,0.0,0.0,0.00032942065808866383
cc7d03a3a03a3325,0,faa,1210,2,1,1.0,True,0.0,0.9,1.0,1.0,0.0,0.0,0.0,0.00032942065808866383
cc7d03a3a03a3325,0,faa,1211,2,1,1.0,True,0.0,0.9,1.0,1.0,0.0,0.0,0.0,0.00032942065808866383
cc7d03a3a03a3325,0,faa,1212,2,1,1.0,True,0.0,0.9,1.0,1.0,0.0,0.0,0.0,0.00032942065808866383
cc7d03a3a03a3325,0,faa,1213,2,1,1.0,True,0.0,0.9,1.0,1.0,0.0,0.0,0.0,0.00032942065808866383
cc7d03a3a03a3325,0,faa,1214,2,1,1.0,True,0.0,0.9,1.0,1.0,0.0,0.0,0.0,0.00032942065808866383
cc7d03a3a03a3325,0,faa,1215,2,1,1.0,True,0.0,0.9,1.0,1.0,0.0,0.0,0.0,0.00032942065808866383
cc7d03a3a03a3325,0,faa,1216,2,1,1.0,True,0.0,0.9,1.0,1.0,0.0,0.0,0.0,0.00032942065808866383
cc7d03a3a03a3325,0,faa,1217,2,1,1.0,True,0.0,0.9,1.0,1.0,0.0,0.0,0.0,0.00032942065808866383
cc7d03a3a03a3325,0,faa,1218,2,1,1.0,True,0.0,0.9,1.0,1.0,0.0,0.0,0.0,0.00032942065808866383
cc7d03a3a03a3325,0,faa,1219,2,1,1.0,True,0.0,0.9,1.0,1.0,0.0,0.0,0.0,0.00032942065808866383
cc7d03a3a03a3325,0,faa,1220,2,1,1.0,True,0.0,0.9,1.0,1.0,0.0,0.0,0.0,0.00032942065808866383
cc7d03a3a03a3325,0,faa,1221,2,1,1.0,True,0.0,0.9,1.0,1.0,0.0,0.0,0.0,0.00032942065808866383
cc7d03a3a03a3325,0,faa,1222,2,1,1.0,True,0.0,0.9,1.0,1.0,0.0,0.0,0.0,0.00032942065808866383
cc7d03a3a03a3325,0,faa,1223,2,1,1.0,True,0.0,0.9,1.0,1.0,0.0,0.0,0.0,0.00032942065808866383
cc7d03a3a03a3325,0,faa,1224,2,1,1.0,True,0.0,0.9,1.0,1.0,0.0,0.0,0.0,0.00032942065808866383
cc7d03a3a03a3325,0,faa,1225,2,1,1.0,True,0.0,0.9,1.0,1.0,0.0,0.0,0.0,0.00032942065808866383
cc7d03a3a03a3325,0,faa,1226,2,1,1.0,True,0.0,0.9,1.0,1.0,0.0,0.0,0.0,0.00032942065808866383
cc7d03a3a03a3325,0,faa,1227,2,1,1.0,True,0.0,0.9,1.0,1.0,0.0,0.0,0.0,0.00032942065808866383
cc7d03a3a03a3325,0,faa,1228,2,1,1.0,True,0.0,0.9,1.0,1.0,0.0,0.0,0.0,0.00032942065808866383
cc7d03a3a03a3325,0,faa,1229,2,0,-0.1,False,0.0,0.9,0.6200000000000001,0.6200000000000001,0.0,0.0,0.0,0.00032942065808866383
cc7d03a3a03a3325,0,faa,1230,1,1,-0.1,False,0.0,0.9,0.8,0.8,0.0,0.0,0.0,0.00032942065808866383
cc7d03a3a03a3325,0,faa,1231,2,1,1.0,True,0.0,0.9,1.0,1.0,0.0,0.0,0.0,0.00032942065808866383
cc7d03a3a03a3325,0,faa,1232,2,1,1.0,True,0.0,0.9,1.0,1.0,0.0,0.0,0.0,0.00032942065808866383
cc7d03a3a03a3325,0,faa,1233,2,1,1.0,True,0.0,0.9,1.0,1.0,0.0,0.0,0.0,0.00032942065808866383
cc7d03a3a03a3325,0,faa,1234,2,1,1.0,True,0.0,0.9,1.0,1.0,0.0,0.0,0.0,0.00032942065808866383
cc7d03a3a03a3325,0,faa,1235,2,0,-0.1,False,0.0,0.9,0.6200000000000001,0.6200000000000001,0.0,0.0,0.0,0.00032942065808866383
cc7d03a3a03a3325,0,faa,1236,1,0,-0.1,False,0.0,0.9,0.4579999999966705,0.45799999999964186,3.329669873153307e-12,3.5832448119776927e-13,-2.8177460364986474e-14,0.00032942065808866383
cc7d03a3a03a3325,0,faa,1237,0,0,-0.1,False,0.0,0.9,0.4576705793419115,0.4579670579341659,0.00032942065808866383,3.2942065834262735e-05,-2.8177460364986474e-14,3.2942065834262735e-05
cc7d03a3a03a3325,0,faa,1238,0,0,-0.1,False,0.0,0.9,0.4579670579341659,0.4579967057933914,3.2942065834262735e-05,3.294206608772665e-06,-2.8177460364986474e-14,3.294206608772665e-06
cc7d03a3a03a3325,0,faa,1239,0,1,-0.1,False,0.0,0.9,0.6199999999999688,0.619999999999997,3.1308289294429414e-14,3.1086244689504383e-15,0.0,3.294206608772665e-06
cc7d03a3a03a3325,0,faa,1240,1,1,-0.1,False,0.0,0.9,0.8,0.8,0.0,0.0,0.0,3.294206608772665e-06
cc7d03a3a03a3325,0,faa,1241,2,1,1.0,True,0.0,0.9,1.0,1.0,0.0,0.0,0.0,3.294206608772665e-06
cc7d03a3a03a3325,0,faa,1242,2,1,1.0,True,0.0,0.9,1.0,1.0,0.0,0.0,0.0,3.294206608772665e-06
cc7d03a3a03a3325,0,faa,1243,2,0,-0.1,False,0.0,0.9,0.6200000000000001,0.6200000000000001,0.0,0.0,0.0,3.294206608772665e-06
cc7d03a3a03a3325,0,faa,1244,1,1,-0.1,False,0.0,0.9,0.8,0.8,0.0,0.0,0.0,3.294206608772665e-06
cc7d03a3a03a3325,0,faa,1245,2,0,-0.1,False,0.0,0.9,0.6200000000000001,0.6200000000000001,0.0,0.0,0.0,3.294206608772665e-06
cc7d03a3a03a3325,0,faa,1246,1,0,-0.1,False,0.0,0.9,0.45799999999964186,0.45799999999996177,3.5832448119776927e-13,3.8413716652030416e-14,-2.7977620220553944e-15,3.294206608772665e-06
cc7d03a3a03a3325,0,faa,1247,0,1,-0.1,False,0.0,0.9,0.619999999999997,0.6199999999999999,3.1086244689504383e-15,2.220446049250313e-16,0.0,3.294206608772665e-06
cc7d03a3a03a3325,0,faa,1248,1,0,-0.1,False,0.0,0.9,0.45799999999996177,0.45799999999999613,3.8413716652030416e-14,4.052314039881821e-15,-1.9984014443252818e-16,3.294206608772665e-06
cc7d03a3a03a3325,0,faa,1249,0,0,-0.1,False,0.0,0.9,0.4579967057933914,0.4579996705793391,3.294206608772665e-06,3.2942066108265777e-07,-1.9984014443252818e-16,3.2942066108265777e-07
cc7d03a3a03a3325,0,faa,1250,0,1,-0.1,False,0.0,0.9,0.6199999999999999,0.6200000000000001,2.220446049250313e-16,0.0,0.0,3.2942066108265777e-07
cc7d03a3a03a3325,0,faa,1251,1,1,-0.1,False,0.0,0.9,0.8,0.8,0.0,0.0,0.0,3.2942066108265777e-07
cc7d03a3a03a3325,0,faa,1252,2,1,1.0,True,0.0,0.9,1.0,1.0,0.0,0.0,0.0,3.2942066108265777e-07
cc7d03a3a03a3325,0,faa,1253,2,1,1.0,True,0.0,0.9,1.0,1.0,0.0,0.0,0.0,3.2942066108265777e-07
cc7d03a3a03a3325,0,faa,1254,2,1,1.0,True,0.0,0.9,1.0,1.0,0.0,0.0,0.0,3.2942066108265777e-07
cc7d03a3a03a3325,0,faa,1255,2,1,1.0,True,0.0,0.9,1.0,1.0,0.0,0.0,0.0,3.2942066108265777e-07
cc7d03a3a03a3325,0,faa,1256,2,1,1.0,True,0.0,0.9,1.0,1.0,0.0,0.0,0.0,3.2942066108265777e-07
cc7d03a3a03a3325,0,faa,1257,2,1,1.0,True,0.0,0.9,1.0,1.0,0.0,0.0,0.0,3.2942066108265777e-07
cc7d03a3a03a3325,0,faa,1258,2,1,1.0,True,0.0,0.9,1.0,1.0,0.0,0.0,0.0,3.2942066108265777e-07
cc7d03a3a03a3325,0,faa,1259,2,1,1.0,True,0.0,0.9,1.0,1.0,0.0,0.0,0.0,3.2942066108265777e-07
cc7d03a3a03a3325,0,faa,1260,2,0,-0.1,False,0.0,0.9,0.6200000000000001,0.6200000000000001,0.0,0.0,0.0,3.2942066108265777e-07
cc7d03a3a03a3325,0,faa,1261,1,1,-0.1,False,0.0,0.9,0.8,0.8,0.0,0.0,0.0,3.2942066108265777e-07
cc7d03a3a03a3325,0,faa,1262,2,1,1.0,True,0.0,0.9,1.0,1.0,0.0,0.0,0.0,3.2942066108265777e-07
cc7d03a3a03a3325,0,faa,1263,2,1,1.0,True,0.0,0.9,1.0,1.0,0.0,0.0,0.0,3.2942066108265777e-07
cc7d03a3a03a3325,0,faa,1264,2,0,-0.1,False,0.0,0.9,0.6200000000000001,0.6200000000000001,0.0,0.0,0.0,3.2942066108265777e-07
cc7d03a3a03a3325,0,faa,1265,1,1,-0.1,False,0.0,0.9,0.8,0.8,0.0,0.0,0.0,3.2942066108265777e-07
cc7d03a3a03a3325,0,faa,1266,2,0,-0.1,False,0.0,0.9,0.6200000000000001,0.6200000000000001,0.0,0.0,0.0,3.2942066108265777e-07
cc7d03a3a03a3325,0,faa,1267,1,1,-0.1,False,0.0,0.9,0.8,0.8,0.0,0.0,0.0,3.2942066108265777e-07
cc7d03a3a03a3325,0,faa,1268,2,1,1.0,True,0.0,0.9,1.0,1.0,0.0,0.0,0.0,3.2942066108265777e-07
cc7d03a3a03a3325,0,faa,1269,2,1,1.0,True,0.0,0.9,1.0,1.0,0.0,0.0,0.0,3.2942066108265777e-07
cc7d03a3a03a3325,0,faa,1270,2,1,1.0,True,0.0,0.9,1.0,1.0,0.0,0.0,0.0,3.2942066108265777e-07
cc7d03a3a03a3325,0,faa,1271,2,1,1.0,True,0.0,0.9,1.0,1.0,0.0,0.0,0.0,3.2942066108265777e-07
cc7d03a3a03a3325,0,faa,1272,2,1,1.0,True,0.0,0.9,1.0,1.0,0.0,0.0,0.0,3.2942066108265777e-07
cc7d03a3a03a3325,0,faa,1273,2,1,1.0,True,0.0,0.9,1.0,1.0,0.0,0.0,0.0,3.2942066108265777e-07
cc7d03a3a03a3325,0,faa,1274,2,1,1.0,True,0.0,0.9,1.0,1.0,0.0,0.0,0.0,3.2942066108265777e-07
cc7d03a3a03a3325,0,faa,1275,2,1,1.0,True,0.0,0.9,1.0,1.0,0.0,0.0,0.0,3.2942066108265777e-07
cc7d03a3a03a3325,0,faa,1276,2,1,1.0,True,0.0,0.9,1.0,1.0,0.0,0.0,0.0,3.2942066108265777e-07
cc7d03a3a03a3325,0,faa,1277,2,1,1.0,True,0.0,0.9,1.0,1.0,0.0,0.0,0.0,3.2942066108265777e-07
cc7d03a3a03a3325,0,faa,1278,2,1,1.0,True,0.0,0.9,1.0,1.0,0.0,0.0,0.0,3.2942066108265777e-07
cc7d03a3a03a3325,0,faa,1279,2,1,1.0,True,0.0,0.9,1.0,1.0,0.0,0.0,0.0,3.2942066108265777e-07
cc7d03a3a03a3325,0,faa,1280,2,1,1.0,True,0.0,0.9,1.0,1.0,0.0,0.0,0.0,3.2942066108265777e-07
cc7d03a3a03a3325,0,faa,1281,2,1,1.0,True,0.0,0.9,1.0,1.0,0.0,0.0,0.0,3.2942066108265777e-07
cc7d03a3a03a3325,0,faa,1282,2,1,1.0,True,0.0,0.9,1.0,1.0,0.0,0.0,0.0,3.2942066108265777e-07
cc7d03a3a03a3325,0,faa,1283,2,1,1.0,True,0.0,0.9,1.0,1.0,0.0,0.0,0.0,3.2942066108265777e-07
cc7d03a3a03a3325,0,faa,1284,2,0,-0.1,False,0.0,0.9,0.6200000000000001,0.6200000000000001,0.0,0.0,0.0,3.2942066108265777e-07
cc7d03a3a03a3325,0,faa,1285,1,1,-0.1,False,0.0,0.9,0.8,0.8,0.0,0.0,0.0,3.2942066108265777e-07
cc7d03a3a03a3325,0,faa,1286,2,1,1.0,True,0.0,0.9,1.0,1.0,0.0,0.0,0.0,3.2942066108265777e-07
cc7d03a3a03a3325,0,faa,1287,2,1,1.0,True,0.0,0.9,1.0,1.0,0.0,0.0,0.0,3.2942066108265777e-07
cc7d03a3a03a3325,0,faa,1288,2,1,1.0,True,0.0,0.9,1.0,1.0,0.0,0.0,0.0,3.2942066108265777e-07
cc7d03a3a03a3325,0,faa,1289,2,1,1.0,True,0.0,0.9,1.0,1.0,0.0,0.0,0.0,3.2942066108265777e-07
cc7d03a3a03a3325,0,faa,1290,2,1,1.0,True,0.0,0.9,1.0,1.0,0.0,0.0,0.0,3.2942066108265777e-07
cc7d03a3a03a3325,0,faa,1291,2,0,-0.1,False,0.0,0.9,0.6200000000000001,0.6200000000000001,0.0,0.0,0.0,3.2942066108265777e-07
cc7d03a3a03a3325,0,faa,1292,1,1,-0.1,False,0.0,0.9,0.8,0.8,0.0,0.0,0.0,3.2942066108265777e-07
cc7d03a3a03a3325,0,faa,1293,2,1,1.0,True,0.0,0.9,1.0,1.0,0.0,0.0,0.0,3.2942066108265777e-07
cc7d03a3a03a3325,0,faa,1294,2,1,1.0,True,0.0,0.9,1.0,1.0,0.0,0.0,0.0,3.2942066108265777e-07
cc7d03a3a03a3325,0,faa,1295,2,0,-0.1,False,0.0,0.9,0.6200000000000001,0.6200000000000001,0.0,0.0,0.0,3.2942066108265777e-07
cc7d03a3a03a3325,0,faa,1296,1,1,-0.1,False,0.0,0.9,0.8,0.8,0.0,0.0,0.0,3.2942066108265777e-07
cc7d03a3a03a3325,0,faa,1297,2,1,1.0,True,0.0,0.9,1.0,1.0,0.0,0.0,0.0,3.2942066108265777e-07
cc7d03a3a03a3325,0,faa,1298,2,1,1.0,True,0.0,0.9,1.0,1.0,0.0,0.0,0.0,3.2942066108265777e-07
cc7d03a3a03a3325,0,faa,1299,2,1,1.0,True,0.0,0.9,1.0,1.0,0.0,0.0,0.0,3.2942066108265777e-07
cc7d03a3a03a3325,0,faa,1300,2,1,1.0,True,0.0,0.9,1.0,1.0,0.0,0.0,0.0,3.2942066108265777e-07
cc7d03a3a03a3325,0,faa,1301,2,1,1.0,True,0.0,0.9,1.0,1.0,0.0,0.0,0.0,3.2942066108265777e-07
cc7d03a3a03a3325,0,faa,1302,2,1,1.0,True,0.0,0.9,1.0,1.0,0.0,0.0,0.0,3.2942066108265777e-07
cc7d03a3a03a3325,0,faa,1303,2,0,-0.1,False,0.0,0.9,0.6200000000000001,0.6200000000000001,0.0,0.0,0.0,3.2942066108265777e-07
cc7d03a3a03a3325,0,faa,1304,1,1,-0.1,False,0.0,0.9,0.8,0.8,0.0,0.0,0.0,3.2942066108265777e-07
cc7d03a3a03a3325,0,faa,1305,2,1,1.0,True,0.0,0.9,1.0,1.0,0.0,0.0,0.0,3.2942066108265777e-07
cc7d03a3a03a3325,0,faa,1306,2,1,1.0,True,0.0,0.9,1.0,1.0,0.0,0.0,0.0,3.2942066108265777e-07
cc7d03a3a03a3325,0,faa,1307,2,1,1.0,True,0.0,0.9,1.0,1.0,0.0,0.0,0.0,3.2942066108265777e-07
cc7d03a3a03a3325,0,faa,1308,2,0,-0.1,False,0.0,0.9,0.6200000000000001,0.6200000000000001,0.0,0.0,0.0,3.2942066108265777e-07
cc7d03a3a03a3325,0,faa,1309,1,1,-0.1,False,0.0,0.9,0.8,0.8,0.0,0.0,0.0,3.2942066108265777e-07
cc7d03a3a03a3325,0,faa,1310,2,0,-0.1,False,0.0,0.9,0.6200000000000001,0.6200000000000001,0.0,0.0,0.0,3.2942066108265777e-07
cc7d03a3a03a3325,0,faa,1311,1,1,-0.1,False,0.0,0.9,0.8,0.8,0.0,0.0,0.0,3.2942066108265777e-07
cc7d03a3a03a3325,0,faa,1312,2,1,1.0,True,0.0,0.9,1.0,1.0,0.0,0.0,0.0,3.2942066108265777e-07
cc7d03a3a03a3325,0,faa,1313,2,1,1.0,True,0.0,0.9,1.0,1.0,0.0,0.0,0.0,3.2942066108265777e-07
cc7d03a3a03a3325,0,faa,1314,2,1,1.0,True,0.0,0.9,1.0,1.0,0.0,0.0,0.0,3.2942066108265777e-07
cc7d03a3a03a3325,0,faa,1315,2,1,1.0,True,0.0,0.9,1.0,1.0,0.0,0.0,0.0,3.2942066108265777e-07
cc7d03a3a03a3325,0,faa,1316,2,1,1.0,True,0.0,0.9,1.0,1.0,0.0,0.0,0.0,3.2942066108265777e-07
cc7d03a3a03a3325,0,faa,1317,2,1,1.0,True,0.0,0.9,1.0,1.0,0.0,0.0,0.0,3.2942066108265777e-07
cc7d03a3a03a3325,0,faa,1318,2,0,-0.1,False,0.0,0.9,0.6200000000000001,0.6200000000000001,0.0,0.0,0.0,3.2942066108265777e-07
cc7d03a3a03a3325,0,faa,1319,1,1,-0.1,False,0.0,0.9,0.8,0.8,0.0,0.0,0.0,3.2942066108265777e-07
cc7d03a3a03a3325,0,faa,1320,2,1,1.0,True,0.0,0.9,1.0,1.0,0.0,0.0,0.0,3.2942066108265777e-07
cc7d03a3a03a3325,0,faa,1321,2,1,1.0,True,0.0,0.9,1.0,1.0,0.0,0.0,0.0,3.2942066108265777e-07
cc7d03a3a03a3325,0,faa,1322,2,1,1.0,True,0.0,0.9,1.0,1.0,0.0,0.0,0.0,3.2942066108265777e-07
cc7d03a3a03a3325,0,faa,1323,2,1,1.0,True,0.0,0.9,1.0,1.0,0.0,0.0,0.0,3.2942066108265777e-07
cc7d03a3a03a3325,0,faa,1324,2,0,-0.1,False,0.0,0.9,0.6200000000000001,0.6200000000000001,0.0,0.0,0.0,3.2942066108265777e-07
cc7d03a3a03a3325,0,faa,1325,1,1,-0.1,False,0.0,0.9,0.8,0.8,0.0,0.0,0.0,3.2942066108265777e-07
cc7d03a3a03a3325,0,faa,1326,2,1,1.0,True,0.0,0.9,1.0,1.0,0.0,0.0,0.0,3.2942066108265777e-07
cc7d03a3a03a3325,0,faa,1327,2,1,1.0,True,0.0,0.9,1.0,1.0,0.0,0.0,0.0,3.2942066108265777e-07
cc7d03a3a03a3325,0,faa,1328,2,1,1.0,True,0.0,0.9,1.0,1.0,0.0,0.0,0.0,3.2942066108265777e-07
cc7d03a3a03a3325,0,faa,1329,2,1,1.0,True,0.0,0.9,1.0,1.0,0.0,0.0,0.0,3.2942066108265777e-07
cc7d03a3a03a3325,0,faa,1330,2,1,1.0,True,0.0,0.9,1.0,1.0,0.0,0.0,0.0,3.2942066108265777e-07
cc7d03a3a03a3325,0,faa,1331,2,1,1.0,True,0.0,0.9,1.0,1.0,0.0,0.0,0.0,3.2942066108265777e-07
cc7d03a3a03a3325,0,faa,1332,2,1,1.0,True,0.0,0.9,1.0,1.0,0.0,0.0,0.0,3.2942066108265777e-07
cc7d03a3a03a3325,0,faa,1333,2,1,1.0,True,0.0,0.9,1.0,1.0,0.0,0.0,0.0,3.2942066108265777e-07
cc7d03a3a03a3325,0,faa,1334,2,1,1.0,True,0.0,0.9,1.0,1.0,0.0,0.0,0.0,3.2942066108265777e-07
cc7d03a3a03a3325,0,faa,1335,2,0,-0.1,False,0.0,0.9,0.6200000000000001,0.6200000000000001,0.0,0.0,0.0,3.2942066108265777e-07
cc7d03a3a03a3325,0,faa,1336,1,1,-0.1,False,0.0,0.9,0.8,0.8,0.0,0.0,0.0,3.2942066108265777e-07
cc7d03a3a03a3325,0,faa,1337,2,1,1.0,True,0.0,0.9,1.0,1.0,0.0,0.0,0.0,3.2942066108265777e-07
cc7d03a3a03a3325,0,faa,1338,2,1,1.0,True,0.0,0.9,1.0,1.0,0.0,0.0,0.0,3.2942066108265777e-07
cc7d03a3a03a3325,0,faa,1339,2,1,1.0,True,0.0,0.9,1.0,1.0,0.0,0.0,0.0,3.2942066108265777e-07
cc7d03a3a03a3325,0,faa,1340,2,1,1.0,True,0.0,0.9,1.0,1.0,0.0,0.0,0.0,3.2942066108265777e-07
cc7d03a3a03a3325,0,faa,1341,2,1,1.0,True,0.0,0.9,1.0,1.0,0.0,0.0,0.0,3.2942066108265777e-07
cc7d03a3a03a3325,0,faa,1342,2,0,-0.1,False,0.0,0.9,0.6200000000000001,0.6200000000000001,0.0,0.0,0.0,3.2942066108265777e-07
cc7d03a3a03a3325,0,faa,1343,1,1,-0.1,False,0.0,0.9,0.8,0.8,0.0,0.0,0.0,3.2942066108265777e-07
cc7d03a3a03a3325,0,faa,1344,2,1,1.0,True,0.0,0.9,1.0,1.0,0.0,0.0,0.0,3.2942066108265777e-07
cc7d03a3a03a3325,0,faa,1345,2,0,-0.1,False,0.0,0.9,0.6200000000000001,0.6200000000000001,0.0,0.0,0.0,3.2942066108265777e-07
cc7d03a3a03a3325,0,faa,1346,1,1,-0.1,False,0.0,0.9,0.8,0.8,0.0,0.0,0.0,3.2942066108265777e-07
cc7d03a3a03a3325,0,faa,1347,2,1,1.0,True,0.0,0.9,1.0,1.0,0.0,0.0,0.0,3.2942066108265777e-07
cc7d03a3a03a3325,0,faa,1348,2,1,1.0,True,0.0,0.9,1.0,1.0,0.0,0.0,0.0,3.2942066108265777e-07
cc7d03a3a03a3325,0,faa,1349,2,1,1.0,True,0.0,0.9,1.0,1.0,0.0,0.0,0.0,3.2942066108265777e-07
cc7d03a3a03a3325,0,faa,1350,2,1,1.0,True,0.0,0.9,1.0,1.0,0.0,0.0,0.0,3.2942066108265777e-07
cc7d03a3a03a3325,0,faa,1351,2,1,1.0,True,0.0,0.9,1.0,1.0,0.0,0.0,0.0,3.2942066108265777e-07
cc7d03a3a03a3325,0,faa,1352,2,1,1.0,True,0.0,0.9,1.0,1.0,0.0,0.0,0.0,3.2942066108265777e-07
cc7d03a3a03a3325,0,faa,1353,2,1,1.0,True,0.0,0.9,1.0,1.0,0.0,0.0,0.0,3.2942066108265777e-07
cc7d03a3a03a3325,0,faa,1354,2,1,1.0,True,0.0,0.9,1.0,1.0,0.0,0.0,0.0,3.2942066108265777e-07
cc7d03a3a03a3325,0,faa,1355,2,0,-0.1,False,0.0,0.9,0.6200000000000001,0.6200000000000001,0.0,0.0,0.0,3.2942066108265777e-07
cc7d03a3a03a3325,0,faa,1356,1,1,-0.1,False,0.0,0.9,0.8,0.8,0.0,0.0,0.0,3.2942066108265777e-07
cc7d03a3a03a3325,0,faa,1357,2,1,1.0,True,0.0,0.9,1.0,1.0,0.0,0.0,0.0,3.2942066108265777e-07
cc7d03a3a03a3325,0,faa,1358,2,1,1.0,True,0.0,0.9,1.0,1.0,0.0,0.0,0.0,3.2942066108265777e-07
cc7d03a3a03a3325,0,faa,1359,2,1,1.0,True,0.0,0.9,1.0,1.0,0.0,0.0,0.0,3.2942066108265777e-07
cc7d03a3a03a3325,0,faa,1360,2,1,1.0,True,0.0,0.9,1.0,1.0,0.0,0.0,0.0,3.2942066108265777e-07
cc7d03a3a03a3325,0,faa,1361,2,1,1.0,True,0.0,0.9,1.0,1.0,0.0,0.0,0.0,3.2942066108265777e-07
cc7d03a3a03a3325,0,faa,1362,2,1,1.0,True,0.0,0.9,1.0,1.0,0.0,0.0,0.0,3.2942066108265777e-07
cc7d03a3a03a3325,0,faa,1363,2,1,1.0,True,0.0,0.9,1.0,1.0,0.0,0.0,0.0,3.2942066108265777e-07
cc7d03a3a03a3325,0,faa,1364,2,0,-0.1,False,0.0,0.9,0.6200000000000001,0.6200000000000001,0.0,0.0,0.0,3.2942066108265777e-07
cc7d03a3a03a3325,0,faa,1365,1,1,-0.1,False,0.0,0.9,0.8,0.8,0.0,0.0,0.0,3.2942066108265777e-07
cc7d03a3a03a3325,0,faa,1366,2,1,1.0,True,0.0,0.9,1.0,1.0,0.0,0.0,0.0,3.2942066108265777e-07
cc7d03a3a03a3325,0,faa,1367,2,1,1.0,True,0.0,0.9,1.0,1.0,0.0,0.0,0.0,3.2942066108265777e-07
cc7d03a3a03a3325,0,faa,1368,2,1,1.0,True,0.0,0.9,1.0,1.0,0.0,0.0,0.0,3.2942066108265777e-07
cc7d03a3a03a3325,0,faa,1369,2,1,1.0,True,0.0,0.9,1.0,1.0,0.0,0.0,0.0,3.2942066108265777e-07
cc7d03a3a03a3325,0,faa,1370,2,1,1.0,True,0.0,0.9,1.0,1.0,0.0,0.0,0.0,3.2942066108265777e-07
cc7d03a3a03a3325,0,faa,1371,2,1,1.0,True,0.0,0.9,1.0,1.0,0.0,0.0,0.0,3.2942066108265777e-07
cc7d03a3a03a3325,0,faa,1372,2,0,-0.1,False,0.0,0.9,0.6200000000000001,0.6200000000000001,0.0,0.0,0.0,3.2942066108265777e-07
cc7d03a3a03a3325,0,faa,1373,1,1,-0.1,False,0.0,0.9,0.8,0.8,0.0,0.0,0.0,3.2942066108265777e-07
cc7d03a3a03a3325,0,faa,1374,2,1,1.0,True,0.0,0.9,1.0,1.0,0.0,0.0,0.0,3.2942066108265777e-07
cc7d03a3a03a3325,0,faa,1375,2,1,1.0,True,0.0,0.9,1.0,1.0,0.0,0.0,0.0,3.2942066108265777e-07
cc7d03a3a03a3325,0,faa,1376,2,0,-0.1,False,0.0,0.9,0.6200000000000001,0.6200000000000001,0.0,0.0,0.0,3.2942066108265777e-07
cc7d03a3a03a3325,0,faa,1377,1,1,-0.1,False,0.0,0.9,0.8,0.8,0.0,0.0,0.0,3.2942066108265777e-07
cc7d03a3a03a3325,0,faa,1378,2,1,1.0,True,0.0,0.9,1.0,1.0,0.0,0.0,0.0,3.2942066108265777e-07
cc7d03a3a03a3325,0,faa,1379,2,1,1.0,True,0.0,0.9,1.0,1.0,0.0,0.0,0.0,3.2942066108265777e-07
cc7d03a3a03a3325,0,faa,1380,2,1,1.0,True,0.0,0.9,1.0,1.0,0.0,0.0,0.0,3.2942066108265777e-07
cc7d03a3a03a3325,0,faa,1381,2,1,1.0,True,0.0,0.9,1.0,1.0,0.0,0.0,0.0,3.2942066108265777e-07
cc7d03a3a03a3325,0,faa,1382,2,1,1.0,True,0.0,0.9,1.0,1.0,0.0,0.0,0.0,3.2942066108265777e-07
cc7d03a3a03a3325,0,faa,1383,2,1,1.0,True,0.0,0.9,1.0,1.0,0.0,0.0,0.0,3.2942066108265777e-07
cc7d03a3a03a3325,0,faa,1384,2,1,1.0,True,0.0,0.9,1.0,1.0,0.0,0.0,0.0,3.2942066108265777e-07
cc7d03a3a03a3325,0,faa,1385,2,1,1.0,True,0.0,0.9,1.0,1.0,0.0,0.0,0.0,3.2942066108265777e-07
cc7d03a3a03a3325,0,faa,1386,2,1,1.0,True,0.0,0.9,1.0,1.0,0.0,0.0,0.0,3.2942066108265777e-07
cc7d03a3a03a3325,0,faa,1387,2,1,1.0,True,0.0,0.9,1.0,1.0,0.0,0.0,0.0,3.2942066108265777e-07
cc7d03a3a03a3325,0,faa,1388,2,1,1.0,True,0.0,0.9,1.0,1.0,0.0,0.0,0.0,3.2942066108265777e-07
cc7d03a3a03a3325,0,faa,1389,2,1,1.0,True,0.0,0.9,1.0,1.0,0.0,0.0,0.0,3.2942066108265777e-07
cc7d03a3a03a3325,0,faa,1390,2,1,1.0,True,0.0,0.9,1.0,1.0,0.0,0.0,0.0,3.2942066108265777e-07
cc7d03a3a03a3325,0,faa,1391,2,1,1.0,True,0.0,0.9,1.0,1.0,0.0,0.0,0.0,3.2942066108265777e-07
cc7d03a3a03a3325,0,faa,1392,2,1,1.0,True,0.0,0.9,1.0,1.0,0.0,0.0,0.0,3.2942066108265777e-07
cc7d03a3a03a3325,0,faa,1393,2,1,1.0,True,0.0,0.9,1.0,1.0,0.0,0.0,0.0,3.2942066108265777e-07
cc7d03a3a03a3325,0,faa,1394,2,1,1.0,True,0.0,0.9,1.0,1.0,0.0,0.0,0.0,3.2942066108265777e-07
cc7d03a3a03a3325,0,faa,1395,2,1,1.0,True,0.0,0.9,1.0,1.0,0.0,0.0,0.0,3.2942066108265777e-07
cc7d03a3a03a3325,0,faa,1396,2,1,1.0,True,0.0,0.9,1.0,1.0,0.0,0.0,0.0,3.2942066108265777e-07
cc7d03a3a03a3325,0,faa,1397,2,1,1.0,True,0.0,0.9,1.0,1.0,0.0,0.0,0.0,3.2942066108265777e-07
cc7d03a3a03a3325,0,faa,1398,2,1,1.0,True,0.0,0.9,1.0,1.0,0.0,0.0,0.0,3.2942066108265777e-07
cc7d03a3a03a3325,0,faa,1399,2,1,1.0,True,0.0,0.9,1.0,1.0,0.0,0.0,0.0,3.2942066108265777e-07
cc7d03a3a03a3325,0,faa,1400,2,1,1.0,True,0.0,0.9,1.0,1.0,0.0,0.0,0.0,3.2942066108265777e-07
cc7d03a3a03a3325,0,faa,1401,2,1,1.0,True,0.0,0.9,1.0,1.0,0.0,0.0,0.0,3.2942066108265777e-07
cc7d03a3a03a3325,0,faa,1402,2,1,1.0,True,0.0,0.9,1.0,1.0,0.0,0.0,0.0,3.2942066108265777e-07
cc7d03a3a03a3325,0,faa,1403,2,1,1.0,True,0.0,0.9,1.0,1.0,0.0,0.0,0.0,3.2942066108265777e-07
cc7d03a3a03a3325,0,faa,1404,2,1,1.0,True,0.0,0.9,1.0,1.0,0.0,0.0,0.0,3.2942066108265777e-07
cc7d03a3a03a3325,0,faa,1405,2,1,1.0,True,0.0,0.9,1.0,1.0,0.0,0.0,0.0,3.2942066108265777e-07
cc7d03a3a03a3325,0,faa,1406,2,1,1.0,True,0.0,0.9,1.0,1.0,0.0,0.0,0.0,3.2942066108265777e-07
cc7d03a3a03a3325,0,faa,1407,2,1,1.0,True,0.0,0.9,1.0,1.0,0.0,0.0,0.0,3.2942066108265777e-07
cc7d03a3a03a3325,0,faa,1408,2,1,1.0,True,0.0,0.9,1.0,1.0,0.0,0.0,0.0,3.2942066108265777e-07
cc7d03a3a03a3325,0,faa,1409,2,1,1.0,True,0.0,0.9,1.0,1.0,0.0,0.0,0.0,3.2942066108265777e-07
cc7d03a3a03a3325,0,faa,1410,2,0,-0.1,False,0.0,0.9,0.6200000000000001,0.6200000000000001,0.0,0.0,0.0,3.2942066108265777e-07
cc7d03a3a03a3325,0,faa,1411,1,1,-0.1,False,0.0,0.9,0.8,0.8,0.0,0.0,0.0,3.2942066108265777e-07
cc7d03a3a03a3325,0,faa,1412,2,1,1.0,True,0.0,0.9,1.0,1.0,0.0,0.0,0.0,3.2942066108265777e-07
cc7d03a3a03a3325,0,faa,1413,2,0,-0.1,False,0.0,0.9,0.6200000000000001,0.6200000000000001,0.0,0.0,0.0,3.2942066108265777e-07
cc7d03a3a03a3325,0,faa,1414,1,1,-0.1,False,0.0,0.9,0.8,0.8,0.0,0.0,0.0,3.2942066108265777e-07
cc7d03a3a03a3325,0,faa,1415,2,1,1.0,True,0.0,0.9,1.0,1.0,0.0,0.0,0.0,3.2942066108265777e-07
cc7d03a3a03a3325,0,faa,1416,2,1,1.0,True,0.0,0.9,1.0,1.0,0.0,0.0,0.0,3.2942066108265777e-07
cc7d03a3a03a3325,0,faa,1417,2,1,1.0,True,0.0,0.9,1.0,1.0,0.0,0.0,0.0,3.2942066108265777e-07
cc7d03a3a03a3325,0,faa,1418,2,0,-0.1,False,0.0,0.9,0.6200000000000001,0.6200000000000001,0.0,0.0,0.0,3.2942066108265777e-07
cc7d03a3a03a3325,0,faa,1419,1,1,-0.1,False,0.0,0.9,0.8,0.8,0.0,0.0,0.0,3.2942066108265777e-07
cc7d03a3a03a3325,0,faa,1420,2,1,1.0,True,0.0,0.9,1.0,1.0,0.0,0.0,0.0,3.2942066108265777e-07
cc7d03a3a03a3325,0,faa,1421,2,1,1.0,True,0.0,0.9,1.0,1.0,0.0,0.0,0.0,3.2942066108265777e-07
cc7d03a3a03a3325,0,faa,1422,2,1,1.0,True,0.0,0.9,1.0,1.0,0.0,0.0,0.0,3.2942066108265777e-07
cc7d03a3a03a3325,0,faa,1423,2,1,1.0,True,0.0,0.9,1.0,1.0,0.0,0.0,0.0,3.2942066108265777e-07
cc7d03a3a03a3325,0,faa,1424,2,1,1.0,True,0.0,0.9,1.0,1.0,0.0,0.0,0.0,3.2942066108265777e-07
cc7d03a3a03a3325,0,faa,1425,2,1,1.0,True,0.0,0.9,1.0,1.0,0.0,0.0,0.0,3.2942066108265777e-07
cc7d03a3a03a3325,0,faa,1426,2,1,1.0,True,0.0,0.9,1.0,1.0,0.0,0.0,0.0,3.2942066108265777e-07
cc7d03a3a03a3325,0,faa,1427,2,0,-0.1,False,0.0,0.9,0.6200000000000001,0.6200000000000001,0.0,0.0,0.0,3.2942066108265777e-07
cc7d03a3a03a3325,0,faa,1428,1,1,-0.1,False,0.0,0.9,0.8,0.8,0.0,0.0,0.0,3.2942066108265777e-07
cc7d03a3a03a3325,0,faa,1429,2,1,1.0,True,0.0,0.9,1.0,1.0,0.0,0.0,0.0,3.2942066108265777e-07
cc7d03a3a03a3325,0,faa,1430,2,1,1.0,True,0.0,0.9,1.0,1.0,0.0,0.0,0.0,3.2942066108265777e-07
cc7d03a3a03a3325,0,faa,1431,2,1,1.0,True,0.0,0.9,1.0,1.0,0.0,0.0,0.0,3.2942066108265777e-07
cc7d03a3a03a3325,0,faa,1432,2,1,1.0,True,0.0,0.9,1.0,1.0,0.0,0.0,0.0,3.2942066108265777e-07
cc7d03a3a03a3325,0,faa,1433,2,1,1.0,True,0.0,0.9,1.0,1.0,0.0,0.0,0.0,3.2942066108265777e-07
cc7d03a3a03a3325,0,faa,1434,2,1,1.0,True,0.0,0.9,1.0,1.0,0.0,0.0,0.0,3.2942066108265777e-07
cc7d03a3a03a3325,0,faa,1435,2,1,1.0,True,0.0,0.9,1.0,1.0,0.0,0.0,0.0,3.2942066108265777e-07
cc7d03a3a03a3325,0,faa,1436,2,1,1.0,True,0.0,0.9,1.0,1.0,0.0,0.0,0.0,3.2942066108265777e-07
cc7d03a3a03a3325,0,faa,1437,2,0,-0.1,False,0.0,0.9,0.6200000000000001,0.6200000000000001,0.0,0.0,0.0,3.2942066108265777e-07
cc7d03a3a03a3325,0,faa,1438,1,1,-0.1,False,0.0,0.9,0.8,0.8,0.0,0.0,0.0,3.2942066108265777e-07
cc7d03a3a03a3325,0,faa,1439,2,1,1.0,True,0.0,0.9,1.0,1.0,0.0,0.0,0.0,3.2942066108265777e-07
cc7d03a3a03a3325,0,faa,1440,2,0,-0.1,False,0.0,0.9,0.6200000000000001,0.6200000000000001,0.0,0.0,0.0,3.2942066108265777e-07
cc7d03a3a03a3325,0,faa,1441,1,1,-0.1,False,0.0,0.9,0.8,0.8,0.0,0.0,0.0,3.2942066108265777e-07
cc7d03a3a03a3325,0,faa,1442,2,1,1.0,True,0.0,0.9,1.0,1.0,0.0,0.0,0.0,3.2942066108265777e-07
cc7d03a3a03a3325,0,faa,1443,2,1,1.0,True,0.0,0.9,1.0,1.0,0.0,0.0,0.0,3.2942066108265777e-07
cc7d03a3a03a3325,0,faa,1444,2,1,1.0,True,0.0,0.9,1.0,1.0,0.0,0.0,0.0,3.2942066108265777e-07
cc7d03a3a03a3325,0,faa,1445,2,1,1.0,True,0.0,0.9,1.0,1.0,0.0,0.0,0.0,3.2942066108265777e-07
cc7d03a3a03a3325,0,faa,1446,2,1,1.0,True,0.0,0.9,1.0,1.0,0.0,0.0,0.0,3.2942066108265777e-07
cc7d03a3a03a3325,0,faa,1447,2,1,1.0,True,0.0,0.9,1.0,1.0,0.0,0.0,0.0,3.2942066108265777e-07
cc7d03a3a03a3325,0,faa,1448,2,1,1.0,True,0.0,0.9,1.0,1.0,0.0,0.0,0.0,3.2942066108265777e-07
cc7d03a3a03a3325,0,faa,1449,2,1,1.0,True,0.0,0.9,1.0,1.0,0.0,0.0,0.0,3.2942066108265777e-07
cc7d03a3a03a3325,0,faa,1450,2,1,1.0,True,0.0,0.9,1.0,1.0,0.0,0.0,0.0,3.2942066108265777e-07
cc7d03a3a03a3325,0,faa,1451,2,0,-0.1,False,0.0,0.9,0.6200000000000001,0.6200000000000001,0.0,0.0,0.0,3.2942066108265777e-07
cc7d03a3a03a3325,0,faa,1452,1,1,-0.1,False,0.0,0.9,0.8,0.8,0.0,0.0,0.0,3.2942066108265777e-07
cc7d03a3a03a3325,0,faa,1453,2,1,1.0,True,0.0,0.9,1.0,1.0,0.0,0.0,0.0,3.2942066108265777e-07
cc7d03a3a03a3325,0,faa,1454,2,1,1.0,True,0.0,0.9,1.0,1.0,0.0,0.0,0.0,3.2942066108265777e-07
cc7d03a3a03a3325,0,faa,1455,2,0,-0.1,False,0.0,0.9,0.6200000000000001,0.6200000000000001,0.0,0.0,0.0,3.2942066108265777e-07
cc7d03a3a03a3325,0,faa,1456,1,1,-0.1,False,0.0,0.9,0.8,0.8,0.0,0.0,0.0,3.2942066108265777e-07
cc7d03a3a03a3325,0,faa,1457,2,1,1.0,True,0.0,0.9,1.0,1.0,0.0,0.0,0.0,3.2942066108265777e-07
cc7d03a3a03a3325,0,faa,1458,2,1,1.0,True,0.0,0.9,1.0,1.0,0.0,0.0,0.0,3.2942066108265777e-07
cc7d03a3a03a3325,0,faa,1459,2,1,1.0,True,0.0,0.9,1.0,1.0,0.0,0.0,0.0,3.2942066108265777e-07
cc7d03a3a03a3325,0,faa,1460,2,0,-0.1,False,0.0,0.9,0.6200000000000001,0.6200000000000001,0.0,0.0,0.0,3.2942066108265777e-07
cc7d03a3a03a3325,0,faa,1461,1,0,-0.1,False,0.0,0.9,0.45799999999999613,0.4579999999999998,4.052314039881821e-15,3.885780586188048e-16,0.0,3.2942066108265777e-07
cc7d03a3a03a3325,0,faa,1462,0,1,-0.1,False,0.0,0.9,0.6200000000000001,0.6200000000000001,0.0,0.0,0.0,3.2942066108265777e-07
cc7d03a3a03a3325,0,faa,1463,1,1,-0.1,False,0.0,0.9,0.8,0.8,0.0,0.0,0.0,3.2942066108265777e-07
cc7d03a3a03a3325,0,faa,1464,2,1,1.0,True,0.0,0.9,1.0,1.0,0.0,0.0,0.0,3.2942066108265777e-07
cc7d03a3a03a3325,0,faa,1465,2,1,1.0,True,0.0,0.9,1.0,1.0,0.0,0.0,0.0,3.2942066108265777e-07
cc7d03a3a03a3325,0,faa,1466,2,1,1.0,True,0.0,0.9,1.0,1.0,0.0,0.0,0.0,3.2942066108265777e-07
cc7d03a3a03a3325,0,faa,1467,2,0,-0.1,False,0.0,0.9,0.6200000000000001,0.6200000000000001,0.0,0.0,0.0,3.2942066108265777e-07
cc7d03a3a03a3325,0,faa,1468,1,1,-0.1,False,0.0,0.9,0.8,0.8,0.0,0.0,0.0,3.2942066108265777e-07
cc7d03a3a03a3325,0,faa,1469,2,1,1.0,True,0.0,0.9,1.0,1.0,0.0,0.0,0.0,3.2942066108265777e-07
cc7d03a3a03a3325,0,faa,1470,2,1,1.0,True,0.0,0.9,1.0,1.0,0.0,0.0,0.0,3.2942066108265777e-07
cc7d03a3a03a3325,0,faa,1471,2,1,1.0,True,0.0,0.9,1.0,1.0,0.0,0.0,0.0,3.2942066108265777e-07
cc7d03a3a03a3325,0,faa,1472,2,1,1.0,True,0.0,0.9,1.0,1.0,0.0,0.0,0.0,3.2942066108265777e-07
cc7d03a3a03a3325,0,faa,1473,2,1,1.0,True,0.0,0.9,1.0,1.0,0.0,0.0,0.0,3.2942066108265777e-07
cc7d03a3a03a3325,0,faa,1474,2,1,1.0,True,0.0,0.9,1.0,1.0,0.0,0.0,0.0,3.2942066108265777e-07
cc7d03a3a03a3325,0,faa,1475,2,1,1.0,True,0.0,0.9,1.0,1.0,0.0,0.0,0.0,3.2942066108265777e-07
cc7d03a3a03a3325,0,faa,1476,2,0,-0.1,False,0.0,0.9,0.6200000000000001,0.6200000000000001,0.0,0.0,0.0,3.2942066108265777e-07
cc7d03a3a03a3325,0,faa,1477,1,1,-0.1,False,0.0,0.9,0.8,0.8,0.0,0.0,0.0,3.2942066108265777e-07
cc7d03a3a03a3325,0,faa,1478,2,1,1.0,True,0.0,0.9,1.0,1.0,0.0,0.0,0.0,3.2942066108265777e-07
cc7d03a3a03a3325,0,faa,1479,2,1,1.0,True,0.0,0.9,1.0,1.0,0.0,0.0,0.0,3.2942066108265777e-07
cc7d03a3a03a3325,0,faa,1480,2,0,-0.1,False,0.0,0.9,0.6200000000000001,0.6200000000000001,0.0,0.0,0.0,3.2942066108265777e-07
cc7d03a3a03a3325,0,faa,1481,1,0,-0.1,False,0.0,0.9,0.4579999999999998,0.45800000000000013,3.885780586188048e-16,5.551115123125783e-17,0.0,3.2942066108265777e-07
cc7d03a3a03a3325,0,faa,1482,0,1,-0.1,False,0.0,0.9,0.6200000000000001,0.6200000000000001,0.0,0.0,0.0,3.2942066108265777e-07
cc7d03a3a03a3325,0,faa,1483,1,1,-0.1,False,0.0,0.9,0.8,0.8,0.0,0.0,0.0,3.2942066108265777e-07
cc7d03a3a03a3325,0,faa,1484,2,1,1.0,True,0.0,0.9,1.0,1.0,0.0,0.0,0.0,3.2942066108265777e-07
cc7d03a3a03a3325,0,faa,1485,2,1,1.0,True,0.0,0.9,1.0,1.0,0.0,0.0,0.0,3.2942066108265777e-07
cc7d03a3a03a3325,0,faa,1486,2,1,1.0,True,0.0,0.9,1.0,1.0,0.0,0.0,0.0,3.2942066108265777e-07
cc7d03a3a03a3325,0,faa,1487,2,0,-0.1,False,0.0,0.9,0.6200000000000001,0.6200000000000001,0.0,0.0,0.0,3.2942066108265777e-07
cc7d03a3a03a3325,0,faa,1488,1,1,-0.1,False,0.0,0.9,0.8,0.8,0.0,0.0,0.0,3.2942066108265777e-07
cc7d03a3a03a3325,0,faa,1489,2,0,-0.1,False,0.0,0.9,0.6200000000000001,0.6200000000000001,0.0,0.0,0.0,3.2942066108265777e-07
cc7d03a3a03a3325,0,faa,1490,1,1,-0.1,False,0.0,0.9,0.8,0.8,0.0,0.0,0.0,3.2942066108265777e-07
cc7d03a3a03a3325,0,faa,1491,2,1,1.0,True,0.0,0.9,1.0,1.0,0.0,0.0,0.0,3.2942066108265777e-07
cc7d03a3a03a3325,0,faa,1492,2,1,1.0,True,0.0,0.9,1.0,1.0,0.0,0.0,0.0,3.2942066108265777e-07
cc7d03a3a03a3325,0,faa,1493,2,1,1.0,True,0.0,0.9,1.0,1.0,0.0,0.0,0.0,3.2942066108265777e-07
cc7d03a3a03a3325,0,faa,1494,2,1,1.0,True,0.0,0.9,1.0,1.0,0.0,0.0,0.0,3.2942066108265777e-07
cc7d03a3a03a3325,0,faa,1495,2,1,1.0,True,0.0,0.9,1.0,1.0,0.0,0.0,0.0,3.2942066108265777e-07
cc7d03a3a03a3325,0,faa,1496,2,0,-0.1,False,0.0,0.9,0.6200000000000001,0.6200000000000001,0.0,0.0,0.0,3.2942066108265777e-07
cc7d03a3a03a3325,0,faa,1497,1,0,-0.1,False,0.0,0.9,0.45800000000000013,0.4580000000000002,5.551115123125783e-17,0.0,0.0,3.2942066108265777e-07
cc7d03a3a03a3325,0,faa,1498,0,1,-0.1,False,0.0,0.9,0.6200000000000001,0.6200000000000001,0.0,0.0,0.0,3.2942066108265777e-07
cc7d03a3a03a3325,0,faa,1499,1,1,-0.1,False,0.0,0.9,0.8,0.8,0.0,0.0,0.0,3.2942066108265777e-07
cc7d03a3a03a3325,0,faa,1500,2,0,-0.1,False,0.0,0.9,0.6200000000000001,0.6200000000000001,0.0,0.0,0.0,3.2942066108265777e-07
cc7d03a3a03a3325,0,faa,1501,1,1,-0.1,False,0.0,0.9,0.8,0.8,0.0,0.0,0.0,3.2942066108265777e-07
cc7d03a3a03a3325,0,faa,1502,2,1,1.0,True,0.0,0.9,1.0,1.0,0.0,0.0,0.0,3.2942066108265777e-07
cc7d03a3a03a3325,0,faa,1503,2,0,-0.1,False,0.0,0.9,0.6200000000000001,0.6200000000000001,0.0,0.0,0.0,3.2942066108265777e-07
cc7d03a3a03a3325,0,faa,1504,1,0,-0.1,False,0.0,0.9,0.4580000000000002,0.4580000000000002,0.0,0.0,0.0,3.2942066108265777e-07
cc7d03a3a03a3325,0,faa,1505,0,0,-0.1,False,0.0,0.9,0.4579996705793391,0.45799996705793405,3.2942066108265777e-07,3.294206613047024e-08,0.0,3.294206613047024e-08
cc7d03a3a03a3325,0,faa,1506,0,1,-0.1,False,0.0,0.9,0.6200000000000001,0.6200000000000001,0.0,0.0,0.0,3.294206613047024e-08
cc7d03a3a03a3325,0,faa,1507,1,1,-0.1,False,0.0,0.9,0.8,0.8,0.0,0.0,0.0,3.294206613047024e-08
cc7d03a3a03a3325,0,faa,1508,2,0,-0.1,False,0.0,0.9,0.6200000000000001,0.6200000000000001,0.0,0.0,0.0,3.294206613047024e-08
cc7d03a3a03a3325,0,faa,1509,1,1,-0.1,False,0.0,0.9,0.8,0.8,0.0,0.0,0.0,3.294206613047024e-08
cc7d03a3a03a3325,0,faa,1510,2,1,1.0,True,0.0,0.9,1.0,1.0,0.0,0.0,0.0,3.294206613047024e-08
cc7d03a3a03a3325,0,faa,1511,2,1,1.0,True,0.0,0.9,1.0,1.0,0.0,0.0,0.0,3.294206613047024e-08
cc7d03a3a03a3325,0,faa,1512,2,0,-0.1,False,0.0,0.9,0.6200000000000001,0.6200000000000001,0.0,0.0,0.0,3.294206613047024e-08
cc7d03a3a03a3325,0,faa,1513,1,0,-0.1,False,0.0,0.9,0.4580000000000002,0.4580000000000002,0.0,0.0,0.0,3.294206613047024e-08
cc7d03a3a03a3325,0,faa,1514,0,1,-0.1,False,0.0,0.9,0.6200000000000001,0.6200000000000001,0.0,0.0,0.0,3.294206613047024e-08
cc7d03a3a03a3325,0,faa,1515,1,1,-0.1,False,0.0,0.9,0.8,0.8,0.0,0.0,0.0,3.294206613047024e-08
cc7d03a3a03a3325,0,faa,1516,2,1,1.0,True,0.0,0.9,1.0,1.0,0.0,0.0,0.0,3.294206613047024e-08
cc7d03a3a03a3325,0,faa,1517,2,1,1.0,True,0.0,0.9,1.0,1.0,0.0,0.0,0.0,3.294206613047024e-08
cc7d03a3a03a3325,0,faa,1518,2,0,-0.1,False,0.0,0.9,0.6200000000000001,0.6200000000000001,0.0,0.0,0.0,3.294206613047024e-08
cc7d03a3a03a3325,0,faa,1519,1,1,-0.1,False,0.0,0.9,0.8,0.8,0.0,0.0,0.0,3.294206613047024e-08
cc7d03a3a03a3325,0,faa,1520,2,1,1.0,True,0.0,0.9,1.0,1.0,0.0,0.0,0.0,3.294206613047024e-08
cc7d03a3a03a3325,0,faa,1521,2,1,1.0,True,0.0,0.9,1.0,1.0,0.0,0.0,0.0,3.294206613047024e-08
cc7d03a3a03a3325,0,faa,1522,2,1,1.0,True,0.0,0.9,1.0,1.0,0.0,0.0,0.0,3.294206613047024e-08
cc7d03a3a03a3325,0,faa,1523,2,1,1.0,True,0.0,0.9,1.0,1.0,0.0,0.0,0.0,3.294206613047024e-08
cc7d03a3a03a3325,0,faa,1524,2,1,1.0,True,0.0,0.9,1.0,1.0,0.0,0.0,0.0,3.294206613047024e-08
cc7d03a3a03a3325,0,faa,1525,2,1,1.0,True,0.0,0.9,1.0,1.0,0.0,0.0,0.0,3.294206613047024e-08
cc7d03a3a03a3325,0,faa,1526,2,1,1.0,True,0.0,0.9,1.0,1.0,0.0,0.0,0.0,3.294206613047024e-08
cc7d03a3a03a3325,0,faa,1527,2,1,1.0,True,0.0,0.9,1.0,1.0,0.0,0.0,0.0,3.294206613047024e-08
cc7d03a3a03a3325,0,faa,1528,2,1,1.0,True,0.0,0.9,1.0,1.0,0.0,0.0,0.0,3.294206613047024e-08
cc7d03a3a03a3325,0,faa,1529,2,1,1.0,True,0.0,0.9,1.0,1.0,0.0,0.0,0.0,3.294206613047024e-08
cc7d03a3a03a3325,0,faa,1530,2,1,1.0,True,0.0,0.9,1.0,1.0,0.0,0.0,0.0,3.294206613047024e-08
cc7d03a3a03a3325,0,faa,1531,2,1,1.0,True,0.0,0.9,1.0,1.0,0.0,0.0,0.0,3.294206613047024e-08
cc7d03a3a03a3325,0,faa,1532,2,1,1.0,True,0.0,0.9,1.0,1.0,0.0,0.0,0.0,3.294206613047024e-08
cc7d03a3a03a3325,0,faa,1533,2,1,1.0,True,0.0,0.9,1.0,1.0,0.0,0.0,0.0,3.294206613047024e-08
cc7d03a3a03a3325,0,faa,1534,2,1,1.0,True,0.0,0.9,1.0,1.0,0.0,0.0,0.0,3.294206613047024e-08
cc7d03a3a03a3325,0,faa,1535,2,1,1.0,True,0.0,0.9,1.0,1.0,0.0,0.0,0.0,3.294206613047024e-08
cc7d03a3a03a3325,0,faa,1536,2,1,1.0,True,0.0,0.9,1.0,1.0,0.0,0.0,0.0,3.294206613047024e-08
cc7d03a3a03a3325,0,faa,1537,2,1,1.0,True,0.0,0.9,1.0,1.0,0.0,0.0,0.0,3.294206613047024e-08
cc7d03a3a03a3325,0,faa,1538,2,1,1.0,True,0.0,0.9,1.0,1.0,0.0,0.0,0.0,3.294206613047024e-08
cc7d03a3a03a3325,0,faa,1539,2,1,1.0,True,0.0,0.9,1.0,1.0,0.0,0.0,0.0,3.294206613047024e-08
cc7d03a3a03a3325,0,faa,1540,2,1,1.0,True,0.0,0.9,1.0,1.0,0.0,0.0,0.0,3.294206613047024e-08
cc7d03a3a03a3325,0,faa,1541,2,1,1.0,True,0.0,0.9,1.0,1.0,0.0,0.0,0.0,3.294206613047024e-08
cc7d03a3a03a3325,0,faa,1542,2,0,-0.1,False,0.0,0.9,0.6200000000000001,0.6200000000000001,0.0,0.0,0.0,3.294206613047024e-08
cc7d03a3a03a3325,0,faa,1543,1,1,-0.1,False,0.0,0.9,0.8,0.8,0.0,0.0,0.0,3.294206613047024e-08
cc7d03a3a03a3325,0,faa,1544,2,1,1.0,True,0.0,0.9,1.0,1.0,0.0,0.0,0.0,3.294206613047024e-08
cc7d03a3a03a3325,0,faa,1545,2,1,1.0,True,0.0,0.9,1.0,1.0,0.0,0.0,0.0,3.294206613047024e-08
cc7d03a3a03a3325,0,faa,1546,2,1,1.0,True,0.0,0.9,1.0,1.0,0.0,0.0,0.0,3.294206613047024e-08
cc7d03a3a03a3325,0,faa,1547,2,1,1.0,True,0.0,0.9,1.0,1.0,0.0,0.0,0.0,3.294206613047024e-08
cc7d03a3a03a3325,0,faa,1548,2,1,1.0,True,0.0,0.9,1.0,1.0,0.0,0.0,0.0,3.294206613047024e-08
cc7d03a3a03a3325,0,faa,1549,2,1,1.0,True,0.0,0.9,1.0,1.0,0.0,0.0,0.0,3.294206613047024e-08
cc7d03a3a03a3325,0,faa,1550,2,1,1.0,True,0.0,0.9,1.0,1.0,0.0,0.0,0.0,3.294206613047024e-08
cc7d03a3a03a3325,0,faa,1551,2,1,1.0,True,0.0,0.9,1.0,1.0,0.0,0.0,0.0,3.294206613047024e-08
cc7d03a3a03a3325,0,faa,1552,2,1,1.0,True,0.0,0.9,1.0,1.0,0.0,0.0,0.0,3.294206613047024e-08
cc7d03a3a03a3325,0,faa,1553,2,1,1.0,True,0.0,0.9,1.0,1.0,0.0,0.0,0.0,3.294206613047024e-08
cc7d03a3a03a3325,0,faa,1554,2,0,-0.1,False,0.0,0.9,0.6200000000000001,0.6200000000000001,0.0,0.0,0.0,3.294206613047024e-08
cc7d03a3a03a3325,0,faa,1555,1,1,-0.1,False,0.0,0.9,0.8,0.8,0.0,0.0,0.0,3.294206613047024e-08
cc7d03a3a03a3325,0,faa,1556,2,1,1.0,True,0.0,0.9,1.0,1.0,0.0,0.0,0.0,3.294206613047024e-08
cc7d03a3a03a3325,0,faa,1557,2,1,1.0,True,0.0,0.9,1.0,1.0,0.0,0.0,0.0,3.294206613047024e-08
cc7d03a3a03a3325,0,faa,1558,2,1,1.0,True,0.0,0.9,1.0,1.0,0.0,0.0,0.0,3.294206613047024e-08
cc7d03a3a03a3325,0,faa,1559,2,1,1.0,True,0.0,0.9,1.0,1.0,0.0,0.0,0.0,3.294206613047024e-08
cc7d03a3a03a3325,0,faa,1560,2,1,1.0,True,0.0,0.9,1.0,1.0,0.0,0.0,0.0,3.294206613047024e-08
cc7d03a3a03a3325,0,faa,1561,2,1,1.0,True,0.0,0.9,1.0,1.0,0.0,0.0,0.0,3.294206613047024e-08
cc7d03a3a03a3325,0,faa,1562,2,1,1.0,True,0.0,0.9,1.0,1.0,0.0,0.0,0.0,3.294206613047024e-08
cc7d03a3a03a3325,0,faa,1563,2,1,1.0,True,0.0,0.9,1.0,1.0,0.0,0.0,0.0,3.294206613047024e-08
cc7d03a3a03a3325,0,faa,1564,2,1,1.0,True,0.0,0.9,1.0,1.0,0.0,0.0,0.0,3.294206613047024e-08
cc7d03a3a03a3325,0,faa,1565,2,0,-0.1,False,0.0,0.9,0.6200000000000001,0.6200000000000001,0.0,0.0,0.0,3.294206613047024e-08
cc7d03a3a03a3325,0,faa,1566,1,1,-0.1,False,0.0,0.9,0.8,0.8,0.0,0.0,0.0,3.294206613047024e-08
cc7d03a3a03a3325,0,faa,1567,2,1,1.0,True,0.0,0.9,1.0,1.0,0.0,0.0,0.0,3.294206613047024e-08
cc7d03a3a03a3325,0,faa,1568,2,0,-0.1,False,0.0,0.9,0.6200000000000001,0.6200000000000001,0.0,0.0,0.0,3.294206613047024e-08
cc7d03a3a03a3325,0,faa,1569,1,1,-0.1,False,0.0,0.9,0.8,0.8,0.0,0.0,0.0,3.294206613047024e-08
cc7d03a3a03a3325,0,faa,1570,2,1,1.0,True,0.0,0.9,1.0,1.0,0.0,0.0,0.0,3.294206613047024e-08
cc7d03a3a03a3325,0,faa,1571,2,1,1.0,True,0.0,0.9,1.0,1.0,0.0,0.0,0.0,3.294206613047024e-08
cc7d03a3a03a3325,0,faa,1572,2,1,1.0,True,0.0,0.9,1.0,1.0,0.0,0.0,0.0,3.294206613047024e-08
cc7d03a3a03a3325,0,faa,1573,2,1,1.0,True,0.0,0.9,1.0,1.0,0.0,0.0,0.0,3.294206613047024e-08
cc7d03a3a03a3325,0,faa,1574,2,0,-0.1,False,0.0,0.9,0.6200000000000001,0.6200000000000001,0.0,0.0,0.0,3.294206613047024e-08
cc7d03a3a03a3325,0,faa,1575,1,1,-0.1,False,0.0,0.9,0.8,0.8,0.0,0.0,0.0,3.294206613047024e-08
cc7d03a3a03a3325,0,faa,1576,2,1,1.0,True,0.0,0.9,1.0,1.0,0.0,0.0,0.0,3.294206613047024e-08
cc7d03a3a03a3325,0,faa,1577,2,1,1.0,True,0.0,0.9,1.0,1.0,0.0,0.0,0.0,3.294206613047024e-08
cc7d03a3a03a3325,0,faa,1578,2,1,1.0,True,0.0,0.9,1.0,1.0,0.0,0.0,0.0,3.294206613047024e-08
cc7d03a3a03a3325,0,faa,1579,2,1,1.0,True,0.0,0.9,1.0,1.0,0.0,0.0,0.0,3.294206613047024e-08
cc7d03a3a03a3325,0,faa,1580,2,1,1.0,True,0.0,0.9,1.0,1.0,0.0,0.0,0.0,3.294206613047024e-08
cc7d03a3a03a3325,0,faa,1581,2,1,1.0,True,0.0,0.9,1.0,1.0,0.0,0.0,0.0,3.294206613047024e-08
cc7d03a3a03a3325,0,faa,1582,2,1,1.0,True,0.0,0.9,1.0,1.0,0.0,0.0,0.0,3.294206613047024e-08
cc7d03a3a03a3325,0,faa,1583,2,1,1.0,True,0.0,0.9,1.0,1.0,0.0,0.0,0.0,3.294206613047024e-08
cc7d03a3a03a3325,0,faa,1584,2,0,-0.1,False,0.0,0.9,0.6200000000000001,0.6200000000000001,0.0,0.0,0.0,3.294206613047024e-08
cc7d03a3a03a3325,0,faa,1585,1,1,-0.1,False,0.0,0.9,0.8,0.8,0.0,0.0,0.0,3.294206613047024e-08
cc7d03a3a03a3325,0,faa,1586,2,1,1.0,True,0.0,0.9,1.0,1.0,0.0,0.0,0.0,3.294206613047024e-08
cc7d03a3a03a3325,0,faa,1587,2,1,1.0,True,0.0,0.9,1.0,1.0,0.0,0.0,0.0,3.294206613047024e-08
cc7d03a3a03a3325,0,faa,1588,2,1,1.0,True,0.0,0.9,1.0,1.0,0.0,0.0,0.0,3.294206613047024e-08
cc7d03a3a03a3325,0,faa,1589,2,1,1.0,True,0.0,0.9,1.0,1.0,0.0,0.0,0.0,3.294206613047024e-08
cc7d03a3a03a3325,0,faa,1590,2,1,1.0,True,0.0,0.9,1.0,1.0,0.0,0.0,0.0,3.294206613047024e-08
cc7d03a3a03a3325,0,faa,1591,2,1,1.0,True,0.0,0.9,1.0,1.0,0.0,0.0,0.0,3.294206613047024e-08
cc7d03a3a03a3325,0,faa,1592,2,1,1.0,True,0.0,0.9,1.0,1.0,0.0,0.0,0.0,3.294206613047024e-08
cc7d03a3a03a3325,0,faa,1593,2,1,1.0,True,0.0,0.9,1.0,1.0,0.0,0.0,0.0,3.294206613047024e-08
cc7d03a3a03a3325,0,faa,1594,2,1,1.0,True,0.0,0.9,1.0,1.0,0.0,0.0,0.0,3.294206613047024e-08
cc7d03a3a03a3325,0,faa,1595,2,1,1.0,True,0.0,0.9,1.0,1.0,0.0,0.0,0.0,3.294206613047024e-08
cc7d03a3a03a3325,0,faa,1596,2,1,1.0,True,0.0,0.9,1.0,1.0,0.0,0.0,0.0,3.294206613047024e-08
cc7d03a3a03a3325,0,faa,1597,2,1,1.0,True,0.0,0.9,1.0,1.0,0.0,0.0,0.0,3.294206613047024e-08
cc7d03a3a03a3325,0,faa,1598,2,1,1.0,True,0.0,0.9,1.0,1.0,0.0,0.0,0.0,3.294206613047024e-08
cc7d03a3a03a3325,0,faa,1599,2,0,-0.1,False,0.0,0.9,0.6200000000000001,0.6200000000000001,0.0,0.0,0.0,3.294206613047024e-08
cc7d03a3a03a3325,0,faa,1600,1,1,-0.1,False,0.0,0.9,0.8,0.8,0.0,0.0,0.0,3.294206613047024e-08
cc7d03a3a03a3325,0,faa,1601,2,1,1.0,True,0.0,0.9,1.0,1.0,0.0,0.0,0.0,3.294206613047024e-08
cc7d03a3a03a3325,0,faa,1602,2,1,1.0,True,0.0,0.9,1.0,1.0,0.0,0.0,0.0,3.294206613047024e-08
cc7d03a3a03a3325,0,faa,1603,2,1,1.0,True,0.0,0.9,1.0,1.0,0.0,0.0,0.0,3.294206613047024e-08
cc7d03a3a03a3325,0,faa,1604,2,0,-0.1,False,0.0,0.9,0.6200000000000001,0.6200000000000001,0.0,0.0,0.0,3.294206613047024e-08
cc7d03a3a03a3325,0,faa,1605,1,1,-0.1,False,0.0,0.9,0.8,0.8,0.0,0.0,0.0,3.294206613047024e-08
cc7d03a3a03a3325,0,faa,1606,2,1,1.0,True,0.0,0.9,1.0,1.0,0.0,0.0,0.0,3.294206613047024e-08
cc7d03a3a03a3325,0,faa,1607,2,1,1.0,True,0.0,0.9,1.0,1.0,0.0,0.0,0.0,3.294206613047024e-08
cc7d03a3a03a3325,0,faa,1608,2,1,1.0,True,0.0,0.9,1.0,1.0,0.0,0.0,0.0,3.294206613047024e-08
cc7d03a3a03a3325,0,faa,1609,2,1,1.0,True,0.0,0.9,1.0,1.0,0.0,0.0,0.0,3.294206613047024e-08
cc7d03a3a03a3325,0,faa,1610,2,1,1.0,True,0.0,0.9,1.0,1.0,0.0,0.0,0.0,3.294206613047024e-08
cc7d03a3a03a3325,0,faa,1611,2,1,1.0,True,0.0,0.9,1.0,1.0,0.0,0.0,0.0,3.294206613047024e-08
cc7d03a3a03a3325,0,faa,1612,2,1,1.0,True,0.0,0.9,1.0,1.0,0.0,0.0,0.0,3.294206613047024e-08
cc7d03a3a03a3325,0,faa,1613,2,1,1.0,True,0.0,0.9,1.0,1.0,0.0,0.0,0.0,3.294206613047024e-08
cc7d03a3a03a3325,0,faa,1614,2,1,1.0,True,0.0,0.9,1.0,1.0,0.0,0.0,0.0,3.294206613047024e-08
cc7d03a3a03a3325,0,faa,1615,2,0,-0.1,False,0.0,0.9,0.6200000000000001,0.6200000000000001,0.0,0.0,0.0,3.294206613047024e-08
cc7d03a3a03a3325,0,faa,1616,1,1,-0.1,False,0.0,0.9,0.8,0.8,0.0,0.0,0.0,3.294206613047024e-08
cc7d03a3a03a3325,0,faa,1617,2,1,1.0,True,0.0,0.9,1.0,1.0,0.0,0.0,0.0,3.294206613047024e-08
cc7d03a3a03a3325,0,faa,1618,2,1,1.0,True,0.0,0.9,1.0,1.0,0.0,0.0,0.0,3.294206613047024e-08
cc7d03a3a03a3325,0,faa,1619,2,1,1.0,True,0.0,0.9,1.0,1.0,0.0,0.0,0.0,3.294206613047024e-08
cc7d03a3a03a3325,0,faa,1620,2,1,1.0,True,0.0,0.9,1.0,1.0,0.0,0.0,0.0,3.294206613047024e-08
cc7d03a3a03a3325,0,faa,1621,2,1,1.0,True,0.0,0.9,1.0,1.0,0.0,0.0,0.0,3.294206613047024e-08
cc7d03a3a03a3325,0,faa,1622,2,1,1.0,True,0.0,0.9,1.0,1.0,0.0,0.0,0.0,3.294206613047024e-08
cc7d03a3a03a3325,0,faa,1623,2,1,1.0,True,0.0,0.9,1.0,1.0,0.0,0.0,0.0,3.294206613047024e-08
cc7d03a3a03a3325,0,faa,1624,2,1,1.0,True,0.0,0.9,1.0,1.0,0.0,0.0,0.0,3.294206613047024e-08
cc7d03a3a03a3325,0,faa,1625,2,1,1.0,True,0.0,0.9,1.0,1.0,0.0,0.0,0.0,3.294206613047024e-08
cc7d03a3a03a3325,0,faa,1626,2,1,1.0,True,0.0,0.9,1.0,1.0,0.0,0.0,0.0,3.294206613047024e-08
cc7d03a3a03a3325,0,faa,1627,2,1,1.0,True,0.0,0.9,1.0,1.0,0.0,0.0,0.0,3.294206613047024e-08
cc7d03a3a03a3325,0,faa,1628,2,1,1.0,True,0.0,0.9,1.0,1.0,0.0,0.0,0.0,3.294206613047024e-08
cc7d03a3a03a3325,0,faa,1629,2,1,1.0,True,0.0,0.9,1.0,1.0,0.0,0.0,0.0,3.294206613047024e-08
cc7d03a3a03a3325,0,faa,1630,2,1,1.0,True,0.0,0.9,1.0,1.0,0.0,0.0,0.0,3.294206613047024e-08
cc7d03a3a03a3325,0,faa,1631,2,1,1.0,True,0.0,0.9,1.0,1.0,0.0,0.0,0.0,3.294206613047024e-08
cc7d03a3a03a3325,0,faa,1632,2,1,1.0,True,0.0,0.9,1.0,1.0,0.0,0.0,0.0,3.294206613047024e-08
cc7d03a3a03a3325,0,faa,1633,2,0,-0.1,False,0.0,0.9,0.6200000000000001,0.6200000000000001,0.0,0.0,0.0,3.294206613047024e-08
cc7d03a3a03a3325,0,faa,1634,1,1,-0.1,False,0.0,0.9,0.8,0.8,0.0,0.0,0.0,3.294206613047024e-08
cc7d03a3a03a3325,0,faa,1635,2,1,1.0,True,0.0,0.9,1.0,1.0,0.0,0.0,0.0,3.294206613047024e-08
cc7d03a3a03a3325,0,faa,1636,2,1,1.0,True,0.0,0.9,1.0,1.0,0.0,0.0,0.0,3.294206613047024e-08
cc7d03a3a03a3325,0,faa,1637,2,1,1.0,True,0.0,0.9,1.0,1.0,0.0,0.0,0.0,3.294206613047024e-08
cc7d03a3a03a3325,0,faa,1638,2,1,1.0,True,0.0,0.9,1.0,1.0,0.0,0.0,0.0,3.294206613047024e-08
cc7d03a3a03a3325,0,faa,1639,2,0,-0.1,False,0.0,0.9,0.6200000000000001,0.6200000000000001,0.0,0.0,0.0,3.294206613047024e-08
cc7d03a3a03a3325,0,faa,1640,1,1,-0.1,False,0.0,0.9,0.8,0.8,0.0,0.0,0.0,3.294206613047024e-08
cc7d03a3a03a3325,0,faa,1641,2,1,1.0,True,0.0,0.9,1.0,1.0,0.0,0.0,0.0,3.294206613047024e-08
cc7d03a3a03a3325,0,faa,1642,2,1,1.0,True,0.0,0.9,1.0,1.0,0.0,0.0,0.0,3.294206613047024e-08
cc7d03a3a03a3325,0,faa,1643,2,1,1.0,True,0.0,0.9,1.0,1.0,0.0,0.0,0.0,3.294206613047024e-08
cc7d03a3a03a3325,0,faa,1644,2,1,1.0,True,0.0,0.9,1.0,1.0,0.0,0.0,0.0,3.294206613047024e-08
cc7d03a3a03a3325,0,faa,1645,2,1,1.0,True,0.0,0.9,1.0,1.0,0.0,0.0,0.0,3.294206613047024e-08
cc7d03a3a03a3325,0,faa,1646,2,1,1.0,True,0.0,0.9,1.0,1.0,0.0,0.0,0.0,3.294206613047024e-08
cc7d03a3a03a3325,0,faa,1647,2,1,1.0,True,0.0,0.9,1.0,1.0,0.0,0.0,0.0,3.294206613047024e-08
cc7d03a3a03a3325,0,faa,1648,2,1,1.0,True,0.0,0.9,1.0,1.0,0.0,0.0,0.0,3.294206613047024e-08
cc7d03a3a03a3325,0,faa,1649,2,1,1.0,True,0.0,0.9,1.0,1.0,0.0,0.0,0.0,3.294206613047024e-08
cc7d03a3a03a3325,0,faa,1650,2,1,1.0,True,0.0,0.9,1.0,1.0,0.0,0.0,0.0,3.294206613047024e-08
cc7d03a3a03a3325,0,faa,1651,2,1,1.0,True,0.0,0.9,1.0,1.0,0.0,0.0,0.0,3.294206613047024e-08
cc7d03a3a03a3325,0,faa,1652,2,1,1.0,True,0.0,0.9,1.0,1.0,0.0,0.0,0.0,3.294206613047024e-08
cc7d03a3a03a3325,0,faa,1653,2,1,1.0,True,0.0,0.9,1.0,1.0,0.0,0.0,0.0,3.294206613047024e-08
cc7d03a3a03a3325,0,faa,1654,2,1,1.0,True,0.0,0.9,1.0,1.0,0.0,0.0,0.0,3.294206613047024e-08
cc7d03a3a03a3325,0,faa,1655,2,1,1.0,True,0.0,0.9,1.0,1.0,0.0,0.0,0.0,3.294206613047024e-08
cc7d03a3a03a3325,0,faa,1656,2,1,1.0,True,0.0,0.9,1.0,1.0,0.0,0.0,0.0,3.294206613047024e-08
cc7d03a3a03a3325,0,faa,1657,2,1,1.0,True,0.0,0.9,1.0,1.0,0.0,0.0,0.0,3.294206613047024e-08
cc7d03a3a03a3325,0,faa,1658,2,1,1.0,True,0.0,0.9,1.0,1.0,0.0,0.0,0.0,3.294206613047024e-08
cc7d03a3a03a3325,0,faa,1659,2,1,1.0,True,0.0,0.9,1.0,1.0,0.0,0.0,0.0,3.294206613047024e-08
cc7d03a3a03a3325,0,faa,1660,2,1,1.0,True,0.0,0.9,1.0,1.0,0.0,0.0,0.0,3.294206613047024e-08
cc7d03a3a03a3325,0,faa,1661,2,1,1.0,True,0.0,0.9,1.0,1.0,0.0,0.0,0.0,3.294206613047024e-08
cc7d03a3a03a3325,0,faa,1662,2,1,1.0,True,0.0,0.9,1.0,1.0,0.0,0.0,0.0,3.294206613047024e-08
cc7d03a3a03a3325,0,faa,1663,2,1,1.0,True,0.0,0.9,1.0,1.0,0.0,0.0,0.0,3.294206613047024e-08
cc7d03a3a03a3325,0,faa,1664,2,1,1.0,True,0.0,0.9,1.0,1.0,0.0,0.0,0.0,3.294206613047024e-08
cc7d03a3a03a3325,0,faa,1665,2,1,1.0,True,0.0,0.9,1.0,1.0,0.0,0.0,0.0,3.294206613047024e-08
cc7d03a3a03a3325,0,faa,1666,2,1,1.0,True,0.0,0.9,1.0,1.0,0.0,0.0,0.0,3.294206613047024e-08
cc7d03a3a03a3325,0,faa,1667,2,1,1.0,True,0.0,0.9,1.0,1.0,0.0,0.0,0.0,3.294206613047024e-08
cc7d03a3a03a3325,0,faa,1668,2,1,1.0,True,0.0,0.9,1.0,1.0,0.0,0.0,0.0,3.294206613047024e-08
cc7d03a3a03a3325,0,faa,1669,2,1,1.0,True,0.0,0.9,1.0,1.0,0.0,0.0,0.0,3.294206613047024e-08
cc7d03a3a03a3325,0,faa,1670,2,1,1.0,True,0.0,0.9,1.0,1.0,0.0,0.0,0.0,3.294206613047024e-08
cc7d03a3a03a3325,0,faa,1671,2,0,-0.1,False,0.0,0.9,0.6200000000000001,0.6200000000000001,0.0,0.0,0.0,3.294206613047024e-08
cc7d03a3a03a3325,0,faa,1672,1,1,-0.1,False,0.0,0.9,0.8,0.8,0.0,0.0,0.0,3.294206613047024e-08
cc7d03a3a03a3325,0,faa,1673,2,1,1.0,True,0.0,0.9,1.0,1.0,0.0,0.0,0.0,3.294206613047024e-08
cc7d03a3a03a3325,0,faa,1674,2,1,1.0,True,0.0,0.9,1.0,1.0,0.0,0.0,0.0,3.294206613047024e-08
cc7d03a3a03a3325,0,faa,1675,2,1,1.0,True,0.0,0.9,1.0,1.0,0.0,0.0,0.0,3.294206613047024e-08
cc7d03a3a03a3325,0,faa,1676,2,0,-0.1,False,0.0,0.9,0.6200000000000001,0.6200000000000001,0.0,0.0,0.0,3.294206613047024e-08
cc7d03a3a03a3325,0,faa,1677,1,1,-0.1,False,0.0,0.9,0.8,0.8,0.0,0.0,0.0,3.294206613047024e-08
cc7d03a3a03a3325,0,faa,1678,2,1,1.0,True,0.0,0.9,1.0,1.0,0.0,0.0,0.0,3.294206613047024e-08
cc7d03a3a03a3325,0,faa,1679,2,1,1.0,True,0.0,0.9,1.0,1.0,0.0,0.0,0.0,3.294206613047024e-08
cc7d03a3a03a3325,0,faa,1680,2,1,1.0,True,0.0,0.9,1.0,1.0,0.0,0.0,0.0,3.294206613047024e-08
cc7d03a3a03a3325,0,faa,1681,2,0,-0.1,False,0.0,0.9,0.6200000000000001,0.6200000000000001,0.0,0.0,0.0,3.294206613047024e-08
cc7d03a3a03a3325,0,faa,1682,1,0,-0.1,False,0.0,0.9,0.4580000000000002,0.4580000000000002,0.0,0.0,0.0,3.294206613047024e-08
cc7d03a3a03a3325,0,faa,1683,0,0,-0.1,False,0.0,0.9,0.45799996705793405,0.45799999670579356,3.294206613047024e-08,3.294206629700369e-09,0.0,3.294206629700369e-09
cc7d03a3a03a3325,0,faa,1684,0,1,-0.1,False,0.0,0.9,0.6200000000000001,0.6200000000000001,0.0,0.0,0.0,3.294206629700369e-09
cc7d03a3a03a3325,0,faa,1685,1,1,-0.1,False,0.0,0.9,0.8,0.8,0.0,0.0,0.0,3.294206629700369e-09
cc7d03a3a03a3325,0,faa,1686,2,1,1.0,True,0.0,0.9,1.0,1.0,0.0,0.0,0.0,3.294206629700369e-09
cc7d03a3a03a3325,0,faa,1687,2,1,1.0,True,0.0,0.9,1.0,1.0,0.0,0.0,0.0,3.294206629700369e-09
cc7d03a3a03a3325,0,faa,1688,2,1,1.0,True,0.0,0.9,1.0,1.0,0.0,0.0,0.0,3.294206629700369e-09
cc7d03a3a03a3325,0,faa,1689,2,1,1.0,True,0.0,0.9,1.0,1.0,0.0,0.0,0.0,3.294206629700369e-09
cc7d03a3a03a3325,0,faa,1690,2,1,1.0,True,0.0,0.9,1.0,1.0,0.0,0.0,0.0,3.294206629700369e-09
cc7d03a3a03a3325,0,faa,1691,2,1,1.0,True,0.0,0.9,1.0,1.0,0.0,0.0,0.0,3.294206629700369e-09
cc7d03a3a03a3325,0,faa,1692,2,1,1.0,True,0.0,0.9,1.0,1.0,0.0,0.0,0.0,3.294206629700369e-09
cc7d03a3a03a3325,0,faa,1693,2,1,1.0,True,0.0,0.9,1.0,1.0,0.0,0.0,0.0,3.294206629700369e-09
cc7d03a3a03a3325,0,faa,1694,2,1,1.0,True,0.0,0.9,1.0,1.0,0.0,0.0,0.0,3.294206629700369e-09
cc7d03a3a03a3325,0,faa,1695,2,1,1.0,True,0.0,0.9,1.0,1.0,0.0,0.0,0.0,3.294206629700369e-09
cc7d03a3a03a3325,0,faa,1696,2,1,1.0,True,0.0,0.9,1.0,1.0,0.0,0.0,0.0,3.294206629700369e-09
cc7d03a3a03a3325,0,faa,1697,2,1,1.0,True,0.0,0.9,1.0,1.0,0.0,0.0,0.0,3.294206629700369e-09
cc7d03a3a03a3325,0,faa,1698,2,1,1.0,True,0.0,0.9,1.0,1.0,0.0,0.0,0.0,3.294206629700369e-09
cc7d03a3a03a3325,0,faa,1699,2,1,1.0,True,0.0,0.9,1.0,1.0,0.0,0.0,0.0,3.294206629700369e-09
cc7d03a3a03a3325,0,faa,1700,2,1,1.0,True,0.0,0.9,1.0,1.0,0.0,0.0,0.0,3.294206629700369e-09
cc7d03a3a03a3325,0,faa,1701,2,1,1.0,True,0.0,0.9,1.0,1.0,0.0,0.0,0.0,3.294206629700369e-09
cc7d03a3a03a3325,0,faa,1702,2,1,1.0,True,0.0,0.9,1.0,1.0,0.0,0.0,0.0,3.294206629700369e-09
cc7d03a3a03a3325,0,faa,1703,2,0,-0.1,False,0.0,0.9,0.6200000000000001,0.6200000000000001,0.0,0.0,0.0,3.294206629700369e-09
cc7d03a3a03a3325,0,faa,1704,1,1,-0.1,False,0.0,0.9,0.8,0.8,0.0,0.0,0.0,3.294206629700369e-09
cc7d03a3a03a3325,0,faa,1705,2,1,1.0,True,0.0,0.9,1.0,1.0,0.0,0.0,0.0,3.294206629700369e-09
cc7d03a3a03a3325,0,faa,1706,2,0,-0.1,False,0.0,0.9,0.6200000000000001,0.6200000000000001,0.0,0.0,0.0,3.294206629700369e-09
cc7d03a3a03a3325,0,faa,1707,1,0,-0.1,False,0.0,0.9,0.4580000000000002,0.4580000000000002,0.0,0.0,0.0,3.294206629700369e-09
cc7d03a3a03a3325,0,faa,1708,0,1,-0.1,False,0.0,0.9,0.6200000000000001,0.6200000000000001,0.0,0.0,0.0,3.294206629700369e-09
cc7d03a3a03a3325,0,faa,1709,1,1,-0.1,False,0.0,0.9,0.8,0.8,0.0,0.0,0.0,3.294206629700369e-09
cc7d03a3a03a3325,0,faa,1710,2,1,1.0,True,0.0,0.9,1.0,1.0,0.0,0.0,0.0,3.294206629700369e-09
cc7d03a3a03a3325,0,faa,1711,2,1,1.0,True,0.0,0.9,1.0,1.0,0.0,0.0,0.0,3.294206629700369e-09
cc7d03a3a03a3325,0,faa,1712,2,1,1.0,True,0.0,0.9,1.0,1.0,0.0,0.0,0.0,3.294206629700369e-09
cc7d03a3a03a3325,0,faa,1713,2,1,1.0,True,0.0,0.9,1.0,1.0,0.0,0.0,0.0,3.294206629700369e-09
cc7d03a3a03a3325,0,faa,1714,2,1,1.0,True,0.0,0.9,1.0,1.0,0.0,0.0,0.0,3.294206629700369e-09
cc7d03a3a03a3325,0,faa,1715,2,1,1.0,True,0.0,0.9,1.0,1.0,0.0,0.0,0.0,3.294206629700369e-09
cc7d03a3a03a3325,0,faa,1716,2,1,1.0,True,0.0,0.9,1.0,1.0,0.0,0.0,0.0,3.294206629700369e-09
cc7d03a3a03a3325,0,faa,1717,2,1,1.0,True,0.0,0.9,1.0,1.0,0.0,0.0,0.0,3.294206629700369e-09
cc7d03a3a03a3325,0,faa,1718,2,1,1.0,True,0.0,0.9,1.0,1.0,0.0,0.0,0.0,3.294206629700369e-09
cc7d03a3a03a3325,0,faa,1719,2,1,1.0,True,0.0,0.9,1.0,1.0,0.0,0.0,0.0,3.294206629700369e-09
cc7d03a3a03a3325,0,faa,1720,2,1,1.0,True,0.0,0.9,1.0,1.0,0.0,0.0,0.0,3.294206629700369e-09
cc7d03a3a03a3325,0,faa,1721,2,1,1.0,True,0.0,0.9,1.0,1.0,0.0,0.0,0.0,3.294206629700369e-09
cc7d03a3a03a3325,0,faa,1722,2,1,1.0,True,0.0,0.9,1.0,1.0,0.0,0.0,0.0,3.294206629700369e-09
cc7d03a3a03a3325,0,faa,1723,2,1,1.0,True,0.0,0.9,1.0,1.0,0.0,0.0,0.0,3.294206629700369e-09
cc7d03a3a03a3325,0,faa,1724,2,1,1.0,True,0.0,0.9,1.0,1.0,0.0,0.0,0.0,3.294206629700369e-09
cc7d03a3a03a3325,0,faa,1725,2,1,1.0,True,0.0,0.9,1.0,1.0,0.0,0.0,0.0,3.294206629700369e-09
cc7d03a3a03a3325,0,faa,1726,2,1,1.0,True,0.0,0.9,1.0,1.0,0.0,0.0,0.0,3.294206629700369e-09
cc7d03a3a03a3325,0,faa,1727,2,1,1.0,True,0.0,0.9,1.0,1.0,0.0,0.0,0.0,3.294206629700369e-09
cc7d03a3a03a3325,0,faa,1728,2,1,1.0,True,0.0,0.9,1.0,1.0,0.0,0.0,0.0,3.294206629700369e-09
cc7d03a3a03a3325,0,faa,1729,2,1,1.0,True,0.0,0.9,1.0,1.0,0.0,0.0,0.0,3.294206629700369e-09
cc7d03a3a03a3325,0,faa,1730,2,1,1.0,True,0.0,0.9,1.0,1.0,0.0,0.0,0.0,3.294206629700369e-09
cc7d03a3a03a3325,0,faa,1731,2,1,1.0,True,0.0,0.9,1.0,1.0,0.0,0.0,0.0,3.294206629700369e-09
cc7d03a3a03a3325,0,faa,1732,2,1,1.0,True,0.0,0.9,1.0,1.0,0.0,0.0,0.0,3.294206629700369e-09
cc7d03a3a03a3325,0,faa,1733,2,1,1.0,True,0.0,0.9,1.0,1.0,0.0,0.0,0.0,3.294206629700369e-09
cc7d03a3a03a3325,0,faa,1734,2,1,1.0,True,0.0,0.9,1.0,1.0,0.0,0.0,0.0,3.294206629700369e-09
cc7d03a3a03a3325,0,faa,1735,2,1,1.0,True,0.0,0.9,1.0,1.0,0.0,0.0,0.0,3.294206629700369e-09
cc7d03a3a03a3325,0,faa,1736,2,1,1.0,True,0.0,0.9,1.0,1.0,0.0,0.0,0.0,3.294206629700369e-09
cc7d03a3a03a3325,0,faa,1737,2,1,1.0,True,0.0,0.9,1.0,1.0,0.0,0.0,0.0,3.294206629700369e-09
cc7d03a3a03a3325,0,faa,1738,2,1,1.0,True,0.0,0.9,1.0,1.0,0.0,0.0,0.0,3.294206629700369e-09
cc7d03a3a03a3325,0,faa,1739,2,1,1.0,True,0.0,0.9,1.0,1.0,0.0,0.0,0.0,3.294206629700369e-09
cc7d03a3a03a3325,0,faa,1740,2,1,1.0,True,0.0,0.9,1.0,1.0,0.0,0.0,0.0,3.294206629700369e-09
cc7d03a3a03a3325,0,faa,1741,2,1,1.0,True,0.0,0.9,1.0,1.0,0.0,0.0,0.0,3.294206629700369e-09
cc7d03a3a03a3325,0,faa,1742,2,1,1.0,True,0.0,0.9,1.0,1.0,0.0,0.0,0.0,3.294206629700369e-09
cc7d03a3a03a3325,0,faa,1743,2,1,1.0,True,0.0,0.9,1.0,1.0,0.0,0.0,0.0,3.294206629700369e-09
cc7d03a3a03a3325,0,faa,1744,2,1,1.0,True,0.0,0.9,1.0,1.0,0.0,0.0,0.0,3.294206629700369e-09
cc7d03a3a03a3325,0,faa,1745,2,1,1.0,True,0.0,0.9,1.0,1.0,0.0,0.0,0.0,3.294206629700369e-09
cc7d03a3a03a3325,0,faa,1746,2,1,1.0,True,0.0,0.9,1.0,1.0,0.0,0.0,0.0,3.294206629700369e-09
cc7d03a3a03a3325,0,faa,1747,2,0,-0.1,False,0.0,0.9,0.6200000000000001,0.6200000000000001,0.0,0.0,0.0,3.294206629700369e-09
cc7d03a3a03a3325,0,faa,1748,1,0,-0.1,False,0.0,0.9,0.4580000000000002,0.4580000000000002,0.0,0.0,0.0,3.294206629700369e-09
cc7d03a3a03a3325,0,faa,1749,0,0,-0.1,False,0.0,0.9,0.45799999670579356,0.4579999996705795,3.294206629700369e-09,3.294206574189218e-10,0.0,3.294206574189218e-10
cc7d03a3a03a3325,0,faa,1750,0,1,-0.1,False,0.0,0.9,0.6200000000000001,0.6200000000000001,0.0,0.0,0.0,3.294206574189218e-10
cc7d03a3a03a3325,0,faa,1751,1,1,-0.1,False,0.0,0.9,0.8,0.8,0.0,0.0,0.0,3.294206574189218e-10
cc7d03a3a03a3325,0,faa,1752,2,1,1.0,True,0.0,0.9,1.0,1.0,0.0,0.0,0.0,3.294206574189218e-10
cc7d03a3a03a3325,0,faa,1753,2,1,1.0,True,0.0,0.9,1.0,1.0,0.0,0.0,0.0,3.294206574189218e-10
cc7d03a3a03a3325,0,faa,1754,2,1,1.0,True,0.0,0.9,1.0,1.0,0.0,0.0,0.0,3.294206574189218e-10
cc7d03a3a03a3325,0,faa,1755,2,1,1.0,True,0.0,0.9,1.0,1.0,0.0,0.0,0.0,3.294206574189218e-10
cc7d03a3a03a3325,0,faa,1756,2,1,1.0,True,0.0,0.9,1.0,1.0,0.0,0.0,0.0,3.294206574189218e-10
cc7d03a3a03a3325,0,faa,1757,2,1,1.0,True,0.0,0.9,1.0,1.0,0.0,0.0,0.0,3.294206574189218e-10
cc7d03a3a03a3325,0,faa,1758,2,1,1.0,True,0.0,0.9,1.0,1.0,0.0,0.0,0.0,3.294206574189218e-10
cc7d03a3a03a3325,0,faa,1759,2,1,1.0,True,0.0,0.9,1.0,1.0,0.0,0.0,0.0,3.294206574189218e-10
cc7d03a3a03a3325,0,faa,1760,2,1,1.0,True,0.0,0.9,1.0,1.0,0.0,0.0,0.0,3.294206574189218e-10
cc7d03a3a03a3325,0,faa,1761,2,1,1.0,True,0.0,0.9,1.0,1.0,0.0,0.0,0.0,3.294206574189218e-10
cc7d03a3a03a3325,0,faa,1762,2,1,1.0,True,0.0,0.9,1.0,1.0,0.0,0.0,0.0,3.294206574189218e-10
cc7d03a3a03a3325,0,faa,1763,2,1,1.0,True,0.0,0.9,1.0,1.0,0.0,0.0,0.0,3.294206574189218e-10
cc7d03a3a03a3325,0,faa,1764,2,1,1.0,True,0.0,0.9,1.0,1.0,0.0,0.0,0.0,3.294206574189218e-10
cc7d03a3a03a3325,0,faa,1765,2,0,-0.1,False,0.0,0.9,0.6200000000000001,0.6200000000000001,0.0,0.0,0.0,3.294206574189218e-10
cc7d03a3a03a3325,0,faa,1766,1,0,-0.1,False,0.0,0.9,0.4580000000000002,0.4580000000000002,0.0,0.0,0.0,3.294206574189218e-10
cc7d03a3a03a3325,0,faa,1767,0,1,-0.1,False,0.0,0.9,0.6200000000000001,0.6200000000000001,0.0,0.0,0.0,3.294206574189218e-10
cc7d03a3a03a3325,0,faa,1768,1,1,-0.1,False,0.0,0.9,0.8,0.8,0.0,0.0,0.0,3.294206574189218e-10
cc7d03a3a03a3325,0,faa,1769,2,0,-0.1,False,0.0,0.9,0.6200000000000001,0.6200000000000001,0.0,0.0,0.0,3.294206574189218e-10
cc7d03a3a03a3325,0,faa,1770,1,0,-0.1,False,0.0,0.9,0.4580000000000002,0.4580000000000002,0.0,0.0,0.0,3.294206574189218e-10
cc7d03a3a03a3325,0,faa,1771,0,0,-0.1,False,0.0,0.9,0.4579999996705795,0.4579999999670581,3.294206574189218e-10,3.2942093497467795e-11,0.0,3.2942093497467795e-11
cc7d03a3a03a3325,0,faa,1772,0,1,-0.1,False,0.0,0.9,0.6200000000000001,0.6200000000000001,0.0,0.0,0.0,3.2942093497467795e-11
cc7d03a3a03a3325,0,faa,1773,1,1,-0.1,False,0.0,0.9,0.8,0.8,0.0,0.0,0.0,3.2942093497467795e-11
cc7d03a3a03a3325,0,faa,1774,2,1,1.0,True,0.0,0.9,1.0,1.0,0.0,0.0,0.0,3.2942093497467795e-11
cc7d03a3a03a3325,0,faa,1775,2,0,-0.1,False,0.0,0.9,0.6200000000000001,0.6200000000000001,0.0,0.0,0.0,3.2942093497467795e-11
cc7d03a3a03a3325,0,faa,1776,1,0,-0.1,False,0.0,0.9,0.4580000000000002,0.4580000000000002,0.0,0.0,0.0,3.2942093497467795e-11
cc7d03a3a03a3325,0,faa,1777,0,0,-0.1,False,0.0,0.9,0.4579999999670581,0.457999999996706,3.2942093497467795e-11,3.2941982475165332e-12,0.0,3.2941982475165332e-12
cc7d03a3a03a3325,0,faa,1778,0,0,-0.1,False,0.0,0.9,0.457999999996706,0.4579999999996708,3.2941982475165332e-12,3.2940317140628395e-13,0.0,3.2940317140628395e-13
cc7d03a3a03a3325,0,faa,1779,0,1,-0.1,False,0.0,0.9,0.6200000000000001,0.6200000000000001,0.0,0.0,0.0,3.2940317140628395e-13
cc7d03a3a03a3325,0,faa,1780,1,1,-0.1,False,0.0,0.9,0.8,0.8,0.0,0.0,0.0,3.2940317140628395e-13
cc7d03a3a03a3325,0,faa,1781,2,1,1.0,True,0.0,0.9,1.0,1.0,0.0,0.0,0.0,3.2940317140628395e-13
cc7d03a3a03a3325,0,faa,1782,2,1,1.0,True,0.0,0.9,1.0,1.0,0.0,0.0,0.0,3.2940317140628395e-13
cc7d03a3a03a3325,0,faa,1783,2,1,1.0,True,0.0,0.9,1.0,1.0,0.0,0.0,0.0,3.2940317140628395e-13
cc7d03a3a03a3325,0,faa,1784,2,1,1.0,True,0.0,0.9,1.0,1.0,0.0,0.0,0.0,3.2940317140628395e-13
cc7d03a3a03a3325,0,faa,1785,2,1,1.0,True,0.0,0.9,1.0,1.0,0.0,0.0,0.0,3.2940317140628395e-13
cc7d03a3a03a3325,0,faa,1786,2,0,-0.1,False,0.0,0.9,0.6200000000000001,0.6200000000000001,0.0,0.0,0.0,3.2940317140628395e-13
cc7d03a3a03a3325,0,faa,1787,1,1,-0.1,False,0.0,0.9,0.8,0.8,0.0,0.0,0.0,3.2940317140628395e-13
cc7d03a3a03a3325,0,faa,1788,2,1,1.0,True,0.0,0.9,1.0,1.0,0.0,0.0,0.0,3.2940317140628395e-13
cc7d03a3a03a3325,0,faa,1789,2,1,1.0,True,0.0,0.9,1.0,1.0,0.0,0.0,0.0,3.2940317140628395e-13
cc7d03a3a03a3325,0,faa,1790,2,1,1.0,True,0.0,0.9,1.0,1.0,0.0,0.0,0.0,3.2940317140628395e-13
cc7d03a3a03a3325,0,faa,1791,2,1,1.0,True,0.0,0.9,1.0,1.0,0.0,0.0,0.0,3.2940317140628395e-13
cc7d03a3a03a3325,0,faa,1792,2,1,1.0,True,0.0,0.9,1.0,1.0,0.0,0.0,0.0,3.2940317140628395e-13
cc7d03a3a03a3325,0,faa,1793,2,1,1.0,True,0.0,0.9,1.0,1.0,0.0,0.0,0.0,3.2940317140628395e-13
cc7d03a3a03a3325,0,faa,1794,2,1,1.0,True,0.0,0.9,1.0,1.0,0.0,0.0,0.0,3.2940317140628395e-13
cc7d03a3a03a3325,0,faa,1795,2,1,1.0,True,0.0,0.9,1.0,1.0,0.0,0.0,0.0,3.2940317140628395e-13
cc7d03a3a03a3325,0,faa,1796,2,1,1.0,True,0.0,0.9,1.0,1.0,0.0,0.0,0.0,3.2940317140628395e-13
cc7d03a3a03a3325,0,faa,1797,2,1,1.0,True,0.0,0.9,1.0,1.0,0.0,0.0,0.0,3.2940317140628395e-13
cc7d03a3a03a3325,0,faa,1798,2,1,1.0,True,0.0,0.9,1.0,1.0,0.0,0.0,0.0,3.2940317140628395e-13
cc7d03a3a03a3325,0,faa,1799,2,1,1.0,True,0.0,0.9,1.0,1.0,0.0,0.0,0.0,3.2940317140628395e-13
cc7d03a3a03a3325,0,faa,1800,2,1,1.0,True,0.0,0.9,1.0,1.0,0.0,0.0,0.0,3.2940317140628395e-13
cc7d03a3a03a3325,0,faa,1801,2,1,1.0,True,0.0,0.9,1.0,1.0,0.0,0.0,0.0,3.2940317140628395e-13
cc7d03a3a03a3325,0,faa,1802,2,1,1.0,True,0.0,0.9,1.0,1.0,0.0,0.0,0.0,3.2940317140628395e-13
cc7d03a3a03a3325,0,faa,1803,2,1,1.0,True,0.0,0.9,1.0,1.0,0.0,0.0,0.0,3.2940317140628395e-13
cc7d03a3a03a3325,0,faa,1804,2,1,1.0,True,0.0,0.9,1.0,1.0,0.0,0.0,0.0,3.2940317140628395e-13
cc7d03a3a03a3325,0,faa,1805,2,1,1.0,True,0.0,0.9,1.0,1.0,0.0,0.0,0.0,3.2940317140628395e-13
cc7d03a3a03a3325,0,faa,1806,2,1,1.0,True,0.0,0.9,1.0,1.0,0.0,0.0,0.0,3.2940317140628395e-13
cc7d03a3a03a3325,0,faa,1807,2,1,1.0,True,0.0,0.9,1.0,1.0,0.0,0.0,0.0,3.2940317140628395e-13
cc7d03a3a03a3325,0,faa,1808,2,1,1.0,True,0.0,0.9,1.0,1.0,0.0,0.0,0.0,3.2940317140628395e-13
cc7d03a3a03a3325,0,faa,1809,2,1,1.0,True,0.0,0.9,1.0,1.0,0.0,0.0,0.0,3.2940317140628395e-13
cc7d03a3a03a3325,0,faa,1810,2,1,1.0,True,0.0,0.9,1.0,1.0,0.0,0.0,0.0,3.2940317140628395e-13
cc7d03a3a03a3325,0,faa,1811,2,1,1.0,True,0.0,0.9,1.0,1.0,0.0,0.0,0.0,3.2940317140628395e-13
cc7d03a3a03a3325,0,faa,1812,2,1,1.0,True,0.0,0.9,1.0,1.0,0.0,0.0,0.0,3.2940317140628395e-13
cc7d03a3a03a3325,0,faa,1813,2,1,1.0,True,0.0,0.9,1.0,1.0,0.0,0.0,0.0,3.2940317140628395e-13
cc7d03a3a03a3325,0,faa,1814,2,0,-0.1,False,0.0,0.9,0.6200000000000001,0.6200000000000001,0.0,0.0,0.0,3.2940317140628395e-13
cc7d03a3a03a3325,0,faa,1815,1,1,-0.1,False,0.0,0.9,0.8,0.8,0.0,0.0,0.0,3.2940317140628395e-13
cc7d03a3a03a3325,0,faa,1816,2,1,1.0,True,0.0,0.9,1.0,1.0,0.0,0.0,0.0,3.2940317140628395e-13
cc7d03a3a03a3325,0,faa,1817,2,1,1.0,True,0.0,0.9,1.0,1.0,0.0,0.0,0.0,3.2940317140628395e-13
cc7d03a3a03a3325,0,faa,1818,2,1,1.0,True,0.0,0.9,1.0,1.0,0.0,0.0,0.0,3.2940317140628395e-13
cc7d03a3a03a3325,0,faa,1819,2,1,1.0,True,0.0,0.9,1.0,1.0,0.0,0.0,0.0,3.2940317140628395e-13
cc7d03a3a03a3325,0,faa,1820,2,1,1.0,True,0.0,0.9,1.0,1.0,0.0,0.0,0.0,3.2940317140628395e-13
cc7d03a3a03a3325,0,faa,1821,2,1,1.0,True,0.0,0.9,1.0,1.0,0.0,0.0,0.0,3.2940317140628395e-13
cc7d03a3a03a3325,0,faa,1822,2,1,1.0,True,0.0,0.9,1.0,1.0,0.0,0.0,0.0,3.2940317140628395e-13
cc7d03a3a03a3325,0,faa,1823,2,1,1.0,True,0.0,0.9,1.0,1.0,0.0,0.0,0.0,3.2940317140628395e-13
cc7d03a3a03a3325,0,faa,1824,2,1,1.0,True,0.0,0.9,1.0,1.0,0.0,0.0,0.0,3.2940317140628395e-13
cc7d03a3a03a3325,0,faa,1825,2,1,1.0,True,0.0,0.9,1.0,1.0,0.0,0.0,0.0,3.2940317140628395e-13
cc7d03a3a03a3325,0,faa,1826,2,1,1.0,True,0.0,0.9,1.0,1.0,0.0,0.0,0.0,3.2940317140628395e-13
cc7d03a3a03a3325,0,faa,1827,2,0,-0.1,False,0.0,0.9,0.6200000000000001,0.6200000000000001,0.0,0.0,0.0,3.2940317140628395e-13
cc7d03a3a03a3325,0,faa,1828,1,1,-0.1,False,0.0,0.9,0.8,0.8,0.0,0.0,0.0,3.2940317140628395e-13
cc7d03a3a03a3325,0,faa,1829,2,1,1.0,True,0.0,0.9,1.0,1.0,0.0,0.0,0.0,3.2940317140628395e-13
cc7d03a3a03a3325,0,faa,1830,2,1,1.0,True,0.0,0.9,1.0,1.0,0.0,0.0,0.0,3.2940317140628395e-13
cc7d03a3a03a3325,0,faa,1831,2,1,1.0,True,0.0,0.9,1.0,1.0,0.0,0.0,0.0,3.2940317140628395e-13
cc7d03a3a03a3325,0,faa,1832,2,1,1.0,True,0.0,0.9,1.0,1.0,0.0,0.0,0.0,3.2940317140628395e-13
cc7d03a3a03a3325,0,faa,1833,2,1,1.0,True,0.0,0.9,1.0,1.0,0.0,0.0,0.0,3.2940317140628395e-13
cc7d03a3a03a3325,0,faa,1834,2,1,1.0,True,0.0,0.9,1.0,1.0,0.0,0.0,0.0,3.2940317140628395e-13
cc7d03a3a03a3325,0,faa,1835,2,1,1.0,True,0.0,0.9,1.0,1.0,0.0,0.0,0.0,3.2940317140628395e-13
cc7d03a3a03a3325,0,faa,1836,2,1,1.0,True,0.0,0.9,1.0,1.0,0.0,0.0,0.0,3.2940317140628395e-13
cc7d03a3a03a3325,0,faa,1837,2,1,1.0,True,0.0,0.9,1.0,1.0,0.0,0.0,0.0,3.2940317140628395e-13
cc7d03a3a03a3325,0,faa,1838,2,1,1.0,True,0.0,0.9,1.0,1.0,0.0,0.0,0.0,3.2940317140628395e-13
cc7d03a3a03a3325,0,faa,1839,2,1,1.0,True,0.0,0.9,1.0,1.0,0.0,0.0,0.0,3.2940317140628395e-13
cc7d03a3a03a3325,0,faa,1840,2,1,1.0,True,0.0,0.9,1.0,1.0,0.0,0.0,0.0,3.2940317140628395e-13
cc7d03a3a03a3325,0,faa,1841,2,1,1.0,True,0.0,0.9,1.0,1.0,0.0,0.0,0.0,3.2940317140628395e-13
cc7d03a3a03a3325,0,faa,1842,2,1,1.0,True,0.0,0.9,1.0,1.0,0.0,0.0,0.0,3.2940317140628395e-13
cc7d03a3a03a3325,0,faa,1843,2,1,1.0,True,0.0,0.9,1.0,1.0,0.0,0.0,0.0,3.2940317140628395e-13
cc7d03a3a03a3325,0,faa,1844,2,0,-0.1,False,0.0,0.9,0.6200000000000001,0.6200000000000001,0.0,0.0,0.0,3.2940317140628395e-13
cc7d03a3a03a3325,0,faa,1845,1,1,-0.1,False,0.0,0.9,0.8,0.8,0.0,0.0,0.0,3.2940317140628395e-13
cc7d03a3a03a3325,0,faa,1846,2,0,-0.1,False,0.0,0.9,0.6200000000000001,0.6200000000000001,0.0,0.0,0.0,3.2940317140628395e-13
cc7d03a3a03a3325,0,faa,1847,1,1,-0.1,False,0.0,0.9,0.8,0.8,0.0,0.0,0.0,3.2940317140628395e-13
cc7d03a3a03a3325,0,faa,1848,2,1,1.0,True,0.0,0.9,1.0,1.0,0.0,0.0,0.0,3.2940317140628395e-13
cc7d03a3a03a3325,0,faa,1849,2,1,1.0,True,0.0,0.9,1.0,1.0,0.0,0.0,0.0,3.2940317140628395e-13
cc7d03a3a03a3325,0,faa,1850,2,1,1.0,True,0.0,0.9,1.0,1.0,0.0,0.0,0.0,3.2940317140628395e-13
cc7d03a3a03a3325,0,faa,1851,2,1,1.0,True,0.0,0.9,1.0,1.0,0.0,0.0,0.0,3.2940317140628395e-13
cc7d03a3a03a3325,0,faa,1852,2,1,1.0,True,0.0,0.9,1.0,1.0,0.0,0.0,0.0,3.2940317140628395e-13
cc7d03a3a03a3325,0,faa,1853,2,1,1.0,True,0.0,0.9,1.0,1.0,0.0,0.0,0.0,3.2940317140628395e-13
cc7d03a3a03a3325,0,faa,1854,2,1,1.0,True,0.0,0.9,1.0,1.0,0.0,0.0,0.0,3.2940317140628395e-13
cc7d03a3a03a3325,0,faa,1855,2,1,1.0,True,0.0,0.9,1.0,1.0,0.0,0.0,0.0,3.2940317140628395e-13
cc7d03a3a03a3325,0,faa,1856,2,1,1.0,True,0.0,0.9,1.0,1.0,0.0,0.0,0.0,3.2940317140628395e-13
cc7d03a3a03a3325,0,faa,1857,2,0,-0.1,False,0.0,0.9,0.6200000000000001,0.6200000000000001,0.0,0.0,0.0,3.2940317140628395e-13
cc7d03a3a03a3325,0,faa,1858,1,1,-0.1,False,0.0,0.9,0.8,0.8,0.0,0.0,0.0,3.2940317140628395e-13
cc7d03a3a03a3325,0,faa,1859,2,1,1.0,True,0.0,0.9,1.0,1.0,0.0,0.0,0.0,3.2940317140628395e-13
cc7d03a3a03a3325,0,faa,1860,2,1,1.0,True,0.0,0.9,1.0,1.0,0.0,0.0,0.0,3.2940317140628395e-13
cc7d03a3a03a3325,0,faa,1861,2,1,1.0,True,0.0,0.9,1.0,1.0,0.0,0.0,0.0,3.2940317140628395e-13
cc7d03a3a03a3325,0,faa,1862,2,1,1.0,True,0.0,0.9,1.0,1.0,0.0,0.0,0.0,3.2940317140628395e-13
cc7d03a3a03a3325,0,faa,1863,2,1,1.0,True,0.0,0.9,1.0,1.0,0.0,0.0,0.0,3.2940317140628395e-13
cc7d03a3a03a3325,0,faa,1864,2,0,-0.1,False,0.0,0.9,0.6200000000000001,0.6200000000000001,0.0,0.0,0.0,3.2940317140628395e-13
cc7d03a3a03a3325,0,faa,1865,1,1,-0.1,False,0.0,0.9,0.8,0.8,0.0,0.0,0.0,3.2940317140628395e-13
cc7d03a3a03a3325,0,faa,1866,2,1,1.0,True,0.0,0.9,1.0,1.0,0.0,0.0,0.0,3.2940317140628395e-13
cc7d03a3a03a3325,0,faa,1867,2,1,1.0,True,0.0,0.9,1.0,1.0,0.0,0.0,0.0,3.2940317140628395e-13
cc7d03a3a03a3325,0,faa,1868,2,0,-0.1,False,0.0,0.9,0.6200000000000001,0.6200000000000001,0.0,0.0,0.0,3.2940317140628395e-13
cc7d03a3a03a3325,0,faa,1869,1,1,-0.1,False,0.0,0.9,0.8,0.8,0.0,0.0,0.0,3.2940317140628395e-13
cc7d03a3a03a3325,0,faa,1870,2,1,1.0,True,0.0,0.9,1.0,1.0,0.0,0.0,0.0,3.2940317140628395e-13
cc7d03a3a03a3325,0,faa,1871,2,1,1.0,True,0.0,0.9,1.0,1.0,0.0,0.0,0.0,3.2940317140628395e-13
cc7d03a3a03a3325,0,faa,1872,2,0,-0.1,False,0.0,0.9,0.6200000000000001,0.6200000000000001,0.0,0.0,0.0,3.2940317140628395e-13
cc7d03a3a03a3325,0,faa,1873,1,0,-0.1,False,0.0,0.9,0.4580000000000002,0.4580000000000002,0.0,0.0,0.0,3.2940317140628395e-13
cc7d03a3a03a3325,0,faa,1874,0,0,-0.1,False,0.0,0.9,0.4579999999996708,0.45799999999996727,3.2940317140628395e-13,3.291811268013589e-14,0.0,3.291811268013589e-14
cc7d03a3a03a3325,0,faa,1875,0,0,-0.1,False,0.0,0.9,0.45799999999996727,0.4579999999999969,3.291811268013589e-14,3.2751579226442118e-15,0.0,3.2751579226442118e-15
cc7d03a3a03a3325,0,faa,1876,0,1,-0.1,False,0.0,0.9,0.6200000000000001,0.6200000000000001,0.0,0.0,0.0,3.2751579226442118e-15
cc7d03a3a03a3325,0,faa,1877,1,1,-0.1,False,0.0,0.9,0.8,0.8,0.0,0.0,0.0,3.2751579226442118e-15
cc7d03a3a03a3325,0,faa,1878,2,1,1.0,True,0.0,0.9,1.0,1.0,0.0,0.0,0.0,3.2751579226442118e-15
cc7d03a3a03a3325,0,faa,1879,2,1,1.0,True,0.0,0.9,1.0,1.0,0.0,0.0,0.0,3.2751579226442118e-15
cc7d03a3a03a3325,0,faa,1880,2,1,1.0,True,0.0,0.9,1.0,1.0,0.0,0.0,0.0,3.2751579226442118e-15
cc7d03a3a03a3325,0,faa,1881,2,1,1.0,True,0.0,0.9,1.0,1.0,0.0,0.0,0.0,3.2751579226442118e-15
cc7d03a3a03a3325,0,faa,1882,2,1,1.0,True,0.0,0.9,1.0,1.0,0.0,0.0,0.0,3.2751579226442118e-15
cc7d03a3a03a3325,0,faa,1883,2,0,-0.1,False,0.0,0.9,0.6200000000000001,0.6200000000000001,0.0,0.0,0.0,3.2751579226442118e-15
cc7d03a3a03a3325,0,faa,1884,1,1,-0.1,False,0.0,0.9,0.8,0.8,0.0,0.0,0.0,3.2751579226442118e-15
cc7d03a3a03a3325,0,faa,1885,2,1,1.0,True,0.0,0.9,1.0,1.0,0.0,0.0,0.0,3.2751579226442118e-15
cc7d03a3a03a3325,0,faa,1886,2,1,1.0,True,0.0,0.9,1.0,1.0,0.0,0.0,0.0,3.2751579226442118e-15
cc7d03a3a03a3325,0,faa,1887,2,1,1.0,True,0.0,0.9,1.0,1.0,0.0,0.0,0.0,3.2751579226442118e-15
cc7d03a3a03a3325,0,faa,1888,2,1,1.0,True,0.0,0.9,1.0,1.0,0.0,0.0,0.0,3.2751579226442118e-15
cc7d03a3a03a3325,0,faa,1889,2,1,1.0,True,0.0,0.9,1.0,1.0,0.0,0.0,0.0,3.2751579226442118e-15
cc7d03a3a03a3325,0,faa,1890,2,1,1.0,True,0.0,0.9,1.0,1.0,0.0,0.0,0.0,3.2751579226442118e-15
cc7d03a3a03a3325,0,faa,1891,2,1,1.0,True,0.0,0.9,1.0,1.0,0.0,0.0,0.0,3.2751579226442118e-15
cc7d03a3a03a3325,0,faa,1892,2,0,-0.1,False,0.0,0.9,0.6200000000000001,0.6200000000000001,0.0,0.0,0.0,3.2751579226442118e-15
cc7d03a3a03a3325,0,faa,1893,1,0,-0.1,False,0.0,0.9,0.4580000000000002,0.4580000000000002,0.0,0.0,0.0,3.2751579226442118e-15
cc7d03a3a03a3325,0,faa,1894,0,0,-0.1,False,0.0,0.9,0.4579999999999969,0.45799999999999985,3.2751579226442118e-15,3.3306690738754696e-16,0.0,3.3306690738754696e-16
cc7d03a3a03a3325,0,faa,1895,0,1,-0.1,False,0.0,0.9,0.6200000000000001,0.6200000000000001,0.0,0.0,0.0,3.3306690738754696e-16
cc7d03a3a03a3325,0,faa,1896,1,0,-0.1,False,0.0,0.9,0.4580000000000002,0.4580000000000002,0.0,0.0,0.0,3.3306690738754696e-16
cc7d03a3a03a3325,0,faa,1897,0,1,-0.1,False,0.0,0.9,0.6200000000000001,0.6200000000000001,0.0,0.0,0.0,3.3306690738754696e-16
cc7d03a3a03a3325,0,faa,1898,1,0,-0.1,False,0.0,0.9,0.4580000000000002,0.4580000000000002,0.0,0.0,0.0,3.3306690738754696e-16
cc7d03a3a03a3325,0,faa,1899,0,1,-0.1,False,0.0,0.9,0.6200000000000001,0.6200000000000001,0.0,0.0,0.0,3.3306690738754696e-16
cc7d03a3a03a3325,0,faa,1900,1,1,-0.1,False,0.0,0.9,0.8,0.8,0.0,0.0,0.0,3.3306690738754696e-16
cc7d03a3a03a3325,0,faa,1901,2,1,1.0,True,0.0,0.9,1.0,1.0,0.0,0.0,0.0,3.3306690738754696e-16
cc7d03a3a03a3325,0,faa,1902,2,1,1.0,True,0.0,0.9,1.0,1.0,0.0,0.0,0.0,3.3306690738754696e-16
cc7d03a3a03a3325,0,faa,1903,2,0,-0.1,False,0.0,0.9,0.6200000000000001,0.6200000000000001,0.0,0.0,0.0,3.3306690738754696e-16
cc7d03a3a03a3325,0,faa,1904,1,1,-0.1,False,0.0,0.9,0.8,0.8,0.0,0.0,0.0,3.3306690738754696e-16
cc7d03a3a03a3325,0,faa,1905,2,1,1.0,True,0.0,0.9,1.0,1.0,0.0,0.0,0.0,3.3306690738754696e-16
cc7d03a3a03a3325,0,faa,1906,2,1,1.0,True,0.0,0.9,1.0,1.0,0.0,0.0,0.0,3.3306690738754696e-16
cc7d03a3a03a3325,0,faa,1907,2,0,-0.1,False,0.0,0.9,0.6200000000000001,0.6200000000000001,0.0,0.0,0.0,3.3306690738754696e-16
cc7d03a3a03a3325,0,faa,1908,1,1,-0.1,False,0.0,0.9,0.8,0.8,0.0,0.0,0.0,3.3306690738754696e-16
cc7d03a3a03a3325,0,faa,1909,2,1,1.0,True,0.0,0.9,1.0,1.0,0.0,0.0,0.0,3.3306690738754696e-16
cc7d03a3a03a3325,0,faa,1910,2,1,1.0,True,0.0,0.9,1.0,1.0,0.0,0.0,0.0,3.3306690738754696e-16
cc7d03a3a03a3325,0,faa,1911,2,1,1.0,True,0.0,0.9,1.0,1.0,0.0,0.0,0.0,3.3306690738754696e-16
cc7d03a3a03a3325,0,faa,1912,2,0,-0.1,False,0.0,0.9,0.6200000000000001,0.6200000000000001,0.0,0.0,0.0,3.3306690738754696e-16
cc7d03a3a03a3325,0,faa,1913,1,1,-0.1,False,0.0,0.9,0.8,0.8,0.0,0.0,0.0,3.3306690738754696e-16
cc7d03a3a03a3325,0,faa,1914,2,1,1.0,True,0.0,0.9,1.0,1.0,0.0,0.0,0.0,3.3306690738754696e-16
cc7d03a3a03a3325,0,faa,1915,2,1,1.0,True,0.0,0.9,1.0,1.0,0.0,0.0,0.0,3.3306690738754696e-16
cc7d03a3a03a3325,0,faa,1916,2,1,1.0,True,0.0,0.9,1.0,1.0,0.0,0.0,0.0,3.3306690738754696e-16
cc7d03a3a03a3325,0,faa,1917,2,0,-0.1,False,0.0,0.9,0.6200000000000001,0.6200000000000001,0.0,0.0,0.0,3.3306690738754696e-16
cc7d03a3a03a3325,0,faa,1918,1,1,-0.1,False,0.0,0.9,0.8,0.8,0.0,0.0,0.0,3.3306690738754696e-16
cc7d03a3a03a3325,0,faa,1919,2,1,1.0,True,0.0,0.9,1.0,1.0,0.0,0.0,0.0,3.3306690738754696e-16
cc7d03a3a03a3325,0,faa,1920,2,1,1.0,True,0.0,0.9,1.0,1.0,0.0,0.0,0.0,3.3306690738754696e-16
cc7d03a3a03a3325,0,faa,1921,2,0,-0.1,False,0.0,0.9,0.6200000000000001,0.6200000000000001,0.0,0.0,0.0,3.3306690738754696e-16
cc7d03a3a03a3325,0,faa,1922,1,1,-0.1,False,0.0,0.9,0.8,0.8,0.0,0.0,0.0,3.3306690738754696e-16
cc7d03a3a03a3325,0,faa,1923,2,1,1.0,True,0.0,0.9,1.0,1.0,0.0,0.0,0.0,3.3306690738754696e-16
cc7d03a3a03a3325,0,faa,1924,2,1,1.0,True,0.0,0.9,1.0,1.0,0.0,0.0,0.0,3.3306690738754696e-16
cc7d03a3a03a3325,0,faa,1925,2,1,1.0,True,0.0,0.9,1.0,1.0,0.0,0.0,0.0,3.3306690738754696e-16
cc7d03a3a03a3325,0,faa,1926,2,1,1.0,True,0.0,0.9,1.0,1.0,0.0,0.0,0.0,3.3306690738754696e-16
cc7d03a3a03a3325,0,faa,1927,2,1,1.0,True,0.0,0.9,1.0,1.0,0.0,0.0,0.0,3.3306690738754696e-16
cc7d03a3a03a3325,0,faa,1928,2,0,-0.1,False,0.0,0.9,0.6200000000000001,0.6200000000000001,0.0,0.0,0.0,3.3306690738754696e-16
cc7d03a3a03a3325,0,faa,1929,1,1,-0.1,False,0.0,0.9,0.8,0.8,0.0,0.0,0.0,3.3306690738754696e-16
cc7d03a3a03a3325,0,faa,1930,2,1,1.0,True,0.0,0.9,1.0,1.0,0.0,0.0,0.0,3.3306690738754696e-16
cc7d03a3a03a3325,0,faa,1931,2,0,-0.1,False,0.0,0.9,0.6200000000000001,0.6200000000000001,0.0,0.0,0.0,3.3306690738754696e-16
cc7d03a3a03a3325,0,faa,1932,1,1,-0.1,False,0.0,0.9,0.8,0.8,0.0,0.0,0.0,3.3306690738754696e-16
cc7d03a3a03a3325,0,faa,1933,2,1,1.0,True,0.0,0.9,1.0,1.0,0.0,0.0,0.0,3.3306690738754696e-16
cc7d03a3a03a3325,0,faa,1934,2,1,1.0,True,0.0,0.9,1.0,1.0,0.0,0.0,0.0,3.3306690738754696e-16
cc7d03a3a03a3325,0,faa,1935,2,1,1.0,True,0.0,0.9,1.0,1.0,0.0,0.0,0.0,3.3306690738754696e-16
cc7d03a3a03a3325,0,faa,1936,2,1,1.0,True,0.0,0.9,1.0,1.0,0.0,0.0,0.0,3.3306690738754696e-16
cc7d03a3a03a3325,0,faa,1937,2,1,1.0,True,0.0,0.9,1.0,1.0,0.0,0.0,0.0,3.3306690738754696e-16
cc7d03a3a03a3325,0,faa,1938,2,1,1.0,True,0.0,0.9,1.0,1.0,0.0,0.0,0.0,3.3306690738754696e-16
cc7d03a3a03a3325,0,faa,1939,2,1,1.0,True,0.0,0.9,1.0,1.0,0.0,0.0,0.0,3.3306690738754696e-16
cc7d03a3a03a3325,0,faa,1940,2,0,-0.1,False,0.0,0.9,0.6200000000000001,0.6200000000000001,0.0,0.0,0.0,3.3306690738754696e-16
cc7d03a3a03a3325,0,faa,1941,1,0,-0.1,False,0.0,0.9,0.4580000000000002,0.4580000000000002,0.0,0.0,0.0,3.3306690738754696e-16
cc7d03a3a03a3325,0,faa,1942,0,0,-0.1,False,0.0,0.9,0.45799999999999985,0.45800000000000013,3.3306690738754696e-16,5.551115123125783e-17,0.0,5.551115123125783e-17
cc7d03a3a03a3325,0,faa,1943,0,1,-0.1,False,0.0,0.9,0.6200000000000001,0.6200000000000001,0.0,0.0,0.0,5.551115123125783e-17
cc7d03a3a03a3325,0,faa,1944,1,1,-0.1,False,0.0,0.9,0.8,0.8,0.0,0.0,0.0,5.551115123125783e-17
cc7d03a3a03a3325,0,faa,1945,2,0,-0.1,False,0.0,0.9,0.6200000000000001,0.6200000000000001,0.0,0.0,0.0,5.551115123125783e-17
cc7d03a3a03a3325,0,faa,1946,1,1,-0.1,False,0.0,0.9,0.8,0.8,0.0,0.0,0.0,5.551115123125783e-17
cc7d03a3a03a3325,0,faa,1947,2,0,-0.1,False,0.0,0.9,0.6200000000000001,0.6200000000000001,0.0,0.0,0.0,5.551115123125783e-17
cc7d03a3a03a3325,0,faa,1948,1,0,-0.1,False,0.0,0.9,0.4580000000000002,0.4580000000000002,0.0,0.0,0.0,5.551115123125783e-17
cc7d03a3a03a3325,0,faa,1949,0,1,-0.1,False,0.0,0.9,0.6200000000000001,0.6200000000000001,0.0,0.0,0.0,5.551115123125783e-17
cc7d03a3a03a3325,0,faa,1950,1,0,-0.1,False,0.0,0.9,0.4580000000000002,0.4580000000000002,0.0,0.0,0.0,5.551115123125783e-17
cc7d03a3a03a3325,0,faa,1951,0,1,-0.1,False,0.0,0.9,0.6200000000000001,0.6200000000000001,0.0,0.0,0.0,5.551115123125783e-17
cc7d03a3a03a3325,0,faa,1952,1,1,-0.1,False,0.0,0.9,0.8,0.8,0.0,0.0,0.0,5.551115123125783e-17
cc7d03a3a03a3325,0,faa,1953,2,1,1.0,True,0.0,0.9,1.0,1.0,0.0,0.0,0.0,5.551115123125783e-17
cc7d03a3a03a3325,0,faa,1954,2,1,1.0,True,0.0,0.9,1.0,1.0,0.0,0.0,0.0,5.551115123125783e-17
cc7d03a3a03a3325,0,faa,1955,2,1,1.0,True,0.0,0.9,1.0,1.0,0.0,0.0,0.0,5.551115123125783e-17
cc7d03a3a03a3325,0,faa,1956,2,0,-0.1,False,0.0,0.9,0.6200000000000001,0.6200000000000001,0.0,0.0,0.0,5.551115123125783e-17
cc7d03a3a03a3325,0,faa,1957,1,1,-0.1,False,0.0,0.9,0.8,0.8,0.0,0.0,0.0,5.551115123125783e-17
cc7d03a3a03a3325,0,faa,1958,2,1,1.0,True,0.0,0.9,1.0,1.0,0.0,0.0,0.0,5.551115123125783e-17
cc7d03a3a03a3325,0,faa,1959,2,1,1.0,True,0.0,0.9,1.0,1.0,0.0,0.0,0.0,5.551115123125783e-17
cc7d03a3a03a3325,0,faa,1960,2,0,-0.1,False,0.0,0.9,0.6200000000000001,0.6200000000000001,0.0,0.0,0.0,5.551115123125783e-17
cc7d03a3a03a3325,0,faa,1961,1,0,-0.1,False,0.0,0.9,0.4580000000000002,0.4580000000000002,0.0,0.0,0.0,5.551115123125783e-17
cc7d03a3a03a3325,0,faa,1962,0,0,-0.1,False,0.0,0.9,0.45800000000000013,0.4580000000000002,5.551115123125783e-17,0.0,0.0,0.0
cc7d03a3a03a3325,0,faa,1963,0,0,-0.1,False,0.0,0.9,0.4580000000000002,0.4580000000000002,0.0,0.0,0.0,0.0
cc7d03a3a03a3325,0,faa,1964,0,0,-0.1,False,0.0,0.9,0.4580000000000002,0.4580000000000002,0.0,0.0,0.0,0.0
cc7d03a3a03a3325,0,faa,1965,0,1,-0.1,False,0.0,0.9,0.6200000000000001,0.6200000000000001,0.0,0.0,0.0,0.0
cc7d03a3a03a3325,0,faa,1966,1,1,-0.1,False,0.0,0.9,0.8,0.8,0.0,0.0,0.0,0.0
cc7d03a3a03a3325,0,faa,1967,2,1,1.0,True,0.0,0.9,1.0,1.0,0.0,0.0,0.0,0.0
cc7d03a3a03a3325,0,faa,1968,2,1,1.0,True,0.0,0.9,1.0,1.0,0.0,0.0,0.0,0.0
cc7d03a3a03a3325,0,faa,1969,2,1,1.0,True,0.0,0.9,1.0,1.0,0.0,0.0,0.0,0.0
cc7d03a3a03a3325,0,faa,1970,2,1,1.0,True,0.0,0.9,1.0,1.0,0.0,0.0,0.0,0.0
cc7d03a3a03a3325,0,faa,1971,2,1,1.0,True,0.0,0.9,1.0,1.0,0.0,0.0,0.0,0.0
cc7d03a3a03a3325,0,faa,1972,2,1,1.0,True,0.0,0.9,1.0,1.0,0.0,0.0,0.0,0.0
cc7d03a3a03a3325,0,faa,1973,2,1,1.0,True,0.0,0.9,1.0,1.0,0.0,0.0,0.0,0.0
cc7d03a3a03a3325,0,faa,1974,2,1,1.0,True,0.0,0.9,1.0,1.0,0.0,0.0,0.0,0.0
cc7d03a3a03a3325,0,faa,1975,2,1,1.0,True,0.0,0.9,1.0,1.0,0.0,0.0,0.0,0.0
cc7d03a3a03a3325,0,faa,1976,2,1,1.0,True,0.0,0.9,1.0,1.0,0.0,0.0,0.0,0.0
cc7d03a3a03a3325,0,faa,1977,2,1,1.0,True,0.0,0.9,1.0,1.0,0.0,0.0,0.0,0.0
cc7d03a3a03a3325,0,faa,1978,2,1,1.0,True,0.0,0.9,1.0,1.0,0.0,0.0,0.0,0.0
cc7d03a3a03a3325,0,faa,1979,2,1,1.0,True,0.0,0.9,1.0,1.0,0.0,0.0,0.0,0.0
cc7d03a3a03a3325,0,faa,1980,2,1,1.0,True,0.0,0.9,1.0,1.0,0.0,0.0,0.0,0.0
cc7d03a3a03a3325,0,faa,1981,2,0,-0.1,False,0.0,0.9,0.6200000000000001,0.6200000000000001,0.0,0.0,0.0,0.0
cc7d03a3a03a3325,0,faa,1982,1,0,-0.1,False,0.0,0.9,0.4580000000000002,0.4580000000000002,0.0,0.0,0.0,0.0
cc7d03a3a03a3325,0,faa,1983,0,1,-0.1,False,0.0,0.9,0.6200000000000001,0.6200000000000001,0.0,0.0,0.0,0.0
cc7d03a3a03a3325,0,faa,1984,1,0,-0.1,False,0.0,0.9,0.4580000000000002,0.4580000000000002,0.0,0.0,0.0,0.0
cc7d03a3a03a3325,0,faa,1985,0,1,-0.1,False,0.0,0.9,0.6200000000000001,0.6200000000000001,0.0,0.0,0.0,0.0
cc7d03a3a03a3325,0,faa,1986,1,1,-0.1,False,0.0,0.9,0.8,0.8,0.0,0.0,0.0,0.0
cc7d03a3a03a3325,0,faa,1987,2,1,1.0,True,0.0,0.9,1.0,1.0,0.0,0.0,0.0,0.0
cc7d03a3a03a3325,0,faa,1988,2,1,1.0,True,0.0,0.9,1.0,1.0,0.0,0.0,0.0,0.0
cc7d03a3a03a3325,0,faa,1989,2,1,1.0,True,0.0,0.9,1.0,1.0,0.0,0.0,0.0,0.0
cc7d03a3a03a3325,0,faa,1990,2,1,1.0,True,0.0,0.9,1.0,1.0,0.0,0.0,0.0,0.0
cc7d03a3a03a3325,0,faa,1991,2,1,1.0,True,0.0,0.9,1.0,1.0,0.0,0.0,0.0,0.0
cc7d03a3a03a3325,0,faa,1992,2,0,-0.1,False,0.0,0.9,0.6200000000000001,0.6200000000000001,0.0,0.0,0.0,0.0
cc7d03a3a03a3325,0,faa,1993,1,1,-0.1,False,0.0,0.9,0.8,0.8,0.0,0.0,0.0,0.0
cc7d03a3a03a3325,0,faa,1994,2,1,1.0,True,0.0,0.9,1.0,1.0,0.0,0.0,0.0,0.0
cc7d03a3a03a3325,0,faa,1995,2,1,1.0,True,0.0,0.9,1.0,1.0,0.0,0.0,0.0,0.0
cc7d03a3a03a3325,0,faa,1996,2,1,1.0,True,0.0,0.9,1.0,1.0,0.0,0.0,0.0,0.0
cc7d03a3a03a3325,0,faa,1997,2,1,1.0,True,0.0,0.9,1.0,1.0,0.0,0.0,0.0,0.0
cc7d03a3a03a3325,0,faa,1998,2,1,1.0,True,0.0,0.9,1.0,1.0,0.0,0.0,0.0,0.0
cc7d03a3a03a3325,0,faa,1999,2,0,-0.1,False,0.0,0.9,0.6200000000000001,0.6200000000000001,0.0,0.0,0.0,0.0
cc7d03a3a03a3325,0,faa,2000,1,0,-0.1,False,0.0,0.9,0.4580000000000002,0.4580000000000002,0.0,0.0,0.0,0.0
cc7d03a3a03a3325,0,faa,2001,0,1,-0.1,False,0.0,0.9,0.6200000000000001,0.6200000000000001,0.0,0.0,0.0,0.0
cc7d03a3a03a3325,0,faa,2002,1,1,-0.1,False,0.0,0.9,0.8,0.8,0.0,0.0,0.0,0.0
cc7d03a3a03a3325,0,faa,2003,2,1,1.0,True,0.0,0.9,1.0,1.0,0.0,0.0,0.0,0.0
cc7d03a3a03a3325,0,faa,2004,2,1,1.0,True,0.0,0.9,1.0,1.0,0.0,0.0,0.0,0.0
cc7d03a3a03a3325,0,faa,2005,2,1,1.0,True,0.0,0.9,1.0,1.0,0.0,0.0,0.0,0.0
cc7d03a3a03a3325,0,faa,2006,2,0,-0.1,False,0.0,0.9,0.6200000000000001,0.6200000000000001,0.0,0.0,0.0,0.0
cc7d03a3a03a3325,0,faa,2007,1,0,-0.1,False,0.0,0.9,0.4580000000000002,0.4580000000000002,0.0,0.0,0.0,0.0
cc7d03a3a03a3325,0,faa,2008,0,1,-0.1,False,0.0,0.9,0.6200000000000001,0.6200000000000001,0.0,0.0,0.0,0.0
cc7d03a3a03a3325,0,faa,2009,1,1,-0.1,False,0.0,0.9,0.8,0.8,0.0,0.0,0.0,0.0
cc7d03a3a03a3325,0,faa,2010,2,1,1.0,True,0.0,0.9,1.0,1.0,0.0,0.0,0.0,0.0
cc7d03a3a03a3325,0,faa,2011,2,1,1.0,True,0.0,0.9,1.0,1.0,0.0,0.0,0.0,0.0
cc7d03a3a03a3325,0,faa,2012,2,1,1.0,True,0.0,0.9,1.0,1.0,0.0,0.0,0.0,0.0
cc7d03a3a03a3325,0,faa,2013,2,1,1.0,True,0.0,0.9,1.0,1.0,0.0,0.0,0.0,0.0
cc7d03a3a03a3325,0,faa,2014,2,1,1.0,True,0.0,0.9,1.0,1.0,0.0,0.0,0.0,0.0
cc7d03a3a03a3325,0,faa,2015,2,1,1.0,True,0.0,0.9,1.0,1.0,0.0,0.0,0.0,0.0
cc7d03a3a03a3325,0,faa,2016,2,1,1.0,True,0.0,0.9,1.0,1.0,0.0,0.0,0.0,0.0
cc7d03a3a03a3325,0,faa,2017,2,1,1.0,True,0.0,0.9,1.0,1.0,0.0,0.0,0.0,0.0
cc7d03a3a03a3325,0,faa,2018,2,0,-0.1,False,0.0,0.9,0.6200000000000001,0.6200000000000001,0.0,0.0,0.0,0.0
cc7d03a3a03a3325,0,faa,2019,1,1,-0.1,False,0.0,0.9,0.8,0.8,0.0,0.0,0.0,0.0
cc7d03a3a03a3325,0,faa,2020,2,1,1.0,True,0.0,0.9,1.0,1.0,0.0,0.0,0.0,0.0
cc7d03a3a03a3325,0,faa,2021,2,1,1.0,True,0.0,0.9,1.0,1.0,0.0,0.0,0.0,0.0
cc7d03a3a03a3325,0,faa,2022,2,1,1.0,True,0.0,0.9,1.0,1.0,0.0,0.0,0.0,0.0
cc7d03a3a03a3325,0,faa,2023,2,1,1.0,True,0.0,0.9,1.0,1.0,0.0,0.0,0.0,0.0
cc7d03a3a03a3325,0,faa,2024,2,1,1.0,True,0.0,0.9,1.0,1.0,0.0,0.0,0.0,0.0
cc7d03a3a03a3325,0,faa,2025,2,1,1.0,True,0.0,0.9,1.0,1.0,0.0,0.0,0.0,0.0
cc7d03a3a03a3325,0,faa,2026,2,1,1.0,True,0.0,0.9,1.0,1.0,0.0,0.0,0.0,0.0
cc7d03a3a03a3325,0,faa,2027,2,1,1.0,True,0.0,0.9,1.0,1.0,0.0,0.0,0.0,0.0
cc7d03a3a03a3325,0,faa,2028,2,0,-0.1,False,0.0,0.9,0.6200000000000001,0.6200000000000001,0.0,0.0,0.0,0.0
cc7d03a3a03a3325,0,faa,2029,1,1,-0.1,False,0.0,0.9,0.8,0.8,0.0,0.0,0.0,0.0
cc7d03a3a03a3325,0,faa,2030,2,1,1.0,True,0.0,0.9,1.0,1.0,0.0,0.0,0.0,0.0
cc7d03a3a03a3325,0,faa,2031,2,0,-0.1,False,0.0,0.9,0.6200000000000001,0.6200000000000001,0.0,0.0,0.0,0.0
cc7d03a3a03a3325,0,faa,2032,1,1,-0.1,False,0.0,0.9,0.8,0.8,0.0,0.0,0.0,0.0
cc7d03a3a03a3325,0,faa,2033,2,1,1.0,True,0.0,0.9,1.0,1.0,0.0,0.0,0.0,0.0
cc7d03a3a03a3325,0,faa,2034,2,0,-0.1,False,0.0,0.9,0.6200000000000001,0.6200000000000001,0.0,0.0,0.0,0.0
cc7d03a3a03a3325,0,faa,2035,1,1,-0.1,False,0.0,0.9,0.8,0.8,0.0,0.0,0.0,0.0
cc7d03a3a03a3325,0,faa,2036,2,0,-0.1,False,0.0,0.9,0.6200000000000001,0.6200000000000001,0.0,0.0,0.0,0.0
cc7d03a3a03a3325,0,faa,2037,1,0,-0.1,False,0.0,0.9,0.4580000000000002,0.4580000000000002,0.0,0.0,0.0,0.0
cc7d03a3a03a3325,0,faa,2038,0,1,-0.1,False,0.0,0.9,0.6200000000000001,0.6200000000000001,0.0,0.0,0.0,0.0
cc7d03a3a03a3325,0,faa,2039,1,1,-0.1,False,0.0,0.9,0.8,0.8,0.0,0.0,0.0,0.0
cc7d03a3a03a3325,0,faa,2040,2,1,1.0,True,0.0,0.9,1.0,1.0,0.0,0.0,0.0,0.0
cc7d03a3a03a3325,0,faa,2041,2,1,1.0,True,0.0,0.9,1.0,1.0,0.0,0.0,0.0,0.0
cc7d03a3a03a3325,0,faa,2042,2,1,1.0,True,0.0,0.9,1.0,1.0,0.0,0.0,0.0,0.0
cc7d03a3a03a3325,0,faa,2043,2,1,1.0,True,0.0,0.9,1.0,1.0,0.0,0.0,0.0,0.0
cc7d03a3a03a3325,0,faa,2044,2,1,1.0,True,0.0,0.9,1.0,1.0,0.0,0.0,0.0,0.0
cc7d03a3a03a3325,0,faa,2045,2,1,1.0,True,0.0,0.9,1.0,1.0,0.0,0.0,0.0,0.0
cc7d03a3a03a3325,0,faa,2046,2,1,1.0,True,0.0,0.9,1.0,1.0,0.0,0.0,0.0,0.0
cc7d03a3a03a3325,0,faa,2047,2,1,1.0,True,0.0,0.9,1.0,1.0,0.0,0.0,0.0,0.0
cc7d03a3a03a3325,0,faa,2048,2,1,1.0,True,0.0,0.9,1.0,1.0,0.0,0.0,0.0,0.0
cc7d03a3a03a3325,0,faa,2049,2,1,1.0,True,0.0,0.9,1.0,1.0,0.0,0.0,0.0,0.0
cc7d03a3a03a3325,0,faa,2050,2,1,1.0,True,0.0,0.9,1.0,1.0,0.0,0.0,0.0,0.0
cc7d03a3a03a3325,0,faa,2051,2,1,1.0,True,0.0,0.9,1.0,1.0,0.0,0.0,0.0,0.0
cc7d03a3a03a3325,0,faa,2052,2,1,1.0,True,0.0,0.9,1.0,1.0,0.0,0.0,0.0,0.0
cc7d03a3a03a3325,0,faa,2053,2,1,1.0,True,0.0,0.9,1.0,1.0,0.0,0.0,0.0,0.0
cc7d03a3a03a3325,0,faa,2054,2,1,1.0,True,0.0,0.9,1.0,1.0,0.0,0.0,0.0,0.0
cc7d03a3a03a3325,0,faa,2055,2,1,1.0,True,0.0,0.9,1.0,1.0,0.0,0.0,0.0,0.0
cc7d03a3a03a3325,0,faa,2056,2,0,-0.1,False,0.0,0.9,0.6200000000000001,0.6200000000000001,0.0,0.0,0.0,0.0
cc7d03a3a03a3325,0,faa,2057,1,1,-0.1,False,0.0,0.9,0.8,0.8,0.0,0.0,0.0,0.0
cc7d03a3a03a3325,0,faa,2058,2,1,1.0,True,0.0,0.9,1.0,1.0,0.0,0.0,0.0,0.0
cc7d03a3a03a3325,0,faa,2059,2,1,1.0,True,0.0,0.9,1.0,1.0,0.0,0.0,0.0,0.0
cc7d03a3a03a3325,0,faa,2060,2,1,1.0,True,0.0,0.9,1.0,1.0,0.0,0.0,0.0,0.0
cc7d03a3a03a3325,0,faa,2061,2,1,1.0,True,0.0,0.9,1.0,1.0,0.0,0.0,0.0,0.0
cc7d03a3a03a3325,0,faa,2062,2,1,1.0,True,0.0,0.9,1.0,1.0,0.0,0.0,0.0,0.0
cc7d03a3a03a3325,0,faa,2063,2,1,1.0,True,0.0,0.9,1.0,1.0,0.0,0.0,0.0,0.0
cc7d03a3a03a3325,0,faa,2064,2,1,1.0,True,0.0,0.9,1.0,1.0,0.0,0.0,0.0,0.0
cc7d03a3a03a3325,0,faa,2065,2,1,1.0,True,0.0,0.9,1.0,1.0,0.0,0.0,0.0,0.0
cc7d03a3a03a3325,0,faa,2066,2,1,1.0,True,0.0,0.9,1.0,1.0,0.0,0.0,0.0,0.0
cc7d03a3a03a3325,0,faa,2067,2,1,1.0,True,0.0,0.9,1.0,1.0,0.0,0.0,0.0,0.0
cc7d03a3a03a3325,0,faa,2068,2,1,1.0,True,0.0,0.9,1.0,1.0,0.0,0.0,0.0,0.0
cc7d03a3a03a3325,0,faa,2069,2,1,1.0,True,0.0,0.9,1.0,1.0,0.0,0.0,0.0,0.0
cc7d03a3a03a3325,0,faa,2070,2,1,1.0,True,0.0,0.9,1.0,1.0,0.0,0.0,0.0,0.0
cc7d03a3a03a3325,0,faa,2071,2,1,1.0,True,0.0,0.9,1.0,1.0,0.0,0.0,0.0,0.0
cc7d03a3a03a3325,0,faa,2072,2,1,1.0,True,0.0,0.9,1.0,1.0,0.0,0.0,0.0,0.0
cc7d03a3a03a3325,0,faa,2073,2,1,1.0,True,0.0,0.9,1.0,1.0,0.0,0.0,0.0,0.0
cc7d03a3a03a3325,0,faa,2074,2,1,1.0,True,0.0,0.9,1.0,1.0,0.0,0.0,0.0,0.0
cc7d03a3a03a3325,0,faa,2075,2,1,1.0,True,0.0,0.9,1.0,1.0,0.0,0.0,0.0,0.0
cc7d03a3a03a3325,0,faa,2076,2,1,1.0,True,0.0,0.9,1.0,1.0,0.0,0.0,0.0,0.0
cc7d03a3a03a3325,0,faa,2077,2,1,1.0,True,0.0,0.9,1.0,1.0,0.0,0.0,0.0,0.0
cc7d03a3a03a3325,0,faa,2078,2,1,1.0,True,0.0,0.9,1.0,1.0,0.0,0.0,0.0,0.0
cc7d03a3a03a3325,0,faa,2079,2,1,1.0,True,0.0,0.9,1.0,1.0,0.0,0.0,0.0,0.0
cc7d03a3a03a3325,0,faa,2080,2,1,1.0,True,0.0,0.9,1.0,1.0,0.0,0.0,0.0,0.0
cc7d03a3a03a3325,0,faa,2081,2,1,1.0,True,0.0,0.9,1.0,1.0,0.0,0.0,0.0,0.0
cc7d03a3a03a3325,0,faa,2082,2,1,1.0,True,0.0,0.9,1.0,1.0,0.0,0.0,0.0,0.0
cc7d03a3a03a3325,0,faa,2083,2,1,1.0,True,0.0,0.9,1.0,1.0,0.0,0.0,0.0,0.0
cc7d03a3a03a3325,0,faa,2084,2,1,1.0,True,0.0,0.9,1.0,1.0,0.0,0.0,0.0,0.0
cc7d03a3a03a3325,0,faa,2085,2,0,-0.1,False,0.0,0.9,0.6200000000000001,0.6200000000000001,0.0,0.0,0.0,0.0
cc7d03a3a03a3325,0,faa,2086,1,1,-0.1,False,0.0,0.9,0.8,0.8,0.0,0.0,0.0,0.0
cc7d03a3a03a3325,0,faa,2087,2,1,1.0,True,0.0,0.9,1.0,1.0,0.0,0.0,0.0,0.0
cc7d03a3a03a3325,0,faa,2088,2,1,1.0,True,0.0,0.9,1.0,1.0,0.0,0.0,0.0,0.0
cc7d03a3a03a3325,0,faa,2089,2,1,1.0,True,0.0,0.9,1.0,1.0,0.0,0.0,0.0,0.0
cc7d03a3a03a3325,0,faa,2090,2,1,1.0,True,0.0,0.9,1.0,1.0,0.0,0.0,0.0,0.0
cc7d03a3a03a3325,0,faa,2091,2,1,1.0,True,0.0,0.9,1.0,1.0,0.0,0.0,0.0,0.0
cc7d03a3a03a3325,0,faa,2092,2,1,1.0,True,0.0,0.9,1.0,1.0,0.0,0.0,0.0,0.0
cc7d03a3a03a3325,0,faa,2093,2,0,-0.1,False,0.0,0.9,0.6200000000000001,0.6200000000000001,0.0,0.0,0.0,0.0
cc7d03a3a03a3325,0,faa,2094,1,1,-0.1,False,0.0,0.9,0.8,0.8,0.0,0.0,0.0,0.0
cc7d03a3a03a3325,0,faa,2095,2,1,1.0,True,0.0,0.9,1.0,1.0,0.0,0.0,0.0,0.0
cc7d03a3a03a3325,0,faa,2096,2,1,1.0,True,0.0,0.9,1.0,1.0,0.0,0.0,0.0,0.0
cc7d03a3a03a3325,0,faa,2097,2,1,1.0,True,0.0,0.9,1.0,1.0,0.0,0.0,0.0,0.0
cc7d03a3a03a3325,0,faa,2098,2,1,1.0,True,0.0,0.9,1.0,1.0,0.0,0.0,0.0,0.0
cc7d03a3a03a3325,0,faa,2099,2,0,-0.1,False,0.0,0.9,0.6200000000000001,0.6200000000000001,0.0,0.0,0.0,0.0
cc7d03a3a03a3325,0,faa,2100,1,1,-0.1,False,0.0,0.9,0.8,0.8,0.0,0.0,0.0,0.0
cc7d03a3a03a3325,0,faa,2101,2,1,1.0,True,0.0,0.9,1.0,1.0,0.0,0.0,0.0,0.0
cc7d03a3a03a3325,0,faa,2102,2,0,-0.1,False,0.0,0.9,0.6200000000000001,0.6200000000000001,0.0,0.0,0.0,0.0
cc7d03a3a03a3325,0,faa,2103,1,1,-0.1,False,0.0,0.9,0.8,0.8,0.0,0.0,0.0,0.0
cc7d03a3a03a3325,0,faa,2104,2,1,1.0,True,0.0,0.9,1.0,1.0,0.0,0.0,0.0,0.0
cc7d03a3a03a3325,0,faa,2105,2,1,1.0,True,0.0,0.9,1.0,1.0,0.0,0.0,0.0,0.0
cc7d03a3a03a3325,0,faa,2106,2,1,1.0,True,0.0,0.9,1.0,1.0,0.0,0.0,0.0,0.0
cc7d03a3a03a3325,0,faa,2107,2,1,1.0,True,0.0,0.9,1.0,1.0,0.0,0.0,0.0,0.0
cc7d03a3a03a3325,0,faa,2108,2,1,1.0,True,0.0,0.9,1.0,1.0,0.0,0.0,0.0,0.0
cc7d03a3a03a3325,0,faa,2109,2,1,1.0,True,0.0,0.9,1.0,1.0,0.0,0.0,0.0,0.0
cc7d03a3a03a3325,0,faa,2110,2,1,1.0,True,0.0,0.9,1.0,1.0,0.0,0.0,0.0,0.0
cc7d03a3a03a3325,0,faa,2111,2,0,-0.1,False,0.0,0.9,0.6200000000000001,0.6200000000000001,0.0,0.0,0.0,0.0
cc7d03a3a03a3325,0,faa,2112,1,1,-0.1,False,0.0,0.9,0.8,0.8,0.0,0.0,0.0,0.0
cc7d03a3a03a3325,0,faa,2113,2,0,-0.1,False,0.0,0.9,0.6200000000000001,0.6200000000000001,0.0,0.0,0.0,0.0
cc7d03a3a03a3325,0,faa,2114,1,0,-0.1,False,0.0,0.9,0.4580000000000002,0.4580000000000002,0.0,0.0,0.0,0.0
cc7d03a3a03a3325,0,faa,2115,0,0,-0.1,False,0.0,0.9,0.4580000000000002,0.4580000000000002,0.0,0.0,0.0,0.0
cc7d03a3a03a3325,0,faa,2116,0,0,-0.1,False,0.0,0.9,0.4580000000000002,0.4580000000000002,0.0,0.0,0.0,0.0
cc7d03a3a03a3325,0,faa,2117,0,1,-0.1,False,0.0,0.9,0.6200000000000001,0.6200000000000001,0.0,0.0,0.0,0.0
cc7d03a3a03a3325,0,faa,2118,1,1,-0.1,False,0.0,0.9,0.8,0.8,0.0,0.0,0.0,0.0
cc7d03a3a03a3325,0,faa,2119,2,1,1.0,True,0.0,0.9,1.0,1.0,0.0,0.0,0.0,0.0
cc7d03a3a03a3325,0,faa,2120,2,1,1.0,True,0.0,0.9,1.0,1.0,0.0,0.0,0.0,0.0
cc7d03a3a03a3325,0,faa,2121,2,1,1.0,True,0.0,0.9,1.0,1.0,0.0,0.0,0.0,0.0
cc7d03a3a03a3325,0,faa,2122,2,0,-0.1,False,0.0,0.9,0.6200000000000001,0.6200000000000001,0.0,0.0,0.0,0.0
cc7d03a3a03a3325,0,faa,2123,1,1,-0.1,False,0.0,0.9,0.8,0.8,0.0,0.0,0.0,0.0
cc7d03a3a03a3325,0,faa,2124,2,1,1.0,True,0.0,0.9,1.0,1.0,0.0,0.0,0.0,0.0
cc7d03a3a03a3325,0,faa,2125,2,1,1.0,True,0.0,0.9,1.0,1.0,0.0,0.0,0.0,0.0
cc7d03a3a03a3325,0,faa,2126,2,1,1.0,True,0.0,0.9,1.0,1.0,0.0,0.0,0.0,0.0
cc7d03a3a03a3325,0,faa,2127,2,1,1.0,True,0.0,0.9,1.0,1.0,0.0,0.0,0.0,0.0
cc7d03a3a03a3325,0,faa,2128,2,0,-0.1,False,0.0,0.9,0.6200000000000001,0.6200000000000001,0.0,0.0,0.0,0.0
cc7d03a3a03a3325,0,faa,2129,1,1,-0.1,False,0.0,0.9,0.8,0.8,0.0,0.0,0.0,0.0
cc7d03a3a03a3325,0,faa,2130,2,1,1.0,True,0.0,0.9,1.0,1.0,0.0,0.0,0.0,0.0
cc7d03a3a03a3325,0,faa,2131,2,1,1.0,True,0.0,0.9,1.0,1.0,0.0,0.0,0.0,0.0
cc7d03a3a03a3325,0,faa,2132,2,1,1.0,True,0.0,0.9,1.0,1.0,0.0,0.0,0.0,0.0
cc7d03a3a03a3325,0,faa,2133,2,1,1.0,True,0.0,0.9,1.0,1.0,0.0,0.0,0.0,0.0
cc7d03a3a03a3325,0,faa,2134,2,1,1.0,True,0.0,0.9,1.0,1.0,0.0,0.0,0.0,0.0
cc7d03a3a03a3325,0,faa,2135,2,1,1.0,True,0.0,0.9,1.0,1.0,0.0,0.0,0.0,0.0
cc7d03a3a03a3325,0,faa,2136,2,1,1.0,True,0.0,0.9,1.0,1.0,0.0,0.0,0.0,0.0
cc7d03a3a03a3325,0,faa,2137,2,1,1.0,True,0.0,0.9,1.0,1.0,0.0,0.0,0.0,0.0
cc7d03a3a03a3325,0,faa,2138,2,1,1.0,True,0.0,0.9,1.0,1.0,0.0,0.0,0.0,0.0
cc7d03a3a03a3325,0,faa,2139,2,0,-0.1,False,0.0,0.9,0.6200000000000001,0.6200000000000001,0.0,0.0,0.0,0.0
cc7d03a3a03a3325,0,faa,2140,1,1,-0.1,False,0.0,0.9,0.8,0.8,0.0,0.0,0.0,0.0
cc7d03a3a03a3325,0,faa,2141,2,1,1.0,True,0.0,0.9,1.0,1.0,0.0,0.0,0.0,0.0
cc7d03a3a03a3325,0,faa,2142,2,1,1.0,True,0.0,0.9,1.0,1.0,0.0,0.0,0.0,0.0
cc7d03a3a03a3325,0,faa,2143,2,1,1.0,True,0.0,0.9,1.0,1.0,0.0,0.0,0.0,0.0
cc7d03a3a03a3325,0,faa,2144,2,1,1.0,True,0.0,0.9,1.0,1.0,0.0,0.0,0.0,0.0
cc7d03a3a03a3325,0,faa,2145,2,1,1.0,True,0.0,0.9,1.0,1.0,0.0,0.0,0.0,0.0
cc7d03a3a03a3325,0,faa,2146,2,0,-0.1,False,0.0,0.9,0.6200000000000001,0.6200000000000001,0.0,0.0,0.0,0.0
cc7d03a3a03a3325,0,faa,2147,1,1,-0.1,False,0.0,0.9,0.8,0.8,0.0,0.0,0.0,0.0
cc7d03a3a03a3325,0,faa,2148,2,1,1.0,True,0.0,0.9,1.0,1.0,0.0,0.0,0.0,0.0
cc7d03a3a03a3325,0,faa,2149,2,1,1.0,True,0.0,0.9,1.0,1.0,0.0,0.0,0.0,0.0
cc7d03a3a03a3325,0,faa,2150,2,0,-0.1,False,0.0,0.9,0.6200000000000001,0.6200000000000001,0.0,0.0,0.0,0.0
cc7d03a3a03a3325,0,faa,2151,1,0,-0.1,False,0.0,0.9,0.4580000000000002,0.4580000000000002,0.0,0.0,0.0,0.0
cc7d03a3a03a3325,0,faa,2152,0,1,-0.1,False,0.0,0.9,0.6200000000000001,0.6200000000000001,0.0,0.0,0.0,0.0
cc7d03a3a03a3325,0,faa,2153,1,1,-0.1,False,0.0,0.9,0.8,0.8,0.0,0.0,0.0,0.0
cc7d03a3a03a3325,0,faa,2154,2,1,1.0,True,0.0,0.9,1.0,1.0,0.0,0.0,0.0,0.0
cc7d03a3a03a3325,0,faa,2155,2,1,1.0,True,0.0,0.9,1.0,1.0,0.0,0.0,0.0,0.0
cc7d03a3a03a3325,0,faa,2156,2,1,1.0,True,0.0,0.9,1.0,1.0,0.0,0.0,0.0,0.0
cc7d03a3a03a3325,0,faa,2157,2,1,1.0,True,0.0,0.9,1.0,1.0,0.0,0.0,0.0,0.0
cc7d03a3a03a3325,0,faa,2158,2,1,1.0,True,0.0,0.9,1.0,1.0,0.0,0.0,0.0,0.0
cc7d03a3a03a3325,0,faa,2159,2,1,1.0,True,0.0,0.9,1.0,1.0,0.0,0.0,0.0,0.0
cc7d03a3a03a3325,0,faa,2160,2,1,1.0,True,0.0,0.9,1.0,1.0,0.0,0.0,0.0,0.0
cc7d03a3a03a3325,0,faa,2161,2,1,1.0,True,0.0,0.9,1.0,1.0,0.0,0.0,0.0,0.0
cc7d03a3a03a3325,0,faa,2162,2,1,1.0,True,0.0,0.9,1.0,1.0,0.0,0.0,0.0,0.0
cc7d03a3a03a3325,0,faa,2163,2,1,1.0,True,0.0,0.9,1.0,1.0,0.0,0.0,0.0,0.0
cc7d03a3a03a3325,0,faa,2164,2,1,1.0,True,0.0,0.9,1.0,1.0,0.0,0.0,0.0,0.0
cc7d03a3a03a3325,0,faa,2165,2,1,1.0,True,0.0,0.9,1.0,1.0,0.0,0.0,0.0,0.0
cc7d03a3a03a3325,0,faa,2166,2,1,1.0,True,0.0,0.9,1.0,1.0,0.0,0.0,0.0,0.0
cc7d03a3a03a3325,0,faa,2167,2,1,1.0,True,0.0,0.9,1.0,1.0,0.0,0.0,0.0,0.0
cc7d03a3a03a3325,0,faa,2168,2,1,1.0,True,0.0,0.9,1.0,1.0,0.0,0.0,0.0,0.0
cc7d03a3a03a3325,0,faa,2169,2,0,-0.1,False,0.0,0.9,0.6200000000000001,0.6200000000000001,0.0,0.0,0.0,0.0
cc7d03a3a03a3325,0,faa,2170,1,1,-0.1,False,0.0,0.9,0.8,0.8,0.0,0.0,0.0,0.0
cc7d03a3a03a3325,0,faa,2171,2,1,1.0,True,0.0,0.9,1.0,1.0,0.0,0.0,0.0,0.0
cc7d03a3a03a3325,0,faa,2172,2,1,1.0,True,0.0,0.9,1.0,1.0,0.0,0.0,0.0,0.0
cc7d03a3a03a3325,0,faa,2173,2,1,1.0,True,0.0,0.9,1.0,1.0,0.0,0.0,0.0,0.0
cc7d03a3a03a3325,0,faa,2174,2,1,1.0,True,0.0,0.9,1.0,1.0,0.0,0.0,0.0,0.0
cc7d03a3a03a3325,0,faa,2175,2,1,1.0,True,0.0,0.9,1.0,1.0,0.0,0.0,0.0,0.0
cc7d03a3a03a3325,0,faa,2176,2,1,1.0,True,0.0,0.9,1.0,1.0,0.0,0.0,0.0,0.0
cc7d03a3a03a3325,0,faa,2177,2,1,1.0,True,0.0,0.9,1.0,1.0,0.0,0.0,0.0,0.0
cc7d03a3a03a3325,0,faa,2178,2,0,-0.1,False,0.0,0.9,0.6200000000000001,0.6200000000000001,0.0,0.0,0.0,0.0
cc7d03a3a03a3325,0,faa,2179,1,1,-0.1,False,0.0,0.9,0.8,0.8,0.0,0.0,0.0,0.0
cc7d03a3a03a3325,0,faa,2180,2,1,1.0,True,0.0,0.9,1.0,1.0,0.0,0.0,0.0,0.0
cc7d03a3a03a3325,0,faa,2181,2,1,1.0,True,0.0,0.9,1.0,1.0,0.0,0.0,0.0,0.0
cc7d03a3a03a3325,0,faa,2182,2,1,1.0,True,0.0,0.9,1.0,1.0,0.0,0.0,0.0,0.0
cc7d03a3a03a3325,0,faa,2183,2,1,1.0,True,0.0,0.9,1.0,1.0,0.0,0.0,0.0,0.0
cc7d03a3a03a3325,0,faa,2184,2,1,1.0,True,0.0,0.9,1.0,1.0,0.0,0.0,0.0,0.0
cc7d03a3a03a3325,0,faa,2185,2,1,1.0,True,0.0,0.9,1.0,1.0,0.0,0.0,0.0,0.0
cc7d03a3a03a3325,0,faa,2186,2,1,1.0,True,0.0,0.9,1.0,1.0,0.0,0.0,0.0,0.0
cc7d03a3a03a3325,0,faa,2187,2,1,1.0,True,0.0,0.9,1.0,1.0,0.0,0.0,0.0,0.0
cc7d03a3a03a3325,0,faa,2188,2,1,1.0,True,0.0,0.9,1.0,1.0,0.0,0.0,0.0,0.0
cc7d03a3a03a3325,0,faa,2189,2,1,1.0,True,0.0,0.9,1.0,1.0,0.0,0.0,0.0,0.0
cc7d03a3a03a3325,0,faa,2190,2,1,1.0,True,0.0,0.9,1.0,1.0,0.0,0.0,0.0,0.0
cc7d03a3a03a3325,0,faa,2191,2,1,1.0,True,0.0,0.9,1.0,1.0,0.0,0.0,0.0,0.0
cc7d03a3a03a3325,0,faa,2192,2,1,1.0,True,0.0,0.9,1.0,1.0,0.0,0.0,0.0,0.0
cc7d03a3a03a3325,0,faa,2193,2,1,1.0,True,0.0,0.9,1.0,1.0,0.0,0.0,0.0,0.0
cc7d03a3a03a3325,0,faa,2194,2,1,1.0,True,0.0,0.9,1.0,1.0,0.0,0.0,0.0,0.0
cc7d03a3a03a3325,0,faa,2195,2,1,1.0,True,0.0,0.9,1.0,1.0,0.0,0.0,0.0,0.0
cc7d03a3a03a3325,0,faa,2196,2,1,1.0,True,0.0,0.9,1.0,1.0,0.0,0.0,0.0,0.0
cc7d03a3a03a3325,0,faa,2197,2,1,1.0,True,0.0,0.9,1.0,1.0,0.0,0.0,0.0,0.0
cc7d03a3a03a3325,0,faa,2198,2,0,-0.1,False,0.0,0.9,0.6200000000000001,0.6200000000000001,0.0,0.0,0.0,0.0
cc7d03a3a03a3325,0,faa,2199,1,1,-0.1,False,0.0,0.9,0.8,0.8,0.0,0.0,0.0,0.0
cc7d03a3a03a3325,0,faa,2200,2,1,1.0,True,0.0,0.9,1.0,1.0,0.0,0.0,0.0,0.0
cc7d03a3a03a3325,0,faa,2201,2,1,1.0,True,0.0,0.9,1.0,1.0,0.0,0.0,0.0,0.0
cc7d03a3a03a3325,0,faa,2202,2,1,1.0,True,0.0,0.9,1.0,1.0,0.0,0.0,0.0,0.0
cc7d03a3a03a3325,0,faa,2203,2,0,-0.1,False,0.0,0.9,0.6200000000000001,0.6200000000000001,0.0,0.0,0.0,0.0
cc7d03a3a03a3325,0,faa,2204,1,1,-0.1,False,0.0,0.9,0.8,0.8,0.0,0.0,0.0,0.0
cc7d03a3a03a3325,0,faa,2205,2,1,1.0,True,0.0,0.9,1.0,1.0,0.0,0.0,0.0,0.0
cc7d03a3a03a3325,0,faa,2206,2,1,1.0,True,0.0,0.9,1.0,1.0,0.0,0.0,0.0,0.0
cc7d03a3a03a3325,0,faa,2207,2,1,1.0,True,0.0,0.9,1.0,1.0,0.0,0.0,0.0,0.0
cc7d03a3a03a3325,0,faa,2208,2,1,1.0,True,0.0,0.9,1.0,1.0,0.0,0.0,0.0,0.0
cc7d03a3a03a3325,0,faa,2209,2,1,1.0,True,0.0,0.9,1.0,1.0,0.0,0.0,0.0,0.0
cc7d03a3a03a3325,0,faa,2210,2,1,1.0,True,0.0,0.9,1.0,1.0,0.0,0.0,0.0,0.0
cc7d03a3a03a3325,0,faa,2211,2,1,1.0,True,0.0,0.9,1.0,1.0,0.0,0.0,0.0,0.0
cc7d03a3a03a3325,0,faa,2212,2,1,1.0,True,0.0,0.9,1.0,1.0,0.0,0.0,0.0,0.0
cc7d03a3a03a3325,0,faa,2213,2,1,1.0,True,0.0,0.9,1.0,1.0,0.0,0.0,0.0,0.0
cc7d03a3a03a3325,0,faa,2214,2,1,1.0,True,0.0,0.9,1.0,1.0,0.0,0.0,0.0,0.0
cc7d03a3a03a3325,0,faa,2215,2,1,1.0,True,0.0,0.9,1.0,1.0,0.0,0.0,0.0,0.0
cc7d03a3a03a3325,0,faa,2216,2,1,1.0,True,0.0,0.9,1.0,1.0,0.0,0.0,0.0,0.0
cc7d03a3a03a3325,0,faa,2217,2,1,1.0,True,0.0,0.9,1.0,1.0,0.0,0.0,0.0,0.0
cc7d03a3a03a3325,0,faa,2218,2,0,-0.1,False,0.0,0.9,0.6200000000000001,0.6200000000000001,0.0,0.0,0.0,0.0
cc7d03a3a03a3325,0,faa,2219,1,0,-0.1,False,0.0,0.9,0.4580000000000002,0.4580000000000002,0.0,0.0,0.0,0.0
cc7d03a3a03a3325,0,faa,2220,0,1,-0.1,False,0.0,0.9,0.6200000000000001,0.6200000000000001,0.0,0.0,0.0,0.0
cc7d03a3a03a3325,0,faa,2221,1,1,-0.1,False,0.0,0.9,0.8,0.8,0.0,0.0,0.0,0.0
cc7d03a3a03a3325,0,faa,2222,2,1,1.0,True,0.0,0.9,1.0,1.0,0.0,0.0,0.0,0.0
cc7d03a3a03a3325,0,faa,2223,2,1,1.0,True,0.0,0.9,1.0,1.0,0.0,0.0,0.0,0.0
cc7d03a3a03a3325,0,faa,2224,2,0,-0.1,False,0.0,0.9,0.6200000000000001,0.6200000000000001,0.0,0.0,0.0,0.0
cc7d03a3a03a3325,0,faa,2225,1,1,-0.1,False,0.0,0.9,0.8,0.8,0.0,0.0,0.0,0.0
cc7d03a3a03a3325,0,faa,2226,2,1,1.0,True,0.0,0.9,1.0,1.0,0.0,0.0,0.0,0.0
cc7d03a3a03a3325,0,faa,2227,2,1,1.0,True,0.0,0.9,1.0,1.0,0.0,0.0,0.0,0.0
cc7d03a3a03a3325,0,faa,2228,2,1,1.0,True,0.0,0.9,1.0,1.0,0.0,0.0,0.0,0.0
cc7d03a3a03a3325,0,faa,2229,2,0,-0.1,False,0.0,0.9,0.6200000000000001,0.6200000000000001,0.0,0.0,0.0,0.0
cc7d03a3a03a3325,0,faa,2230,1,1,-0.1,False,0.0,0.9,0.8,0.8,0.0,0.0,0.0,0.0
cc7d03a3a03a3325,0,faa,2231,2,1,1.0,True,0.0,0.9,1.0,1.0,0.0,0.0,0.0,0.0
cc7d03a3a03a3325,0,faa,2232,2,1,1.0,True,0.0,0.9,1.0,1.0,0.0,0.0,0.0,0.0
cc7d03a3a03a3325,0,faa,2233,2,1,1.0,True,0.0,0.9,1.0,1.0,0.0,0.0,0.0,0.0
cc7d03a3a03a3325,0,faa,2234,2,0,-0.1,False,0.0,0.9,0.6200000000000001,0.6200000000000001,0.0,0.0,0.0,0.0
cc7d03a3a03a3325,0,faa,2235,1,1,-0.1,False,0.0,0.9,0.8,0.8,0.0,0.0,0.0,0.0
cc7d03a3a03a3325,0,faa,2236,2,1,1.0,True,0.0,0.9,1.0,1.0,0.0,0.0,0.0,0.0
cc7d03a3a03a3325,0,faa,2237,2,1,1.0,True,0.0,0.9,1.0,1.0,0.0,0.0,0.0,0.0
cc7d03a3a03a3325,0,faa,2238,2,1,1.0,True,0.0,0.9,1.0,1.0,0.0,0.0,0.0,0.0
cc7d03a3a03a3325,0,faa,2239,2,1,1.0,True,0.0,0.9,1.0,1.0,0.0,0.0,0.0,0.0
cc7d03a3a03a3325,0,faa,2240,2,1,1.0,True,0.0,0.9,1.0,1.0,0.0,0.0,0.0,0.0
cc7d03a3a03a3325,0,faa,2241,2,0,-0.1,False,0.0,0.9,0.6200000000000001,0.6200000000000001,0.0,0.0,0.0,0.0
cc7d03a3a03a3325,0,faa,2242,1,1,-0.1,False,0.0,0.9,0.8,0.8,0.0,0.0,0.0,0.0
cc7d03a3a03a3325,0,faa,2243,2,1,1.0,True,0.0,0.9,1.0,1.0,0.0,0.0,0.0,0.0
cc7d03a3a03a3325,0,faa,2244,2,1,1.0,True,0.0,0.9,1.0,1.0,0.0,0.0,0.0,0.0
cc7d03a3a03a3325,0,faa,2245,2,0,-0.1,False,0.0,0.9,0.6200000000000001,0.6200000000000001,0.0,0.0,0.0,0.0
cc7d03a3a03a3325,0,faa,2246,1,1,-0.1,False,0.0,0.9,0.8,0.8,0.0,0.0,0.0,0.0
cc7d03a3a03a3325,0,faa,2247,2,0,-0.1,False,0.0,0.9,0.6200000000000001,0.6200000000000001,0.0,0.0,0.0,0.0
cc7d03a3a03a3325,0,faa,2248,1,1,-0.1,False,0.0,0.9,0.8,0.8,0.0,0.0,0.0,0.0
cc7d03a3a03a3325,0,faa,2249,2,1,1.0,True,0.0,0.9,1.0,1.0,0.0,0.0,0.0,0.0
cc7d03a3a03a3325,0,faa,2250,2,0,-0.1,False,0.0,0.9,0.6200000000000001,0.6200000000000001,0.0,0.0,0.0,0.0
cc7d03a3a03a3325,0,faa,2251,1,1,-0.1,False,0.0,0.9,0.8,0.8,0.0,0.0,0.0,0.0
cc7d03a3a03a3325,0,faa,2252,2,1,1.0,True,0.0,0.9,1.0,1.0,0.0,0.0,0.0,0.0
cc7d03a3a03a3325,0,faa,2253,2,1,1.0,True,0.0,0.9,1.0,1.0,0.0,0.0,0.0,0.0
cc7d03a3a03a3325,0,faa,2254,2,1,1.0,True,0.0,0.9,1.0,1.0,0.0,0.0,0.0,0.0
cc7d03a3a03a3325,0,faa,2255,2,1,1.0,True,0.0,0.9,1.0,1.0,0.0,0.0,0.0,0.0
cc7d03a3a03a3325,0,faa,2256,2,1,1.0,True,0.0,0.9,1.0,1.0,0.0,0.0,0.0,0.0
cc7d03a3a03a3325,0,faa,2257,2,1,1.0,True,0.0,0.9,1.0,1.0,0.0,0.0,0.0,0.0
cc7d03a3a03a3325,0,faa,2258,2,1,1.0,True,0.0,0.9,1.0,1.0,0.0,0.0,0.0,0.0
cc7d03a3a03a3325,0,faa,2259,2,1,1.0,True,0.0,0.9,1.0,1.0,0.0,0.0,0.0,0.0
cc7d03a3a03a3325,0,faa,2260,2,0,-0.1,False,0.0,0.9,0.6200000000000001,0.6200000000000001,0.0,0.0,0.0,0.0
cc7d03a3a03a3325,0,faa,2261,1,1,-0.1,False,0.0,0.9,0.8,0.8,0.0,0.0,0.0,0.0
cc7d03a3a03a3325,0,faa,2262,2,1,1.0,True,0.0,0.9,1.0,1.0,0.0,0.0,0.0,0.0
cc7d03a3a03a3325,0,faa,2263,2,1,1.0,True,0.0,0.9,1.0,1.0,0.0,0.0,0.0,0.0
cc7d03a3a03a3325,0,faa,2264,2,0,-0.1,False,0.0,0.9,0.6200000000000001,0.6200000000000001,0.0,0.0,0.0,0.0
cc7d03a3a03a3325,0,faa,2265,1,1,-0.1,False,0.0,0.9,0.8,0.8,0.0,0.0,0.0,0.0
cc7d03a3a03a3325,0,faa,2266,2,1,1.0,True,0.0,0.9,1.0,1.0,0.0,0.0,0.0,0.0
cc7d03a3a03a3325,0,faa,2267,2,1,1.0,True,0.0,0.9,1.0,1.0,0.0,0.0,0.0,0.0
cc7d03a3a03a3325,0,faa,2268,2,1,1.0,True,0.0,0.9,1.0,1.0,0.0,0.0,0.0,0.0
cc7d03a3a03a3325,0,faa,2269,2,1,1.0,True,0.0,0.9,1.0,1.0,0.0,0.0,0.0,0.0
cc7d03a3a03a3325,0,faa,2270,2,1,1.0,True,0.0,0.9,1.0,1.0,0.0,0.0,0.0,0.0
cc7d03a3a03a3325,0,faa,2271,2,1,1.0,True,0.0,0.9,1.0,1.0,0.0,0.0,0.0,0.0
cc7d03a3a03a3325,0,faa,2272,2,1,1.0,True,0.0,0.9,1.0,1.0,0.0,0.0,0.0,0.0
cc7d03a3a03a3325,0,faa,2273,2,1,1.0,True,0.0,0.9,1.0,1.0,0.0,0.0,0.0,0.0
cc7d03a3a03a3325,0,faa,2274,2,0,-0.1,False,0.0,0.9,0.6200000000000001,0.6200000000000001,0.0,0.0,0.0,0.0
cc7d03a3a03a3325,0,faa,2275,1,1,-0.1,False,0.0,0.9,0.8,0.8,0.0,0.0,0.0,0.0
cc7d03a3a03a3325,0,faa,2276,2,1,1.0,True,0.0,0.9,1.0,1.0,0.0,0.0,0.0,0.0
cc7d03a3a03a3325,0,faa,2277,2,1,1.0,True,0.0,0.9,1.0,1.0,0.0,0.0,0.0,0.0
cc7d03a3a03a3325,0,faa,2278,2,1,1.0,True,0.0,0.9,1.0,1.0,0.0,0.0,0.0,0.0
cc7d03a3a03a3325,0,faa,2279,2,1,1.0,True,0.0,0.9,1.0,1.0,0.0,0.0,0.0,0.0
cc7d03a3a03a3325,0,faa,2280,2,1,1.0,True,0.0,0.9,1.0,1.0,0.0,0.0,0.0,0.0
cc7d03a3a03a3325,0,faa,2281,2,1,1.0,True,0.0,0.9,1.0,1.0,0.0,0.0,0.0,0.0
cc7d03a3a03a3325,0,faa,2282,2,1,1.0,True,0.0,0.9,1.0,1.0,0.0,0.0,0.0,0.0
cc7d03a3a03a3325,0,faa,2283,2,1,1.0,True,0.0,0.9,1.0,1.0,0.0,0.0,0.0,0.0
cc7d03a3a03a3325,0,faa,2284,2,1,1.0,True,0.0,0.9,1.0,1.0,0.0,0.0,0.0,0.0
cc7d03a3a03a3325,0,faa,2285,2,1,1.0,True,0.0,0.9,1.0,1.0,0.0,0.0,0.0,0.0
cc7d03a3a03a3325,0,faa,2286,2,0,-0.1,False,0.0,0.9,0.6200000000000001,0.6200000000000001,0.0,0.0,0.0,0.0
cc7d03a3a03a3325,0,faa,2287,1,1,-0.1,False,0.0,0.9,0.8,0.8,0.0,0.0,0.0,0.0
cc7d03a3a03a3325,0,faa,2288,2,1,1.0,True,0.0,0.9,1.0,1.0,0.0,0.0,0.0,0.0
cc7d03a3a03a3325,0,faa,2289,2,1,1.0,True,0.0,0.9,1.0,1.0,0.0,0.0,0.0,0.0
cc7d03a3a03a3325,0,faa,2290,2,1,1.0,True,0.0,0.9,1.0,1.0,0.0,0.0,0.0,0.0
cc7d03a3a03a3325,0,faa,2291,2,1,1.0,True,0.0,0.9,1.0,1.0,0.0,0.0,0.0,0.0
cc7d03a3a03a3325,0,faa,2292,2,1,1.0,True,0.0,0.9,1.0,1.0,0.0,0.0,0.0,0.0
cc7d03a3a03a3325,0,faa,2293,2,1,1.0,True,0.0,0.9,1.0,1.0,0.0,0.0,0.0,0.0
cc7d03a3a03a3325,0,faa,2294,2,1,1.0,True,0.0,0.9,1.0,1.0,0.0,0.0,0.0,0.0
cc7d03a3a03a3325,0,faa,2295,2,0,-0.1,False,0.0,0.9,0.6200000000000001,0.6200000000000001,0.0,0.0,0.0,0.0
cc7d03a3a03a3325,0,faa,2296,1,1,-0.1,False,0.0,0.9,0.8,0.8,0.0,0.0,0.0,0.0
cc7d03a3a03a3325,0,faa,2297,2,1,1.0,True,0.0,0.9,1.0,1.0,0.0,0.0,0.0,0.0
cc7d03a3a03a3325,0,faa,2298,2,1,1.0,True,0.0,0.9,1.0,1.0,0.0,0.0,0.0,0.0
cc7d03a3a03a3325,0,faa,2299,2,1,1.0,True,0.0,0.9,1.0,1.0,0.0,0.0,0.0,0.0
cc7d03a3a03a3325,0,faa,2300,2,0,-0.1,False,0.0,0.9,0.6200000000000001,0.6200000000000001,0.0,0.0,0.0,0.0
cc7d03a3a03a3325,0,faa,2301,1,0,-0.1,False,0.0,0.9,0.4580000000000002,0.4580000000000002,0.0,0.0,0.0,0.0
cc7d03a3a03a3325,0,faa,2302,0,0,-0.1,False,0.0,0.9,0.4580000000000002,0.4580000000000002,0.0,0.0,0.0,0.0
cc7d03a3a03a3325,0,faa,2303,0,1,-0.1,False,0.0,0.9,0.6200000000000001,0.6200000000000001,0.0,0.0,0.0,0.0
cc7d03a3a03a3325,0,faa,2304,1,1,-0.1,False,0.0,0.9,0.8,0.8,0.0,0.0,0.0,0.0
cc7d03a3a03a3325,0,faa,2305,2,0,-0.1,False,0.0,0.9,0.6200000000000001,0.6200000000000001,0.0,0.0,0.0,0.0
cc7d03a3a03a3325,0,faa,2306,1,1,-0.1,False,0.0,0.9,0.8,0.8,0.0,0.0,0.0,0.0
cc7d03a3a03a3325,0,faa,2307,2,1,1.0,True,0.0,0.9,1.0,1.0,0.0,0.0,0.0,0.0
cc7d03a3a03a3325,0,faa,2308,2,1,1.0,True,0.0,0.9,1.0,1.0,0.0,0.0,0.0,0.0
cc7d03a3a03a3325,0,faa,2309,2,1,1.0,True,0.0,0.9,1.0,1.0,0.0,0.0,0.0,0.0
cc7d03a3a03a3325,0,faa,2310,2,1,1.0,True,0.0,0.9,1.0,1.0,0.0,0.0,0.0,0.0
cc7d03a3a03a3325,0,faa,2311,2,1,1.0,True,0.0,0.9,1.0,1.0,0.0,0.0,0.0,0.0
cc7d03a3a03a3325,0,faa,2312,2,1,1.0,True,0.0,0.9,1.0,1.0,0.0,0.0,0.0,0.0
cc7d03a3a03a3325,0,faa,2313,2,1,1.0,True,0.0,0.9,1.0,1.0,0.0,0.0,0.0,0.0
cc7d03a3a03a3325,0,faa,2314,2,1,1.0,True,0.0,0.9,1.0,1.0,0.0,0.0,0.0,0.0
cc7d03a3a03a3325,0,faa,2315,2,1,1.0,True,0.0,0.9,1.0,1.0,0.0,0.0,0.0,0.0
cc7d03a3a03a3325,0,faa,2316,2,1,1.0,True,0.0,0.9,1.0,1.0,0.0,0.0,0.0,0.0
cc7d03a3a03a3325,0,faa,2317,2,0,-0.1,False,0.0,0.9,0.6200000000000001,0.6200000000000001,0.0,0.0,0.0,0.0
cc7d03a3a03a3325,0,faa,2318,1,0,-0.1,False,0.0,0.9,0.4580000000000002,0.4580000000000002,0.0,0.0,0.0,0.0
cc7d03a3a03a3325,0,faa,2319,0,1,-0.1,False,0.0,0.9,0.6200000000000001,0.6200000000000001,0.0,0.0,0.0,0.0
cc7d03a3a03a3325,0,faa,2320,1,1,-0.1,False,0.0,0.9,0.8,0.8,0.0,0.0,0.0,0.0
cc7d03a3a03a3325,0,faa,2321,2,1,1.0,True,0.0,0.9,1.0,1.0,0.0,0.0,0.0,0.0
cc7d03a3a03a3325,0,faa,2322,2,1,1.0,True,0.0,0.9,1.0,1.0,0.0,0.0,0.0,0.0
cc7d03a3a03a3325,0,faa,2323,2,0,-0.1,False,0.0,0.9,0.6200000000000001,0.6200000000000001,0.0,0.0,0.0,0.0
cc7d03a3a03a3325,0,faa,2324,1,1,-0.1,False,0.0,0.9,0.8,0.8,0.0,0.0,0.0,0.0
cc7d03a3a03a3325,0,faa,2325,2,1,1.0,True,0.0,0.9,1.0,1.0,0.0,0.0,0.0,0.0
cc7d03a3a03a3325,0,faa,2326,2,1,1.0,True,0.0,0.9,1.0,1.0,0.0,0.0,0.0,0.0
cc7d03a3a03a3325,0,faa,2327,2,1,1.0,True,0.0,0.9,1.0,1.0,0.0,0.0,0.0,0.0
cc7d03a3a03a3325,0,faa,2328,2,1,1.0,True,0.0,0.9,1.0,1.0,0.0,0.0,0.0,0.0
cc7d03a3a03a3325,0,faa,2329,2,1,1.0,True,0.0,0.9,1.0,1.0,0.0,0.0,0.0,0.0
cc7d03a3a03a3325,0,faa,2330,2,1,1.0,True,0.0,0.9,1.0,1.0,0.0,0.0,0.0,0.0
cc7d03a3a03a3325,0,faa,2331,2,1,1.0,True,0.0,0.9,1.0,1.0,0.0,0.0,0.0,0.0
cc7d03a3a03a3325,0,faa,2332,2,0,-0.1,False,0.0,0.9,0.6200000000000001,0.6200000000000001,0.0,0.0,0.0,0.0
cc7d03a3a03a3325,0,faa,2333,1,1,-0.1,False,0.0,0.9,0.8,0.8,0.0,0.0,0.0,0.0
cc7d03a3a03a3325,0,faa,2334,2,1,1.0,True,0.0,0.9,1.0,1.0,0.0,0.0,0.0,0.0
cc7d03a3a03a3325,0,faa,2335,2,1,1.0,True,0.0,0.9,1.0,1.0,0.0,0.0,0.0,0.0
cc7d03a3a03a3325,0,faa,2336,2,1,1.0,True,0.0,0.9,1.0,1.0,0.0,0.0,0.0,0.0
cc7d03a3a03a3325,0,faa,2337,2,1,1.0,True,0.0,0.9,1.0,1.0,0.0,0.0,0.0,0.0
cc7d03a3a03a3325,0,faa,2338,2,1,1.0,True,0.0,0.9,1.0,1.0,0.0,0.0,0.0,0.0
cc7d03a3a03a3325,0,faa,2339,2,1,1.0,True,0.0,0.9,1.0,1.0,0.0,0.0,0.0,0.0
cc7d03a3a03a3325,0,faa,2340,2,1,1.0,True,0.0,0.9,1.0,1.0,0.0,0.0,0.0,0.0
cc7d03a3a03a3325,0,faa,2341,2,1,1.0,True,0.0,0.9,1.0,1.0,0.0,0.0,0.0,0.0
cc7d03a3a03a3325,0,faa,2342,2,1,1.0,True,0.0,0.9,1.0,1.0,0.0,0.0,0.0,0.0
cc7d03a3a03a3325,0,faa,2343,2,0,-0.1,False,0.0,0.9,0.6200000000000001,0.6200000000000001,0.0,0.0,0.0,0.0
cc7d03a3a03a3325,0,faa,2344,1,1,-0.1,False,0.0,0.9,0.8,0.8,0.0,0.0,0.0,0.0
cc7d03a3a03a3325,0,faa,2345,2,1,1.0,True,0.0,0.9,1.0,1.0,0.0,0.0,0.0,0.0
cc7d03a3a03a3325,0,faa,2346,2,0,-0.1,False,0.0,0.9,0.6200000000000001,0.6200000000000001,0.0,0.0,0.0,0.0
cc7d03a3a03a3325,0,faa,2347,1,1,-0.1,False,0.0,0.9,0.8,0.8,0.0,0.0,0.0,0.0
cc7d03a3a03a3325,0,faa,2348,2,1,1.0,True,0.0,0.9,1.0,1.0,0.0,0.0,0.0,0.0
cc7d03a3a03a3325,0,faa,2349,2,1,1.0,True,0.0,0.9,1.0,1.0,0.0,0.0,0.0,0.0
cc7d03a3a03a3325,0,faa,2350,2,1,1.0,True,0.0,0.9,1.0,1.0,0.0,0.0,0.0,0.0
cc7d03a3a03a3325,0,faa,2351,2,1,1.0,True,0.0,0.9,1.0,1.0,0.0,0.0,0.0,0.0
cc7d03a3a03a3325,0,faa,2352,2,1,1.0,True,0.0,0.9,1.0,1.0,0.0,0.0,0.0,0.0
cc7d03a3a03a3325,0,faa,2353,2,1,1.0,True,0.0,0.9,1.0,1.0,0.0,0.0,0.0,0.0
cc7d03a3a03a3325,0,faa,2354,2,1,1.0,True,0.0,0.9,1.0,1.0,0.0,0.0,0.0,0.0
cc7d03a3a03a3325,0,faa,2355,2,1,1.0,True,0.0,0.9,1.0,1.0,0.0,0.0,0.0,0.0
cc7d03a3a03a3325,0,faa,2356,2,1,1.0,True,0.0,0.9,1.0,1.0,0.0,0.0,0.0,0.0
cc7d03a3a03a3325,0,faa,2357,2,0,-0.1,False,0.0,0.9,0.6200000000000001,0.6200000000000001,0.0,0.0,0.0,0.0
cc7d03a3a03a3325,0,faa,2358,1,1,-0.1,False,0.0,0.9,0.8,0.8,0.0,0.0,0.0,0.0
cc7d03a3a03a3325,0,faa,2359,2,1,1.0,True,0.0,0.9,1.0,1.0,0.0,0.0,0.0,0.0
cc7d03a3a03a3325,0,faa,2360,2,1,1.0,True,0.0,0.9,1.0,1.0,0.0,0.0,0.0,0.0
cc7d03a3a03a3325,0,faa,2361,2,1,1.0,True,0.0,0.9,1.0,1.0,0.0,0.0,0.0,0.0
cc7d03a3a03a3325,0,faa,2362,2,1,1.0,True,0.0,0.9,1.0,1.0,0.0,0.0,0.0,0.0
cc7d03a3a03a3325,0,faa,2363,2,1,1.0,True,0.0,0.9,1.0,1.0,0.0,0.0,0.0,0.0
cc7d03a3a03a3325,0,faa,2364,2,0,-0.1,False,0.0,0.9,0.6200000000000001,0.6200000000000001,0.0,0.0,0.0,0.0
cc7d03a3a03a3325,0,faa,2365,1,1,-0.1,False,0.0,0.9,0.8,0.8,0.0,0.0,0.0,0.0
cc7d03a3a03a3325,0,faa,2366,2,0,-0.1,False,0.0,0.9,0.6200000000000001,0.6200000000000001,0.0,0.0,0.0,0.0
cc7d03a3a03a3325,0,faa,2367,1,1,-0.1,False,0.0,0.9,0.8,0.8,0.0,0.0,0.0,0.0
cc7d03a3a03a3325,0,faa,2368,2,1,1.0,True,0.0,0.9,1.0,1.0,0.0,0.0,0.0,0.0
cc7d03a3a03a3325,0,faa,2369,2,0,-0.1,False,0.0,0.9,0.6200000000000001,0.6200000000000001,0.0,0.0,0.0,0.0
cc7d03a3a03a3325,0,faa,2370,1,1,-0.1,False,0.0,0.9,0.8,0.8,0.0,0.0,0.0,0.0
cc7d03a3a03a3325,0,faa,2371,2,1,1.0,True,0.0,0.9,1.0,1.0,0.0,0.0,0.0,0.0
cc7d03a3a03a3325,0,faa,2372,2,1,1.0,True,0.0,0.9,1.0,1.0,0.0,0.0,0.0,0.0
cc7d03a3a03a3325,0,faa,2373,2,1,1.0,True,0.0,0.9,1.0,1.0,0.0,0.0,0.0,0.0
cc7d03a3a03a3325,0,faa,2374,2,1,1.0,True,0.0,0.9,1.0,1.0,0.0,0.0,0.0,0.0
cc7d03a3a03a3325,0,faa,2375,2,0,-0.1,False,0.0,0.9,0.6200000000000001,0.6200000000000001,0.0,0.0,0.0,0.0
cc7d03a3a03a3325,0,faa,2376,1,1,-0.1,False,0.0,0.9,0.8,0.8,0.0,0.0,0.0,0.0
cc7d03a3a03a3325,0,faa,2377,2,0,-0.1,False,0.0,0.9,0.6200000000000001,0.6200000000000001,0.0,0.0,0.0,0.0
cc7d03a3a03a3325,0,faa,2378,1,1,-0.1,False,0.0,0.9,0.8,0.8,0.0,0.0,0.0,0.0
cc7d03a3a03a3325,0,faa,2379,2,1,1.0,True,0.0,0.9,1.0,1.0,0.0,0.0,0.0,0.0
cc7d03a3a03a3325,0,faa,2380,2,1,1.0,True,0.0,0.9,1.0,1.0,0.0,0.0,0.0,0.0
cc7d03a3a03a3325,0,faa,2381,2,1,1.0,True,0.0,0.9,1.0,1.0,0.0,0.0,0.0,0.0
cc7d03a3a03a3325,0,faa,2382,2,1,1.0,True,0.0,0.9,1.0,1.0,0.0,0.0,0.0,0.0
cc7d03a3a03a3325,0,faa,2383,2,1,1.0,True,0.0,0.9,1.0,1.0,0.0,0.0,0.0,0.0
cc7d03a3a03a3325,0,faa,2384,2,1,1.0,True,0.0,0.9,1.0,1.0,0.0,0.0,0.0,0.0
cc7d03a3a03a3325,0,faa,2385,2,1,1.0,True,0.0,0.9,1.0,1.0,0.0,0.0,0.0,0.0
cc7d03a3a03a3325,0,faa,2386,2,1,1.0,True,0.0,0.9,1.0,1.0,0.0,0.0,0.0,0.0
cc7d03a3a03a3325,0,faa,2387,2,0,-0.1,False,0.0,0.9,0.6200000000000001,0.6200000000000001,0.0,0.0,0.0,0.0
cc7d03a3a03a3325,0,faa,2388,1,1,-0.1,False,0.0,0.9,0.8,0.8,0.0,0.0,0.0,0.0
cc7d03a3a03a3325,0,faa,2389,2,1,1.0,True,0.0,0.9,1.0,1.0,0.0,0.0,0.0,0.0
cc7d03a3a03a3325,0,faa,2390,2,1,1.0,True,0.0,0.9,1.0,1.0,0.0,0.0,0.0,0.0
cc7d03a3a03a3325,0,faa,2391,2,1,1.0,True,0.0,0.9,1.0,1.0,0.0,0.0,0.0,0.0
cc7d03a3a03a3325,0,faa,2392,2,0,-0.1,False,0.0,0.9,0.6200000000000001,0.6200000000000001,0.0,0.0,0.0,0.0
cc7d03a3a03a3325,0,faa,2393,1,1,-0.1,False,0.0,0.9,0.8,0.8,0.0,0.0,0.0,0.0
cc7d03a3a03a3325,0,faa,2394,2,1,1.0,True,0.0,0.9,1.0,1.0,0.0,0.0,0.0,0.0
cc7d03a3a03a3325,0,faa,2395,2,1,1.0,True,0.0,0.9,1.0,1.0,0.0,0.0,0.0,0.0
cc7d03a3a03a3325,0,faa,2396,2,1,1.0,True,0.0,0.9,1.0,1.0,0.0,0.0,0.0,0.0
cc7d03a3a03a3325,0,faa,2397,2,1,1.0,True,0.0,0.9,1.0,1.0,0.0,0.0,0.0,0.0
cc7d03a3a03a3325,0,faa,2398,2,1,1.0,True,0.0,0.9,1.0,1.0,0.0,0.0,0.0,0.0
cc7d03a3a03a3325,0,faa,2399,2,1,1.0,True,0.0,0.9,1.0,1.0,0.0,0.0,0.0,0.0
cc7d03a3a03a3325,0,faa,2400,2,1,1.0,True,0.0,0.9,1.0,1.0,0.0,0.0,0.0,0.0
cc7d03a3a03a3325,0,faa,2401,2,1,1.0,True,0.0,0.9,1.0,1.0,0.0,0.0,0.0,0.0
cc7d03a3a03a3325,0,faa,2402,2,1,1.0,True,0.0,0.9,1.0,1.0,0.0,0.0,0.0,0.0
cc7d03a3a03a3325,0,faa,2403,2,1,1.0,True,0.0,0.9,1.0,1.0,0.0,0.0,0.0,0.0
cc7d03a3a03a3325,0,faa,2404,2,0,-0.1,False,0.0,0.9,0.6200000000000001,0.6200000000000001,0.0,0.0,0.0,0.0
cc7d03a3a03a3325,0,faa,2405,1,1,-0.1,False,0.0,0.9,0.8,0.8,0.0,0.0,0.0,0.0
cc7d03a3a03a3325,0,faa,2406,2,1,1.0,True,0.0,0.9,1.0,1.0,0.0,0.0,0.0,0.0
cc7d03a3a03a3325,0,faa,2407,2,1,1.0,True,0.0,0.9,1.0,1.0,0.0,0.0,0.0,0.0
cc7d03a3a03a3325,0,faa,2408,2,0,-0.1,False,0.0,0.9,0.6200000000000001,0.6200000000000001,0.0,0.0,0.0,0.0
cc7d03a3a03a3325,0,faa,2409,1,1,-0.1,False,0.0,0.9,0.8,0.8,0.0,0.0,0.0,0.0
cc7d03a3a03a3325,0,faa,2410,2,1,1.0,True,0.0,0.9,1.0,1.0,0.0,0.0,0.0,0.0
cc7d03a3a03a3325,0,faa,2411,2,1,1.0,True,0.0,0.9,1.0,1.0,0.0,0.0,0.0,0.0
cc7d03a3a03a3325,0,faa,2412,2,1,1.0,True,0.0,0.9,1.0,1.0,0.0,0.0,0.0,0.0
cc7d03a3a03a3325,0,faa,2413,2,1,1.0,True,0.0,0.9,1.0,1.0,0.0,0.0,0.0,0.0
cc7d03a3a03a3325,0,faa,2414,2,1,1.0,True,0.0,0.9,1.0,1.0,0.0,0.0,0.0,0.0
cc7d03a3a03a3325,0,faa,2415,2,1,1.0,True,0.0,0.9,1.0,1.0,0.0,0.0,0.0,0.0
cc7d03a3a03a3325,0,faa,2416,2,1,1.0,True,0.0,0.9,1.0,1.0,0.0,0.0,0.0,0.0
cc7d03a3a03a3325,0,faa,2417,2,1,1.0,True,0.0,0.9,1.0,1.0,0.0,0.0,0.0,0.0
cc7d03a3a03a3325,0,faa,2418,2,1,1.0,True,0.0,0.9,1.0,1.0,0.0,0.0,0.0,0.0
cc7d03a3a03a3325,0,faa,2419,2,1,1.0,True,0.0,0.9,1.0,1.0,0.0,0.0,0.0,0.0
cc7d03a3a03a3325,0,faa,2420,2,0,-0.1,False,0.0,0.9,0.6200000000000001,0.6200000000000001,0.0,0.0,0.0,0.0
cc7d03a3a03a3325,0,faa,2421,1,1,-0.1,False,0.0,0.9,0.8,0.8,0.0,0.0,0.0,0.0
cc7d03a3a03a3325,0,faa,2422,2,1,1.0,True,0.0,0.9,1.0,1.0,0.0,0.0,0.0,0.0
cc7d03a3a03a3325,0,faa,2423,2,1,1.0,True,0.0,0.9,1.0,1.0,0.0,0.0,0.0,0.0
cc7d03a3a03a3325,0,faa,2424,2,1,1.0,True,0.0,0.9,1.0,1.0,0.0,0.0,0.0,0.0
cc7d03a3a03a3325,0,faa,2425,2,0,-0.1,False,0.0,0.9,0.6200000000000001,0.6200000000000001,0.0,0.0,0.0,0.0
cc7d03a3a03a3325,0,faa,2426,1,1,-0.1,False,0.0,0.9,0.8,0.8,0.0,0.0,0.0,0.0
cc7d03a3a03a3325,0,faa,2427,2,1,1.0,True,0.0,0.9,1.0,1.0,0.0,0.0,0.0,0.0
cc7d03a3a03a3325,0,faa,2428,2,1,1.0,True,0.0,0.9,1.0,1.0,0.0,0.0,0.0,0.0
cc7d03a3a03a3325,0,faa,2429,2,1,1.0,True,0.0,0.9,1.0,1.0,0.0,0.0,0.0,0.0
cc7d03a3a03a3325,0,faa,2430,2,1,1.0,True,0.0,0.9,1.0,1.0,0.0,0.0,0.0,0.0
cc7d03a3a03a3325,0,faa,2431,2,1,1.0,True,0.0,0.9,1.0,1.0,0.0,0.0,0.0,0.0
cc7d03a3a03a3325,0,faa,2432,2,1,1.0,True,0.0,0.9,1.0,1.0,0.0,0.0,0.0,0.0
cc7d03a3a03a3325,0,faa,2433,2,1,1.0,True,0.0,0.9,1.0,1.0,0.0,0.0,0.0,0.0
cc7d03a3a03a3325,0,faa,2434,2,0,-0.1,False,0.0,0.9,0.6200000000000001,0.6200000000000001,0.0,0.0,0.0,0.0
cc7d03a3a03a3325,0,faa,2435,1,1,-0.1,False,0.0,0.9,0.8,0.8,0.0,0.0,0.0,0.0
cc7d03a3a03a3325,0,faa,2436,2,1,1.0,True,0.0,0.9,1.0,1.0,0.0,0.0,0.0,0.0
cc7d03a3a03a3325,0,faa,2437,2,1,1.0,True,0.0,0.9,1.0,1.0,0.0,0.0,0.0,0.0
cc7d03a3a03a3325,0,faa,2438,2,1,1.0,True,0.0,0.9,1.0,1.0,0.0,0.0,0.0,0.0
cc7d03a3a03a3325,0,faa,2439,2,1,1.0,True,0.0,0.9,1.0,1.0,0.0,0.0,0.0,0.0
cc7d03a3a03a3325,0,faa,2440,2,0,-0.1,False,0.0,0.9,0.6200000000000001,0.6200000000000001,0.0,0.0,0.0,0.0
cc7d03a3a03a3325,0,faa,2441,1,1,-0.1,False,0.0,0.9,0.8,0.8,0.0,0.0,0.0,0.0
cc7d03a3a03a3325,0,faa,2442,2,1,1.0,True,0.0,0.9,1.0,1.0,0.0,0.0,0.0,0.0
cc7d03a3a03a3325,0,faa,2443,2,1,1.0,True,0.0,0.9,1.0,1.0,0.0,0.0,0.0,0.0
cc7d03a3a03a3325,0,faa,2444,2,1,1.0,True,0.0,0.9,1.0,1.0,0.0,0.0,0.0,0.0
cc7d03a3a03a3325,0,faa,2445,2,0,-0.1,False,0.0,0.9,0.6200000000000001,0.6200000000000001,0.0,0.0,0.0,0.0
cc7d03a3a03a3325,0,faa,2446,1,0,-0.1,False,0.0,0.9,0.4580000000000002,0.4580000000000002,0.0,0.0,0.0,0.0
cc7d03a3a03a3325,0,faa,2447,0,1,-0.1,False,0.0,0.9,0.6200000000000001,0.6200000000000001,0.0,0.0,0.0,0.0
cc7d03a3a03a3325,0,faa,2448,1,1,-0.1,False,0.0,0.9,0.8,0.8,0.0,0.0,0.0,0.0
cc7d03a3a03a3325,0,faa,2449,2,1,1.0,True,0.0,0.9,1.0,1.0,0.0,0.0,0.0,0.0
cc7d03a3a03a3325,0,faa,2450,2,1,1.0,True,0.0,0.9,1.0,1.0,0.0,0.0,0.0,0.0
cc7d03a3a03a3325,0,faa,2451,2,1,1.0,True,0.0,0.9,1.0,1.0,0.0,0.0,0.0,0.0
cc7d03a3a03a3325,0,faa,2452,2,1,1.0,True,0.0,0.9,1.0,1.0,0.0,0.0,0.0,0.0
cc7d03a3a03a3325,0,faa,2453,2,1,1.0,True,0.0,0.9,1.0,1.0,0.0,0.0,0.0,0.0
cc7d03a3a03a3325,0,faa,2454,2,1,1.0,True,0.0,0.9,1.0,1.0,0.0,0.0,0.0,0.0
cc7d03a3a03a3325,0,faa,2455,2,1,1.0,True,0.0,0.9,1.0,1.0,0.0,0.0,0.0,0.0
cc7d03a3a03a3325,0,faa,2456,2,1,1.0,True,0.0,0.9,1.0,1.0,0.0,0.0,0.0,0.0
cc7d03a3a03a3325,0,faa,2457,2,1,1.0,True,0.0,0.9,1.0,1.0,0.0,0.0,0.0,0.0
cc7d03a3a03a3325,0,faa,2458,2,1,1.0,True,0.0,0.9,1.0,1.0,0.0,0.0,0.0,0.0
cc7d03a3a03a3325,0,faa,2459,2,1,1.0,True,0.0,0.9,1.0,1.0,0.0,0.0,0.0,0.0
cc7d03a3a03a3325,0,faa,2460,2,1,1.0,True,0.0,0.9,1.0,1.0,0.0,0.0,0.0,0.0
cc7d03a3a03a3325,0,faa,2461,2,0,-0.1,False,0.0,0.9,0.6200000000000001,0.6200000000000001,0.0,0.0,0.0,0.0
cc7d03a3a03a3325,0,faa,2462,1,0,-0.1,False,0.0,0.9,0.4580000000000002,0.4580000000000002,0.0,0.0,0.0,0.0
cc7d03a3a03a3325,0,faa,2463,0,1,-0.1,False,0.0,0.9,0.6200000000000001,0.6200000000000001,0.0,0.0,0.0,0.0
cc7d03a3a03a3325,0,faa,2464,1,1,-0.1,False,0.0,0.9,0.8,0.8,0.0,0.0,0.0,0.0
cc7d03a3a03a3325,0,faa,2465,2,1,1.0,True,0.0,0.9,1.0,1.0,0.0,0.0,0.0,0.0
cc7d03a3a03a3325,0,faa,2466,2,1,1.0,True,0.0,0.9,1.0,1.0,0.0,0.0,0.0,0.0
cc7d03a3a03a3325,0,faa,2467,2,1,1.0,True,0.0,0.9,1.0,1.0,0.0,0.0,0.0,0.0
cc7d03a3a03a3325,0,faa,2468,2,1,1.0,True,0.0,0.9,1.0,1.0,0.0,0.0,0.0,0.0
cc7d03a3a03a3325,0,faa,2469,2,1,1.0,True,0.0,0.9,1.0,1.0,0.0,0.0,0.0,0.0
cc7d03a3a03a3325,0,faa,2470,2,1,1.0,True,0.0,0.9,1.0,1.0,0.0,0.0,0.0,0.0
cc7d03a3a03a3325,0,faa,2471,2,0,-0.1,False,0.0,0.9,0.6200000000000001,0.6200000000000001,0.0,0.0,0.0,0.0
cc7d03a3a03a3325,0,faa,2472,1,1,-0.1,False,0.0,0.9,0.8,0.8,0.0,0.0,0.0,0.0
cc7d03a3a03a3325,0,faa,2473,2,1,1.0,True,0.0,0.9,1.0,1.0,0.0,0.0,0.0,0.0
cc7d03a3a03a3325,0,faa,2474,2,1,1.0,True,0.0,0.9,1.0,1.0,0.0,0.0,0.0,0.0
cc7d03a3a03a3325,0,faa,2475,2,1,1.0,True,0.0,0.9,1.0,1.0,0.0,0.0,0.0,0.0
cc7d03a3a03a3325,0,faa,2476,2,1,1.0,True,0.0,0.9,1.0,1.0,0.0,0.0,0.0,0.0
cc7d03a3a03a3325,0,faa,2477,2,1,1.0,True,0.0,0.9,1.0,1.0,0.0,0.0,0.0,0.0
cc7d03a3a03a3325,0,faa,2478,2,1,1.0,True,0.0,0.9,1.0,1.0,0.0,0.0,0.0,0.0
cc7d03a3a03a3325,0,faa,2479,2,1,1.0,True,0.0,0.9,1.0,1.0,0.0,0.0,0.0,0.0
cc7d03a3a03a3325,0,faa,2480,2,1,1.0,True,0.0,0.9,1.0,1.0,0.0,0.0,0.0,0.0
cc7d03a3a03a3325,0,faa,2481,2,1,1.0,True,0.0,0.9,1.0,1.0,0.0,0.0,0.0,0.0
cc7d03a3a03a3325,0,faa,2482,2,0,-0.1,False,0.0,0.9,0.6200000000000001,0.6200000000000001,0.0,0.0,0.0,0.0
cc7d03a3a03a3325,0,faa,2483,1,1,-0.1,False,0.0,0.9,0.8,0.8,0.0,0.0,0.0,0.0
cc7d03a3a03a3325,0,faa,2484,2,1,1.0,True,0.0,0.9,1.0,1.0,0.0,0.0,0.0,0.0
cc7d03a3a03a3325,0,faa,2485,2,0,-0.1,False,0.0,0.9,0.6200000000000001,0.6200000000000001,0.0,0.0,0.0,0.0
cc7d03a3a03a3325,0,faa,2486,1,1,-0.1,False,0.0,0.9,0.8,0.8,0.0,0.0,0.0,0.0
cc7d03a3a03a3325,0,faa,2487,2,1,1.0,True,0.0,0.9,1.0,1.0,0.0,0.0,0.0,0.0
cc7d03a3a03a3325,0,faa,2488,2,1,1.0,True,0.0,0.9,1.0,1.0,0.0,0.0,0.0,0.0
cc7d03a3a03a3325,0,faa,2489,2,1,1.0,True,0.0,0.9,1.0,1.0,0.0,0.0,0.0,0.0
cc7d03a3a03a3325,0,faa,2490,2,1,1.0,True,0.0,0.9,1.0,1.0,0.0,0.0,0.0,0.0
cc7d03a3a03a3325,0,faa,2491,2,1,1.0,True,0.0,0.9,1.0,1.0,0.0,0.0,0.0,0.0
cc7d03a3a03a3325,0,faa,2492,2,1,1.0,True,0.0,0.9,1.0,1.0,0.0,0.0,0.0,0.0
cc7d03a3a03a3325,0,faa,2493,2,1,1.0,True,0.0,0.9,1.0,1.0,0.0,0.0,0.0,0.0
cc7d03a3a03a3325,0,faa,2494,2,1,1.0,True,0.0,0.9,1.0,1.0,0.0,0.0,0.0,0.0
cc7d03a3a03a3325,0,faa,2495,2,1,1.0,True,0.0,0.9,1.0,1.0,0.0,0.0,0.0,0.0
cc7d03a3a03a3325,0,faa,2496,2,1,1.0,True,0.0,0.9,1.0,1.0,0.0,0.0,0.0,0.0
cc7d03a3a03a3325,0,faa,2497,2,1,1.0,True,0.0,0.9,1.0,1.0,0.0,0.0,0.0,0.0
cc7d03a3a03a3325,0,faa,2498,2,1,1.0,True,0.0,0.9,1.0,1.0,0.0,0.0,0.0,0.0
cc7d03a3a03a3325,0,faa,2499,2,1,1.0,True,0.0,0.9,1.0,1.0,0.0,0.0,0.0,0.0
cc7d03a3a03a3325,0,faa,2500,2,1,1.0,True,0.0,0.9,1.0,1.0,0.0,0.0,0.0,0.0
cc7d03a3a03a3325,0,faa,2501,2,1,1.0,True,0.0,0.9,1.0,1.0,0.0,0.0,0.0,0.0
cc7d03a3a03a3325,0,faa,2502,2,1,1.0,True,0.0,0.9,1.0,1.0,0.0,0.0,0.0,0.0
cc7d03a3a03a3325,0,faa,2503,2,1,1.0,True,0.0,0.9,1.0,1.0,0.0,0.0,0.0,0.0
cc7d03a3a03a3325,0,faa,2504,2,0,-0.1,False,0.0,0.9,0.6200000000000001,0.6200000000000001,0.0,0.0,0.0,0.0
cc7d03a3a03a3325,0,faa,2505,1,1,-0.1,False,0.0,0.9,0.8,0.8,0.0,0.0,0.0,0.0
cc7d03a3a03a3325,0,faa,2506,2,1,1.0,True,0.0,0.9,1.0,1.0,0.0,0.0,0.0,0.0
cc7d03a3a03a3325,0,faa,2507,2,1,1.0,True,0.0,0.9,1.0,1.0,0.0,0.0,0.0,0.0
cc7d03a3a03a3325,0,faa,2508,2,1,1.0,True,0.0,0.9,1.0,1.0,0.0,0.0,0.0,0.0
cc7d03a3a03a3325,0,faa,2509,2,0,-0.1,False,0.0,0.9,0.6200000000000001,0.6200000000000001,0.0,0.0,0.0,0.0
cc7d03a3a03a3325,0,faa,2510,1,1,-0.1,False,0.0,0.9,0.8,0.8,0.0,0.0,0.0,0.0
cc7d03a3a03a3325,0,faa,2511,2,1,1.0,True,0.0,0.9,1.0,1.0,0.0,0.0,0.0,0.0
cc7d03a3a03a3325,0,faa,2512,2,1,1.0,True,0.0,0.9,1.0,1.0,0.0,0.0,0.0,0.0
cc7d03a3a03a3325,0,faa,2513,2,1,1.0,True,0.0,0.9,1.0,1.0,0.0,0.0,0.0,0.0
cc7d03a3a03a3325,0,faa,2514,2,1,1.0,True,0.0,0.9,1.0,1.0,0.0,0.0,0.0,0.0
cc7d03a3a03a3325,0,faa,2515,2,1,1.0,True,0.0,0.9,1.0,1.0,0.0,0.0,0.0,0.0
cc7d03a3a03a3325,0,faa,2516,2,1,1.0,True,0.0,0.9,1.0,1.0,0.0,0.0,0.0,0.0
cc7d03a3a03a3325,0,faa,2517,2,1,1.0,True,0.0,0.9,1.0,1.0,0.0,0.0,0.0,0.0
cc7d03a3a03a3325,0,faa,2518,2,1,1.0,True,0.0,0.9,1.0,1.0,0.0,0.0,0.0,0.0
cc7d03a3a03a3325,0,faa,2519,2,1,1.0,True,0.0,0.9,1.0,1.0,0.0,0.0,0.0,0.0
cc7d03a3a03a3325,0,faa,2520,2,1,1.0,True,0.0,0.9,1.0,1.0,0.0,0.0,0.0,0.0
cc7d03a3a03a3325,0,faa,2521,2,1,1.0,True,0.0,0.9,1.0,1.0,0.0,0.0,0.0,0.0
cc7d03a3a03a3325,0,faa,2522,2,1,1.0,True,0.0,0.9,1.0,1.0,0.0,0.0,0.0,0.0
cc7d03a3a03a3325,0,faa,2523,2,1,1.0,True,0.0,0.9,1.0,1.0,0.0,0.0,0.0,0.0
cc7d03a3a03a3325,0,faa,2524,2,1,1.0,True,0.0,0.9,1.0,1.0,0.0,0.0,0.0,0.0
cc7d03a3a03a3325,0,faa,2525,2,1,1.0,True,0.0,0.9,1.0,1.0,0.0,0.0,0.0,0.0
cc7d03a3a03a3325,0,faa,2526,2,0,-0.1,False,0.0,0.9,0.6200000000000001,0.6200000000000001,0.0,0.0,0.0,0.0
cc7d03a3a03a3325,0,faa,2527,1,1,-0.1,False,0.0,0.9,0.8,0.8,0.0,0.0,0.0,0.0
cc7d03a3a03a3325,0,faa,2528,2,0,-0.1,False,0.0,0.9,0.6200000000000001,0.6200000000000001,0.0,0.0,0.0,0.0
cc7d03a3a03a3325,0,faa,2529,1,1,-0.1,False,0.0,0.9,0.8,0.8,0.0,0.0,0.0,0.0
cc7d03a3a03a3325,0,faa,2530,2,1,1.0,True,0.0,0.9,1.0,1.0,0.0,0.0,0.0,0.0
cc7d03a3a03a3325,0,faa,2531,2,1,1.0,True,0.0,0.9,1.0,1.0,0.0,0.0,0.0,0.0
cc7d03a3a03a3325,0,faa,2532,2,1,1.0,True,0.0,0.9,1.0,1.0,0.0,0.0,0.0,0.0
cc7d03a3a03a3325,0,faa,2533,2,1,1.0,True,0.0,0.9,1.0,1.0,0.0,0.0,0.0,0.0
cc7d03a3a03a3325,0,faa,2534,2,1,1.0,True,0.0,0.9,1.0,1.0,0.0,0.0,0.0,0.0
cc7d03a3a03a3325,0,faa,2535,2,1,1.0,True,0.0,0.9,1.0,1.0,0.0,0.0,0.0,0.0
cc7d03a3a03a3325,0,faa,2536,2,1,1.0,True,0.0,0.9,1.0,1.0,0.0,0.0,0.0,0.0
cc7d03a3a03a3325,0,faa,2537,2,1,1.0,True,0.0,0.9,1.0,1.0,0.0,0.0,0.0,0.0
cc7d03a3a03a3325,0,faa,2538,2,1,1.0,True,0.0,0.9,1.0,1.0,0.0,0.0,0.0,0.0
cc7d03a3a03a3325,0,faa,2539,2,0,-0.1,False,0.0,0.9,0.6200000000000001,0.6200000000000001,0.0,0.0,0.0,0.0
cc7d03a3a03a3325,0,faa,2540,1,1,-0.1,False,0.0,0.9,0.8,0.8,0.0,0.0,0.0,0.0
cc7d03a3a03a3325,0,faa,2541,2,1,1.0,True,0.0,0.9,1.0,1.0,0.0,0.0,0.0,0.0
cc7d03a3a03a3325,0,faa,2542,2,1,1.0,True,0.0,0.9,1.0,1.0,0.0,0.0,0.0,0.0
cc7d03a3a03a3325,0,faa,2543,2,1,1.0,True,0.0,0.9,1.0,1.0,0.0,0.0,0.0,0.0
cc7d03a3a03a3325,0,faa,2544,2,0,-0.1,False,0.0,0.9,0.6200000000000001,0.6200000000000001,0.0,0.0,0.0,0.0
cc7d03a3a03a3325,0,faa,2545,1,1,-0.1,False,0.0,0.9,0.8,0.8,0.0,0.0,0.0,0.0
cc7d03a3a03a3325,0,faa,2546,2,1,1.0,True,0.0,0.9,1.0,1.0,0.0,0.0,0.0,0.0
cc7d03a3a03a3325,0,faa,2547,2,0,-0.1,False,0.0,0.9,0.6200000000000001,0.6200000000000001,0.0,0.0,0.0,0.0
cc7d03a3a03a3325,0,faa,2548,1,1,-0.1,False,0.0,0.9,0.8,0.8,0.0,0.0,0.0,0.0
cc7d03a3a03a3325,0,faa,2549,2,1,1.0,True,0.0,0.9,1.0,1.0,0.0,0.0,0.0,0.0
cc7d03a3a03a3325,0,faa,2550,2,1,1.0,True,0.0,0.9,1.0,1.0,0.0,0.0,0.0,0.0
cc7d03a3a03a3325,0,faa,2551,2,1,1.0,True,0.0,0.9,1.0,1.0,0.0,0.0,0.0,0.0
cc7d03a3a03a3325,0,faa,2552,2,0,-0.1,False,0.0,0.9,0.6200000000000001,0.6200000000000001,0.0,0.0,0.0,0.0
cc7d03a3a03a3325,0,faa,2553,1,1,-0.1,False,0.0,0.9,0.8,0.8,0.0,0.0,0.0,0.0
cc7d03a3a03a3325,0,faa,2554,2,1,1.0,True,0.0,0.9,1.0,1.0,0.0,0.0,0.0,0.0
cc7d03a3a03a3325,0,faa,2555,2,1,1.0,True,0.0,0.9,1.0,1.0,0.0,0.0,0.0,0.0
cc7d03a3a03a3325,0,faa,2556,2,0,-0.1,False,0.0,0.9,0.6200000000000001,0.6200000000000001,0.0,0.0,0.0,0.0
cc7d03a3a03a3325,0,faa,2557,1,0,-0.1,False,0.0,0.9,0.4580000000000002,0.4580000000000002,0.0,0.0,0.0,0.0
cc7d03a3a03a3325,0,faa,2558,0,0,-0.1,False,0.0,0.9,0.4580000000000002,0.4580000000000002,0.0,0.0,0.0,0.0
cc7d03a3a03a3325,0,faa,2559,0,0,-0.1,False,0.0,0.9,0.4580000000000002,0.4580000000000002,0.0,0.0,0.0,0.0
cc7d03a3a03a3325,0,faa,2560,0,0,-0.1,False,0.0,0.9,0.4580000000000002,0.4580000000000002,0.0,0.0,0.0,0.0
cc7d03a3a03a3325,0,faa,2561,0,0,-0.1,False,0.0,0.9,0.4580000000000002,0.4580000000000002,0.0,0.0,0.0,0.0
cc7d03a3a03a3325,0,faa,2562,0,1,-0.1,False,0.0,0.9,0.6200000000000001,0.6200000000000001,0.0,0.0,0.0,0.0
cc7d03a3a03a3325,0,faa,2563,1,1,-0.1,False,0.0,0.9,0.8,0.8,0.0,0.0,0.0,0.0
cc7d03a3a03a3325,0,faa,2564,2,1,1.0,True,0.0,0.9,1.0,1.0,0.0,0.0,0.0,0.0
cc7d03a3a03a3325,0,faa,2565,2,1,1.0,True,0.0,0.9,1.0,1.0,0.0,0.0,0.0,0.0
cc7d03a3a03a3325,0,faa,2566,2,1,1.0,True,0.0,0.9,1.0,1.0,0.0,0.0,0.0,0.0
cc7d03a3a03a3325,0,faa,2567,2,0,-0.1,False,0.0,0.9,0.6200000000000001,0.6200000000000001,0.0,0.0,0.0,0.0
cc7d03a3a03a3325,0,faa,2568,1,1,-0.1,False,0.0,0.9,0.8,0.8,0.0,0.0,0.0,0.0
cc7d03a3a03a3325,0,faa,2569,2,1,1.0,True,0.0,0.9,1.0,1.0,0.0,0.0,0.0,0.0
cc7d03a3a03a3325,0,faa,2570,2,1,1.0,True,0.0,0.9,1.0,1.0,0.0,0.0,0.0,0.0
cc7d03a3a03a3325,0,faa,2571,2,1,1.0,True,0.0,0.9,1.0,1.0,0.0,0.0,0.0,0.0
cc7d03a3a03a3325,0,faa,2572,2,1,1.0,True,0.0,0.9,1.0,1.0,0.0,0.0,0.0,0.0
cc7d03a3a03a3325,0,faa,2573,2,1,1.0,True,0.0,0.9,1.0,1.0,0.0,0.0,0.0,0.0
cc7d03a3a03a3325,0,faa,2574,2,1,1.0,True,0.0,0.9,1.0,1.0,0.0,0.0,0.0,0.0
cc7d03a3a03a3325,0,faa,2575,2,1,1.0,True,0.0,0.9,1.0,1.0,0.0,0.0,0.0,0.0
cc7d03a3a03a3325,0,faa,2576,2,1,1.0,True,0.0,0.9,1.0,1.0,0.0,0.0,0.0,0.0
cc7d03a3a03a3325,0,faa,2577,2,1,1.0,True,0.0,0.9,1.0,1.0,0.0,0.0,0.0,0.0
cc7d03a3a03a3325,0,faa,2578,2,1,1.0,True,0.0,0.9,1.0,1.0,0.0,0.0,0.0,0.0
cc7d03a3a03a3325,0,faa,2579,2,1,1.0,True,0.0,0.9,1.0,1.0,0.0,0.0,0.0,0.0
cc7d03a3a03a3325,0,faa,2580,2,1,1.0,True,0.0,0.9,1.0,1.0,0.0,0.0,0.0,0.0
cc7d03a3a03a3325,0,faa,2581,2,1,1.0,True,0.0,0.9,1.0,1.0,0.0,0.0,0.0,0.0
cc7d03a3a03a3325,0,faa,2582,2,1,1.0,True,0.0,0.9,1.0,1.0,0.0,0.0,0.0,0.0
cc7d03a3a03a3325,0,faa,2583,2,0,-0.1,False,0.0,0.9,0.6200000000000001,0.6200000000000001,0.0,0.0,0.0,0.0
cc7d03a3a03a3325,0,faa,2584,1,1,-0.1,False,0.0,0.9,0.8,0.8,0.0,0.0,0.0,0.0
cc7d03a3a03a3325,0,faa,2585,2,1,1.0,True,0.0,0.9,1.0,1.0,0.0,0.0,0.0,0.0
cc7d03a3a03a3325,0,faa,2586,2,1,1.0,True,0.0,0.9,1.0,1.0,0.0,0.0,0.0,0.0
cc7d03a3a03a3325,0,faa,2587,2,1,1.0,True,0.0,0.9,1.0,1.0,0.0,0.0,0.0,0.0
cc7d03a3a03a3325,0,faa,2588,2,1,1.0,True,0.0,0.9,1.0,1.0,0.0,0.0,0.0,0.0
cc7d03a3a03a3325,0,faa,2589,2,1,1.0,True,0.0,0.9,1.0,1.0,0.0,0.0,0.0,0.0
cc7d03a3a03a3325,0,faa,2590,2,1,1.0,True,0.0,0.9,1.0,1.0,0.0,0.0,0.0,0.0
cc7d03a3a03a3325,0,faa,2591,2,1,1.0,True,0.0,0.9,1.0,1.0,0.0,0.0,0.0,0.0
cc7d03a3a03a3325,0,faa,2592,2,1,1.0,True,0.0,0.9,1.0,1.0,0.0,0.0,0.0,0.0
cc7d03a3a03a3325,0,faa,2593,2,1,1.0,True,0.0,0.9,1.0,1.0,0.0,0.0,0.0,0.0
cc7d03a3a03a3325,0,faa,2594,2,1,1.0,True,0.0,0.9,1.0,1.0,0.0,0.0,0.0,0.0
cc7d03a3a03a3325,0,faa,2595,2,1,1.0,True,0.0,0.9,1.0,1.0,0.0,0.0,0.0,0.0
cc7d03a3a03a3325,0,faa,2596,2,1,1.0,True,0.0,0.9,1.0,1.0,0.0,0.0,0.0,0.0
cc7d03a3a03a3325,0,faa,2597,2,1,1.0,True,0.0,0.9,1.0,1.0,0.0,0.0,0.0,0.0
cc7d03a3a03a3325,0,faa,2598,2,1,1.0,True,0.0,0.9,1.0,1.0,0.0,0.0,0.0,0.0
cc7d03a3a03a3325,0,faa,2599,2,1,1.0,True,0.0,0.9,1.0,1.0,0.0,0.0,0.0,0.0
cc7d03a3a03a3325,0,faa,2600,2,1,1.0,True,0.0,0.9,1.0,1.0,0.0,0.0,0.0,0.0
cc7d03a3a03a3325,0,faa,2601,2,0,-0.1,False,0.0,0.9,0.6200000000000001,0.6200000000000001,0.0,0.0,0.0,0.0
cc7d03a3a03a3325,0,faa,2602,1,1,-0.1,False,0.0,0.9,0.8,0.8,0.0,0.0,0.0,0.0
cc7d03a3a03a3325,0,faa,2603,2,0,-0.1,False,0.0,0.9,0.6200000000000001,0.6200000000000001,0.0,0.0,0.0,0.0
cc7d03a3a03a3325,0,faa,2604,1,1,-0.1,False,0.0,0.9,0.8,0.8,0.0,0.0,0.0,0.0
cc7d03a3a03a3325,0,faa,2605,2,1,1.0,True,0.0,0.9,1.0,1.0,0.0,0.0,0.0,0.0
cc7d03a3a03a3325,0,faa,2606,2,0,-0.1,False,0.0,0.9,0.6200000000000001,0.6200000000000001,0.0,0.0,0.0,0.0
cc7d03a3a03a3325,0,faa,2607,1,1,-0.1,False,0.0,0.9,0.8,0.8,0.0,0.0,0.0,0.0
cc7d03a3a03a3325,0,faa,2608,2,0,-0.1,False,0.0,0.9,0.6200000000000001,0.6200000000000001,0.0,0.0,0.0,0.0
cc7d03a3a03a3325,0,faa,2609,1,1,-0.1,False,0.0,0.9,0.8,0.8,0.0,0.0,0.0,0.0
cc7d03a3a03a3325,0,faa,2610,2,1,1.0,True,0.0,0.9,1.0,1.0,0.0,0.0,0.0,0.0
cc7d03a3a03a3325,0,faa,2611,2,1,1.0,True,0.0,0.9,1.0,1.0,0.0,0.0,0.0,0.0
cc7d03a3a03a3325,0,faa,2612,2,1,1.0,True,0.0,0.9,1.0,1.0,0.0,0.0,0.0,0.0
cc7d03a3a03a3325,0,faa,2613,2,1,1.0,True,0.0,0.9,1.0,1.0,0.0,0.0,0.0,0.0
cc7d03a3a03a3325,0,faa,2614,2,1,1.0,True,0.0,0.9,1.0,1.0,0.0,0.0,0.0,0.0
cc7d03a3a03a3325,0,faa,2615,2,1,1.0,True,0.0,0.9,1.0,1.0,0.0,0.0,0.0,0.0
cc7d03a3a03a3325,0,faa,2616,2,1,1.0,True,0.0,0.9,1.0,1.0,0.0,0.0,0.0,0.0
cc7d03a3a03a3325,0,faa,2617,2,1,1.0,True,0.0,0.9,1.0,1.0,0.0,0.0,0.0,0.0
cc7d03a3a03a3325,0,faa,2618,2,1,1.0,True,0.0,0.9,1.0,1.0,0.0,0.0,0.0,0.0
cc7d03a3a03a3325,0,faa,2619,2,1,1.0,True,0.0,0.9,1.0,1.0,0.0,0.0,0.0,0.0
cc7d03a3a03a3325,0,faa,2620,2,1,1.0,True,0.0,0.9,1.0,1.0,0.0,0.0,0.0,0.0
cc7d03a3a03a3325,0,faa,2621,2,1,1.0,True,0.0,0.9,1.0,1.0,0.0,0.0,0.0,0.0
cc7d03a3a03a3325,0,faa,2622,2,0,-0.1,False,0.0,0.9,0.6200000000000001,0.6200000000000001,0.0,0.0,0.0,0.0
cc7d03a3a03a3325,0,faa,2623,1,1,-0.1,False,0.0,0.9,0.8,0.8,0.0,0.0,0.0,0.0
cc7d03a3a03a3325,0,faa,2624,2,1,1.0,True,0.0,0.9,1.0,1.0,0.0,0.0,0.0,0.0
cc7d03a3a03a3325,0,faa,2625,2,0,-0.1,False,0.0,0.9,0.6200000000000001,0.6200000000000001,0.0,0.0,0.0,0.0
cc7d03a3a03a3325,0,faa,2626,1,1,-0.1,False,0.0,0.9,0.8,0.8,0.0,0.0,0.0,0.0
cc7d03a3a03a3325,0,faa,2627,2,1,1.0,True,0.0,0.9,1.0,1.0,0.0,0.0,0.0,0.0
cc7d03a3a03a3325,0,faa,2628,2,0,-0.1,False,0.0,0.9,0.6200000000000001,0.6200000000000001,0.0,0.0,0.0,0.0
cc7d03a3a03a3325,0,faa,2629,1,1,-0.1,False,0.0,0.9,0.8,0.8,0.0,0.0,0.0,0.0
cc7d03a3a03a3325,0,faa,2630,2,1,1.0,True,0.0,0.9,1.0,1.0,0.0,0.0,0.0,0.0
cc7d03a3a03a3325,0,faa,2631,2,0,-0.1,False,0.0,0.9,0.6200000000000001,0.6200000000000001,0.0,0.0,0.0,0.0
cc7d03a3a03a3325,0,faa,2632,1,1,-0.1,False,0.0,0.9,0.8,0.8,0.0,0.0,0.0,0.0
cc7d03a3a03a3325,0,faa,2633,2,1,1.0,True,0.0,0.9,1.0,1.0,0.0,0.0,0.0,0.0
cc7d03a3a03a3325,0,faa,2634,2,1,1.0,True,0.0,0.9,1.0,1.0,0.0,0.0,0.0,0.0
cc7d03a3a03a3325,0,faa,2635,2,1,1.0,True,0.0,0.9,1.0,1.0,0.0,0.0,0.0,0.0
cc7d03a3a03a3325,0,faa,2636,2,1,1.0,True,0.0,0.9,1.0,1.0,0.0,0.0,0.0,0.0
cc7d03a3a03a3325,0,faa,2637,2,0,-0.1,False,0.0,0.9,0.6200000000000001,0.6200000000000001,0.0,0.0,0.0,0.0
cc7d03a3a03a3325,0,faa,2638,1,0,-0.1,False,0.0,0.9,0.4580000000000002,0.4580000000000002,0.0,0.0,0.0,0.0
cc7d03a3a03a3325,0,faa,2639,0,1,-0.1,False,0.0,0.9,0.6200000000000001,0.6200000000000001,0.0,0.0,0.0,0.0
cc7d03a3a03a3325,0,faa,2640,1,0,-0.1,False,0.0,0.9,0.4580000000000002,0.4580000000000002,0.0,0.0,0.0,0.0
cc7d03a3a03a3325,0,faa,2641,0,1,-0.1,False,0.0,0.9,0.6200000000000001,0.6200000000000001,0.0,0.0,0.0,0.0
cc7d03a3a03a3325,0,faa,2642,1,1,-0.1,False,0.0,0.9,0.8,0.8,0.0,0.0,0.0,0.0
cc7d03a3a03a3325,0,faa,2643,2,1,1.0,True,0.0,0.9,1.0,1.0,0.0,0.0,0.0,0.0
cc7d03a3a03a3325,0,faa,2644,2,0,-0.1,False,0.0,0.9,0.6200000000000001,0.6200000000000001,0.0,0.0,0.0,0.0
cc7d03a3a03a3325,0,faa,2645,1,0,-0.1,False,0.0,0.9,0.4580000000000002,0.4580000000000002,0.0,0.0,0.0,0.0
cc7d03a3a03a3325,0,faa,2646,0,1,-0.1,False,0.0,0.9,0.6200000000000001,0.6200000000000001,0.0,0.0,0.0,0.0
cc7d03a3a03a3325,0,faa,2647,1,0,-0.1,False,0.0,0.9,0.4580000000000002,0.4580000000000002,0.0,0.0,0.0,0.0
cc7d03a3a03a3325,0,faa,2648,0,1,-0.1,False,0.0,0.9,0.6200000000000001,0.6200000000000001,0.0,0.0,0.0,0.0
cc7d03a3a03a3325,0,faa,2649,1,0,-0.1,False,0.0,0.9,0.4580000000000002,0.4580000000000002,0.0,0.0,0.0,0.0
cc7d03a3a03a3325,0,faa,2650,0,1,-0.1,False,0.0,0.9,0.6200000000000001,0.6200000000000001,0.0,0.0,0.0,0.0
cc7d03a3a03a3325,0,faa,2651,1,1,-0.1,False,0.0,0.9,0.8,0.8,0.0,0.0,0.0,0.0
cc7d03a3a03a3325,0,faa,2652,2,1,1.0,True,0.0,0.9,1.0,1.0,0.0,0.0,0.0,0.0
cc7d03a3a03a3325,0,faa,2653,2,1,1.0,True,0.0,0.9,1.0,1.0,0.0,0.0,0.0,0.0
cc7d03a3a03a3325,0,faa,2654,2,1,1.0,True,0.0,0.9,1.0,1.0,0.0,0.0,0.0,0.0
cc7d03a3a03a3325,0,faa,2655,2,0,-0.1,False,0.0,0.9,0.6200000000000001,0.6200000000000001,0.0,0.0,0.0,0.0
cc7d03a3a03a3325,0,faa,2656,1,1,-0.1,False,0.0,0.9,0.8,0.8,0.0,0.0,0.0,0.0
cc7d03a3a03a3325,0,faa,2657,2,1,1.0,True,0.0,0.9,1.0,1.0,0.0,0.0,0.0,0.0
cc7d03a3a03a3325,0,faa,2658,2,1,1.0,True,0.0,0.9,1.0,1.0,0.0,0.0,0.0,0.0
cc7d03a3a03a3325,0,faa,2659,2,1,1.0,True,0.0,0.9,1.0,1.0,0.0,0.0,0.0,0.0
cc7d03a3a03a3325,0,faa,2660,2,1,1.0,True,0.0,0.9,1.0,1.0,0.0,0.0,0.0,0.0
cc7d03a3a03a3325,0,faa,2661,2,1,1.0,True,0.0,0.9,1.0,1.0,0.0,0.0,0.0,0.0
cc7d03a3a03a3325,0,faa,2662,2,1,1.0,True,0.0,0.9,1.0,1.0,0.0,0.0,0.0,0.0
cc7d03a3a03a3325,0,faa,2663,2,1,1.0,True,0.0,0.9,1.0,1.0,0.0,0.0,0.0,0.0
cc7d03a3a03a3325,0,faa,2664,2,0,-0.1,False,0.0,0.9,0.6200000000000001,0.6200000000000001,0.0,0.0,0.0,0.0
cc7d03a3a03a3325,0,faa,2665,1,1,-0.1,False,0.0,0.9,0.8,0.8,0.0,0.0,0.0,0.0
cc7d03a3a03a3325,0,faa,2666,2,1,1.0,True,0.0,0.9,1.0,1.0,0.0,0.0,0.0,0.0
cc7d03a3a03a3325,0,faa,2667,2,1,1.0,True,0.0,0.9,1.0,1.0,0.0,0.0,0.0,0.0
cc7d03a3a03a3325,0,faa,2668,2,1,1.0,True,0.0,0.9,1.0,1.0,0.0,0.0,0.0,0.0
cc7d03a3a03a3325,0,faa,2669,2,1,1.0,True,0.0,0.9,1.0,1.0,0.0,0.0,0.0,0.0
cc7d03a3a03a3325,0,faa,2670,2,1,1.0,True,0.0,0.9,1.0,1.0,0.0,0.0,0.0,0.0
cc7d03a3a03a3325,0,faa,2671,2,1,1.0,True,0.0,0.9,1.0,1.0,0.0,0.0,0.0,0.0
cc7d03a3a03a3325,0,faa,2672,2,1,1.0,True,0.0,0.9,1.0,1.0,0.0,0.0,0.0,0.0
cc7d03a3a03a3325,0,faa,2673,2,1,1.0,True,0.0,0.9,1.0,1.0,0.0,0.0,0.0,0.0
cc7d03a3a03a3325,0,faa,2674,2,1,1.0,True,0.0,0.9,1.0,1.0,0.0,0.0,0.0,0.0
cc7d03a3a03a3325,0,faa,2675,2,1,1.0,True,0.0,0.9,1.0,1.0,0.0,0.0,0.0,0.0
cc7d03a3a03a3325,0,faa,2676,2,1,1.0,True,0.0,0.9,1.0,1.0,0.0,0.0,0.0,0.0
cc7d03a3a03a3325,0,faa,2677,2,1,1.0,True,0.0,0.9,1.0,1.0,0.0,0.0,0.0,0.0
cc7d03a3a03a3325,0,faa,2678,2,1,1.0,True,0.0,0.9,1.0,1.0,0.0,0.0,0.0,0.0
cc7d03a3a03a3325,0,faa,2679,2,1,1.0,True,0.0,0.9,1.0,1.0,0.0,0.0,0.0,0.0
cc7d03a3a03a3325,0,faa,2680,2,1,1.0,True,0.0,0.9,1.0,1.0,0.0,0.0,0.0,0.0
cc7d03a3a03a3325,0,faa,2681,2,1,1.0,True,0.0,0.9,1.0,1.0,0.0,0.0,0.0,0.0
cc7d03a3a03a3325,0,faa,2682,2,1,1.0,True,0.0,0.9,1.0,1.0,0.0,0.0,0.0,0.0
cc7d03a3a03a3325,0,faa,2683,2,1,1.0,True,0.0,0.9,1.0,1.0,0.0,0.0,0.0,0.0
cc7d03a3a03a3325,0,faa,2684,2,1,1.0,True,0.0,0.9,1.0,1.0,0.0,0.0,0.0,0.0
cc7d03a3a03a3325,0,faa,2685,2,0,-0.1,False,0.0,0.9,0.6200000000000001,0.6200000000000001,0.0,0.0,0.0,0.0
cc7d03a3a03a3325,0,faa,2686,1,1,-0.1,False,0.0,0.9,0.8,0.8,0.0,0.0,0.0,0.0
cc7d03a3a03a3325,0,faa,2687,2,1,1.0,True,0.0,0.9,1.0,1.0,0.0,0.0,0.0,0.0
cc7d03a3a03a3325,0,faa,2688,2,1,1.0,True,0.0,0.9,1.0,1.0,0.0,0.0,0.0,0.0
cc7d03a3a03a3325,0,faa,2689,2,1,1.0,True,0.0,0.9,1.0,1.0,0.0,0.0,0.0,0.0
cc7d03a3a03a3325,0,faa,2690,2,0,-0.1,False,0.0,0.9,0.6200000000000001,0.6200000000000001,0.0,0.0,0.0,0.0
cc7d03a3a03a3325,0,faa,2691,1,1,-0.1,False,0.0,0.9,0.8,0.8,0.0,0.0,0.0,0.0
cc7d03a3a03a3325,0,faa,2692,2,1,1.0,True,0.0,0.9,1.0,1.0,0.0,0.0,0.0,0.0
cc7d03a3a03a3325,0,faa,2693,2,0,-0.1,False,0.0,0.9,0.6200000000000001,0.6200000000000001,0.0,0.0,0.0,0.0
cc7d03a3a03a3325,0,faa,2694,1,1,-0.1,False,0.0,0.9,0.8,0.8,0.0,0.0,0.0,0.0
cc7d03a3a03a3325,0,faa,2695,2,1,1.0,True,0.0,0.9,1.0,1.0,0.0,0.0,0.0,0.0
cc7d03a3a03a3325,0,faa,2696,2,1,1.0,True,0.0,0.9,1.0,1.0,0.0,0.0,0.0,0.0
cc7d03a3a03a3325,0,faa,2697,2,1,1.0,True,0.0,0.9,1.0,1.0,0.0,0.0,0.0,0.0
cc7d03a3a03a3325,0,faa,2698,2,1,1.0,True,0.0,0.9,1.0,1.0,0.0,0.0,0.0,0.0
cc7d03a3a03a3325,0,faa,2699,2,1,1.0,True,0.0,0.9,1.0,1.0,0.0,0.0,0.0,0.0
cc7d03a3a03a3325,0,faa,2700,2,1,1.0,True,0.0,0.9,1.0,1.0,0.0,0.0,0.0,0.0
cc7d03a3a03a3325,0,faa,2701,2,1,1.0,True,0.0,0.9,1.0,1.0,0.0,0.0,0.0,0.0
cc7d03a3a03a3325,0,faa,2702,2,0,-0.1,False,0.0,0.9,0.6200000000000001,0.6200000000000001,0.0,0.0,0.0,0.0
cc7d03a3a03a3325,0,faa,2703,1,0,-0.1,False,0.0,0.9,0.4580000000000002,0.4580000000000002,0.0,0.0,0.0,0.0
cc7d03a3a03a3325,0,faa,2704,0,0,-0.1,False,0.0,0.9,0.4580000000000002,0.4580000000000002,0.0,0.0,0.0,0.0
cc7d03a3a03a3325,0,faa,2705,0,1,-0.1,False,0.0,0.9,0.6200000000000001,0.6200000000000001,0.0,0.0,0.0,0.0
cc7d03a3a03a3325,0,faa,2706,1,1,-0.1,False,0.0,0.9,0.8,0.8,0.0,0.0,0.0,0.0
cc7d03a3a03a3325,0,faa,2707,2,1,1.0,True,0.0,0.9,1.0,1.0,0.0,0.0,0.0,0.0
cc7d03a3a03a3325,0,faa,2708,2,1,1.0,True,0.0,0.9,1.0,1.0,0.0,0.0,0.0,0.0
cc7d03a3a03a3325,0,faa,2709,2,1,1.0,True,0.0,0.9,1.0,1.0,0.0,0.0,0.0,0.0
cc7d03a3a03a3325,0,faa,2710,2,1,1.0,True,0.0,0.9,1.0,1.0,0.0,0.0,0.0,0.0
cc7d03a3a03a3325,0,faa,2711,2,1,1.0,True,0.0,0.9,1.0,1.0,0.0,0.0,0.0,0.0
cc7d03a3a03a3325,0,faa,2712,2,1,1.0,True,0.0,0.9,1.0,1.0,0.0,0.0,0.0,0.0
cc7d03a3a03a3325,0,faa,2713,2,1,1.0,True,0.0,0.9,1.0,1.0,0.0,0.0,0.0,0.0
cc7d03a3a03a3325,0,faa,2714,2,1,1.0,True,0.0,0.9,1.0,1.0,0.0,0.0,0.0,0.0
cc7d03a3a03a3325,0,faa,2715,2,1,1.0,True,0.0,0.9,1.0,1.0,0.0,0.0,0.0,0.0
cc7d03a3a03a3325,0,faa,2716,2,1,1.0,True,0.0,0.9,1.0,1.0,0.0,0.0,0.0,0.0
cc7d03a3a03a3325,0,faa,2717,2,1,1.0,True,0.0,0.9,1.0,1.0,0.0,0.0,0.0,0.0
cc7d03a3a03a3325,0,faa,2718,2,1,1.0,True,0.0,0.9,1.0,1.0,0.0,0.0,0.0,0.0
cc7d03a3a03a3325,0,faa,2719,2,1,1.0,True,0.0,0.9,1.0,1.0,0.0,0.0,0.0,0.0
cc7d03a3a03a3325,0,faa,2720,2,1,1.0,True,0.0,0.9,1.0,1.0,0.0,0.0,0.0,0.0
cc7d03a3a03a3325,0,faa,2721,2,1,1.0,True,0.0,0.9,1.0,1.0,0.0,0.0,0.0,0.0
cc7d03a3a03a3325,0,faa,2722,2,1,1.0,True,0.0,0.9,1.0,1.0,0.0,0.0,0.0,0.0
cc7d03a3a03a3325,0,faa,2723,2,1,1.0,True,0.0,0.9,1.0,1.0,0.0,0.0,0.0,0.0
cc7d03a3a03a3325,0,faa,2724,2,1,1.0,True,0.0,0.9,1.0,1.0,0.0,0.0,0.0,0.0
cc7d03a3a03a3325,0,faa,2725,2,1,1.0,True,0.0,0.9,1.0,1.0,0.0,0.0,0.0,0.0
cc7d03a3a03a3325,0,faa,2726,2,1,1.0,True,0.0,0.9,1.0,1.0,0.0,0.0,0.0,0.0
cc7d03a3a03a3325,0,faa,2727,2,1,1.0,True,0.0,0.9,1.0,1.0,0.0,0.0,0.0,0.0
cc7d03a3a03a3325,0,faa,2728,2,1,1.0,True,0.0,0.9,1.0,1.0,0.0,0.0,0.0,0.0
cc7d03a3a03a3325,0,faa,2729,2,1,1.0,True,0.0,0.9,1.0,1.0,0.0,0.0,0.0,0.0
cc7d03a3a03a3325,0,faa,2730,2,1,1.0,True,0.0,0.9,1.0,1.0,0.0,0.0,0.0,0.0
cc7d03a3a03a3325,0,faa,2731,2,1,1.0,True,0.0,0.9,1.0,1.0,0.0,0.0,0.0,0.0
cc7d03a3a03a3325,0,faa,2732,2,1,1.0,True,0.0,0.9,1.0,1.0,0.0,0.0,0.0,0.0
cc7d03a3a03a3325,0,faa,2733,2,1,1.0,True,0.0,0.9,1.0,1.0,0.0,0.0,0.0,0.0
cc7d03a3a03a3325,0,faa,2734,2,1,1.0,True,0.0,0.9,1.0,1.0,0.0,0.0,0.0,0.0
cc7d03a3a03a3325,0,faa,2735,2,1,1.0,True,0.0,0.9,1.0,1.0,0.0,0.0,0.0,0.0
cc7d03a3a03a3325,0,faa,2736,2,1,1.0,True,0.0,0.9,1.0,1.0,0.0,0.0,0.0,0.0
cc7d03a3a03a3325,0,faa,2737,2,1,1.0,True,0.0,0.9,1.0,1.0,0.0,0.0,0.0,0.0
cc7d03a3a03a3325,0,faa,2738,2,1,1.0,True,0.0,0.9,1.0,1.0,0.0,0.0,0.0,0.0
cc7d03a3a03a3325,0,faa,2739,2,1,1.0,True,0.0,0.9,1.0,1.0,0.0,0.0,0.0,0.0
cc7d03a3a03a3325,0,faa,2740,2,1,1.0,True,0.0,0.9,1.0,1.0,0.0,0.0,0.0,0.0
cc7d03a3a03a3325,0,faa,2741,2,1,1.0,True,0.0,0.9,1.0,1.0,0.0,0.0,0.0,0.0
cc7d03a3a03a3325,0,faa,2742,2,1,1.0,True,0.0,0.9,1.0,1.0,0.0,0.0,0.0,0.0
cc7d03a3a03a3325,0,faa,2743,2,1,1.0,True,0.0,0.9,1.0,1.0,0.0,0.0,0.0,0.0
cc7d03a3a03a3325,0,faa,2744,2,1,1.0,True,0.0,0.9,1.0,1.0,0.0,0.0,0.0,0.0
cc7d03a3a03a3325,0,faa,2745,2,0,-0.1,False,0.0,0.9,0.6200000000000001,0.6200000000000001,0.0,0.0,0.0,0.0
cc7d03a3a03a3325,0,faa,2746,1,1,-0.1,False,0.0,0.9,0.8,0.8,0.0,0.0,0.0,0.0
cc7d03a3a03a3325,0,faa,2747,2,1,1.0,True,0.0,0.9,1.0,1.0,0.0,0.0,0.0,0.0
cc7d03a3a03a3325,0,faa,2748,2,1,1.0,True,0.0,0.9,1.0,1.0,0.0,0.0,0.0,0.0
cc7d03a3a03a3325,0,faa,2749,2,1,1.0,True,0.0,0.9,1.0,1.0,0.0,0.0,0.0,0.0
cc7d03a3a03a3325,0,faa,2750,2,1,1.0,True,0.0,0.9,1.0,1.0,0.0,0.0,0.0,0.0
cc7d03a3a03a3325,0,faa,2751,2,1,1.0,True,0.0,0.9,1.0,1.0,0.0,0.0,0.0,0.0
cc7d03a3a03a3325,0,faa,2752,2,1,1.0,True,0.0,0.9,1.0,1.0,0.0,0.0,0.0,0.0
cc7d03a3a03a3325,0,faa,2753,2,1,1.0,True,0.0,0.9,1.0,1.0,0.0,0.0,0.0,0.0
cc7d03a3a03a3325,0,faa,2754,2,1,1.0,True,0.0,0.9,1.0,1.0,0.0,0.0,0.0,0.0
cc7d03a3a03a3325,0,faa,2755,2,1,1.0,True,0.0,0.9,1.0,1.0,0.0,0.0,0.0,0.0
cc7d03a3a03a3325,0,faa,2756,2,1,1.0,True,0.0,0.9,1.0,1.0,0.0,0.0,0.0,0.0
cc7d03a3a03a3325,0,faa,2757,2,0,-0.1,False,0.0,0.9,0.6200000000000001,0.6200000000000001,0.0,0.0,0.0,0.0
cc7d03a3a03a3325,0,faa,2758,1,1,-0.1,False,0.0,0.9,0.8,0.8,0.0,0.0,0.0,0.0
cc7d03a3a03a3325,0,faa,2759,2,1,1.0,True,0.0,0.9,1.0,1.0,0.0,0.0,0.0,0.0
cc7d03a3a03a3325,0,faa,2760,2,1,1.0,True,0.0,0.9,1.0,1.0,0.0,0.0,0.0,0.0
cc7d03a3a03a3325,0,faa,2761,2,1,1.0,True,0.0,0.9,1.0,1.0,0.0,0.0,0.0,0.0
cc7d03a3a03a3325,0,faa,2762,2,1,1.0,True,0.0,0.9,1.0,1.0,0.0,0.0,0.0,0.0
cc7d03a3a03a3325,0,faa,2763,2,1,1.0,True,0.0,0.9,1.0,1.0,0.0,0.0,0.0,0.0
cc7d03a3a03a3325,0,faa,2764,2,1,1.0,True,0.0,0.9,1.0,1.0,0.0,0.0,0.0,0.0
cc7d03a3a03a3325,0,faa,2765,2,1,1.0,True,0.0,0.9,1.0,1.0,0.0,0.0,0.0,0.0
cc7d03a3a03a3325,0,faa,2766,2,1,1.0,True,0.0,0.9,1.0,1.0,0.0,0.0,0.0,0.0
cc7d03a3a03a3325,0,faa,2767,2,1,1.0,True,0.0,0.9,1.0,1.0,0.0,0.0,0.0,0.0
cc7d03a3a03a3325,0,faa,2768,2,1,1.0,True,0.0,0.9,1.0,1.0,0.0,0.0,0.0,0.0
cc7d03a3a03a3325,0,faa,2769,2,1,1.0,True,0.0,0.9,1.0,1.0,0.0,0.0,0.0,0.0
cc7d03a3a03a3325,0,faa,2770,2,1,1.0,True,0.0,0.9,1.0,1.0,0.0,0.0,0.0,0.0
cc7d03a3a03a3325,0,faa,2771,2,1,1.0,True,0.0,0.9,1.0,1.0,0.0,0.0,0.0,0.0
cc7d03a3a03a3325,0,faa,2772,2,1,1.0,True,0.0,0.9,1.0,1.0,0.0,0.0,0.0,0.0
cc7d03a3a03a3325,0,faa,2773,2,1,1.0,True,0.0,0.9,1.0,1.0,0.0,0.0,0.0,0.0
cc7d03a3a03a3325,0,faa,2774,2,1,1.0,True,0.0,0.9,1.0,1.0,0.0,0.0,0.0,0.0
cc7d03a3a03a3325,0,faa,2775,2,0,-0.1,False,0.0,0.9,0.6200000000000001,0.6200000000000001,0.0,0.0,0.0,0.0
cc7d03a3a03a3325,0,faa,2776,1,1,-0.1,False,0.0,0.9,0.8,0.8,0.0,0.0,0.0,0.0
cc7d03a3a03a3325,0,faa,2777,2,1,1.0,True,0.0,0.9,1.0,1.0,0.0,0.0,0.0,0.0
cc7d03a3a03a3325,0,faa,2778,2,1,1.0,True,0.0,0.9,1.0,1.0,0.0,0.0,0.0,0.0
cc7d03a3a03a3325,0,faa,2779,2,1,1.0,True,0.0,0.9,1.0,1.0,0.0,0.0,0.0,0.0
cc7d03a3a03a3325,0,faa,2780,2,1,1.0,True,0.0,0.9,1.0,1.0,0.0,0.0,0.0,0.0
cc7d03a3a03a3325,0,faa,2781,2,1,1.0,True,0.0,0.9,1.0,1.0,0.0,0.0,0.0,0.0
cc7d03a3a03a3325,0,faa,2782,2,1,1.0,True,0.0,0.9,1.0,1.0,0.0,0.0,0.0,0.0
cc7d03a3a03a3325,0,faa,2783,2,1,1.0,True,0.0,0.9,1.0,1.0,0.0,0.0,0.0,0.0
cc7d03a3a03a3325,0,faa,2784,2,1,1.0,True,0.0,0.9,1.0,1.0,0.0,0.0,0.0,0.0
cc7d03a3a03a3325,0,faa,2785,2,1,1.0,True,0.0,0.9,1.0,1.0,0.0,0.0,0.0,0.0
cc7d03a3a03a3325,0,faa,2786,2,1,1.0,True,0.0,0.9,1.0,1.0,0.0,0.0,0.0,0.0
cc7d03a3a03a3325,0,faa,2787,2,1,1.0,True,0.0,0.9,1.0,1.0,0.0,0.0,0.0,0.0
cc7d03a3a03a3325,0,faa,2788,2,1,1.0,True,0.0,0.9,1.0,1.0,0.0,0.0,0.0,0.0
cc7d03a3a03a3325,0,faa,2789,2,1,1.0,True,0.0,0.9,1.0,1.0,0.0,0.0,0.0,0.0
cc7d03a3a03a3325,0,faa,2790,2,1,1.0,True,0.0,0.9,1.0,1.0,0.0,0.0,0.0,0.0
cc7d03a3a03a3325,0,faa,2791,2,1,1.0,True,0.0,0.9,1.0,1.0,0.0,0.0,0.0,0.0
cc7d03a3a03a3325,0,faa,2792,2,1,1.0,True,0.0,0.9,1.0,1.0,0.0,0.0,0.0,0.0
cc7d03a3a03a3325,0,faa,2793,2,1,1.0,True,0.0,0.9,1.0,1.0,0.0,0.0,0.0,0.0
cc7d03a3a03a3325,0,faa,2794,2,1,1.0,True,0.0,0.9,1.0,1.0,0.0,0.0,0.0,0.0
cc7d03a3a03a3325,0,faa,2795,2,1,1.0,True,0.0,0.9,1.0,1.0,0.0,0.0,0.0,0.0
cc7d03a3a03a3325,0,faa,2796,2,1,1.0,True,0.0,0.9,1.0,1.0,0.0,0.0,0.0,0.0
cc7d03a3a03a3325,0,faa,2797,2,0,-0.1,False,0.0,0.9,0.6200000000000001,0.6200000000000001,0.0,0.0,0.0,0.0
cc7d03a3a03a3325,0,faa,2798,1,1,-0.1,False,0.0,0.9,0.8,0.8,0.0,0.0,0.0,0.0
cc7d03a3a03a3325,0,faa,2799,2,1,1.0,True,0.0,0.9,1.0,1.0,0.0,0.0,0.0,0.0
cc7d03a3a03a3325,0,faa,2800,2,1,1.0,True,0.0,0.9,1.0,1.0,0.0,0.0,0.0,0.0
cc7d03a3a03a3325,0,faa,2801,2,1,1.0,True,0.0,0.9,1.0,1.0,0.0,0.0,0.0,0.0
cc7d03a3a03a3325,0,faa,2802,2,1,1.0,True,0.0,0.9,1.0,1.0,0.0,0.0,0.0,0.0
cc7d03a3a03a3325,0,faa,2803,2,1,1.0,True,0.0,0.9,1.0,1.0,0.0,0.0,0.0,0.0
cc7d03a3a03a3325,0,faa,2804,2,1,1.0,True,0.0,0.9,1.0,1.0,0.0,0.0,0.0,0.0
cc7d03a3a03a3325,0,faa,2805,2,1,1.0,True,0.0,0.9,1.0,1.0,0.0,0.0,0.0,0.0
cc7d03a3a03a3325,0,faa,2806,2,1,1.0,True,0.0,0.9,1.0,1.0,0.0,0.0,0.0,0.0
cc7d03a3a03a3325,0,faa,2807,2,1,1.0,True,0.0,0.9,1.0,1.0,0.0,0.0,0.0,0.0
cc7d03a3a03a3325,0,faa,2808,2,1,1.0,True,0.0,0.9,1.0,1.0,0.0,0.0,0.0,0.0
cc7d03a3a03a3325,0,faa,2809,2,1,1.0,True,0.0,0.9,1.0,1.0,0.0,0.0,0.0,0.0
cc7d03a3a03a3325,0,faa,2810,2,1,1.0,True,0.0,0.9,1.0,1.0,0.0,0.0,0.0,0.0
cc7d03a3a03a3325,0,faa,2811,2,0,-0.1,False,0.0,0.9,0.6200000000000001,0.6200000000000001,0.0,0.0,0.0,0.0
cc7d03a3a03a3325,0,faa,2812,1,1,-0.1,False,0.0,0.9,0.8,0.8,0.0,0.0,0.0,0.0
cc7d03a3a03a3325,0,faa,2813,2,1,1.0,True,0.0,0.9,1.0,1.0,0.0,0.0,0.0,0.0
cc7d03a3a03a3325,0,faa,2814,2,1,1.0,True,0.0,0.9,1.0,1.0,0.0,0.0,0.0,0.0
cc7d03a3a03a3325,0,faa,2815,2,1,1.0,True,0.0,0.9,1.0,1.0,0.0,0.0,0.0,0.0
cc7d03a3a03a3325,0,faa,2816,2,1,1.0,True,0.0,0.9,1.0,1.0,0.0,0.0,0.0,0.0
cc7d03a3a03a3325,0,faa,2817,2,1,1.0,True,0.0,0.9,1.0,1.0,0.0,0.0,0.0,0.0
cc7d03a3a03a3325,0,faa,2818,2,1,1.0,True,0.0,0.9,1.0,1.0,0.0,0.0,0.0,0.0
cc7d03a3a03a3325,0,faa,2819,2,1,1.0,True,0.0,0.9,1.0,1.0,0.0,0.0,0.0,0.0
cc7d03a3a03a3325,0,faa,2820,2,1,1.0,True,0.0,0.9,1.0,1.0,0.0,0.0,0.0,0.0
cc7d03a3a03a3325,0,faa,2821,2,0,-0.1,False,0.0,0.9,0.6200000000000001,0.6200000000000001,0.0,0.0,0.0,0.0
cc7d03a3a03a3325,0,faa,2822,1,1,-0.1,False,0.0,0.9,0.8,0.8,0.0,0.0,0.0,0.0
cc7d03a3a03a3325,0,faa,2823,2,1,1.0,True,0.0,0.9,1.0,1.0,0.0,0.0,0.0,0.0
cc7d03a3a03a3325,0,faa,2824,2,1,1.0,True,0.0,0.9,1.0,1.0,0.0,0.0,0.0,0.0
cc7d03a3a03a3325,0,faa,2825,2,1,1.0,True,0.0,0.9,1.0,1.0,0.0,0.0,0.0,0.0
cc7d03a3a03a3325,0,faa,2826,2,1,1.0,True,0.0,0.9,1.0,1.0,0.0,0.0,0.0,0.0
cc7d03a3a03a3325,0,faa,2827,2,1,1.0,True,0.0,0.9,1.0,1.0,0.0,0.0,0.0,0.0
cc7d03a3a03a3325,0,faa,2828,2,1,1.0,True,0.0,0.9,1.0,1.0,0.0,0.0,0.0,0.0
cc7d03a3a03a3325,0,faa,2829,2,0,-0.1,False,0.0,0.9,0.6200000000000001,0.6200000000000001,0.0,0.0,0.0,0.0
cc7d03a3a03a3325,0,faa,2830,1,1,-0.1,False,0.0,0.9,0.8,0.8,0.0,0.0,0.0,0.0
cc7d03a3a03a3325,0,faa,2831,2,1,1.0,True,0.0,0.9,1.0,1.0,0.0,0.0,0.0,0.0
cc7d03a3a03a3325,0,faa,2832,2,1,1.0,True,0.0,0.9,1.0,1.0,0.0,0.0,0.0,0.0
cc7d03a3a03a3325,0,faa,2833,2,0,-0.1,False,0.0,0.9,0.6200000000000001,0.6200000000000001,0.0,0.0,0.0,0.0
cc7d03a3a03a3325,0,faa,2834,1,1,-0.1,False,0.0,0.9,0.8,0.8,0.0,0.0,0.0,0.0
cc7d03a3a03a3325,0,faa,2835,2,1,1.0,True,0.0,0.9,1.0,1.0,0.0,0.0,0.0,0.0
cc7d03a3a03a3325,0,faa,2836,2,1,1.0,True,0.0,0.9,1.0,1.0,0.0,0.0,0.0,0.0
cc7d03a3a03a3325,0,faa,2837,2,1,1.0,True,0.0,0.9,1.0,1.0,0.0,0.0,0.0,0.0
cc7d03a3a03a3325,0,faa,2838,2,1,1.0,True,0.0,0.9,1.0,1.0,0.0,0.0,0.0,0.0
cc7d03a3a03a3325,0,faa,2839,2,1,1.0,True,0.0,0.9,1.0,1.0,0.0,0.0,0.0,0.0
cc7d03a3a03a3325,0,faa,2840,2,1,1.0,True,0.0,0.9,1.0,1.0,0.0,0.0,0.0,0.0
cc7d03a3a03a3325,0,faa,2841,2,1,1.0,True,0.0,0.9,1.0,1.0,0.0,0.0,0.0,0.0
cc7d03a3a03a3325,0,faa,2842,2,1,1.0,True,0.0,0.9,1.0,1.0,0.0,0.0,0.0,0.0
cc7d03a3a03a3325,0,faa,2843,2,1,1.0,True,0.0,0.9,1.0,1.0,0.0,0.0,0.0,0.0
cc7d03a3a03a3325,0,faa,2844,2,0,-0.1,False,0.0,0.9,0.6200000000000001,0.6200000000000001,0.0,0.0,0.0,0.0
cc7d03a3a03a3325,0,faa,2845,1,1,-0.1,False,0.0,0.9,0.8,0.8,0.0,0.0,0.0,0.0
cc7d03a3a03a3325,0,faa,2846,2,0,-0.1,False,0.0,0.9,0.6200000000000001,0.6200000000000001,0.0,0.0,0.0,0.0
cc7d03a3a03a3325,0,faa,2847,1,1,-0.1,False,0.0,0.9,0.8,0.8,0.0,0.0,0.0,0.0
cc7d03a3a03a3325,0,faa,2848,2,1,1.0,True,0.0,0.9,1.0,1.0,0.0,0.0,0.0,0.0
cc7d03a3a03a3325,0,faa,2849,2,0,-0.1,False,0.0,0.9,0.6200000000000001,0.6200000000000001,0.0,0.0,0.0,0.0
cc7d03a3a03a3325,0,faa,2850,1,1,-0.1,False,0.0,0.9,0.8,0.8,0.0,0.0,0.0,0.0
cc7d03a3a03a3325,0,faa,2851,2,1,1.0,True,0.0,0.9,1.0,1.0,0.0,0.0,0.0,0.0
cc7d03a3a03a3325,0,faa,2852,2,1,1.0,True,0.0,0.9,1.0,1.0,0.0,0.0,0.0,0.0
cc7d03a3a03a3325,0,faa,2853,2,0,-0.1,False,0.0,0.9,0.6200000000000001,0.6200000000000001,0.0,0.0,0.0,0.0
cc7d03a3a03a3325,0,faa,2854,1,1,-0.1,False,0.0,0.9,0.8,0.8,0.0,0.0,0.0,0.0
cc7d03a3a03a3325,0,faa,2855,2,0,-0.1,False,0.0,0.9,0.6200000000000001,0.6200000000000001,0.0,0.0,0.0,0.0
cc7d03a3a03a3325,0,faa,2856,1,1,-0.1,False,0.0,0.9,0.8,0.8,0.0,0.0,0.0,0.0
cc7d03a3a03a3325,0,faa,2857,2,0,-0.1,False,0.0,0.9,0.6200000000000001,0.6200000000000001,0.0,0.0,0.0,0.0
cc7d03a3a03a3325,0,faa,2858,1,1,-0.1,False,0.0,0.9,0.8,0.8,0.0,0.0,0.0,0.0
cc7d03a3a03a3325,0,faa,2859,2,1,1.0,True,0.0,0.9,1.0,1.0,0.0,0.0,0.0,0.0
cc7d03a3a03a3325,0,faa,2860,2,1,1.0,True,0.0,0.9,1.0,1.0,0.0,0.0,0.0,0.0
cc7d03a3a03a3325,0,faa,2861,2,1,1.0,True,0.0,0.9,1.0,1.0,0.0,0.0,0.0,0.0
cc7d03a3a03a3325,0,faa,2862,2,1,1.0,True,0.0,0.9,1.0,1.0,0.0,0.0,0.0,0.0
cc7d03a3a03a3325,0,faa,2863,2,1,1.0,True,0.0,0.9,1.0,1.0,0.0,0.0,0.0,0.0
cc7d03a3a03a3325,0,faa,2864,2,1,1.0,True,0.0,0.9,1.0,1.0,0.0,0.0,0.0,0.0
cc7d03a3a03a3325,0,faa,2865,2,1,1.0,True,0.0,0.9,1.0,1.0,0.0,0.0,0.0,0.0
cc7d03a3a03a3325,0,faa,2866,2,1,1.0,True,0.0,0.9,1.0,1.0,0.0,0.0,0.0,0.0
cc7d03a3a03a3325,0,faa,2867,2,1,1.0,True,0.0,0.9,1.0,1.0,0.0,0.0,0.0,0.0
cc7d03a3a03a3325,0,faa,2868,2,1,1.0,True,0.0,0.9,1.0,1.0,0.0,0.0,0.0,0.0
cc7d03a3a03a3325,0,faa,2869,2,1,1.0,True,0.0,0.9,1.0,1.0,0.0,0.0,0.0,0.0
cc7d03a3a03a3325,0,faa,2870,2,1,1.0,True,0.0,0.9,1.0,1.0,0.0,0.0,0.0,0.0
cc7d03a3a03a3325,0,faa,2871,2,1,1.0,True,0.0,0.9,1.0,1.0,0.0,0.0,0.0,0.0
cc7d03a3a03a3325,0,faa,2872,2,1,1.0,True,0.0,0.9,1.0,1.0,0.0,0.0,0.0,0.0
cc7d03a3a03a3325,0,faa,2873,2,0,-0.1,False,0.0,0.9,0.6200000000000001,0.6200000000000001,0.0,0.0,0.0,0.0
cc7d03a3a03a3325,0,faa,2874,1,1,-0.1,False,0.0,0.9,0.8,0.8,0.0,0.0,0.0,0.0
cc7d03a3a03a3325,0,faa,2875,2,1,1.0,True,0.0,0.9,1.0,1.0,0.0,0.0,0.0,0.0
cc7d03a3a03a3325,0,faa,2876,2,0,-0.1,False,0.0,0.9,0.6200000000000001,0.6200000000000001,0.0,0.0,0.0,0.0
cc7d03a3a03a3325,0,faa,2877,1,1,-0.1,False,0.0,0.9,0.8,0.8,0.0,0.0,0.0,0.0
cc7d03a3a03a3325,0,faa,2878,2,0,-0.1,False,0.0,0.9,0.6200000000000001,0.6200000000000001,0.0,0.0,0.0,0.0
cc7d03a3a03a3325,0,faa,2879,1,1,-0.1,False,0.0,0.9,0.8,0.8,0.0,0.0,0.0,0.0
cc7d03a3a03a3325,0,faa,2880,2,1,1.0,True,0.0,0.9,1.0,1.0,0.0,0.0,0.0,0.0
cc7d03a3a03a3325,0,faa,2881,2,1,1.0,True,0.0,0.9,1.0,1.0,0.0,0.0,0.0,0.0
cc7d03a3a03a3325,0,faa,2882,2,0,-0.1,False,0.0,0.9,0.6200000000000001,0.6200000000000001,0.0,0.0,0.0,0.0
cc7d03a3a03a3325,0,faa,2883,1,1,-0.1,False,0.0,0.9,0.8,0.8,0.0,0.0,0.0,0.0
cc7d03a3a03a3325,0,faa,2884,2,1,1.0,True,0.0,0.9,1.0,1.0,0.0,0.0,0.0,0.0
cc7d03a3a03a3325,0,faa,2885,2,0,-0.1,False,0.0,0.9,0.6200000000000001,0.6200000000000001,0.0,0.0,0.0,0.0
cc7d03a3a03a3325,0,faa,2886,1,1,-0.1,False,0.0,0.9,0.8,0.8,0.0,0.0,0.0,0.0
cc7d03a3a03a3325,0,faa,2887,2,1,1.0,True,0.0,0.9,1.0,1.0,0.0,0.0,0.0,0.0
cc7d03a3a03a3325,0,faa,2888,2,1,1.0,True,0.0,0.9,1.0,1.0,0.0,0.0,0.0,0.0
cc7d03a3a03a3325,0,faa,2889,2,1,1.0,True,0.0,0.9,1.0,1.0,0.0,0.0,0.0,0.0
cc7d03a3a03a3325,0,faa,2890,2,1,1.0,True,0.0,0.9,1.0,1.0,0.0,0.0,0.0,0.0
cc7d03a3a03a3325,0,faa,2891,2,1,1.0,True,0.0,0.9,1.0,1.0,0.0,0.0,0.0,0.0
cc7d03a3a03a3325,0,faa,2892,2,1,1.0,True,0.0,0.9,1.0,1.0,0.0,0.0,0.0,0.0
cc7d03a3a03a3325,0,faa,2893,2,1,1.0,True,0.0,0.9,1.0,1.0,0.0,0.0,0.0,0.0
cc7d03a3a03a3325,0,faa,2894,2,1,1.0,True,0.0,0.9,1.0,1.0,0.0,0.0,0.0,0.0
cc7d03a3a03a3325,0,faa,2895,2,1,1.0,True,0.0,0.9,1.0,1.0,0.0,0.0,0.0,0.0
cc7d03a3a03a3325,0,faa,2896,2,1,1.0,True,0.0,0.9,1.0,1.0,0.0,0.0,0.0,0.0
cc7d03a3a03a3325,0,faa,2897,2,1,1.0,True,0.0,0.9,1.0,1.0,0.0,0.0,0.0,0.0
cc7d03a3a03a3325,0,faa,2898,2,1,1.0,True,0.0,0.9,1.0,1.0,0.0,0.0,0.0,0.0
cc7d03a3a03a3325,0,faa,2899,2,1,1.0,True,0.0,0.9,1.0,1.0,0.0,0.0,0.0,0.0
cc7d03a3a03a3325,0,faa,2900,2,1,1.0,True,0.0,0.9,1.0,1.0,0.0,0.0,0.0,0.0
cc7d03a3a03a3325,0,faa,2901,2,1,1.0,True,0.0,0.9,1.0,1.0,0.0,0.0,0.0,0.0
cc7d03a3a03a3325,0,faa,2902,2,0,-0.1,False,0.0,0.9,0.6200000000000001,0.6200000000000001,0.0,0.0,0.0,0.0
cc7d03a3a03a3325,0,faa,2903,1,1,-0.1,False,0.0,0.9,0.8,0.8,0.0,0.0,0.0,0.0
cc7d03a3a03a3325,0,faa,2904,2,1,1.0,True,0.0,0.9,1.0,1.0,0.0,0.0,0.0,0.0
cc7d03a3a03a3325,0,faa,2905,2,0,-0.1,False,0.0,0.9,0.6200000000000001,0.6200000000000001,0.0,0.0,0.0,0.0
cc7d03a3a03a3325,0,faa,2906,1,1,-0.1,False,0.0,0.9,0.8,0.8,0.0,0.0,0.0,0.0
cc7d03a3a03a3325,0,faa,2907,2,1,1.0,True,0.0,0.9,1.0,1.0,0.0,0.0,0.0,0.0
cc7d03a3a03a3325,0,faa,2908,2,1,1.0,True,0.0,0.9,1.0,1.0,0.0,0.0,0.0,0.0
cc7d03a3a03a3325,0,faa,2909,2,1,1.0,True,0.0,0.9,1.0,1.0,0.0,0.0,0.0,0.0
cc7d03a3a03a3325,0,faa,2910,2,1,1.0,True,0.0,0.9,1.0,1.0,0.0,0.0,0.0,0.0
cc7d03a3a03a3325,0,faa,2911,2,0,-0.1,False,0.0,0.9,0.6200000000000001,0.6200000000000001,0.0,0.0,0.0,0.0
cc7d03a3a03a3325,0,faa,2912,1,1,-0.1,False,0.0,0.9,0.8,0.8,0.0,0.0,0.0,0.0
cc7d03a3a03a3325,0,faa,2913,2,1,1.0,True,0.0,0.9,1.0,1.0,0.0,0.0,0.0,0.0
cc7d03a3a03a3325,0,faa,2914,2,1,1.0,True,0.0,0.9,1.0,1.0,0.0,0.0,0.0,0.0
cc7d03a3a03a3325,0,faa,2915,2,1,1.0,True,0.0,0.9,1.0,1.0,0.0,0.0,0.0,0.0
cc7d03a3a03a3325,0,faa,2916,2,1,1.0,True,0.0,0.9,1.0,1.0,0.0,0.0,0.0,0.0
cc7d03a3a03a3325,0,faa,2917,2,1,1.0,True,0.0,0.9,1.0,1.0,0.0,0.0,0.0,0.0
cc7d03a3a03a3325,0,faa,2918,2,1,1.0,True,0.0,0.9,1.0,1.0,0.0,0.0,0.0,0.0
cc7d03a3a03a3325,0,faa,2919,2,1,1.0,True,0.0,0.9,1.0,1.0,0.0,0.0,0.0,0.0
cc7d03a3a03a3325,0,faa,2920,2,1,1.0,True,0.0,0.9,1.0,1.0,0.0,0.0,0.0,0.0
cc7d03a3a03a3325,0,faa,2921,2,0,-0.1,False,0.0,0.9,0.6200000000000001,0.6200000000000001,0.0,0.0,0.0,0.0
cc7d03a3a03a3325,0,faa,2922,1,0,-0.1,False,0.0,0.9,0.4580000000000002,0.4580000000000002,0.0,0.0,0.0,0.0
cc7d03a3a03a3325,0,faa,2923,0,0,-0.1,False,0.0,0.9,0.4580000000000002,0.4580000000000002,0.0,0.0,0.0,0.0
cc7d03a3a03a3325,0,faa,2924,0,0,-0.1,False,0.0,0.9,0.4580000000000002,0.4580000000000002,0.0,0.0,0.0,0.0
cc7d03a3a03a3325,0,faa,2925,0,0,-0.1,False,0.0,0.9,0.4580000000000002,0.4580000000000002,0.0,0.0,0.0,0.0
cc7d03a3a03a3325,0,faa,2926,0,1,-0.1,False,0.0,0.9,0.6200000000000001,0.6200000000000001,0.0,0.0,0.0,0.0
cc7d03a3a03a3325,0,faa,2927,1,0,-0.1,False,0.0,0.9,0.4580000000000002,0.4580000000000002,0.0,0.0,0.0,0.0
cc7d03a3a03a3325,0,faa,2928,0,1,-0.1,False,0.0,0.9,0.6200000000000001,0.6200000000000001,0.0,0.0,0.0,0.0
cc7d03a3a03a3325,0,faa,2929,1,1,-0.1,False,0.0,0.9,0.8,0.8,0.0,0.0,0.0,0.0
cc7d03a3a03a3325,0,faa,2930,2,1,1.0,True,0.0,0.9,1.0,1.0,0.0,0.0,0.0,0.0
cc7d03a3a03a3325,0,faa,2931,2,1,1.0,True,0.0,0.9,1.0,1.0,0.0,0.0,0.0,0.0
cc7d03a3a03a3325,0,faa,2932,2,1,1.0,True,0.0,0.9,1.0,1.0,0.0,0.0,0.0,0.0
cc7d03a3a03a3325,0,faa,2933,2,1,1.0,True,0.0,0.9,1.0,1.0,0.0,0.0,0.0,0.0
cc7d03a3a03a3325,0,faa,2934,2,1,1.0,True,0.0,0.9,1.0,1.0,0.0,0.0,0.0,0.0
cc7d03a3a03a3325,0,faa,2935,2,1,1.0,True,0.0,0.9,1.0,1.0,0.0,0.0,0.0,0.0
cc7d03a3a03a3325,0,faa,2936,2,1,1.0,True,0.0,0.9,1.0,1.0,0.0,0.0,0.0,0.0
cc7d03a3a03a3325,0,faa,2937,2,1,1.0,True,0.0,0.9,1.0,1.0,0.0,0.0,0.0,0.0
cc7d03a3a03a3325,0,faa,2938,2,1,1.0,True,0.0,0.9,1.0,1.0,0.0,0.0,0.0,0.0
cc7d03a3a03a3325,0,faa,2939,2,0,-0.1,False,0.0,0.9,0.6200000000000001,0.6200000000000001,0.0,0.0,0.0,0.0
cc7d03a3a03a3325,0,faa,2940,1,1,-0.1,False,0.0,0.9,0.8,0.8,0.0,0.0,0.0,0.0
cc7d03a3a03a3325,0,faa,2941,2,1,1.0,True,0.0,0.9,1.0,1.0,0.0,0.0,0.0,0.0
cc7d03a3a03a3325,0,faa,2942,2,1,1.0,True,0.0,0.9,1.0,1.0,0.0,0.0,0.0,0.0
cc7d03a3a03a3325,0,faa,2943,2,1,1.0,True,0.0,0.9,1.0,1.0,0.0,0.0,0.0,0.0
cc7d03a3a03a3325,0,faa,2944,2,0,-0.1,False,0.0,0.9,0.6200000000000001,0.6200000000000001,0.0,0.0,0.0,0.0
cc7d03a3a03a3325,0,faa,2945,1,1,-0.1,False,0.0,0.9,0.8,0.8,0.0,0.0,0.0,0.0
cc7d03a3a03a3325,0,faa,2946,2,0,-0.1,False,0.0,0.9,0.6200000000000001,0.6200000000000001,0.0,0.0,0.0,0.0
cc7d03a3a03a3325,0,faa,2947,1,0,-0.1,False,0.0,0.9,0.4580000000000002,0.4580000000000002,0.0,0.0,0.0,0.0
cc7d03a3a03a3325,0,faa,2948,0,1,-0.1,False,0.0,0.9,0.6200000000000001,0.6200000000000001,0.0,0.0,0.0,0.0
cc7d03a3a03a3325,0,faa,2949,1,1,-0.1,False,0.0,0.9,0.8,0.8,0.0,0.0,0.0,0.0
cc7d03a3a03a3325,0,faa,2950,2,0,-0.1,False,0.0,0.9,0.6200000000000001,0.6200000000000001,0.0,0.0,0.0,0.0
cc7d03a3a03a3325,0,faa,2951,1,1,-0.1,False,0.0,0.9,0.8,0.8,0.0,0.0,0.0,0.0
cc7d03a3a03a3325,0,faa,2952,2,1,1.0,True,0.0,0.9,1.0,1.0,0.0,0.0,0.0,0.0
cc7d03a3a03a3325,0,faa,2953,2,1,1.0,True,0.0,0.9,1.0,1.0,0.0,0.0,0.0,0.0
cc7d03a3a03a3325,0,faa,2954,2,1,1.0,True,0.0,0.9,1.0,1.0,0.0,0.0,0.0,0.0
cc7d03a3a03a3325,0,faa,2955,2,0,-0.1,False,0.0,0.9,0.6200000000000001,0.6200000000000001,0.0,0.0,0.0,0.0
cc7d03a3a03a3325,0,faa,2956,1,1,-0.1,False,0.0,0.9,0.8,0.8,0.0,0.0,0.0,0.0
cc7d03a3a03a3325,0,faa,2957,2,1,1.0,True,0.0,0.9,1.0,1.0,0.0,0.0,0.0,0.0
cc7d03a3a03a3325,0,faa,2958,2,1,1.0,True,0.0,0.9,1.0,1.0,0.0,0.0,0.0,0.0
cc7d03a3a03a3325,0,faa,2959,2,0,-0.1,False,0.0,0.9,0.6200000000000001,0.6200000000000001,0.0,0.0,0.0,0.0
cc7d03a3a03a3325,0,faa,2960,1,1,-0.1,False,0.0,0.9,0.8,0.8,0.0,0.0,0.0,0.0
cc7d03a3a03a3325,0,faa,2961,2,1,1.0,True,0.0,0.9,1.0,1.0,0.0,0.0,0.0,0.0
cc7d03a3a03a3325,0,faa,2962,2,1,1.0,True,0.0,0.9,1.0,1.0,0.0,0.0,0.0,0.0
cc7d03a3a03a3325,0,faa,2963,2,1,1.0,True,0.0,0.9,1.0,1.0,0.0,0.0,0.0,0.0
cc7d03a3a03a3325,0,faa,2964,2,1,1.0,True,0.0,0.9,1.0,1.0,0.0,0.0,0.0,0.0
cc7d03a3a03a3325,0,faa,2965,2,1,1.0,True,0.0,0.9,1.0,1.0,0.0,0.0,0.0,0.0
cc7d03a3a03a3325,0,faa,2966,2,1,1.0,True,0.0,0.9,1.0,1.0,0.0,0.0,0.0,0.0
cc7d03a3a03a3325,0,faa,2967,2,1,1.0,True,0.0,0.9,1.0,1.0,0.0,0.0,0.0,0.0
cc7d03a3a03a3325,0,faa,2968,2,1,1.0,True,0.0,0.9,1.0,1.0,0.0,0.0,0.0,0.0
cc7d03a3a03a3325,0,faa,2969,2,1,1.0,True,0.0,0.9,1.0,1.0,0.0,0.0,0.0,0.0
cc7d03a3a03a3325,0,faa,2970,2,0,-0.1,False,0.0,0.9,0.6200000000000001,0.6200000000000001,0.0,0.0,0.0,0.0
cc7d03a3a03a3325,0,faa,2971,1,0,-0.1,False,0.0,0.9,0.4580000000000002,0.4580000000000002,0.0,0.0,0.0,0.0
cc7d03a3a03a3325,0,faa,2972,0,1,-0.1,False,0.0,0.9,0.6200000000000001,0.6200000000000001,0.0,0.0,0.0,0.0
cc7d03a3a03a3325,0,faa,2973,1,1,-0.1,False,0.0,0.9,0.8,0.8,0.0,0.0,0.0,0.0
cc7d03a3a03a3325,0,faa,2974,2,1,1.0,True,0.0,0.9,1.0,1.0,0.0,0.0,0.0,0.0
cc7d03a3a03a3325,0,faa,2975,2,1,1.0,True,0.0,0.9,1.0,1.0,0.0,0.0,0.0,0.0
cc7d03a3a03a3325,0,faa,2976,2,0,-0.1,False,0.0,0.9,0.6200000000000001,0.6200000000000001,0.0,0.0,0.0,0.0
cc7d03a3a03a3325,0,faa,2977,1,1,-0.1,False,0.0,0.9,0.8,0.8,0.0,0.0,0.0,0.0
cc7d03a3a03a3325,0,faa,2978,2,1,1.0,True,0.0,0.9,1.0,1.0,0.0,0.0,0.0,0.0
cc7d03a3a03a3325,0,faa,2979,2,1,1.0,True,0.0,0.9,1.0,1.0,0.0,0.0,0.0,0.0
cc7d03a3a03a3325,0,faa,2980,2,1,1.0,True,0.0,0.9,1.0,1.0,0.0,0.0,0.0,0.0
cc7d03a3a03a3325,0,faa,2981,2,1,1.0,True,0.0,0.9,1.0,1.0,0.0,0.0,0.0,0.0
cc7d03a3a03a3325,0,faa,2982,2,1,1.0,True,0.0,0.9,1.0,1.0,0.0,0.0,0.0,0.0
cc7d03a3a03a3325,0,faa,2983,2,0,-0.1,False,0.0,0.9,0.6200000000000001,0.6200000000000001,0.0,0.0,0.0,0.0
cc7d03a3a03a3325,0,faa,2984,1,1,-0.1,False,0.0,0.9,0.8,0.8,0.0,0.0,0.0,0.0
cc7d03a3a03a3325,0,faa,2985,2,1,1.0,True,0.0,0.9,1.0,1.0,0.0,0.0,0.0,0.0
cc7d03a3a03a3325,0,faa,2986,2,1,1.0,True,0.0,0.9,1.0,1.0,0.0,0.0,0.0,0.0
cc7d03a3a03a3325,0,faa,2987,2,1,1.0,True,0.0,0.9,1.0,1.0,0.0,0.0,0.0,0.0
cc7d03a3a03a3325,0,faa,2988,2,1,1.0,True,0.0,0.9,1.0,1.0,0.0,0.0,0.0,0.0
cc7d03a3a03a3325,0,faa,2989,2,1,1.0,True,0.0,0.9,1.0,1.0,0.0,0.0,0.0,0.0
cc7d03a3a03a3325,0,faa,2990,2,1,1.0,True,0.0,0.9,1.0,1.0,0.0,0.0,0.0,0.0
cc7d03a3a03a3325,0,faa,2991,2,1,1.0,True,0.0,0.9,1.0,1.0,0.0,0.0,0.0,0.0
cc7d03a3a03a3325,0,faa,2992,2,1,1.0,True,0.0,0.9,1.0,1.0,0.0,0.0,0.0,0.0
cc7d03a3a03a3325,0,faa,2993,2,1,1.0,True,0.0,0.9,1.0,1.0,0.0,0.0,0.0,0.0
cc7d03a3a03a3325,0,faa,2994,2,1,1.0,True,0.0,0.9,1.0,1.0,0.0,0.0,0.0,0.0
cc7d03a3a03a3325,0,faa,2995,2,1,1.0,True,0.0,0.9,1.0,1.0,0.0,0.0,0.0,0.0
cc7d03a3a03a3325,0,faa,2996,2,0,-0.1,False,0.0,0.9,0.6200000000000001,0.6200000000000001,0.0,0.0,0.0,0.0
cc7d03a3a03a3325,0,faa,2997,1,0,-0.1,False,0.0,0.9,0.4580000000000002,0.4580000000000002,0.0,0.0,0.0,0.0
cc7d03a3a03a3325,0,faa,2998,0,1,-0.1,False,0.0,0.9,0.6200000000000001,0.6200000000000001,0.0,0.0,0.0,0.0
cc7d03a3a03a3325,0,faa,2999,1,1,-0.1,False,0.0,0.9,0.8,0.8,0.0,0.0,0.0,0.0
cc7d03a3a03a3325,0,faa,3000,2,1,1.0,True,0.0,0.9,1.0,1.0,0.0,0.0,0.0,0.0
cc7d03a3a03a3325,0,faa,3001,2,0,-0.1,False,0.0,0.9,0.6200000000000001,0.6200000000000001,0.0,0.0,0.0,0.0
cc7d03a3a03a3325,0,faa,3002,1,0,-0.1,False,0.0,0.9,0.4580000000000002,0.4580000000000002,0.0,0.0,0.0,0.0
cc7d03a3a03a3325,0,faa,3003,0,1,-0.1,False,0.0,0.9,0.6200000000000001,0.6200000000000001,0.0,0.0,0.0,0.0
cc7d03a3a03a3325,0,faa,3004,1,1,-0.1,False,0.0,0.9,0.8,0.8,0.0,0.0,0.0,0.0
cc7d03a3a03a3325,0,faa,3005,2,1,1.0,True,0.0,0.9,1.0,1.0,0.0,0.0,0.0,0.0
cc7d03a3a03a3325,0,faa,3006,2,1,1.0,True,0.0,0.9,1.0,1.0,0.0,0.0,0.0,0.0
cc7d03a3a03a3325,0,faa,3007,2,1,1.0,True,0.0,0.9,1.0,1.0,0.0,0.0,0.0,0.0
cc7d03a3a03a3325,0,faa,3008,2,1,1.0,True,0.0,0.9,1.0,1.0,0.0,0.0,0.0,0.0
cc7d03a3a03a3325,0,faa,3009,2,1,1.0,True,0.0,0.9,1.0,1.0,0.0,0.0,0.0,0.0
cc7d03a3a03a3325,0,faa,3010,2,1,1.0,True,0.0,0.9,1.0,1.0,0.0,0.0,0.0,0.0
cc7d03a3a03a3325,0,faa,3011,2,1,1.0,True,0.0,0.9,1.0,1.0,0.0,0.0,0.0,0.0
cc7d03a3a03a3325,0,faa,3012,2,1,1.0,True,0.0,0.9,1.0,1.0,0.0,0.0,0.0,0.0
cc7d03a3a03a3325,0,faa,3013,2,1,1.0,True,0.0,0.9,1.0,1.0,0.0,0.0,0.0,0.0
cc7d03a3a03a3325,0,faa,3014,2,1,1.0,True,0.0,0.9,1.0,1.0,0.0,0.0,0.0,0.0
cc7d03a3a03a3325,0,faa,3015,2,1,1.0,True,0.0,0.9,1.0,1.0,0.0,0.0,0.0,0.0
cc7d03a3a03a3325,0,faa,3016,2,1,1.0,True,0.0,0.9,1.0,1.0,0.0,0.0,0.0,0.0
cc7d03a3a03a3325,0,faa,3017,2,1,1.0,True,0.0,0.9,1.0,1.0,0.0,0.0,0.0,0.0
cc7d03a3a03a3325,0,faa,3018,2,1,1.0,True,0.0,0.9,1.0,1.0,0.0,0.0,0.0,0.0
cc7d03a3a03a3325,0,faa,3019,2,1,1.0,True,0.0,0.9,1.0,1.0,0.0,0.0,0.0,0.0
cc7d03a3a03a3325,0,faa,3020,2,1,1.0,True,0.0,0.9,1.0,1.0,0.0,0.0,0.0,0.0
cc7d03a3a03a3325,0,faa,3021,2,1,1.0,True,0.0,0.9,1.0,1.0,0.0,0.0,0.0,0.0
cc7d03a3a03a3325,0,faa,3022,2,1,1.0,True,0.0,0.9,1.0,1.0,0.0,0.0,0.0,0.0
cc7d03a3a03a3325,0,faa,3023,2,0,-0.1,False,0.0,0.9,0.6200000000000001,0.6200000000000001,0.0,0.0,0.0,0.0
cc7d03a3a03a3325,0,faa,3024,1,1,-0.1,False,0.0,0.9,0.8,0.8,0.0,0.0,0.0,0.0
cc7d03a3a03a3325,0,faa,3025,2,1,1.0,True,0.0,0.9,1.0,1.0,0.0,0.0,0.0,0.0
cc7d03a3a03a3325,0,faa,3026,2,1,1.0,True,0.0,0.9,1.0,1.0,0.0,0.0,0.0,0.0
cc7d03a3a03a3325,0,faa,3027,2,1,1.0,True,0.0,0.9,1.0,1.0,0.0,0.0,0.0,0.0
cc7d03a3a03a3325,0,faa,3028,2,0,-0.1,False,0.0,0.9,0.6200000000000001,0.6200000000000001,0.0,0.0,0.0,0.0
cc7d03a3a03a3325,0,faa,3029,1,1,-0.1,False,0.0,0.9,0.8,0.8,0.0,0.0,0.0,0.0
cc7d03a3a03a3325,0,faa,3030,2,1,1.0,True,0.0,0.9,1.0,1.0,0.0,0.0,0.0,0.0
cc7d03a3a03a3325,0,faa,3031,2,1,1.0,True,0.0,0.9,1.0,1.0,0.0,0.0,0.0,0.0
cc7d03a3a03a3325,0,faa,3032,2,1,1.0,True,0.0,0.9,1.0,1.0,0.0,0.0,0.0,0.0
cc7d03a3a03a3325,0,faa,3033,2,1,1.0,True,0.0,0.9,1.0,1.0,0.0,0.0,0.0,0.0
cc7d03a3a03a3325,0,faa,3034,2,1,1.0,True,0.0,0.9,1.0,1.0,0.0,0.0,0.0,0.0
cc7d03a3a03a3325,0,faa,3035,2,1,1.0,True,0.0,0.9,1.0,1.0,0.0,0.0,0.0,0.0
cc7d03a3a03a3325,0,faa,3036,2,1,1.0,True,0.0,0.9,1.0,1.0,0.0,0.0,0.0,0.0
cc7d03a3a03a3325,0,faa,3037,2,1,1.0,True,0.0,0.9,1.0,1.0,0.0,0.0,0.0,0.0
cc7d03a3a03a3325,0,faa,3038,2,1,1.0,True,0.0,0.9,1.0,1.0,0.0,0.0,0.0,0.0
cc7d03a3a03a3325,0,faa,3039,2,1,1.0,True,0.0,0.9,1.0,1.0,0.0,0.0,0.0,0.0
cc7d03a3a03a3325,0,faa,3040,2,0,-0.1,False,0.0,0.9,0.6200000000000001,0.6200000000000001,0.0,0.0,0.0,0.0
cc7d03a3a03a3325,0,faa,3041,1,1,-0.1,False,0.0,0.9,0.8,0.8,0.0,0.0,0.0,0.0
cc7d03a3a03a3325,0,faa,3042,2,0,-0.1,False,0.0,0.9,0.6200000000000001,0.6200000000000001,0.0,0.0,0.0,0.0
cc7d03a3a03a3325,0,faa,3043,1,1,-0.1,False,0.0,0.9,0.8,0.8,0.0,0.0,0.0,0.0
cc7d03a3a03a3325,0,faa,3044,2,1,1.0,True,0.0,0.9,1.0,1.0,0.0,0.0,0.0,0.0
cc7d03a3a03a3325,0,faa,3045,2,1,1.0,True,0.0,0.9,1.0,1.0,0.0,0.0,0.0,0.0
cc7d03a3a03a3325,0,faa,3046,2,0,-0.1,False,0.0,0.9,0.6200000000000001,0.6200000000000001,0.0,0.0,0.0,0.0
cc7d03a3a03a3325,0,faa,3047,1,1,-0.1,False,0.0,0.9,0.8,0.8,0.0,0.0,0.0,0.0
cc7d03a3a03a3325,0,faa,3048,2,1,1.0,True,0.0,0.9,1.0,1.0,0.0,0.0,0.0,0.0
cc7d03a3a03a3325,0,faa,3049,2,1,1.0,True,0.0,0.9,1.0,1.0,0.0,0.0,0.0,0.0
cc7d03a3a03a3325,0,faa,3050,2,1,1.0,True,0.0,0.9,1.0,1.0,0.0,0.0,0.0,0.0
cc7d03a3a03a3325,0,faa,3051,2,1,1.0,True,0.0,0.9,1.0,1.0,0.0,0.0,0.0,0.0
cc7d03a3a03a3325,0,faa,3052,2,1,1.0,True,0.0,0.9,1.0,1.0,0.0,0.0,0.0,0.0
cc7d03a3a03a3325,0,faa,3053,2,1,1.0,True,0.0,0.9,1.0,1.0,0.0,0.0,0.0,0.0
cc7d03a3a03a3325,0,faa,3054,2,1,1.0,True,0.0,0.9,1.0,1.0,0.0,0.0,0.0,0.0
cc7d03a3a03a3325,0,faa,3055,2,1,1.0,True,0.0,0.9,1.0,1.0,0.0,0.0,0.0,0.0
cc7d03a3a03a3325,0,faa,3056,2,1,1.0,True,0.0,0.9,1.0,1.0,0.0,0.0,0.0,0.0
cc7d03a3a03a3325,0,faa,3057,2,1,1.0,True,0.0,0.9,1.0,1.0,0.0,0.0,0.0,0.0
cc7d03a3a03a3325,0,faa,3058,2,1,1.0,True,0.0,0.9,1.0,1.0,0.0,0.0,0.0,0.0
cc7d03a3a03a3325,0,faa,3059,2,1,1.0,True,0.0,0.9,1.0,1.0,0.0,0.0,0.0,0.0
cc7d03a3a03a3325,0,faa,3060,2,1,1.0,True,0.0,0.9,1.0,1.0,0.0,0.0,0.0,0.0
cc7d03a3a03a3325,0,faa,3061,2,1,1.0,True,0.0,0.9,1.0,1.0,0.0,0.0,0.0,0.0
cc7d03a3a03a3325,0,faa,3062,2,1,1.0,True,0.0,0.9,1.0,1.0,0.0,0.0,0.0,0.0
cc7d03a3a03a3325,0,faa,3063,2,1,1.0,True,0.0,0.9,1.0,1.0,0.0,0.0,0.0,0.0
cc7d03a3a03a3325,0,faa,3064,2,1,1.0,True,0.0,0.9,1.0,1.0,0.0,0.0,0.0,0.0
cc7d03a3a03a3325,0,faa,3065,2,1,1.0,True,0.0,0.9,1.0,1.0,0.0,0.0,0.0,0.0
cc7d03a3a03a3325,0,faa,3066,2,1,1.0,True,0.0,0.9,1.0,1.0,0.0,0.0,0.0,0.0
cc7d03a3a03a3325,0,faa,3067,2,1,1.0,True,0.0,0.9,1.0,1.0,0.0,0.0,0.0,0.0
cc7d03a3a03a3325,0,faa,3068,2,1,1.0,True,0.0,0.9,1.0,1.0,0.0,0.0,0.0,0.0
cc7d03a3a03a3325,0,faa,3069,2,1,1.0,True,0.0,0.9,1.0,1.0,0.0,0.0,0.0,0.0
cc7d03a3a03a3325,0,faa,3070,2,0,-0.1,False,0.0,0.9,0.6200000000000001,0.6200000000000001,0.0,0.0,0.0,0.0
cc7d03a3a03a3325,0,faa,3071,1,1,-0.1,False,0.0,0.9,0.8,0.8,0.0,0.0,0.0,0.0
cc7d03a3a03a3325,0,faa,3072,2,1,1.0,True,0.0,0.9,1.0,1.0,0.0,0.0,0.0,0.0
cc7d03a3a03a3325,0,faa,3073,2,1,1.0,True,0.0,0.9,1.0,1.0,0.0,0.0,0.0,0.0
cc7d03a3a03a3325,0,faa,3074,2,1,1.0,True,0.0,0.9,1.0,1.0,0.0,0.0,0.0,0.0
cc7d03a3a03a3325,0,faa,3075,2,1,1.0,True,0.0,0.9,1.0,1.0,0.0,0.0,0.0,0.0
cc7d03a3a03a3325,0,faa,3076,2,1,1.0,True,0.0,0.9,1.0,1.0,0.0,0.0,0.0,0.0
cc7d03a3a03a3325,0,faa,3077,2,1,1.0,True,0.0,0.9,1.0,1.0,0.0,0.0,0.0,0.0
cc7d03a3a03a3325,0,faa,3078,2,0,-0.1,False,0.0,0.9,0.6200000000000001,0.6200000000000001,0.0,0.0,0.0,0.0
cc7d03a3a03a3325,0,faa,3079,1,1,-0.1,False,0.0,0.9,0.8,0.8,0.0,0.0,0.0,0.0
cc7d03a3a03a3325,0,faa,3080,2,1,1.0,True,0.0,0.9,1.0,1.0,0.0,0.0,0.0,0.0
cc7d03a3a03a3325,0,faa,3081,2,1,1.0,True,0.0,0.9,1.0,1.0,0.0,0.0,0.0,0.0
cc7d03a3a03a3325,0,faa,3082,2,0,-0.1,False,0.0,0.9,0.6200000000000001,0.6200000000000001,0.0,0.0,0.0,0.0
cc7d03a3a03a3325,0,faa,3083,1,1,-0.1,False,0.0,0.9,0.8,0.8,0.0,0.0,0.0,0.0
cc7d03a3a03a3325,0,faa,3084,2,1,1.0,True,0.0,0.9,1.0,1.0,0.0,0.0,0.0,0.0
cc7d03a3a03a3325,0,faa,3085,2,0,-0.1,False,0.0,0.9,0.6200000000000001,0.6200000000000001,0.0,0.0,0.0,0.0
cc7d03a3a03a3325,0,faa,3086,1,1,-0.1,False,0.0,0.9,0.8,0.8,0.0,0.0,0.0,0.0
cc7d03a3a03a3325,0,faa,3087,2,1,1.0,True,0.0,0.9,1.0,1.0,0.0,0.0,0.0,0.0
cc7d03a3a03a3325,0,faa,3088,2,1,1.0,True,0.0,0.9,1.0,1.0,0.0,0.0,0.0,0.0
cc7d03a3a03a3325,0,faa,3089,2,1,1.0,True,0.0,0.9,1.0,1.0,0.0,0.0,0.0,0.0
cc7d03a3a03a3325,0,faa,3090,2,1,1.0,True,0.0,0.9,1.0,1.0,0.0,0.0,0.0,0.0
cc7d03a3a03a3325,0,faa,3091,2,1,1.0,True,0.0,0.9,1.0,1.0,0.0,0.0,0.0,0.0
cc7d03a3a03a3325,0,faa,3092,2,1,1.0,True,0.0,0.9,1.0,1.0,0.0,0.0,0.0,0.0
cc7d03a3a03a3325,0,faa,3093,2,0,-0.1,False,0.0,0.9,0.6200000000000001,0.6200000000000001,0.0,0.0,0.0,0.0
cc7d03a3a03a3325,0,faa,3094,1,1,-0.1,False,0.0,0.9,0.8,0.8,0.0,0.0,0.0,0.0
cc7d03a3a03a3325,0,faa,3095,2,1,1.0,True,0.0,0.9,1.0,1.0,0.0,0.0,0.0,0.0
cc7d03a3a03a3325,0,faa,3096,2,1,1.0,True,0.0,0.9,1.0,1.0,0.0,0.0,0.0,0.0
cc7d03a3a03a3325,0,faa,3097,2,1,1.0,True,0.0,0.9,1.0,1.0,0.0,0.0,0.0,0.0
cc7d03a3a03a3325,0,faa,3098,2,0,-0.1,False,0.0,0.9,0.6200000000000001,0.6200000000000001,0.0,0.0,0.0,0.0
cc7d03a3a03a3325,0,faa,3099,1,1,-0.1,False,0.0,0.9,0.8,0.8,0.0,0.0,0.0,0.0
cc7d03a3a03a3325,0,faa,3100,2,1,1.0,True,0.0,0.9,1.0,1.0,0.0,0.0,0.0,0.0
cc7d03a3a03a3325,0,faa,3101,2,0,-0.1,False,0.0,0.9,0.6200000000000001,0.6200000000000001,0.0,0.0,0.0,0.0
cc7d03a3a03a3325,0,faa,3102,1,1,-0.1,False,0.0,0.9,0.8,0.8,0.0,0.0,0.0,0.0
cc7d03a3a03a3325,0,faa,3103,2,1,1.0,True,0.0,0.9,1.0,1.0,0.0,0.0,0.0,0.0
cc7d03a3a03a3325,0,faa,3104,2,1,1.0,True,0.0,0.9,1.0,1.0,0.0,0.0,0.0,0.0
cc7d03a3a03a3325,0,faa,3105,2,1,1.0,True,0.0,0.9,1.0,1.0,0.0,0.0,0.0,0.0
cc7d03a3a03a3325,0,faa,3106,2,1,1.0,True,0.0,0.9,1.0,1.0,0.0,0.0,0.0,0.0
cc7d03a3a03a3325,0,faa,3107,2,1,1.0,True,0.0,0.9,1.0,1.0,0.0,0.0,0.0,0.0
cc7d03a3a03a3325,0,faa,3108,2,1,1.0,True,0.0,0.9,1.0,1.0,0.0,0.0,0.0,0.0
cc7d03a3a03a3325,0,faa,3109,2,1,1.0,True,0.0,0.9,1.0,1.0,0.0,0.0,0.0,0.0
cc7d03a3a03a3325,0,faa,3110,2,1,1.0,True,0.0,0.9,1.0,1.0,0.0,0.0,0.0,0.0
cc7d03a3a03a3325,0,faa,3111,2,1,1.0,True,0.0,0.9,1.0,1.0,0.0,0.0,0.0,0.0
cc7d03a3a03a3325,0,faa,3112,2,1,1.0,True,0.0,0.9,1.0,1.0,0.0,0.0,0.0,0.0
cc7d03a3a03a3325,0,faa,3113,2,1,1.0,True,0.0,0.9,1.0,1.0,0.0,0.0,0.0,0.0
cc7d03a3a03a3325,0,faa,3114,2,1,1.0,True,0.0,0.9,1.0,1.0,0.0,0.0,0.0,0.0
cc7d03a3a03a3325,0,faa,3115,2,1,1.0,True,0.0,0.9,1.0,1.0,0.0,0.0,0.0,0.0
cc7d03a3a03a3325,0,faa,3116,2,0,-0.1,False,0.0,0.9,0.6200000000000001,0.6200000000000001,0.0,0.0,0.0,0.0
cc7d03a3a03a3325,0,faa,3117,1,1,-0.1,False,0.0,0.9,0.8,0.8,0.0,0.0,0.0,0.0
cc7d03a3a03a3325,0,faa,3118,2,1,1.0,True,0.0,0.9,1.0,1.0,0.0,0.0,0.0,0.0
cc7d03a3a03a3325,0,faa,3119,2,1,1.0,True,0.0,0.9,1.0,1.0,0.0,0.0,0.0,0.0
cc7d03a3a03a3325,0,faa,3120,2,1,1.0,True,0.0,0.9,1.0,1.0,0.0,0.0,0.0,0.0
cc7d03a3a03a3325,0,faa,3121,2,1,1.0,True,0.0,0.9,1.0,1.0,0.0,0.0,0.0,0.0
cc7d03a3a03a3325,0,faa,3122,2,1,1.0,True,0.0,0.9,1.0,1.0,0.0,0.0,0.0,0.0
cc7d03a3a03a3325,0,faa,3123,2,1,1.0,True,0.0,0.9,1.0,1.0,0.0,0.0,0.0,0.0
cc7d03a3a03a3325,0,faa,3124,2,1,1.0,True,0.0,0.9,1.0,1.0,0.0,0.0,0.0,0.0
cc7d03a3a03a3325,0,faa,3125,2,1,1.0,True,0.0,0.9,1.0,1.0,0.0,0.0,0.0,0.0
cc7d03a3a03a3325,0,faa,3126,2,0,-0.1,False,0.0,0.9,0.6200000000000001,0.6200000000000001,0.0,0.0,0.0,0.0
cc7d03a3a03a3325,0,faa,3127,1,1,-0.1,False,0.0,0.9,0.8,0.8,0.0,0.0,0.0,0.0
cc7d03a3a03a3325,0,faa,3128,2,1,1.0,True,0.0,0.9,1.0,1.0,0.0,0.0,0.0,0.0
cc7d03a3a03a3325,0,faa,3129,2,1,1.0,True,0.0,0.9,1.0,1.0,0.0,0.0,0.0,0.0
cc7d03a3a03a3325,0,faa,3130,2,0,-0.1,False,0.0,0.9,0.6200000000000001,0.6200000000000001,0.0,0.0,0.0,0.0
cc7d03a3a03a3325,0,faa,3131,1,1,-0.1,False,0.0,0.9,0.8,0.8,0.0,0.0,0.0,0.0
cc7d03a3a03a3325,0,faa,3132,2,1,1.0,True,0.0,0.9,1.0,1.0,0.0,0.0,0.0,0.0
cc7d03a3a03a3325,0,faa,3133,2,1,1.0,True,0.0,0.9,1.0,1.0,0.0,0.0,0.0,0.0
cc7d03a3a03a3325,0,faa,3134,2,1,1.0,True,0.0,0.9,1.0,1.0,0.0,0.0,0.0,0.0
cc7d03a3a03a3325,0,faa,3135,2,1,1.0,True,0.0,0.9,1.0,1.0,0.0,0.0,0.0,0.0
cc7d03a3a03a3325,0,faa,3136,2,1,1.0,True,0.0,0.9,1.0,1.0,0.0,0.0,0.0,0.0
cc7d03a3a03a3325,0,faa,3137,2,1,1.0,True,0.0,0.9,1.0,1.0,0.0,0.0,0.0,0.0
cc7d03a3a03a3325,0,faa,3138,2,1,1.0,True,0.0,0.9,1.0,1.0,0.0,0.0,0.0,0.0
cc7d03a3a03a3325,0,faa,3139,2,1,1.0,True,0.0,0.9,1.0,1.0,0.0,0.0,0.0,0.0
cc7d03a3a03a3325,0,faa,3140,2,1,1.0,True,0.0,0.9,1.0,1.0,0.0,0.0,0.0,0.0
cc7d03a3a03a3325,0,faa,3141,2,1,1.0,True,0.0,0.9,1.0,1.0,0.0,0.0,0.0,0.0
cc7d03a3a03a3325,0,faa,3142,2,1,1.0,True,0.0,0.9,1.0,1.0,0.0,0.0,0.0,0.0
cc7d03a3a03a3325,0,faa,3143,2,0,-0.1,False,0.0,0.9,0.6200000000000001,0.6200000000000001,0.0,0.0,0.0,0.0
cc7d03a3a03a3325,0,faa,3144,1,1,-0.1,False,0.0,0.9,0.8,0.8,0.0,0.0,0.0,0.0
cc7d03a3a03a3325,0,faa,3145,2,0,-0.1,False,0.0,0.9,0.6200000000000001,0.6200000000000001,0.0,0.0,0.0,0.0
cc7d03a3a03a3325,0,faa,3146,1,1,-0.1,False,0.0,0.9,0.8,0.8,0.0,0.0,0.0,0.0
cc7d03a3a03a3325,0,faa,3147,2,1,1.0,True,0.0,0.9,1.0,1.0,0.0,0.0,0.0,0.0
cc7d03a3a03a3325,0,faa,3148,2,1,1.0,True,0.0,0.9,1.0,1.0,0.0,0.0,0.0,0.0
cc7d03a3a03a3325,0,faa,3149,2,1,1.0,True,0.0,0.9,1.0,1.0,0.0,0.0,0.0,0.0
cc7d03a3a03a3325,0,faa,3150,2,0,-0.1,False,0.0,0.9,0.6200000000000001,0.6200000000000001,0.0,0.0,0.0,0.0
cc7d03a3a03a3325,0,faa,3151,1,1,-0.1,False,0.0,0.9,0.8,0.8,0.0,0.0,0.0,0.0
cc7d03a3a03a3325,0,faa,3152,2,1,1.0,True,0.0,0.9,1.0,1.0,0.0,0.0,0.0,0.0
cc7d03a3a03a3325,0,faa,3153,2,1,1.0,True,0.0,0.9,1.0,1.0,0.0,0.0,0.0,0.0
cc7d03a3a03a3325,0,faa,3154,2,1,1.0,True,0.0,0.9,1.0,1.0,0.0,0.0,0.0,0.0
cc7d03a3a03a3325,0,faa,3155,2,1,1.0,True,0.0,0.9,1.0,1.0,0.0,0.0,0.0,0.0
cc7d03a3a03a3325,0,faa,3156,2,1,1.0,True,0.0,0.9,1.0,1.0,0.0,0.0,0.0,0.0
cc7d03a3a03a3325,0,faa,3157,2,1,1.0,True,0.0,0.9,1.0,1.0,0.0,0.0,0.0,0.0
cc7d03a3a03a3325,0,faa,3158,2,1,1.0,True,0.0,0.9,1.0,1.0,0.0,0.0,0.0,0.0
cc7d03a3a03a3325,0,faa,3159,2,1,1.0,True,0.0,0.9,1.0,1.0,0.0,0.0,0.0,0.0
cc7d03a3a03a3325,0,faa,3160,2,1,1.0,True,0.0,0.9,1.0,1.0,0.0,0.0,0.0,0.0
cc7d03a3a03a3325,0,faa,3161,2,0,-0.1,False,0.0,0.9,0.6200000000000001,0.6200000000000001,0.0,0.0,0.0,0.0
cc7d03a3a03a3325,0,faa,3162,1,0,-0.1,False,0.0,0.9,0.4580000000000002,0.4580000000000002,0.0,0.0,0.0,0.0
cc7d03a3a03a3325,0,faa,3163,0,1,-0.1,False,0.0,0.9,0.6200000000000001,0.6200000000000001,0.0,0.0,0.0,0.0
cc7d03a3a03a3325,0,faa,3164,1,1,-0.1,False,0.0,0.9,0.8,0.8,0.0,0.0,0.0,0.0
cc7d03a3a03a3325,0,faa,3165,2,1,1.0,True,0.0,0.9,1.0,1.0,0.0,0.0,0.0,0.0
cc7d03a3a03a3325,0,faa,3166,2,1,1.0,True,0.0,0.9,1.0,1.0,0.0,0.0,0.0,0.0
cc7d03a3a03a3325,0,faa,3167,2,0,-0.1,False,0.0,0.9,0.6200000000000001,0.6200000000000001,0.0,0.0,0.0,0.0
cc7d03a3a03a3325,0,faa,3168,1,1,-0.1,False,0.0,0.9,0.8,0.8,0.0,0.0,0.0,0.0
cc7d03a3a03a3325,0,faa,3169,2,0,-0.1,False,0.0,0.9,0.6200000000000001,0.6200000000000001,0.0,0.0,0.0,0.0
cc7d03a3a03a3325,0,faa,3170,1,1,-0.1,False,0.0,0.9,0.8,0.8,0.0,0.0,0.0,0.0
cc7d03a3a03a3325,0,faa,3171,2,1,1.0,True,0.0,0.9,1.0,1.0,0.0,0.0,0.0,0.0
cc7d03a3a03a3325,0,faa,3172,2,1,1.0,True,0.0,0.9,1.0,1.0,0.0,0.0,0.0,0.0
cc7d03a3a03a3325,0,faa,3173,2,1,1.0,True,0.0,0.9,1.0,1.0,0.0,0.0,0.0,0.0
cc7d03a3a03a3325,0,faa,3174,2,1,1.0,True,0.0,0.9,1.0,1.0,0.0,0.0,0.0,0.0
cc7d03a3a03a3325,0,faa,3175,2,1,1.0,True,0.0,0.9,1.0,1.0,0.0,0.0,0.0,0.0
cc7d03a3a03a3325,0,faa,3176,2,0,-0.1,False,0.0,0.9,0.6200000000000001,0.6200000000000001,0.0,0.0,0.0,0.0
cc7d03a3a03a3325,0,faa,3177,1,1,-0.1,False,0.0,0.9,0.8,0.8,0.0,0.0,0.0,0.0
cc7d03a3a03a3325,0,faa,3178,2,1,1.0,True,0.0,0.9,1.0,1.0,0.0,0.0,0.0,0.0
cc7d03a3a03a3325,0,faa,3179,2,1,1.0,True,0.0,0.9,1.0,1.0,0.0,0.0,0.0,0.0
cc7d03a3a03a3325,0,faa,3180,2,1,1.0,True,0.0,0.9,1.0,1.0,0.0,0.0,0.0,0.0
cc7d03a3a03a3325,0,faa,3181,2,1,1.0,True,0.0,0.9,1.0,1.0,0.0,0.0,0.0,0.0
cc7d03a3a03a3325,0,faa,3182,2,1,1.0,True,0.0,0.9,1.0,1.0,0.0,0.0,0.0,0.0
cc7d03a3a03a3325,0,faa,3183,2,1,1.0,True,0.0,0.9,1.0,1.0,0.0,0.0,0.0,0.0
cc7d03a3a03a3325,0,faa,3184,2,1,1.0,True,0.0,0.9,1.0,1.0,0.0,0.0,0.0,0.0
cc7d03a3a03a3325,0,faa,3185,2,1,1.0,True,0.0,0.9,1.0,1.0,0.0,0.0,0.0,0.0
cc7d03a3a03a3325,0,faa,3186,2,1,1.0,True,0.0,0.9,1.0,1.0,0.0,0.0,0.0,0.0
cc7d03a3a03a3325,0,faa,3187,2,1,1.0,True,0.0,0.9,1.0,1.0,0.0,0.0,0.0,0.0
cc7d03a3a03a3325,0,faa,3188,2,1,1.0,True,0.0,0.9,1.0,1.0,0.0,0.0,0.0,0.0
cc7d03a3a03a3325,0,faa,3189,2,1,1.0,True,0.0,0.9,1.0,1.0,0.0,0.0,0.0,0.0
cc7d03a3a03a3325,0,faa,3190,2,1,1.0,True,0.0,0.9,1.0,1.0,0.0,0.0,0.0,0.0
cc7d03a3a03a3325,0,faa,3191,2,1,1.0,True,0.0,0.9,1.0,1.0,0.0,0.0,0.0,0.0
cc7d03a3a03a3325,0,faa,3192,2,1,1.0,True,0.0,0.9,1.0,1.0,0.0,0.0,0.0,0.0
cc7d03a3a03a3325,0,faa,3193,2,1,1.0,True,0.0,0.9,1.0,1.0,0.0,0.0,0.0,0.0
cc7d03a3a03a3325,0,faa,3194,2,1,1.0,True,0.0,0.9,1.0,1.0,0.0,0.0,0.0,0.0
cc7d03a3a03a3325,0,faa,3195,2,1,1.0,True,0.0,0.9,1.0,1.0,0.0,0.0,0.0,0.0
cc7d03a3a03a3325,0,faa,3196,2,1,1.0,True,0.0,0.9,1.0,1.0,0.0,0.0,0.0,0.0
cc7d03a3a03a3325,0,faa,3197,2,1,1.0,True,0.0,0.9,1.0,1.0,0.0,0.0,0.0,0.0
cc7d03a3a03a3325,0,faa,3198,2,1,1.0,True,0.0,0.9,1.0,1.0,0.0,0.0,0.0,0.0
cc7d03a3a03a3325,0,faa,3199,2,1,1.0,True,0.0,0.9,1.0,1.0,0.0,0.0,0.0,0.0
cc7d03a3a03a3325,0,faa,3200,2,1,1.0,True,0.0,0.9,1.0,1.0,0.0,0.0,0.0,0.0
cc7d03a3a03a3325,0,faa,3201,2,1,1.0,True,0.0,0.9,1.0,1.0,0.0,0.0,0.0,0.0
cc7d03a3a03a3325,0,faa,3202,2,0,-0.1,False,0.0,0.9,0.6200000000000001,0.6200000000000001,0.0,0.0,0.0,0.0
cc7d03a3a03a3325,0,faa,3203,1,1,-0.1,False,0.0,0.9,0.8,0.8,0.0,0.0,0.0,0.0
cc7d03a3a03a3325,0,faa,3204,2,1,1.0,True,0.0,0.9,1.0,1.0,0.0,0.0,0.0,0.0
cc7d03a3a03a3325,0,faa,3205,2,1,1.0,True,0.0,0.9,1.0,1.0,0.0,0.0,0.0,0.0
cc7d03a3a03a3325,0,faa,3206,2,1,1.0,True,0.0,0.9,1.0,1.0,0.0,0.0,0.0,0.0
cc7d03a3a03a3325,0,faa,3207,2,1,1.0,True,0.0,0.9,1.0,1.0,0.0,0.0,0.0,0.0
cc7d03a3a03a3325,0,faa,3208,2,1,1.0,True,0.0,0.9,1.0,1.0,0.0,0.0,0.0,0.0
cc7d03a3a03a3325,0,faa,3209,2,1,1.0,True,0.0,0.9,1.0,1.0,0.0,0.0,0.0,0.0
cc7d03a3a03a3325,0,faa,3210,2,1,1.0,True,0.0,0.9,1.0,1.0,0.0,0.0,0.0,0.0
cc7d03a3a03a3325,0,faa,3211,2,1,1.0,True,0.0,0.9,1.0,1.0,0.0,0.0,0.0,0.0
cc7d03a3a03a3325,0,faa,3212,2,1,1.0,True,0.0,0.9,1.0,1.0,0.0,0.0,0.0,0.0
cc7d03a3a03a3325,0,faa,3213,2,1,1.0,True,0.0,0.9,1.0,1.0,0.0,0.0,0.0,0.0
cc7d03a3a03a3325,0,faa,3214,2,1,1.0,True,0.0,0.9,1.0,1.0,0.0,0.0,0.0,0.0
cc7d03a3a03a3325,0,faa,3215,2,1,1.0,True,0.0,0.9,1.0,1.0,0.0,0.0,0.0,0.0
cc7d03a3a03a3325,0,faa,3216,2,0,-0.1,False,0.0,0.9,0.6200000000000001,0.6200000000000001,0.0,0.0,0.0,0.0
cc7d03a3a03a3325,0,faa,3217,1,1,-0.1,False,0.0,0.9,0.8,0.8,0.0,0.0,0.0,0.0
cc7d03a3a03a3325,0,faa,3218,2,1,1.0,True,0.0,0.9,1.0,1.0,0.0,0.0,0.0,0.0
cc7d03a3a03a3325,0,faa,3219,2,1,1.0,True,0.0,0.9,1.0,1.0,0.0,0.0,0.0,0.0
cc7d03a3a03a3325,0,faa,3220,2,1,1.0,True,0.0,0.9,1.0,1.0,0.0,0.0,0.0,0.0
cc7d03a3a03a3325,0,faa,3221,2,1,1.0,True,0.0,0.9,1.0,1.0,0.0,0.0,0.0,0.0
cc7d03a3a03a3325,0,faa,3222,2,0,-0.1,False,0.0,0.9,0.6200000000000001,0.6200000000000001,0.0,0.0,0.0,0.0
cc7d03a3a03a3325,0,faa,3223,1,0,-0.1,False,0.0,0.9,0.4580000000000002,0.4580000000000002,0.0,0.0,0.0,0.0
cc7d03a3a03a3325,0,faa,3224,0,1,-0.1,False,0.0,0.9,0.6200000000000001,0.6200000000000001,0.0,0.0,0.0,0.0
cc7d03a3a03a3325,0,faa,3225,1,1,-0.1,False,0.0,0.9,0.8,0.8,0.0,0.0,0.0,0.0
cc7d03a3a03a3325,0,faa,3226,2,1,1.0,True,0.0,0.9,1.0,1.0,0.0,0.0,0.0,0.0
cc7d03a3a03a3325,0,faa,3227,2,1,1.0,True,0.0,0.9,1.0,1.0,0.0,0.0,0.0,0.0
cc7d03a3a03a3325,0,faa,3228,2,1,1.0,True,0.0,0.9,1.0,1.0,0.0,0.0,0.0,0.0
cc7d03a3a03a3325,0,faa,3229,2,1,1.0,True,0.0,0.9,1.0,1.0,0.0,0.0,0.0,0.0
cc7d03a3a03a3325,0,faa,3230,2,1,1.0,True,0.0,0.9,1.0,1.0,0.0,0.0,0.0,0.0
cc7d03a3a03a3325,0,faa,3231,2,1,1.0,True,0.0,0.9,1.0,1.0,0.0,0.0,0.0,0.0
cc7d03a3a03a3325,0,faa,3232,2,0,-0.1,False,0.0,0.9,0.6200000000000001,0.6200000000000001,0.0,0.0,0.0,0.0
cc7d03a3a03a3325,0,faa,3233,1,1,-0.1,False,0.0,0.9,0.8,0.8,0.0,0.0,0.0,0.0
cc7d03a3a03a3325,0,faa,3234,2,0,-0.1,False,0.0,0.9,0.6200000000000001,0.6200000000000001,0.0,0.0,0.0,0.0
cc7d03a3a03a3325,0,faa,3235,1,1,-0.1,False,0.0,0.9,0.8,0.8,0.0,0.0,0.0,0.0
cc7d03a3a03a3325,0,faa,3236,2,1,1.0,True,0.0,0.9,1.0,1.0,0.0,0.0,0.0,0.0
cc7d03a3a03a3325,0,faa,3237,2,1,1.0,True,0.0,0.9,1.0,1.0,0.0,0.0,0.0,0.0
cc7d03a3a03a3325,0,faa,3238,2,1,1.0,True,0.0,0.9,1.0,1.0,0.0,0.0,0.0,0.0
cc7d03a3a03a3325,0,faa,3239,2,1,1.0,True,0.0,0.9,1.0,1.0,0.0,0.0,0.0,0.0
cc7d03a3a03a3325,0,faa,3240,2,1,1.0,True,0.0,0.9,1.0,1.0,0.0,0.0,0.0,0.0
cc7d03a3a03a3325,0,faa,3241,2,1,1.0,True,0.0,0.9,1.0,1.0,0.0,0.0,0.0,0.0
cc7d03a3a03a3325,0,faa,3242,2,1,1.0,True,0.0,0.9,1.0,1.0,0.0,0.0,0.0,0.0
cc7d03a3a03a3325,0,faa,3243,2,1,1.0,True,0.0,0.9,1.0,1.0,0.0,0.0,0.0,0.0
cc7d03a3a03a3325,0,faa,3244,2,1,1.0,True,0.0,0.9,1.0,1.0,0.0,0.0,0.0,0.0
cc7d03a3a03a3325,0,faa,3245,2,1,1.0,True,0.0,0.9,1.0,1.0,0.0,0.0,0.0,0.0
cc7d03a3a03a3325,0,faa,3246,2,1,1.0,True,0.0,0.9,1.0,1.0,0.0,0.0,0.0,0.0
cc7d03a3a03a3325,0,faa,3247,2,1,1.0,True,0.0,0.9,1.0,1.0,0.0,0.0,0.0,0.0
cc7d03a3a03a3325,0,faa,3248,2,1,1.0,True,0.0,0.9,1.0,1.0,0.0,0.0,0.0,0.0
cc7d03a3a03a3325,0,faa,3249,2,1,1.0,True,0.0,0.9,1.0,1.0,0.0,0.0,0.0,0.0
cc7d03a3a03a3325,0,faa,3250,2,1,1.0,True,0.0,0.9,1.0,1.0,0.0,0.0,0.0,0.0
cc7d03a3a03a3325,0,faa,3251,2,1,1.0,True,0.0,0.9,1.0,1.0,0.0,0.0,0.0,0.0
cc7d03a3a03a3325,0,faa,3252,2,0,-0.1,False,0.0,0.9,0.6200000000000001,0.6200000000000001,0.0,0.0,0.0,0.0
cc7d03a3a03a3325,0,faa,3253,1,1,-0.1,False,0.0,0.9,0.8,0.8,0.0,0.0,0.0,0.0
cc7d03a3a03a3325,0,faa,3254,2,1,1.0,True,0.0,0.9,1.0,1.0,0.0,0.0,0.0,0.0
cc7d03a3a03a3325,0,faa,3255,2,0,-0.1,False,0.0,0.9,0.6200000000000001,0.6200000000000001,0.0,0.0,0.0,0.0
cc7d03a3a03a3325,0,faa,3256,1,1,-0.1,False,0.0,0.9,0.8,0.8,0.0,0.0,0.0,0.0
cc7d03a3a03a3325,0,faa,3257,2,0,-0.1,False,0.0,0.9,0.6200000000000001,0.6200000000000001,0.0,0.0,0.0,0.0
cc7d03a3a03a3325,0,faa,3258,1,1,-0.1,False,0.0,0.9,0.8,0.8,0.0,0.0,0.0,0.0
cc7d03a3a03a3325,0,faa,3259,2,1,1.0,True,0.0,0.9,1.0,1.0,0.0,0.0,0.0,0.0
cc7d03a3a03a3325,0,faa,3260,2,1,1.0,True,0.0,0.9,1.0,1.0,0.0,0.0,0.0,0.0
cc7d03a3a03a3325,0,faa,3261,2,1,1.0,True,0.0,0.9,1.0,1.0,0.0,0.0,0.0,0.0
cc7d03a3a03a3325,0,faa,3262,2,1,1.0,True,0.0,0.9,1.0,1.0,0.0,0.0,0.0,0.0
cc7d03a3a03a3325,0,faa,3263,2,1,1.0,True,0.0,0.9,1.0,1.0,0.0,0.0,0.0,0.0
cc7d03a3a03a3325,0,faa,3264,2,1,1.0,True,0.0,0.9,1.0,1.0,0.0,0.0,0.0,0.0
cc7d03a3a03a3325,0,faa,3265,2,0,-0.1,False,0.0,0.9,0.6200000000000001,0.6200000000000001,0.0,0.0,0.0,0.0
cc7d03a3a03a3325,0,faa,3266,1,1,-0.1,False,0.0,0.9,0.8,0.8,0.0,0.0,0.0,0.0
cc7d03a3a03a3325,0,faa,3267,2,0,-0.1,False,0.0,0.9,0.6200000000000001,0.6200000000000001,0.0,0.0,0.0,0.0
cc7d03a3a03a3325,0,faa,3268,1,1,-0.1,False,0.0,0.9,0.8,0.8,0.0,0.0,0.0,0.0
cc7d03a3a03a3325,0,faa,3269,2,1,1.0,True,0.0,0.9,1.0,1.0,0.0,0.0,0.0,0.0
cc7d03a3a03a3325,0,faa,3270,2,1,1.0,True,0.0,0.9,1.0,1.0,0.0,0.0,0.0,0.0
cc7d03a3a03a3325,0,faa,3271,2,1,1.0,True,0.0,0.9,1.0,1.0,0.0,0.0,0.0,0.0
cc7d03a3a03a3325,0,faa,3272,2,1,1.0,True,0.0,0.9,1.0,1.0,0.0,0.0,0.0,0.0
cc7d03a3a03a3325,0,faa,3273,2,1,1.0,True,0.0,0.9,1.0,1.0,0.0,0.0,0.0,0.0
cc7d03a3a03a3325,0,faa,3274,2,1,1.0,True,0.0,0.9,1.0,1.0,0.0,0.0,0.0,0.0
cc7d03a3a03a3325,0,faa,3275,2,1,1.0,True,0.0,0.9,1.0,1.0,0.0,0.0,0.0,0.0
cc7d03a3a03a3325,0,faa,3276,2,1,1.0,True,0.0,0.9,1.0,1.0,0.0,0.0,0.0,0.0
cc7d03a3a03a3325,0,faa,3277,2,1,1.0,True,0.0,0.9,1.0,1.0,0.0,0.0,0.0,0.0
cc7d03a3a03a3325,0,faa,3278,2,0,-0.1,False,0.0,0.9,0.6200000000000001,0.6200000000000001,0.0,0.0,0.0,0.0
cc7d03a3a03a3325,0,faa,3279,1,1,-0.1,False,0.0,0.9,0.8,0.8,0.0,0.0,0.0,0.0
cc7d03a3a03a3325,0,faa,3280,2,1,1.0,True,0.0,0.9,1.0,1.0,0.0,0.0,0.0,0.0
cc7d03a3a03a3325,0,faa,3281,2,1,1.0,True,0.0,0.9,1.0,1.0,0.0,0.0,0.0,0.0
cc7d03a3a03a3325,0,faa,3282,2,1,1.0,True,0.0,0.9,1.0,1.0,0.0,0.0,0.0,0.0
cc7d03a3a03a3325,0,faa,3283,2,1,1.0,True,0.0,0.9,1.0,1.0,0.0,0.0,0.0,0.0
cc7d03a3a03a3325,0,faa,3284,2,1,1.0,True,0.0,0.9,1.0,1.0,0.0,0.0,0.0,0.0
cc7d03a3a03a3325,0,faa,3285,2,1,1.0,True,0.0,0.9,1.0,1.0,0.0,0.0,0.0,0.0
cc7d03a3a03a3325,0,faa,3286,2,1,1.0,True,0.0,0.9,1.0,1.0,0.0,0.0,0.0,0.0
cc7d03a3a03a3325,0,faa,3287,2,1,1.0,True,0.0,0.9,1.0,1.0,0.0,0.0,0.0,0.0
cc7d03a3a03a3325,0,faa,3288,2,0,-0.1,False,0.0,0.9,0.6200000000000001,0.6200000000000001,0.0,0.0,0.0,0.0
cc7d03a3a03a3325,0,faa,3289,1,0,-0.1,False,0.0,0.9,0.4580000000000002,0.4580000000000002,0.0,0.0,0.0,0.0
cc7d03a3a03a3325,0,faa,3290,0,1,-0.1,False,0.0,0.9,0.6200000000000001,0.6200000000000001,0.0,0.0,0.0,0.0
cc7d03a3a03a3325,0,faa,3291,1,1,-0.1,False,0.0,0.9,0.8,0.8,0.0,0.0,0.0,0.0
cc7d03a3a03a3325,0,faa,3292,2,1,1.0,True,0.0,0.9,1.0,1.0,0.0,0.0,0.0,0.0
cc7d03a3a03a3325,0,faa,3293,2,1,1.0,True,0.0,0.9,1.0,1.0,0.0,0.0,0.0,0.0
cc7d03a3a03a3325,0,faa,3294,2,1,1.0,True,0.0,0.9,1.0,1.0,0.0,0.0,0.0,0.0
cc7d03a3a03a3325,0,faa,3295,2,1,1.0,True,0.0,0.9,1.0,1.0,0.0,0.0,0.0,0.0
cc7d03a3a03a3325,0,faa,3296,2,1,1.0,True,0.0,0.9,1.0,1.0,0.0,0.0,0.0,0.0
cc7d03a3a03a3325,0,faa,3297,2,1,1.0,True,0.0,0.9,1.0,1.0,0.0,0.0,0.0,0.0
cc7d03a3a03a3325,0,faa,3298,2,1,1.0,True,0.0,0.9,1.0,1.0,0.0,0.0,0.0,0.0
cc7d03a3a03a3325,0,faa,3299,2,1,1.0,True,0.0,0.9,1.0,1.0,0.0,0.0,0.0,0.0
cc7d03a3a03a3325,0,faa,3300,2,1,1.0,True,0.0,0.9,1.0,1.0,0.0,0.0,0.0,0.0
cc7d03a3a03a3325,0,faa,3301,2,1,1.0,True,0.0,0.9,1.0,1.0,0.0,0.0,0.0,0.0
cc7d03a3a03a3325,0,faa,3302,2,0,-0.1,False,0.0,0.9,0.6200000000000001,0.6200000000000001,0.0,0.0,0.0,0.0
cc7d03a3a03a3325,0,faa,3303,1,1,-0.1,False,0.0,0.9,0.8,0.8,0.0,0.0,0.0,0.0
cc7d03a3a03a3325,0,faa,3304,2,1,1.0,True,0.0,0.9,1.0,1.0,0.0,0.0,0.0,0.0
cc7d03a3a03a3325,0,faa,3305,2,0,-0.1,False,0.0,0.9,0.6200000000000001,0.6200000000000001,0.0,0.0,0.0,0.0
cc7d03a3a03a3325,0,faa,3306,1,0,-0.1,False,0.0,0.9,0.4580000000000002,0.4580000000000002,0.0,0.0,0.0,0.0
cc7d03a3a03a3325,0,faa,3307,0,0,-0.1,False,0.0,0.9,0.4580000000000002,0.4580000000000002,0.0,0.0,0.0,0.0
cc7d03a3a03a3325,0,faa,3308,0,0,-0.1,False,0.0,0.9,0.4580000000000002,0.4580000000000002,0.0,0.0,0.0,0.0
cc7d03a3a03a3325,0,faa,3309,0,1,-0.1,False,0.0,0.9,0.6200000000000001,0.6200000000000001,0.0,0.0,0.0,0.0
cc7d03a3a03a3325,0,faa,3310,1,1,-0.1,False,0.0,0.9,0.8,0.8,0.0,0.0,0.0,0.0
cc7d03a3a03a3325,0,faa,3311,2,0,-0.1,False,0.0,0.9,0.6200000000000001,0.6200000000000001,0.0,0.0,0.0,0.0
cc7d03a3a03a3325,0,faa,3312,1,1,-0.1,False,0.0,0.9,0.8,0.8,0.0,0.0,0.0,0.0
cc7d03a3a03a3325,0,faa,3313,2,0,-0.1,False,0.0,0.9,0.6200000000000001,0.6200000000000001,0.0,0.0,0.0,0.0
cc7d03a3a03a3325,0,faa,3314,1,1,-0.1,False,0.0,0.9,0.8,0.8,0.0,0.0,0.0,0.0
cc7d03a3a03a3325,0,faa,3315,2,1,1.0,True,0.0,0.9,1.0,1.0,0.0,0.0,0.0,0.0
cc7d03a3a03a3325,0,faa,3316,2,1,1.0,True,0.0,0.9,1.0,1.0,0.0,0.0,0.0,0.0
cc7d03a3a03a3325,0,faa,3317,2,1,1.0,True,0.0,0.9,1.0,1.0,0.0,0.0,0.0,0.0
cc7d03a3a03a3325,0,faa,3318,2,1,1.0,True,0.0,0.9,1.0,1.0,0.0,0.0,0.0,0.0
cc7d03a3a03a3325,0,faa,3319,2,0,-0.1,False,0.0,0.9,0.6200000000000001,0.6200000000000001,0.0,0.0,0.0,0.0
cc7d03a3a03a3325,0,faa,3320,1,1,-0.1,False,0.0,0.9,0.8,0.8,0.0,0.0,0.0,0.0
cc7d03a3a03a3325,0,faa,3321,2,1,1.0,True,0.0,0.9,1.0,1.0,0.0,0.0,0.0,0.0
cc7d03a3a03a3325,0,faa,3322,2,0,-0.1,False,0.0,0.9,0.6200000000000001,0.6200000000000001,0.0,0.0,0.0,0.0
cc7d03a3a03a3325,0,faa,3323,1,1,-0.1,False,0.0,0.9,0.8,0.8,0.0,0.0,0.0,0.0
cc7d03a3a03a3325,0,faa,3324,2,1,1.0,True,0.0,0.9,1.0,1.0,0.0,0.0,0.0,0.0
cc7d03a3a03a3325,0,faa,3325,2,0,-0.1,False,0.0,0.9,0.6200000000000001,0.6200000000000001,0.0,0.0,0.0,0.0
cc7d03a3a03a3325,0,faa,3326,1,1,-0.1,False,0.0,0.9,0.8,0.8,0.0,0.0,0.0,0.0
cc7d03a3a03a3325,0,faa,3327,2,1,1.0,True,0.0,0.9,1.0,1.0,0.0,0.0,0.0,0.0
cc7d03a3a03a3325,0,faa,3328,2,1,1.0,True,0.0,0.9,1.0,1.0,0.0,0.0,0.0,0.0
cc7d03a3a03a3325,0,faa,3329,2,1,1.0,True,0.0,0.9,1.0,1.0,0.0,0.0,0.0,0.0
cc7d03a3a03a3325,0,faa,3330,2,1,1.0,True,0.0,0.9,1.0,1.0,0.0,0.0,0.0,0.0
cc7d03a3a03a3325,0,faa,3331,2,1,1.0,True,0.0,0.9,1.0,1.0,0.0,0.0,0.0,0.0
cc7d03a3a03a3325,0,faa,3332,2,1,1.0,True,0.0,0.9,1.0,1.0,0.0,0.0,0.0,0.0
cc7d03a3a03a3325,0,faa,3333,2,1,1.0,True,0.0,0.9,1.0,1.0,0.0,0.0,0.0,0.0
cc7d03a3a03a3325,0,faa,3334,2,1,1.0,True,0.0,0.9,1.0,1.0,0.0,0.0,0.0,0.0
cc7d03a3a03a3325,0,faa,3335,2,1,1.0,True,0.0,0.9,1.0,1.0,0.0,0.0,0.0,0.0
cc7d03a3a03a3325,0,faa,3336,2,1,1.0,True,0.0,0.9,1.0,1.0,0.0,0.0,0.0,0.0
cc7d03a3a03a3325,0,faa,3337,2,1,1.0,True,0.0,0.9,1.0,1.0,0.0,0.0,0.0,0.0
cc7d03a3a03a3325,0,faa,3338,2,1,1.0,True,0.0,0.9,1.0,1.0,0.0,0.0,0.0,0.0
cc7d03a3a03a3325,0,faa,3339,2,1,1.0,True,0.0,0.9,1.0,1.0,0.0,0.0,0.0,0.0
cc7d03a3a03a3325,0,faa,3340,2,1,1.0,True,0.0,0.9,1.0,1.0,0.0,0.0,0.0,0.0
cc7d03a3a03a3325,0,faa,3341,2,1,1.0,True,0.0,0.9,1.0,1.0,0.0,0.0,0.0,0.0
cc7d03a3a03a3325,0,faa,3342,2,1,1.0,True,0.0,0.9,1.0,1.0,0.0,0.0,0.0,0.0
cc7d03a3a03a3325,0,faa,3343,2,1,1.0,True,0.0,0.9,1.0,1.0,0.0,0.0,0.0,0.0
cc7d03a3a03a3325,0,faa,3344,2,1,1.0,True,0.0,0.9,1.0,1.0,0.0,0.0,0.0,0.0
cc7d03a3a03a3325,0,faa,3345,2,1,1.0,True,0.0,0.9,1.0,1.0,0.0,0.0,0.0,0.0
cc7d03a3a03a3325,0,faa,3346,2,1,1.0,True,0.0,0.9,1.0,1.0,0.0,0.0,0.0,0.0
cc7d03a3a03a3325,0,faa,3347,2,1,1.0,True,0.0,0.9,1.0,1.0,0.0,0.0,0.0,0.0
cc7d03a3a03a3325,0,faa,3348,2,1,1.0,True,0.0,0.9,1.0,1.0,0.0,0.0,0.0,0.0
cc7d03a3a03a3325,0,faa,3349,2,1,1.0,True,0.0,0.9,1.0,1.0,0.0,0.0,0.0,0.0
cc7d03a3a03a3325,0,faa,3350,2,1,1.0,True,0.0,0.9,1.0,1.0,0.0,0.0,0.0,0.0
cc7d03a3a03a3325,0,faa,3351,2,1,1.0,True,0.0,0.9,1.0,1.0,0.0,0.0,0.0,0.0
cc7d03a3a03a3325,0,faa,3352,2,1,1.0,True,0.0,0.9,1.0,1.0,0.0,0.0,0.0,0.0
cc7d03a3a03a3325,0,faa,3353,2,1,1.0,True,0.0,0.9,1.0,1.0,0.0,0.0,0.0,0.0
cc7d03a3a03a3325,0,faa,3354,2,1,1.0,True,0.0,0.9,1.0,1.0,0.0,0.0,0.0,0.0
cc7d03a3a03a3325,0,faa,3355,2,1,1.0,True,0.0,0.9,1.0,1.0,0.0,0.0,0.0,0.0
cc7d03a3a03a3325,0,faa,3356,2,1,1.0,True,0.0,0.9,1.0,1.0,0.0,0.0,0.0,0.0
cc7d03a3a03a3325,0,faa,3357,2,1,1.0,True,0.0,0.9,1.0,1.0,0.0,0.0,0.0,0.0
cc7d03a3a03a3325,0,faa,3358,2,1,1.0,True,0.0,0.9,1.0,1.0,0.0,0.0,0.0,0.0
cc7d03a3a03a3325,0,faa,3359,2,1,1.0,True,0.0,0.9,1.0,1.0,0.0,0.0,0.0,0.0
cc7d03a3a03a3325,0,faa,3360,2,1,1.0,True,0.0,0.9,1.0,1.0,0.0,0.0,0.0,0.0
cc7d03a3a03a3325,0,faa,3361,2,1,1.0,True,0.0,0.9,1.0,1.0,0.0,0.0,0.0,0.0
cc7d03a3a03a3325,0,faa,3362,2,1,1.0,True,0.0,0.9,1.0,1.0,0.0,0.0,0.0,0.0
cc7d03a3a03a3325,0,faa,3363,2,1,1.0,True,0.0,0.9,1.0,1.0,0.0,0.0,0.0,0.0
cc7d03a3a03a3325,0,faa,3364,2,1,1.0,True,0.0,0.9,1.0,1.0,0.0,0.0,0.0,0.0
cc7d03a3a03a3325,0,faa,3365,2,1,1.0,True,0.0,0.9,1.0,1.0,0.0,0.0,0.0,0.0
cc7d03a3a03a3325,0,faa,3366,2,1,1.0,True,0.0,0.9,1.0,1.0,0.0,0.0,0.0,0.0
cc7d03a3a03a3325,0,faa,3367,2,1,1.0,True,0.0,0.9,1.0,1.0,0.0,0.0,0.0,0.0
cc7d03a3a03a3325,0,faa,3368,2,1,1.0,True,0.0,0.9,1.0,1.0,0.0,0.0,0.0,0.0
cc7d03a3a03a3325,0,faa,3369,2,1,1.0,True,0.0,0.9,1.0,1.0,0.0,0.0,0.0,0.0
cc7d03a3a03a3325,0,faa,3370,2,0,-0.1,False,0.0,0.9,0.6200000000000001,0.6200000000000001,0.0,0.0,0.0,0.0
cc7d03a3a03a3325,0,faa,3371,1,1,-0.1,False,0.0,0.9,0.8,0.8,0.0,0.0,0.0,0.0
cc7d03a3a03a3325,0,faa,3372,2,1,1.0,True,0.0,0.9,1.0,1.0,0.0,0.0,0.0,0.0
cc7d03a3a03a3325,0,faa,3373,2,1,1.0,True,0.0,0.9,1.0,1.0,0.0,0.0,0.0,0.0
cc7d03a3a03a3325,0,faa,3374,2,1,1.0,True,0.0,0.9,1.0,1.0,0.0,0.0,0.0,0.0
cc7d03a3a03a3325,0,faa,3375,2,1,1.0,True,0.0,0.9,1.0,1.0,0.0,0.0,0.0,0.0
cc7d03a3a03a3325,0,faa,3376,2,1,1.0,True,0.0,0.9,1.0,1.0,0.0,0.0,0.0,0.0
cc7d03a3a03a3325,0,faa,3377,2,1,1.0,True,0.0,0.9,1.0,1.0,0.0,0.0,0.0,0.0
cc7d03a3a03a3325,0,faa,3378,2,1,1.0,True,0.0,0.9,1.0,1.0,0.0,0.0,0.0,0.0
cc7d03a3a03a3325,0,faa,3379,2,1,1.0,True,0.0,0.9,1.0,1.0,0.0,0.0,0.0,0.0
cc7d03a3a03a3325,0,faa,3380,2,1,1.0,True,0.0,0.9,1.0,1.0,0.0,0.0,0.0,0.0
cc7d03a3a03a3325,0,faa,3381,2,0,-0.1,False,0.0,0.9,0.6200000000000001,0.6200000000000001,0.0,0.0,0.0,0.0
cc7d03a3a03a3325,0,faa,3382,1,1,-0.1,False,0.0,0.9,0.8,0.8,0.0,0.0,0.0,0.0
cc7d03a3a03a3325,0,faa,3383,2,1,1.0,True,0.0,0.9,1.0,1.0,0.0,0.0,0.0,0.0
cc7d03a3a03a3325,0,faa,3384,2,1,1.0,True,0.0,0.9,1.0,1.0,0.0,0.0,0.0,0.0
cc7d03a3a03a3325,0,faa,3385,2,1,1.0,True,0.0,0.9,1.0,1.0,0.0,0.0,0.0,0.0
cc7d03a3a03a3325,0,faa,3386,2,1,1.0,True,0.0,0.9,1.0,1.0,0.0,0.0,0.0,0.0
cc7d03a3a03a3325,0,faa,3387,2,1,1.0,True,0.0,0.9,1.0,1.0,0.0,0.0,0.0,0.0
cc7d03a3a03a3325,0,faa,3388,2,1,1.0,True,0.0,0.9,1.0,1.0,0.0,0.0,0.0,0.0
cc7d03a3a03a3325,0,faa,3389,2,0,-0.1,False,0.0,0.9,0.6200000000000001,0.6200000000000001,0.0,0.0,0.0,0.0
cc7d03a3a03a3325,0,faa,3390,1,1,-0.1,False,0.0,0.9,0.8,0.8,0.0,0.0,0.0,0.0
cc7d03a3a03a3325,0,faa,3391,2,1,1.0,True,0.0,0.9,1.0,1.0,0.0,0.0,0.0,0.0
cc7d03a3a03a3325,0,faa,3392,2,1,1.0,True,0.0,0.9,1.0,1.0,0.0,0.0,0.0,0.0
cc7d03a3a03a3325,0,faa,3393,2,0,-0.1,False,0.0,0.9,0.6200000000000001,0.6200000000000001,0.0,0.0,0.0,0.0
cc7d03a3a03a3325,0,faa,3394,1,1,-0.1,False,0.0,0.9,0.8,0.8,0.0,0.0,0.0,0.0
cc7d03a3a03a3325,0,faa,3395,2,1,1.0,True,0.0,0.9,1.0,1.0,0.0,0.0,0.0,0.0
cc7d03a3a03a3325,0,faa,3396,2,1,1.0,True,0.0,0.9,1.0,1.0,0.0,0.0,0.0,0.0
cc7d03a3a03a3325,0,faa,3397,2,1,1.0,True,0.0,0.9,1.0,1.0,0.0,0.0,0.0,0.0
cc7d03a3a03a3325,0,faa,3398,2,1,1.0,True,0.0,0.9,1.0,1.0,0.0,0.0,0.0,0.0
cc7d03a3a03a3325,0,faa,3399,2,1,1.0,True,0.0,0.9,1.0,1.0,0.0,0.0,0.0,0.0
cc7d03a3a03a3325,0,faa,3400,2,1,1.0,True,0.0,0.9,1.0,1.0,0.0,0.0,0.0,0.0
cc7d03a3a03a3325,0,faa,3401,2,1,1.0,True,0.0,0.9,1.0,1.0,0.0,0.0,0.0,0.0
cc7d03a3a03a3325,0,faa,3402,2,1,1.0,True,0.0,0.9,1.0,1.0,0.0,0.0,0.0,0.0
cc7d03a3a03a3325,0,faa,3403,2,1,1.0,True,0.0,0.9,1.0,1.0,0.0,0.0,0.0,0.0
cc7d03a3a03a3325,0,faa,3404,2,1,1.0,True,0.0,0.9,1.0,1.0,0.0,0.0,0.0,0.0
cc7d03a3a03a3325,0,faa,3405,2,0,-0.1,False,0.0,0.9,0.6200000000000001,0.6200000000000001,0.0,0.0,0.0,0.0
cc7d03a3a03a3325,0,faa,3406,1,1,-0.1,False,0.0,0.9,0.8,0.8,0.0,0.0,0.0,0.0
cc7d03a3a03a3325,0,faa,3407,2,1,1.0,True,0.0,0.9,1.0,1.0,0.0,0.0,0.0,0.0
cc7d03a3a03a3325,0,faa,3408,2,1,1.0,True,0.0,0.9,1.0,1.0,0.0,0.0,0.0,0.0
cc7d03a3a03a3325,0,faa,3409,2,1,1.0,True,0.0,0.9,1.0,1.0,0.0,0.0,0.0,0.0
cc7d03a3a03a3325,0,faa,3410,2,0,-0.1,False,0.0,0.9,0.6200000000000001,0.6200000000000001,0.0,0.0,0.0,0.0
cc7d03a3a03a3325,0,faa,3411,1,0,-0.1,False,0.0,0.9,0.4580000000000002,0.4580000000000002,0.0,0.0,0.0,0.0
cc7d03a3a03a3325,0,faa,3412,0,0,-0.1,False,0.0,0.9,0.4580000000000002,0.4580000000000002,0.0,0.0,0.0,0.0
cc7d03a3a03a3325,0,faa,3413,0,1,-0.1,False,0.0,0.9,0.6200000000000001,0.6200000000000001,0.0,0.0,0.0,0.0
cc7d03a3a03a3325,0,faa,3414,1,1,-0.1,False,0.0,0.9,0.8,0.8,0.0,0.0,0.0,0.0
cc7d03a3a03a3325,0,faa,3415,2,1,1.0,True,0.0,0.9,1.0,1.0,0.0,0.0,0.0,0.0
cc7d03a3a03a3325,0,faa,3416,2,1,1.0,True,0.0,0.9,1.0,1.0,0.0,0.0,0.0,0.0
cc7d03a3a03a3325,0,faa,3417,2,0,-0.1,False,0.0,0.9,0.6200000000000001,0.6200000000000001,0.0,0.0,0.0,0.0
cc7d03a3a03a3325,0,faa,3418,1,0,-0.1,False,0.0,0.9,0.4580000000000002,0.4580000000000002,0.0,0.0,0.0,0.0
cc7d03a3a03a3325,0,faa,3419,0,0,-0.1,False,0.0,0.9,0.4580000000000002,0.4580000000000002,0.0,0.0,0.0,0.0
cc7d03a3a03a3325,0,faa,3420,0,0,-0.1,False,0.0,0.9,0.4580000000000002,0.4580000000000002,0.0,0.0,0.0,0.0
cc7d03a3a03a3325,0,faa,3421,0,1,-0.1,False,0.0,0.9,0.6200000000000001,0.6200000000000001,0.0,0.0,0.0,0.0
cc7d03a3a03a3325,0,faa,3422,1,1,-0.1,False,0.0,0.9,0.8,0.8,0.0,0.0,0.0,0.0
cc7d03a3a03a3325,0,faa,3423,2,0,-0.1,False,0.0,0.9,0.6200000000000001,0.6200000000000001,0.0,0.0,0.0,0.0
cc7d03a3a03a3325,0,faa,3424,1,1,-0.1,False,0.0,0.9,0.8,0.8,0.0,0.0,0.0,0.0
cc7d03a3a03a3325,0,faa,3425,2,1,1.0,True,0.0,0.9,1.0,1.0,0.0,0.0,0.0,0.0
cc7d03a3a03a3325,0,faa,3426,2,1,1.0,True,0.0,0.9,1.0,1.0,0.0,0.0,0.0,0.0
cc7d03a3a03a3325,0,faa,3427,2,0,-0.1,False,0.0,0.9,0.6200000000000001,0.6200000000000001,0.0,0.0,0.0,0.0
cc7d03a3a03a3325,0,faa,3428,1,1,-0.1,False,0.0,0.9,0.8,0.8,0.0,0.0,0.0,0.0
cc7d03a3a03a3325,0,faa,3429,2,1,1.0,True,0.0,0.9,1.0,1.0,0.0,0.0,0.0,0.0
cc7d03a3a03a3325,0,faa,3430,2,1,1.0,True,0.0,0.9,1.0,1.0,0.0,0.0,0.0,0.0
cc7d03a3a03a3325,0,faa,3431,2,0,-0.1,False,0.0,0.9,0.6200000000000001,0.6200000000000001,0.0,0.0,0.0,0.0
cc7d03a3a03a3325,0,faa,3432,1,1,-0.1,False,0.0,0.9,0.8,0.8,0.0,0.0,0.0,0.0
cc7d03a3a03a3325,0,faa,3433,2,1,1.0,True,0.0,0.9,1.0,1.0,0.0,0.0,0.0,0.0
cc7d03a3a03a3325,0,faa,3434,2,1,1.0,True,0.0,0.9,1.0,1.0,0.0,0.0,0.0,0.0
cc7d03a3a03a3325,0,faa,3435,2,1,1.0,True,0.0,0.9,1.0,1.0,0.0,0.0,0.0,0.0
cc7d03a3a03a3325,0,faa,3436,2,1,1.0,True,0.0,0.9,1.0,1.0,0.0,0.0,0.0,0.0
cc7d03a3a03a3325,0,faa,3437,2,1,1.0,True,0.0,0.9,1.0,1.0,0.0,0.0,0.0,0.0
cc7d03a3a03a3325,0,faa,3438,2,1,1.0,True,0.0,0.9,1.0,1.0,0.0,0.0,0.0,0.0
cc7d03a3a03a3325,0,faa,3439,2,1,1.0,True,0.0,0.9,1.0,1.0,0.0,0.0,0.0,0.0
cc7d03a3a03a3325,0,faa,3440,2,1,1.0,True,0.0,0.9,1.0,1.0,0.0,0.0,0.0,0.0
cc7d03a3a03a3325,0,faa,3441,2,1,1.0,True,0.0,0.9,1.0,1.0,0.0,0.0,0.0,0.0
cc7d03a3a03a3325,0,faa,3442,2,1,1.0,True,0.0,0.9,1.0,1.0,0.0,0.0,0.0,0.0
cc7d03a3a03a3325,0,faa,3443,2,1,1.0,True,0.0,0.9,1.0,1.0,0.0,0.0,0.0,0.0
cc7d03a3a03a3325,0,faa,3444,2,1,1.0,True,0.0,0.9,1.0,1.0,0.0,0.0,0.0,0.0
cc7d03a3a03a3325,0,faa,3445,2,1,1.0,True,0.0,0.9,1.0,1.0,0.0,0.0,0.0,0.0
cc7d03a3a03a3325,0,faa,3446,2,1,1.0,True,0.0,0.9,1.0,1.0,0.0,0.0,0.0,0.0
cc7d03a3a03a3325,0,faa,3447,2,1,1.0,True,0.0,0.9,1.0,1.0,0.0,0.0,0.0,0.0
cc7d03a3a03a3325,0,faa,3448,2,0,-0.1,False,0.0,0.9,0.6200000000000001,0.6200000000000001,0.0,0.0,0.0,0.0
cc7d03a3a03a3325,0,faa,3449,1,1,-0.1,False,0.0,0.9,0.8,0.8,0.0,0.0,0.0,0.0
cc7d03a3a03a3325,0,faa,3450,2,1,1.0,True,0.0,0.9,1.0,1.0,0.0,0.0,0.0,0.0
cc7d03a3a03a3325,0,faa,3451,2,1,1.0,True,0.0,0.9,1.0,1.0,0.0,0.0,0.0,0.0
cc7d03a3a03a3325,0,faa,3452,2,0,-0.1,False,0.0,0.9,0.6200000000000001,0.6200000000000001,0.0,0.0,0.0,0.0
cc7d03a3a03a3325,0,faa,3453,1,1,-0.1,False,0.0,0.9,0.8,0.8,0.0,0.0,0.0,0.0
cc7d03a3a03a3325,0,faa,3454,2,0,-0.1,False,0.0,0.9,0.6200000000000001,0.6200000000000001,0.0,0.0,0.0,0.0
cc7d03a3a03a3325,0,faa,3455,1,1,-0.1,False,0.0,0.9,0.8,0.8,0.0,0.0,0.0,0.0
cc7d03a3a03a3325,0,faa,3456,2,1,1.0,True,0.0,0.9,1.0,1.0,0.0,0.0,0.0,0.0
cc7d03a3a03a3325,0,faa,3457,2,1,1.0,True,0.0,0.9,1.0,1.0,0.0,0.0,0.0,0.0
cc7d03a3a03a3325,0,faa,3458,2,0,-0.1,False,0.0,0.9,0.6200000000000001,0.6200000000000001,0.0,0.0,0.0,0.0
cc7d03a3a03a3325,0,faa,3459,1,1,-0.1,False,0.0,0.9,0.8,0.8,0.0,0.0,0.0,0.0
cc7d03a3a03a3325,0,faa,3460,2,1,1.0,True,0.0,0.9,1.0,1.0,0.0,0.0,0.0,0.0
cc7d03a3a03a3325,0,faa,3461,2,1,1.0,True,0.0,0.9,1.0,1.0,0.0,0.0,0.0,0.0
cc7d03a3a03a3325,0,faa,3462,2,1,1.0,True,0.0,0.9,1.0,1.0,0.0,0.0,0.0,0.0
cc7d03a3a03a3325,0,faa,3463,2,1,1.0,True,0.0,0.9,1.0,1.0,0.0,0.0,0.0,0.0
cc7d03a3a03a3325,0,faa,3464,2,1,1.0,True,0.0,0.9,1.0,1.0,0.0,0.0,0.0,0.0
cc7d03a3a03a3325,0,faa,3465,2,1,1.0,True,0.0,0.9,1.0,1.0,0.0,0.0,0.0,0.0
cc7d03a3a03a3325,0,faa,3466,2,1,1.0,True,0.0,0.9,1.0,1.0,0.0,0.0,0.0,0.0
cc7d03a3a03a3325,0,faa,3467,2,1,1.0,True,0.0,0.9,1.0,1.0,0.0,0.0,0.0,0.0
cc7d03a3a03a3325,0,faa,3468,2,1,1.0,True,0.0,0.9,1.0,1.0,0.0,0.0,0.0,0.0
cc7d03a3a03a3325,0,faa,3469,2,1,1.0,True,0.0,0.9,1.0,1.0,0.0,0.0,0.0,0.0
cc7d03a3a03a3325,0,faa,3470,2,1,1.0,True,0.0,0.9,1.0,1.0,0.0,0.0,0.0,0.0
cc7d03a3a03a3325,0,faa,3471,2,1,1.0,True,0.0,0.9,1.0,1.0,0.0,0.0,0.0,0.0
cc7d03a3a03a3325,0,faa,3472,2,1,1.0,True,0.0,0.9,1.0,1.0,0.0,0.0,0.0,0.0
cc7d03a3a03a3325,0,faa,3473,2,1,1.0,True,0.0,0.9,1.0,1.0,0.0,0.0,0.0,0.0
cc7d03a3a03a3325,0,faa,3474,2,1,1.0,True,0.0,0.9,1.0,1.0,0.0,0.0,0.0,0.0
cc7d03a3a03a3325,0,faa,3475,2,1,1.0,True,0.0,0.9,1.0,1.0,0.0,0.0,0.0,0.0
cc7d03a3a03a3325,0,faa,3476,2,1,1.0,True,0.0,0.9,1.0,1.0,0.0,0.0,0.0,0.0
cc7d03a3a03a3325,0,faa,3477,2,1,1.0,True,0.0,0.9,1.0,1.0,0.0,0.0,0.0,0.0
cc7d03a3a03a3325,0,faa,3478,2,1,1.0,True,0.0,0.9,1.0,1.0,0.0,0.0,0.0,0.0
cc7d03a3a03a3325,0,faa,3479,2,1,1.0,True,0.0,0.9,1.0,1.0,0.0,0.0,0.0,0.0
cc7d03a3a03a3325,0,faa,3480,2,1,1.0,True,0.0,0.9,1.0,1.0,0.0,0.0,0.0,0.0
cc7d03a3a03a3325,0,faa,3481,2,0,-0.1,False,0.0,0.9,0.6200000000000001,0.6200000000000001,0.0,0.0,0.0,0.0
cc7d03a3a03a3325,0,faa,3482,1,1,-0.1,False,0.0,0.9,0.8,0.8,0.0,0.0,0.0,0.0
cc7d03a3a03a3325,0,faa,3483,2,1,1.0,True,0.0,0.9,1.0,1.0,0.0,0.0,0.0,0.0
cc7d03a3a03a3325,0,faa,3484,2,1,1.0,True,0.0,0.9,1.0,1.0,0.0,0.0,0.0,0.0
cc7d03a3a03a3325,0,faa,3485,2,1,1.0,True,0.0,0.9,1.0,1.0,0.0,0.0,0.0,0.0
cc7d03a3a03a3325,0,faa,3486,2,1,1.0,True,0.0,0.9,1.0,1.0,0.0,0.0,0.0,0.0
cc7d03a3a03a3325,0,faa,3487,2,1,1.0,True,0.0,0.9,1.0,1.0,0.0,0.0,0.0,0.0
cc7d03a3a03a3325,0,faa,3488,2,1,1.0,True,0.0,0.9,1.0,1.0,0.0,0.0,0.0,0.0
cc7d03a3a03a3325,0,faa,3489,2,1,1.0,True,0.0,0.9,1.0,1.0,0.0,0.0,0.0,0.0
cc7d03a3a03a3325,0,faa,3490,2,1,1.0,True,0.0,0.9,1.0,1.0,0.0,0.0,0.0,0.0
cc7d03a3a03a3325,0,faa,3491,2,1,1.0,True,0.0,0.9,1.0,1.0,0.0,0.0,0.0,0.0
cc7d03a3a03a3325,0,faa,3492,2,1,1.0,True,0.0,0.9,1.0,1.0,0.0,0.0,0.0,0.0
cc7d03a3a03a3325,0,faa,3493,2,1,1.0,True,0.0,0.9,1.0,1.0,0.0,0.0,0.0,0.0
cc7d03a3a03a3325,0,faa,3494,2,1,1.0,True,0.0,0.9,1.0,1.0,0.0,0.0,0.0,0.0
cc7d03a3a03a3325,0,faa,3495,2,0,-0.1,False,0.0,0.9,0.6200000000000001,0.6200000000000001,0.0,0.0,0.0,0.0
cc7d03a3a03a3325,0,faa,3496,1,1,-0.1,False,0.0,0.9,0.8,0.8,0.0,0.0,0.0,0.0
cc7d03a3a03a3325,0,faa,3497,2,1,1.0,True,0.0,0.9,1.0,1.0,0.0,0.0,0.0,0.0
cc7d03a3a03a3325,0,faa,3498,2,1,1.0,True,0.0,0.9,1.0,1.0,0.0,0.0,0.0,0.0
cc7d03a3a03a3325,0,faa,3499,2,1,1.0,True,0.0,0.9,1.0,1.0,0.0,0.0,0.0,0.0
cc7d03a3a03a3325,0,faa,3500,2,0,-0.1,False,0.0,0.9,0.6200000000000001,0.6200000000000001,0.0,0.0,0.0,0.0
cc7d03a3a03a3325,0,faa,3501,1,1,-0.1,False,0.0,0.9,0.8,0.8,0.0,0.0,0.0,0.0
cc7d03a3a03a3325,0,faa,3502,2,1,1.0,True,0.0,0.9,1.0,1.0,0.0,0.0,0.0,0.0
cc7d03a3a03a3325,0,faa,3503,2,1,1.0,True,0.0,0.9,1.0,1.0,0.0,0.0,0.0,0.0
cc7d03a3a03a3325,0,faa,3504,2,1,1.0,True,0.0,0.9,1.0,1.0,0.0,0.0,0.0,0.0
cc7d03a3a03a3325,0,faa,3505,2,1,1.0,True,0.0,0.9,1.0,1.0,0.0,0.0,0.0,0.0
cc7d03a3a03a3325,0,faa,3506,2,1,1.0,True,0.0,0.9,1.0,1.0,0.0,0.0,0.0,0.0
cc7d03a3a03a3325,0,faa,3507,2,1,1.0,True,0.0,0.9,1.0,1.0,0.0,0.0,0.0,0.0
cc7d03a3a03a3325,0,faa,3508,2,1,1.0,True,0.0,0.9,1.0,1.0,0.0,0.0,0.0,0.0
cc7d03a3a03a3325,0,faa,3509,2,0,-0.1,False,0.0,0.9,0.6200000000000001,0.6200000000000001,0.0,0.0,0.0,0.0
cc7d03a3a03a3325,0,faa,3510,1,1,-0.1,False,0.0,0.9,0.8,0.8,0.0,0.0,0.0,0.0
cc7d03a3a03a3325,0,faa,3511,2,1,1.0,True,0.0,0.9,1.0,1.0,0.0,0.0,0.0,0.0
cc7d03a3a03a3325,0,faa,3512,2,1,1.0,True,0.0,0.9,1.0,1.0,0.0,0.0,0.0,0.0
cc7d03a3a03a3325,0,faa,3513,2,1,1.0,True,0.0,0.9,1.0,1.0,0.0,0.0,0.0,0.0
cc7d03a3a03a3325,0,faa,3514,2,1,1.0,True,0.0,0.9,1.0,1.0,0.0,0.0,0.0,0.0
cc7d03a3a03a3325,0,faa,3515,2,1,1.0,True,0.0,0.9,1.0,1.0,0.0,0.0,0.0,0.0
cc7d03a3a03a3325,0,faa,3516,2,1,1.0,True,0.0,0.9,1.0,1.0,0.0,0.0,0.0,0.0
cc7d03a3a03a3325,0,faa,3517,2,1,1.0,True,0.0,0.9,1.0,1.0,0.0,0.0,0.0,0.0
cc7d03a3a03a3325,0,faa,3518,2,1,1.0,True,0.0,0.9,1.0,1.0,0.0,0.0,0.0,0.0
cc7d03a3a03a3325,0,faa,3519,2,0,-0.1,False,0.0,0.9,0.6200000000000001,0.6200000000000001,0.0,0.0,0.0,0.0
cc7d03a3a03a3325,0,faa,3520,1,1,-0.1,False,0.0,0.9,0.8,0.8,0.0,0.0,0.0,0.0
cc7d03a3a03a3325,0,faa,3521,2,1,1.0,True,0.0,0.9,1.0,1.0,0.0,0.0,0.0,0.0
cc7d03a3a03a3325,0,faa,3522,2,1,1.0,True,0.0,0.9,1.0,1.0,0.0,0.0,0.0,0.0
cc7d03a3a03a3325,0,faa,3523,2,1,1.0,True,0.0,0.9,1.0,1.0,0.0,0.0,0.0,0.0
cc7d03a3a03a3325,0,faa,3524,2,1,1.0,True,0.0,0.9,1.0,1.0,0.0,0.0,0.0,0.0
cc7d03a3a03a3325,0,faa,3525,2,1,1.0,True,0.0,0.9,1.0,1.0,0.0,0.0,0.0,0.0
cc7d03a3a03a3325,0,faa,3526,2,0,-0.1,False,0.0,0.9,0.6200000000000001,0.6200000000000001,0.0,0.0,0.0,0.0
cc7d03a3a03a3325,0,faa,3527,1,1,-0.1,False,0.0,0.9,0.8,0.8,0.0,0.0,0.0,0.0
cc7d03a3a03a3325,0,faa,3528,2,1,1.0,True,0.0,0.9,1.0,1.0,0.0,0.0,0.0,0.0
cc7d03a3a03a3325,0,faa,3529,2,1,1.0,True,0.0,0.9,1.0,1.0,0.0,0.0,0.0,0.0
cc7d03a3a03a3325,0,faa,3530,2,1,1.0,True,0.0,0.9,1.0,1.0,0.0,0.0,0.0,0.0
cc7d03a3a03a3325,0,faa,3531,2,0,-0.1,False,0.0,0.9,0.6200000000000001,0.6200000000000001,0.0,0.0,0.0,0.0
cc7d03a3a03a3325,0,faa,3532,1,1,-0.1,False,0.0,0.9,0.8,0.8,0.0,0.0,0.0,0.0
cc7d03a3a03a3325,0,faa,3533,2,1,1.0,True,0.0,0.9,1.0,1.0,0.0,0.0,0.0,0.0
cc7d03a3a03a3325,0,faa,3534,2,1,1.0,True,0.0,0.9,1.0,1.0,0.0,0.0,0.0,0.0
cc7d03a3a03a3325,0,faa,3535,2,1,1.0,True,0.0,0.9,1.0,1.0,0.0,0.0,0.0,0.0
cc7d03a3a03a3325,0,faa,3536,2,1,1.0,True,0.0,0.9,1.0,1.0,0.0,0.0,0.0,0.0
cc7d03a3a03a3325,0,faa,3537,2,1,1.0,True,0.0,0.9,1.0,1.0,0.0,0.0,0.0,0.0
cc7d03a3a03a3325,0,faa,3538,2,1,1.0,True,0.0,0.9,1.0,1.0,0.0,0.0,0.0,0.0
cc7d03a3a03a3325,0,faa,3539,2,1,1.0,True,0.0,0.9,1.0,1.0,0.0,0.0,0.0,0.0
cc7d03a3a03a3325,0,faa,3540,2,1,1.0,True,0.0,0.9,1.0,1.0,0.0,0.0,0.0,0.0
cc7d03a3a03a3325,0,faa,3541,2,0,-0.1,False,0.0,0.9,0.6200000000000001,0.6200000000000001,0.0,0.0,0.0,0.0
cc7d03a3a03a3325,0,faa,3542,1,1,-0.1,False,0.0,0.9,0.8,0.8,0.0,0.0,0.0,0.0
cc7d03a3a03a3325,0,faa,3543,2,1,1.0,True,0.0,0.9,1.0,1.0,0.0,0.0,0.0,0.0
cc7d03a3a03a3325,0,faa,3544,2,1,1.0,True,0.0,0.9,1.0,1.0,0.0,0.0,0.0,0.0
cc7d03a3a03a3325,0,faa,3545,2,1,1.0,True,0.0,0.9,1.0,1.0,0.0,0.0,0.0,0.0
cc7d03a3a03a3325,0,faa,3546,2,1,1.0,True,0.0,0.9,1.0,1.0,0.0,0.0,0.0,0.0
cc7d03a3a03a3325,0,faa,3547,2,1,1.0,True,0.0,0.9,1.0,1.0,0.0,0.0,0.0,0.0
cc7d03a3a03a3325,0,faa,3548,2,1,1.0,True,0.0,0.9,1.0,1.0,0.0,0.0,0.0,0.0
cc7d03a3a03a3325,0,faa,3549,2,1,1.0,True,0.0,0.9,1.0,1.0,0.0,0.0,0.0,0.0
cc7d03a3a03a3325,0,faa,3550,2,1,1.0,True,0.0,0.9,1.0,1.0,0.0,0.0,0.0,0.0
cc7d03a3a03a3325,0,faa,3551,2,1,1.0,True,0.0,0.9,1.0,1.0,0.0,0.0,0.0,0.0
cc7d03a3a03a3325,0,faa,3552,2,1,1.0,True,0.0,0.9,1.0,1.0,0.0,0.0,0.0,0.0
cc7d03a3a03a3325,0,faa,3553,2,0,-0.1,False,0.0,0.9,0.6200000000000001,0.6200000000000001,0.0,0.0,0.0,0.0
cc7d03a3a03a3325,0,faa,3554,1,1,-0.1,False,0.0,0.9,0.8,0.8,0.0,0.0,0.0,0.0
cc7d03a3a03a3325,0,faa,3555,2,1,1.0,True,0.0,0.9,1.0,1.0,0.0,0.0,0.0,0.0
cc7d03a3a03a3325,0,faa,3556,2,1,1.0,True,0.0,0.9,1.0,1.0,0.0,0.0,0.0,0.0
cc7d03a3a03a3325,0,faa,3557,2,1,1.0,True,0.0,0.9,1.0,1.0,0.0,0.0,0.0,0.0
cc7d03a3a03a3325,0,faa,3558,2,1,1.0,True,0.0,0.9,1.0,1.0,0.0,0.0,0.0,0.0
cc7d03a3a03a3325,0,faa,3559,2,1,1.0,True,0.0,0.9,1.0,1.0,0.0,0.0,0.0,0.0
cc7d03a3a03a3325,0,faa,3560,2,1,1.0,True,0.0,0.9,1.0,1.0,0.0,0.0,0.0,0.0
cc7d03a3a03a3325,0,faa,3561,2,1,1.0,True,0.0,0.9,1.0,1.0,0.0,0.0,0.0,0.0
cc7d03a3a03a3325,0,faa,3562,2,1,1.0,True,0.0,0.9,1.0,1.0,0.0,0.0,0.0,0.0
cc7d03a3a03a3325,0,faa,3563,2,1,1.0,True,0.0,0.9,1.0,1.0,0.0,0.0,0.0,0.0
cc7d03a3a03a3325,0,faa,3564,2,1,1.0,True,0.0,0.9,1.0,1.0,0.0,0.0,0.0,0.0
cc7d03a3a03a3325,0,faa,3565,2,1,1.0,True,0.0,0.9,1.0,1.0,0.0,0.0,0.0,0.0
cc7d03a3a03a3325,0,faa,3566,2,1,1.0,True,0.0,0.9,1.0,1.0,0.0,0.0,0.0,0.0
cc7d03a3a03a3325,0,faa,3567,2,0,-0.1,False,0.0,0.9,0.6200000000000001,0.6200000000000001,0.0,0.0,0.0,0.0
cc7d03a3a03a3325,0,faa,3568,1,1,-0.1,False,0.0,0.9,0.8,0.8,0.0,0.0,0.0,0.0
cc7d03a3a03a3325,0,faa,3569,2,1,1.0,True,0.0,0.9,1.0,1.0,0.0,0.0,0.0,0.0
cc7d03a3a03a3325,0,faa,3570,2,1,1.0,True,0.0,0.9,1.0,1.0,0.0,0.0,0.0,0.0
cc7d03a3a03a3325,0,faa,3571,2,1,1.0,True,0.0,0.9,1.0,1.0,0.0,0.0,0.0,0.0
cc7d03a3a03a3325,0,faa,3572,2,1,1.0,True,0.0,0.9,1.0,1.0,0.0,0.0,0.0,0.0
cc7d03a3a03a3325,0,faa,3573,2,0,-0.1,False,0.0,0.9,0.6200000000000001,0.6200000000000001,0.0,0.0,0.0,0.0
cc7d03a3a03a3325,0,faa,3574,1,1,-0.1,False,0.0,0.9,0.8,0.8,0.0,0.0,0.0,0.0
cc7d03a3a03a3325,0,faa,3575,2,1,1.0,True,0.0,0.9,1.0,1.0,0.0,0.0,0.0,0.0
cc7d03a3a03a3325,0,faa,3576,2,1,1.0,True,0.0,0.9,1.0,1.0,0.0,0.0,0.0,0.0
cc7d03a3a03a3325,0,faa,3577,2,1,1.0,True,0.0,0.9,1.0,1.0,0.0,0.0,0.0,0.0
cc7d03a3a03a3325,0,faa,3578,2,1,1.0,True,0.0,0.9,1.0,1.0,0.0,0.0,0.0,0.0
cc7d03a3a03a3325,0,faa,3579,2,1,1.0,True,0.0,0.9,1.0,1.0,0.0,0.0,0.0,0.0
cc7d03a3a03a3325,0,faa,3580,2,0,-0.1,False,0.0,0.9,0.6200000000000001,0.6200000000000001,0.0,0.0,0.0,0.0
cc7d03a3a03a3325,0,faa,3581,1,1,-0.1,False,0.0,0.9,0.8,0.8,0.0,0.0,0.0,0.0
cc7d03a3a03a3325,0,faa,3582,2,1,1.0,True,0.0,0.9,1.0,1.0,0.0,0.0,0.0,0.0
cc7d03a3a03a3325,0,faa,3583,2,1,1.0,True,0.0,0.9,1.0,1.0,0.0,0.0,0.0,0.0
cc7d03a3a03a3325,0,faa,3584,2,1,1.0,True,0.0,0.9,1.0,1.0,0.0,0.0,0.0,0.0
cc7d03a3a03a3325,0,faa,3585,2,1,1.0,True,0.0,0.9,1.0,1.0,0.0,0.0,0.0,0.0
cc7d03a3a03a3325,0,faa,3586,2,1,1.0,True,0.0,0.9,1.0,1.0,0.0,0.0,0.0,0.0
cc7d03a3a03a3325,0,faa,3587,2,1,1.0,True,0.0,0.9,1.0,1.0,0.0,0.0,0.0,0.0
cc7d03a3a03a3325,0,faa,3588,2,1,1.0,True,0.0,0.9,1.0,1.0,0.0,0.0,0.0,0.0
cc7d03a3a03a3325,0,faa,3589,2,1,1.0,True,0.0,0.9,1.0,1.0,0.0,0.0,0.0,0.0
cc7d03a3a03a3325,0,faa,3590,2,1,1.0,True,0.0,0.9,1.0,1.0,0.0,0.0,0.0,0.0
cc7d03a3a03a3325,0,faa,3591,2,1,1.0,True,0.0,0.9,1.0,1.0,0.0,0.0,0.0,0.0
cc7d03a3a03a3325,0,faa,3592,2,1,1.0,True,0.0,0.9,1.0,1.0,0.0,0.0,0.0,0.0
cc7d03a3a03a3325,0,faa,3593,2,1,1.0,True,0.0,0.9,1.0,1.0,0.0,0.0,0.0,0.0
cc7d03a3a03a3325,0,faa,3594,2,0,-0.1,False,0.0,0.9,0.6200000000000001,0.6200000000000001,0.0,0.0,0.0,0.0
cc7d03a3a03a3325,0,faa,3595,1,1,-0.1,False,0.0,0.9,0.8,0.8,0.0,0.0,0.0,0.0
cc7d03a3a03a3325,0,faa,3596,2,1,1.0,True,0.0,0.9,1.0,1.0,0.0,0.0,0.0,0.0
cc7d03a3a03a3325,0,faa,3597,2,1,1.0,True,0.0,0.9,1.0,1.0,0.0,0.0,0.0,0.0
cc7d03a3a03a3325,0,faa,3598,2,1,1.0,True,0.0,0.9,1.0,1.0,0.0,0.0,0.0,0.0
cc7d03a3a03a3325,0,faa,3599,2,1,1.0,True,0.0,0.9,1.0,1.0,0.0,0.0,0.0,0.0
cc7d03a3a03a3325,0,faa,3600,2,1,1.0,True,0.0,0.9,1.0,1.0,0.0,0.0,0.0,0.0
cc7d03a3a03a3325,0,faa,3601,2,1,1.0,True,0.0,0.9,1.0,1.0,0.0,0.0,0.0,0.0
cc7d03a3a03a3325,0,faa,3602,2,0,-0.1,False,0.0,0.9,0.6200000000000001,0.6200000000000001,0.0,0.0,0.0,0.0
cc7d03a3a03a3325,0,faa,3603,1,1,-0.1,False,0.0,0.9,0.8,0.8,0.0,0.0,0.0,0.0
cc7d03a3a03a3325,0,faa,3604,2,0,-0.1,False,0.0,0.9,0.6200000000000001,0.6200000000000001,0.0,0.0,0.0,0.0
cc7d03a3a03a3325,0,faa,3605,1,1,-0.1,False,0.0,0.9,0.8,0.8,0.0,0.0,0.0,0.0
cc7d03a3a03a3325,0,faa,3606,2,1,1.0,True,0.0,0.9,1.0,1.0,0.0,0.0,0.0,0.0
cc7d03a3a03a3325,0,faa,3607,2,1,1.0,True,0.0,0.9,1.0,1.0,0.0,0.0,0.0,0.0
cc7d03a3a03a3325,0,faa,3608,2,1,1.0,True,0.0,0.9,1.0,1.0,0.0,0.0,0.0,0.0
cc7d03a3a03a3325,0,faa,3609,2,1,1.0,True,0.0,0.9,1.0,1.0,0.0,0.0,0.0,0.0
cc7d03a3a03a3325,0,faa,3610,2,1,1.0,True,0.0,0.9,1.0,1.0,0.0,0.0,0.0,0.0
cc7d03a3a03a3325,0,faa,3611,2,0,-0.1,False,0.0,0.9,0.6200000000000001,0.6200000000000001,0.0,0.0,0.0,0.0
cc7d03a3a03a3325,0,faa,3612,1,1,-0.1,False,0.0,0.9,0.8,0.8,0.0,0.0,0.0,0.0
cc7d03a3a03a3325,0,faa,3613,2,1,1.0,True,0.0,0.9,1.0,1.0,0.0,0.0,0.0,0.0
cc7d03a3a03a3325,0,faa,3614,2,1,1.0,True,0.0,0.9,1.0,1.0,0.0,0.0,0.0,0.0
cc7d03a3a03a3325,0,faa,3615,2,1,1.0,True,0.0,0.9,1.0,1.0,0.0,0.0,0.0,0.0
cc7d03a3a03a3325,0,faa,3616,2,0,-0.1,False,0.0,0.9,0.6200000000000001,0.6200000000000001,0.0,0.0,0.0,0.0
cc7d03a3a03a3325,0,faa,3617,1,0,-0.1,False,0.0,0.9,0.4580000000000002,0.4580000000000002,0.0,0.0,0.0,0.0
cc7d03a3a03a3325,0,faa,3618,0,1,-0.1,False,0.0,0.9,0.6200000000000001,0.6200000000000001,0.0,0.0,0.0,0.0
cc7d03a3a03a3325,0,faa,3619,1,1,-0.1,False,0.0,0.9,0.8,0.8,0.0,0.0,0.0,0.0
cc7d03a3a03a3325,0,faa,3620,2,1,1.0,True,0.0,0.9,1.0,1.0,0.0,0.0,0.0,0.0
cc7d03a3a03a3325,0,faa,3621,2,0,-0.1,False,0.0,0.9,0.6200000000000001,0.6200000000000001,0.0,0.0,0.0,0.0
cc7d03a3a03a3325,0,faa,3622,1,1,-0.1,False,0.0,0.9,0.8,0.8,0.0,0.0,0.0,0.0
cc7d03a3a03a3325,0,faa,3623,2,1,1.0,True,0.0,0.9,1.0,1.0,0.0,0.0,0.0,0.0
cc7d03a3a03a3325,0,faa,3624,2,1,1.0,True,0.0,0.9,1.0,1.0,0.0,0.0,0.0,0.0
cc7d03a3a03a3325,0,faa,3625,2,1,1.0,True,0.0,0.9,1.0,1.0,0.0,0.0,0.0,0.0
cc7d03a3a03a3325,0,faa,3626,2,1,1.0,True,0.0,0.9,1.0,1.0,0.0,0.0,0.0,0.0
cc7d03a3a03a3325,0,faa,3627,2,0,-0.1,False,0.0,0.9,0.6200000000000001,0.6200000000000001,0.0,0.0,0.0,0.0
cc7d03a3a03a3325,0,faa,3628,1,1,-0.1,False,0.0,0.9,0.8,0.8,0.0,0.0,0.0,0.0
cc7d03a3a03a3325,0,faa,3629,2,1,1.0,True,0.0,0.9,1.0,1.0,0.0,0.0,0.0,0.0
cc7d03a3a03a3325,0,faa,3630,2,1,1.0,True,0.0,0.9,1.0,1.0,0.0,0.0,0.0,0.0
cc7d03a3a03a3325,0,faa,3631,2,1,1.0,True,0.0,0.9,1.0,1.0,0.0,0.0,0.0,0.0
cc7d03a3a03a3325,0,faa,3632,2,0,-0.1,False,0.0,0.9,0.6200000000000001,0.6200000000000001,0.0,0.0,0.0,0.0
cc7d03a3a03a3325,0,faa,3633,1,1,-0.1,False,0.0,0.9,0.8,0.8,0.0,0.0,0.0,0.0
cc7d03a3a03a3325,0,faa,3634,2,1,1.0,True,0.0,0.9,1.0,1.0,0.0,0.0,0.0,0.0
cc7d03a3a03a3325,0,faa,3635,2,1,1.0,True,0.0,0.9,1.0,1.0,0.0,0.0,0.0,0.0
cc7d03a3a03a3325,0,faa,3636,2,1,1.0,True,0.0,0.9,1.0,1.0,0.0,0.0,0.0,0.0
cc7d03a3a03a3325,0,faa,3637,2,1,1.0,True,0.0,0.9,1.0,1.0,0.0,0.0,0.0,0.0
cc7d03a3a03a3325,0,faa,3638,2,1,1.0,True,0.0,0.9,1.0,1.0,0.0,0.0,0.0,0.0
cc7d03a3a03a3325,0,faa,3639,2,1,1.0,True,0.0,0.9,1.0,1.0,0.0,0.0,0.0,0.0
cc7d03a3a03a3325,0,faa,3640,2,1,1.0,True,0.0,0.9,1.0,1.0,0.0,0.0,0.0,0.0
cc7d03a3a03a3325,0,faa,3641,2,1,1.0,True,0.0,0.9,1.0,1.0,0.0,0.0,0.0,0.0
cc7d03a3a03a3325,0,faa,3642,2,1,1.0,True,0.0,0.9,1.0,1.0,0.0,0.0,0.0,0.0
cc7d03a3a03a3325,0,faa,3643,2,0,-0.1,False,0.0,0.9,0.6200000000000001,0.6200000000000001,0.0,0.0,0.0,0.0
cc7d03a3a03a3325,0,faa,3644,1,1,-0.1,False,0.0,0.9,0.8,0.8,0.0,0.0,0.0,0.0
cc7d03a3a03a3325,0,faa,3645,2,0,-0.1,False,0.0,0.9,0.6200000000000001,0.6200000000000001,0.0,0.0,0.0,0.0
cc7d03a3a03a3325,0,faa,3646,1,0,-0.1,False,0.0,0.9,0.4580000000000002,0.4580000000000002,0.0,0.0,0.0,0.0
cc7d03a3a03a3325,0,faa,3647,0,1,-0.1,False,0.0,0.9,0.6200000000000001,0.6200000000000001,0.0,0.0,0.0,0.0
cc7d03a3a03a3325,0,faa,3648,1,1,-0.1,False,0.0,0.9,0.8,0.8,0.0,0.0,0.0,0.0
cc7d03a3a03a3325,0,faa,3649,2,0,-0.1,False,0.0,0.9,0.6200000000000001,0.6200000000000001,0.0,0.0,0.0,0.0
cc7d03a3a03a3325,0,faa,3650,1,1,-0.1,False,0.0,0.9,0.8,0.8,0.0,0.0,0.0,0.0
cc7d03a3a03a3325,0,faa,3651,2,1,1.0,True,0.0,0.9,1.0,1.0,0.0,0.0,0.0,0.0
cc7d03a3a03a3325,0,faa,3652,2,0,-0.1,False,0.0,0.9,0.6200000000000001,0.6200000000000001,0.0,0.0,0.0,0.0
cc7d03a3a03a3325,0,faa,3653,1,1,-0.1,False,0.0,0.9,0.8,0.8,0.0,0.0,0.0,0.0
cc7d03a3a03a3325,0,faa,3654,2,1,1.0,True,0.0,0.9,1.0,1.0,0.0,0.0,0.0,0.0
cc7d03a3a03a3325,0,faa,3655,2,1,1.0,True,0.0,0.9,1.0,1.0,0.0,0.0,0.0,0.0
cc7d03a3a03a3325,0,faa,3656,2,1,1.0,True,0.0,0.9,1.0,1.0,0.0,0.0,0.0,0.0
cc7d03a3a03a3325,0,faa,3657,2,1,1.0,True,0.0,0.9,1.0,1.0,0.0,0.0,0.0,0.0
cc7d03a3a03a3325,0,faa,3658,2,1,1.0,True,0.0,0.9,1.0,1.0,0.0,0.0,0.0,0.0
cc7d03a3a03a3325,0,faa,3659,2,1,1.0,True,0.0,0.9,1.0,1.0,0.0,0.0,0.0,0.0
cc7d03a3a03a3325,0,faa,3660,2,1,1.0,True,0.0,0.9,1.0,1.0,0.0,0.0,0.0,0.0
cc7d03a3a03a3325,0,faa,3661,2,0,-0.1,False,0.0,0.9,0.6200000000000001,0.6200000000000001,0.0,0.0,0.0,0.0
cc7d03a3a03a3325,0,faa,3662,1,1,-0.1,False,0.0,0.9,0.8,0.8,0.0,0.0,0.0,0.0
cc7d03a3a03a3325,0,faa,3663,2,0,-0.1,False,0.0,0.9,0.6200000000000001,0.6200000000000001,0.0,0.0,0.0,0.0
cc7d03a3a03a3325,0,faa,3664,1,1,-0.1,False,0.0,0.9,0.8,0.8,0.0,0.0,0.0,0.0
cc7d03a3a03a3325,0,faa,3665,2,0,-0.1,False,0.0,0.9,0.6200000000000001,0.6200000000000001,0.0,0.0,0.0,0.0
cc7d03a3a03a3325,0,faa,3666,1,1,-0.1,False,0.0,0.9,0.8,0.8,0.0,0.0,0.0,0.0
cc7d03a3a03a3325,0,faa,3667,2,1,1.0,True,0.0,0.9,1.0,1.0,0.0,0.0,0.0,0.0
cc7d03a3a03a3325,0,faa,3668,2,1,1.0,True,0.0,0.9,1.0,1.0,0.0,0.0,0.0,0.0
cc7d03a3a03a3325,0,faa,3669,2,1,1.0,True,0.0,0.9,1.0,1.0,0.0,0.0,0.0,0.0
cc7d03a3a03a3325,0,faa,3670,2,1,1.0,True,0.0,0.9,1.0,1.0,0.0,0.0,0.0,0.0
cc7d03a3a03a3325,0,faa,3671,2,1,1.0,True,0.0,0.9,1.0,1.0,0.0,0.0,0.0,0.0
cc7d03a3a03a3325,0,faa,3672,2,1,1.0,True,0.0,0.9,1.0,1.0,0.0,0.0,0.0,0.0
cc7d03a3a03a3325,0,faa,3673,2,0,-0.1,False,0.0,0.9,0.6200000000000001,0.6200000000000001,0.0,0.0,0.0,0.0
cc7d03a3a03a3325,0,faa,3674,1,0,-0.1,False,0.0,0.9,0.4580000000000002,0.4580000000000002,0.0,0.0,0.0,0.0
cc7d03a3a03a3325,0,faa,3675,0,1,-0.1,False,0.0,0.9,0.6200000000000001,0.6200000000000001,0.0,0.0,0.0,0.0
cc7d03a3a03a3325,0,faa,3676,1,0,-0.1,False,0.0,0.9,0.4580000000000002,0.4580000000000002,0.0,0.0,0.0,0.0
cc7d03a3a03a3325,0,faa,3677,0,0,-0.1,False,0.0,0.9,0.4580000000000002,0.4580000000000002,0.0,0.0,0.0,0.0
cc7d03a3a03a3325,0,faa,3678,0,1,-0.1,False,0.0,0.9,0.6200000000000001,0.6200000000000001,0.0,0.0,0.0,0.0
cc7d03a3a03a3325,0,faa,3679,1,1,-0.1,False,0.0,0.9,0.8,0.8,0.0,0.0,0.0,0.0
cc7d03a3a03a3325,0,faa,3680,2,1,1.0,True,0.0,0.9,1.0,1.0,0.0,0.0,0.0,0.0
cc7d03a3a03a3325,0,faa,3681,2,1,1.0,True,0.0,0.9,1.0,1.0,0.0,0.0,0.0,0.0
cc7d03a3a03a3325,0,faa,3682,2,1,1.0,True,0.0,0.9,1.0,1.0,0.0,0.0,0.0,0.0
cc7d03a3a03a3325,0,faa,3683,2,1,1.0,True,0.0,0.9,1.0,1.0,0.0,0.0,0.0,0.0
cc7d03a3a03a3325,0,faa,3684,2,1,1.0,True,0.0,0.9,1.0,1.0,0.0,0.0,0.0,0.0
cc7d03a3a03a3325,0,faa,3685,2,1,1.0,True,0.0,0.9,1.0,1.0,0.0,0.0,0.0,0.0
cc7d03a3a03a3325,0,faa,3686,2,1,1.0,True,0.0,0.9,1.0,1.0,0.0,0.0,0.0,0.0
cc7d03a3a03a3325,0,faa,3687,2,1,1.0,True,0.0,0.9,1.0,1.0,0.0,0.0,0.0,0.0
cc7d03a3a03a3325,0,faa,3688,2,0,-0.1,False,0.0,0.9,0.6200000000000001,0.6200000000000001,0.0,0.0,0.0,0.0
cc7d03a3a03a3325,0,faa,3689,1,1,-0.1,False,0.0,0.9,0.8,0.8,0.0,0.0,0.0,0.0
cc7d03a3a03a3325,0,faa,3690,2,0,-0.1,False,0.0,0.9,0.6200000000000001,0.6200000000000001,0.0,0.0,0.0,0.0
cc7d03a3a03a3325,0,faa,3691,1,0,-0.1,False,0.0,0.9,0.4580000000000002,0.4580000000000002,0.0,0.0,0.0,0.0
cc7d03a3a03a3325,0,faa,3692,0,1,-0.1,False,0.0,0.9,0.6200000000000001,0.6200000000000001,0.0,0.0,0.0,0.0
cc7d03a3a03a3325,0,faa,3693,1,0,-0.1,False,0.0,0.9,0.4580000000000002,0.4580000000000002,0.0,0.0,0.0,0.0
cc7d03a3a03a3325,0,faa,3694,0,0,-0.1,False,0.0,0.9,0.4580000000000002,0.4580000000000002,0.0,0.0,0.0,0.0
cc7d03a3a03a3325,0,faa,3695,0,1,-0.1,False,0.0,0.9,0.6200000000000001,0.6200000000000001,0.0,0.0,0.0,0.0
cc7d03a3a03a3325,0,faa,3696,1,1,-0.1,False,0.0,0.9,0.8,0.8,0.0,0.0,0.0,0.0
cc7d03a3a03a3325,0,faa,3697,2,1,1.0,True,0.0,0.9,1.0,1.0,0.0,0.0,0.0,0.0
cc7d03a3a03a3325,0,faa,3698,2,1,1.0,True,0.0,0.9,1.0,1.0,0.0,0.0,0.0,0.0
cc7d03a3a03a3325,0,faa,3699,2,1,1.0,True,0.0,0.9,1.0,1.0,0.0,0.0,0.0,0.0
cc7d03a3a03a3325,0,faa,3700,2,0,-0.1,False,0.0,0.9,0.6200000000000001,0.6200000000000001,0.0,0.0,0.0,0.0
cc7d03a3a03a3325,0,faa,3701,1,1,-0.1,False,0.0,0.9,0.8,0.8,0.0,0.0,0.0,0.0
cc7d03a3a03a3325,0,faa,3702,2,1,1.0,True,0.0,0.9,1.0,1.0,0.0,0.0,0.0,0.0
cc7d03a3a03a3325,0,faa,3703,2,1,1.0,True,0.0,0.9,1.0,1.0,0.0,0.0,0.0,0.0
cc7d03a3a03a3325,0,faa,3704,2,1,1.0,True,0.0,0.9,1.0,1.0,0.0,0.0,0.0,0.0
cc7d03a3a03a3325,0,faa,3705,2,1,1.0,True,0.0,0.9,1.0,1.0,0.0,0.0,0.0,0.0
cc7d03a3a03a3325,0,faa,3706,2,1,1.0,True,0.0,0.9,1.0,1.0,0.0,0.0,0.0,0.0
cc7d03a3a03a3325,0,faa,3707,2,1,1.0,True,0.0,0.9,1.0,1.0,0.0,0.0,0.0,0.0
cc7d03a3a03a3325,0,faa,3708,2,1,1.0,True,0.0,0.9,1.0,1.0,0.0,0.0,0.0,0.0
cc7d03a3a03a3325,0,faa,3709,2,1,1.0,True,0.0,0.9,1.0,1.0,0.0,0.0,0.0,0.0
cc7d03a3a03a3325,0,faa,3710,2,1,1.0,True,0.0,0.9,1.0,1.0,0.0,0.0,0.0,0.0
cc7d03a3a03a3325,0,faa,3711,2,0,-0.1,False,0.0,0.9,0.6200000000000001,0.6200000000000001,0.0,0.0,0.0,0.0
cc7d03a3a03a3325,0,faa,3712,1,1,-0.1,False,0.0,0.9,0.8,0.8,0.0,0.0,0.0,0.0
cc7d03a3a03a3325,0,faa,3713,2,1,1.0,True,0.0,0.9,1.0,1.0,0.0,0.0,0.0,0.0
cc7d03a3a03a3325,0,faa,3714,2,1,1.0,True,0.0,0.9,1.0,1.0,0.0,0.0,0.0,0.0
cc7d03a3a03a3325,0,faa,3715,2,1,1.0,True,0.0,0.9,1.0,1.0,0.0,0.0,0.0,0.0
cc7d03a3a03a3325,0,faa,3716,2,1,1.0,True,0.0,0.9,1.0,1.0,0.0,0.0,0.0,0.0
cc7d03a3a03a3325,0,faa,3717,2,1,1.0,True,0.0,0.9,1.0,1.0,0.0,0.0,0.0,0.0
cc7d03a3a03a3325,0,faa,3718,2,1,1.0,True,0.0,0.9,1.0,1.0,0.0,0.0,0.0,0.0
cc7d03a3a03a3325,0,faa,3719,2,0,-0.1,False,0.0,0.9,0.6200000000000001,0.6200000000000001,0.0,0.0,0.0,0.0
cc7d03a3a03a3325,0,faa,3720,1,1,-0.1,False,0.0,0.9,0.8,0.8,0.0,0.0,0.0,0.0
cc7d03a3a03a3325,0,faa,3721,2,1,1.0,True,0.0,0.9,1.0,1.0,0.0,0.0,0.0,0.0
cc7d03a3a03a3325,0,faa,3722,2,1,1.0,True,0.0,0.9,1.0,1.0,0.0,0.0,0.0,0.0
cc7d03a3a03a3325,0,faa,3723,2,0,-0.1,False,0.0,0.9,0.6200000000000001,0.6200000000000001,0.0,0.0,0.0,0.0
cc7d03a3a03a3325,0,faa,3724,1,1,-0.1,False,0.0,0.9,0.8,0.8,0.0,0.0,0.0,0.0
cc7d03a3a03a3325,0,faa,3725,2,1,1.0,True,0.0,0.9,1.0,1.0,0.0,0.0,0.0,0.0
cc7d03a3a03a3325,0,faa,3726,2,1,1.0,True,0.0,0.9,1.0,1.0,0.0,0.0,0.0,0.0
cc7d03a3a03a3325,0,faa,3727,2,1,1.0,True,0.0,0.9,1.0,1.0,0.0,0.0,0.0,0.0
cc7d03a3a03a3325,0,faa,3728,2,1,1.0,True,0.0,0.9,1.0,1.0,0.0,0.0,0.0,0.0
cc7d03a3a03a3325,0,faa,3729,2,1,1.0,True,0.0,0.9,1.0,1.0,0.0,0.0,0.0,0.0
cc7d03a3a03a3325,0,faa,3730,2,1,1.0,True,0.0,0.9,1.0,1.0,0.0,0.0,0.0,0.0
cc7d03a3a03a3325,0,faa,3731,2,1,1.0,True,0.0,0.9,1.0,1.0,0.0,0.0,0.0,0.0
cc7d03a3a03a3325,0,faa,3732,2,1,1.0,True,0.0,0.9,1.0,1.0,0.0,0.0,0.0,0.0
cc7d03a3a03a3325,0,faa,3733,2,1,1.0,True,0.0,0.9,1.0,1.0,0.0,0.0,0.0,0.0
cc7d03a3a03a3325,0,faa,3734,2,1,1.0,True,0.0,0.9,1.0,1.0,0.0,0.0,0.0,0.0
cc7d03a3a03a3325,0,faa,3735,2,1,1.0,True,0.0,0.9,1.0,1.0,0.0,0.0,0.0,0.0
cc7d03a3a03a3325,0,faa,3736,2,1,1.0,True,0.0,0.9,1.0,1.0,0.0,0.0,0.0,0.0
cc7d03a3a03a3325,0,faa,3737,2,1,1.0,True,0.0,0.9,1.0,1.0,0.0,0.0,0.0,0.0
cc7d03a3a03a3325,0,faa,3738,2,1,1.0,True,0.0,0.9,1.0,1.0,0.0,0.0,0.0,0.0
cc7d03a3a03a3325,0,faa,3739,2,1,1.0,True,0.0,0.9,1.0,1.0,0.0,0.0,0.0,0.0
cc7d03a3a03a3325,0,faa,3740,2,1,1.0,True,0.0,0.9,1.0,1.0,0.0,0.0,0.0,0.0
cc7d03a3a03a3325,0,faa,3741,2,1,1.0,True,0.0,0.9,1.0,1.0,0.0,0.0,0.0,0.0
cc7d03a3a03a3325,0,faa,3742,2,1,1.0,True,0.0,0.9,1.0,1.0,0.0,0.0,0.0,0.0
cc7d03a3a03a3325,0,faa,3743,2,1,1.0,True,0.0,0.9,1.0,1.0,0.0,0.0,0.0,0.0
cc7d03a3a03a3325,0,faa,3744,2,0,-0.1,False,0.0,0.9,0.6200000000000001,0.6200000000000001,0.0,0.0,0.0,0.0
cc7d03a3a03a3325,0,faa,3745,1,1,-0.1,False,0.0,0.9,0.8,0.8,0.0,0.0,0.0,0.0
cc7d03a3a03a3325,0,faa,3746,2,0,-0.1,False,0.0,0.9,0.6200000000000001,0.6200000000000001,0.0,0.0,0.0,0.0
cc7d03a3a03a3325,0,faa,3747,1,0,-0.1,False,0.0,0.9,0.4580000000000002,0.4580000000000002,0.0,0.0,0.0,0.0
cc7d03a3a03a3325,0,faa,3748,0,0,-0.1,False,0.0,0.9,0.4580000000000002,0.4580000000000002,0.0,0.0,0.0,0.0
cc7d03a3a03a3325,0,faa,3749,0,1,-0.1,False,0.0,0.9,0.6200000000000001,0.6200000000000001,0.0,0.0,0.0,0.0
cc7d03a3a03a3325,0,faa,3750,1,1,-0.1,False,0.0,0.9,0.8,0.8,0.0,0.0,0.0,0.0
cc7d03a3a03a3325,0,faa,3751,2,1,1.0,True,0.0,0.9,1.0,1.0,0.0,0.0,0.0,0.0
cc7d03a3a03a3325,0,faa,3752,2,1,1.0,True,0.0,0.9,1.0,1.0,0.0,0.0,0.0,0.0
cc7d03a3a03a3325,0,faa,3753,2,1,1.0,True,0.0,0.9,1.0,1.0,0.0,0.0,0.0,0.0
cc7d03a3a03a3325,0,faa,3754,2,1,1.0,True,0.0,0.9,1.0,1.0,0.0,0.0,0.0,0.0
cc7d03a3a03a3325,0,faa,3755,2,1,1.0,True,0.0,0.9,1.0,1.0,0.0,0.0,0.0,0.0
cc7d03a3a03a3325,0,faa,3756,2,1,1.0,True,0.0,0.9,1.0,1.0,0.0,0.0,0.0,0.0
cc7d03a3a03a3325,0,faa,3757,2,0,-0.1,False,0.0,0.9,0.6200000000000001,0.6200000000000001,0.0,0.0,0.0,0.0
cc7d03a3a03a3325,0,faa,3758,1,1,-0.1,False,0.0,0.9,0.8,0.8,0.0,0.0,0.0,0.0
cc7d03a3a03a3325,0,faa,3759,2,1,1.0,True,0.0,0.9,1.0,1.0,0.0,0.0,0.0,0.0
cc7d03a3a03a3325,0,faa,3760,2,1,1.0,True,0.0,0.9,1.0,1.0,0.0,0.0,0.0,0.0
cc7d03a3a03a3325,0,faa,3761,2,1,1.0,True,0.0,0.9,1.0,1.0,0.0,0.0,0.0,0.0
cc7d03a3a03a3325,0,faa,3762,2,1,1.0,True,0.0,0.9,1.0,1.0,0.0,0.0,0.0,0.0
cc7d03a3a03a3325,0,faa,3763,2,1,1.0,True,0.0,0.9,1.0,1.0,0.0,0.0,0.0,0.0
cc7d03a3a03a3325,0,faa,3764,2,1,1.0,True,0.0,0.9,1.0,1.0,0.0,0.0,0.0,0.0
cc7d03a3a03a3325,0,faa,3765,2,1,1.0,True,0.0,0.9,1.0,1.0,0.0,0.0,0.0,0.0
cc7d03a3a03a3325,0,faa,3766,2,1,1.0,True,0.0,0.9,1.0,1.0,0.0,0.0,0.0,0.0
cc7d03a3a03a3325,0,faa,3767,2,0,-0.1,False,0.0,0.9,0.6200000000000001,0.6200000000000001,0.0,0.0,0.0,0.0
cc7d03a3a03a3325,0,faa,3768,1,0,-0.1,False,0.0,0.9,0.4580000000000002,0.4580000000000002,0.0,0.0,0.0,0.0
cc7d03a3a03a3325,0,faa,3769,0,1,-0.1,False,0.0,0.9,0.6200000000000001,0.6200000000000001,0.0,0.0,0.0,0.0
cc7d03a3a03a3325,0,faa,3770,1,0,-0.1,False,0.0,0.9,0.4580000000000002,0.4580000000000002,0.0,0.0,0.0,0.0
cc7d03a3a03a3325,0,faa,3771,0,0,-0.1,False,0.0,0.9,0.4580000000000002,0.4580000000000002,0.0,0.0,0.0,0.0
cc7d03a3a03a3325,0,faa,3772,0,0,-0.1,False,0.0,0.9,0.4580000000000002,0.4580000000000002,0.0,0.0,0.0,0.0
cc7d03a3a03a3325,0,faa,3773,0,0,-0.1,False,0.0,0.9,0.4580000000000002,0.4580000000000002,0.0,0.0,0.0,0.0
cc7d03a3a03a3325,0,faa,3774,0,1,-0.1,False,0.0,0.9,0.6200000000000001,0.6200000000000001,0.0,0.0,0.0,0.0
cc7d03a3a03a3325,0,faa,3775,1,1,-0.1,False,0.0,0.9,0.8,0.8,0.0,0.0,0.0,0.0
cc7d03a3a03a3325,0,faa,3776,2,1,1.0,True,0.0,0.9,1.0,1.0,0.0,0.0,0.0,0.0
cc7d03a3a03a3325,0,faa,3777,2,1,1.0,True,0.0,0.9,1.0,1.0,0.0,0.0,0.0,0.0
cc7d03a3a03a3325,0,faa,3778,2,1,1.0,True,0.0,0.9,1.0,1.0,0.0,0.0,0.0,0.0
cc7d03a3a03a3325,0,faa,3779,2,1,1.0,True,0.0,0.9,1.0,1.0,0.0,0.0,0.0,0.0
cc7d03a3a03a3325,0,faa,3780,2,1,1.0,True,0.0,0.9,1.0,1.0,0.0,0.0,0.0,0.0
cc7d03a3a03a3325,0,faa,3781,2,1,1.0,True,0.0,0.9,1.0,1.0,0.0,0.0,0.0,0.0
cc7d03a3a03a3325,0,faa,3782,2,1,1.0,True,0.0,0.9,1.0,1.0,0.0,0.0,0.0,0.0
cc7d03a3a03a3325,0,faa,3783,2,1,1.0,True,0.0,0.9,1.0,1.0,0.0,0.0,0.0,0.0
cc7d03a3a03a3325,0,faa,3784,2,1,1.0,True,0.0,0.9,1.0,1.0,0.0,0.0,0.0,0.0
cc7d03a3a03a3325,0,faa,3785,2,1,1.0,True,0.0,0.9,1.0,1.0,0.0,0.0,0.0,0.0
cc7d03a3a03a3325,0,faa,3786,2,1,1.0,True,0.0,0.9,1.0,1.0,0.0,0.0,0.0,0.0
cc7d03a3a03a3325,0,faa,3787,2,1,1.0,True,0.0,0.9,1.0,1.0,0.0,0.0,0.0,0.0
cc7d03a3a03a3325,0,faa,3788,2,1,1.0,True,0.0,0.9,1.0,1.0,0.0,0.0,0.0,0.0
cc7d03a3a03a3325,0,faa,3789,2,1,1.0,True,0.0,0.9,1.0,1.0,0.0,0.0,0.0,0.0
cc7d03a3a03a3325,0,faa,3790,2,1,1.0,True,0.0,0.9,1.0,1.0,0.0,0.0,0.0,0.0
cc7d03a3a03a3325,0,faa,3791,2,1,1.0,True,0.0,0.9,1.0,1.0,0.0,0.0,0.0,0.0
cc7d03a3a03a3325,0,faa,3792,2,1,1.0,True,0.0,0.9,1.0,1.0,0.0,0.0,0.0,0.0
cc7d03a3a03a3325,0,faa,3793,2,0,-0.1,False,0.0,0.9,0.6200000000000001,0.6200000000000001,0.0,0.0,0.0,0.0
cc7d03a3a03a3325,0,faa,3794,1,1,-0.1,False,0.0,0.9,0.8,0.8,0.0,0.0,0.0,0.0
cc7d03a3a03a3325,0,faa,3795,2,1,1.0,True,0.0,0.9,1.0,1.0,0.0,0.0,0.0,0.0
cc7d03a3a03a3325,0,faa,3796,2,0,-0.1,False,0.0,0.9,0.6200000000000001,0.6200000000000001,0.0,0.0,0.0,0.0
cc7d03a3a03a3325,0,faa,3797,1,1,-0.1,False,0.0,0.9,0.8,0.8,0.0,0.0,0.0,0.0
cc7d03a3a03a3325,0,faa,3798,2,0,-0.1,False,0.0,0.9,0.6200000000000001,0.6200000000000001,0.0,0.0,0.0,0.0
cc7d03a3a03a3325,0,faa,3799,1,1,-0.1,False,0.0,0.9,0.8,0.8,0.0,0.0,0.0,0.0
cc7d03a3a03a3325,0,faa,3800,2,1,1.0,True,0.0,0.9,1.0,1.0,0.0,0.0,0.0,0.0
cc7d03a3a03a3325,0,faa,3801,2,1,1.0,True,0.0,0.9,1.0,1.0,0.0,0.0,0.0,0.0
cc7d03a3a03a3325,0,faa,3802,2,1,1.0,True,0.0,0.9,1.0,1.0,0.0,0.0,0.0,0.0
cc7d03a3a03a3325,0,faa,3803,2,1,1.0,True,0.0,0.9,1.0,1.0,0.0,0.0,0.0,0.0
cc7d03a3a03a3325,0,faa,3804,2,1,1.0,True,0.0,0.9,1.0,1.0,0.0,0.0,0.0,0.0
cc7d03a3a03a3325,0,faa,3805,2,1,1.0,True,0.0,0.9,1.0,1.0,0.0,0.0,0.0,0.0
cc7d03a3a03a3325,0,faa,3806,2,1,1.0,True,0.0,0.9,1.0,1.0,0.0,0.0,0.0,0.0
cc7d03a3a03a3325,0,faa,3807,2,1,1.0,True,0.0,0.9,1.0,1.0,0.0,0.0,0.0,0.0
cc7d03a3a03a3325,0,faa,3808,2,1,1.0,True,0.0,0.9,1.0,1.0,0.0,0.0,0.0,0.0
cc7d03a3a03a3325,0,faa,3809,2,1,1.0,True,0.0,0.9,1.0,1.0,0.0,0.0,0.0,0.0
cc7d03a3a03a3325,0,faa,3810,2,1,1.0,True,0.0,0.9,1.0,1.0,0.0,0.0,0.0,0.0
cc7d03a3a03a3325,0,faa,3811,2,1,1.0,True,0.0,0.9,1.0,1.0,0.0,0.0,0.0,0.0
cc7d03a3a03a3325,0,faa,3812,2,1,1.0,True,0.0,0.9,1.0,1.0,0.0,0.0,0.0,0.0
cc7d03a3a03a3325,0,faa,3813,2,1,1.0,True,0.0,0.9,1.0,1.0,0.0,0.0,0.0,0.0
cc7d03a3a03a3325,0,faa,3814,2,0,-0.1,False,0.0,0.9,0.6200000000000001,0.6200000000000001,0.0,0.0,0.0,0.0
cc7d03a3a03a3325,0,faa,3815,1,1,-0.1,False,0.0,0.9,0.8,0.8,0.0,0.0,0.0,0.0
cc7d03a3a03a3325,0,faa,3816,2,1,1.0,True,0.0,0.9,1.0,1.0,0.0,0.0,0.0,0.0
cc7d03a3a03a3325,0,faa,3817,2,1,1.0,True,0.0,0.9,1.0,1.0,0.0,0.0,0.0,0.0
cc7d03a3a03a3325,0,faa,3818,2,1,1.0,True,0.0,0.9,1.0,1.0,0.0,0.0,0.0,0.0
cc7d03a3a03a3325,0,faa,3819,2,1,1.0,True,0.0,0.9,1.0,1.0,0.0,0.0,0.0,0.0
cc7d03a3a03a3325,0,faa,3820,2,1,1.0,True,0.0,0.9,1.0,1.0,0.0,0.0,0.0,0.0
cc7d03a3a03a3325,0,faa,3821,2,1,1.0,True,0.0,0.9,1.0,1.0,0.0,0.0,0.0,0.0
cc7d03a3a03a3325,0,faa,3822,2,0,-0.1,False,0.0,0.9,0.6200000000000001,0.6200000000000001,0.0,0.0,0.0,0.0
cc7d03a3a03a3325,0,faa,3823,1,0,-0.1,False,0.0,0.9,0.4580000000000002,0.4580000000000002,0.0,0.0,0.0,0.0
cc7d03a3a03a3325,0,faa,3824,0,1,-0.1,False,0.0,0.9,0.6200000000000001,0.6200000000000001,0.0,0.0,0.0,0.0
cc7d03a3a03a3325,0,faa,3825,1,1,-0.1,False,0.0,0.9,0.8,0.8,0.0,0.0,0.0,0.0
cc7d03a3a03a3325,0,faa,3826,2,1,1.0,True,0.0,0.9,1.0,1.0,0.0,0.0,0.0,0.0
cc7d03a3a03a3325,0,faa,3827,2,1,1.0,True,0.0,0.9,1.0,1.0,0.0,0.0,0.0,0.0
cc7d03a3a03a3325,0,faa,3828,2,1,1.0,True,0.0,0.9,1.0,1.0,0.0,0.0,0.0,0.0
cc7d03a3a03a3325,0,faa,3829,2,1,1.0,True,0.0,0.9,1.0,1.0,0.0,0.0,0.0,0.0
cc7d03a3a03a3325,0,faa,3830,2,1,1.0,True,0.0,0.9,1.0,1.0,0.0,0.0,0.0,0.0
cc7d03a3a03a3325,0,faa,3831,2,0,-0.1,False,0.0,0.9,0.6200000000000001,0.6200000000000001,0.0,0.0,0.0,0.0
cc7d03a3a03a3325,0,faa,3832,1,1,-0.1,False,0.0,0.9,0.8,0.8,0.0,0.0,0.0,0.0
cc7d03a3a03a3325,0,faa,3833,2,1,1.0,True,0.0,0.9,1.0,1.0,0.0,0.0,0.0,0.0
cc7d03a3a03a3325,0,faa,3834,2,1,1.0,True,0.0,0.9,1.0,1.0,0.0,0.0,0.0,0.0
cc7d03a3a03a3325,0,faa,3835,2,1,1.0,True,0.0,0.9,1.0,1.0,0.0,0.0,0.0,0.0
cc7d03a3a03a3325,0,faa,3836,2,1,1.0,True,0.0,0.9,1.0,1.0,0.0,0.0,0.0,0.0
cc7d03a3a03a3325,0,faa,3837,2,1,1.0,True,0.0,0.9,1.0,1.0,0.0,0.0,0.0,0.0
cc7d03a3a03a3325,0,faa,3838,2,1,1.0,True,0.0,0.9,1.0,1.0,0.0,0.0,0.0,0.0
cc7d03a3a03a3325,0,faa,3839,2,1,1.0,True,0.0,0.9,1.0,1.0,0.0,0.0,0.0,0.0
cc7d03a3a03a3325,0,faa,3840,2,1,1.0,True,0.0,0.9,1.0,1.0,0.0,0.0,0.0,0.0
cc7d03a3a03a3325,0,faa,3841,2,1,1.0,True,0.0,0.9,1.0,1.0,0.0,0.0,0.0,0.0
cc7d03a3a03a3325,0,faa,3842,2,1,1.0,True,0.0,0.9,1.0,1.0,0.0,0.0,0.0,0.0
cc7d03a3a03a3325,0,faa,3843,2,1,1.0,True,0.0,0.9,1.0,1.0,0.0,0.0,0.0,0.0
cc7d03a3a03a3325,0,faa,3844,2,0,-0.1,False,0.0,0.9,0.6200000000000001,0.6200000000000001,0.0,0.0,0.0,0.0
cc7d03a3a03a3325,0,faa,3845,1,1,-0.1,False,0.0,0.9,0.8,0.8,0.0,0.0,0.0,0.0
cc7d03a3a03a3325,0,faa,3846,2,1,1.0,True,0.0,0.9,1.0,1.0,0.0,0.0,0.0,0.0
cc7d03a3a03a3325,0,faa,3847,2,1,1.0,True,0.0,0.9,1.0,1.0,0.0,0.0,0.0,0.0
cc7d03a3a03a3325,0,faa,3848,2,1,1.0,True,0.0,0.9,1.0,1.0,0.0,0.0,0.0,0.0
cc7d03a3a03a3325,0,faa,3849,2,1,1.0,True,0.0,0.9,1.0,1.0,0.0,0.0,0.0,0.0
cc7d03a3a03a3325,0,faa,3850,2,1,1.0,True,0.0,0.9,1.0,1.0,0.0,0.0,0.0,0.0
cc7d03a3a03a3325,0,faa,3851,2,1,1.0,True,0.0,0.9,1.0,1.0,0.0,0.0,0.0,0.0
cc7d03a3a03a3325,0,faa,3852,2,0,-0.1,False,0.0,0.9,0.6200000000000001,0.6200000000000001,0.0,0.0,0.0,0.0
cc7d03a3a03a3325,0,faa,3853,1,1,-0.1,False,0.0,0.9,0.8,0.8,0.0,0.0,0.0,0.0
cc7d03a3a03a3325,0,faa,3854,2,1,1.0,True,0.0,0.9,1.0,1.0,0.0,0.0,0.0,0.0
cc7d03a3a03a3325,0,faa,3855,2,1,1.0,True,0.0,0.9,1.0,1.0,0.0,0.0,0.0,0.0
cc7d03a3a03a3325,0,faa,3856,2,1,1.0,True,0.0,0.9,1.0,1.0,0.0,0.0,0.0,0.0
cc7d03a3a03a3325,0,faa,3857,2,1,1.0,True,0.0,0.9,1.0,1.0,0.0,0.0,0.0,0.0
cc7d03a3a03a3325,0,faa,3858,2,1,1.0,True,0.0,0.9,1.0,1.0,0.0,0.0,0.0,0.0
cc7d03a3a03a3325,0,faa,3859,2,1,1.0,True,0.0,0.9,1.0,1.0,0.0,0.0,0.0,0.0
cc7d03a3a03a3325,0,faa,3860,2,0,-0.1,False,0.0,0.9,0.6200000000000001,0.6200000000000001,0.0,0.0,0.0,0.0
cc7d03a3a03a3325,0,faa,3861,1,1,-0.1,False,0.0,0.9,0.8,0.8,0.0,0.0,0.0,0.0
cc7d03a3a03a3325,0,faa,3862,2,1,1.0,True,0.0,0.9,1.0,1.0,0.0,0.0,0.0,0.0
cc7d03a3a03a3325,0,faa,3863,2,1,1.0,True,0.0,0.9,1.0,1.0,0.0,0.0,0.0,0.0
cc7d03a3a03a3325,0,faa,3864,2,1,1.0,True,0.0,0.9,1.0,1.0,0.0,0.0,0.0,0.0
cc7d03a3a03a3325,0,faa,3865,2,1,1.0,True,0.0,0.9,1.0,1.0,0.0,0.0,0.0,0.0
cc7d03a3a03a3325,0,faa,3866,2,1,1.0,True,0.0,0.9,1.0,1.0,0.0,0.0,0.0,0.0
cc7d03a3a03a3325,0,faa,3867,2,0,-0.1,False,0.0,0.9,0.6200000000000001,0.6200000000000001,0.0,0.0,0.0,0.0
cc7d03a3a03a3325,0,faa,3868,1,1,-0.1,False,0.0,0.9,0.8,0.8,0.0,0.0,0.0,0.0
cc7d03a3a03a3325,0,faa,3869,2,1,1.0,True,0.0,0.9,1.0,1.0,0.0,0.0,0.0,0.0
cc7d03a3a03a3325,0,faa,3870,2,0,-0.1,False,0.0,0.9,0.6200000000000001,0.6200000000000001,0.0,0.0,0.0,0.0
cc7d03a3a03a3325,0,faa,3871,1,1,-0.1,False,0.0,0.9,0.8,0.8,0.0,0.0,0.0,0.0
cc7d03a3a03a3325,0,faa,3872,2,1,1.0,True,0.0,0.9,1.0,1.0,0.0,0.0,0.0,0.0
cc7d03a3a03a3325,0,faa,3873,2,1,1.0,True,0.0,0.9,1.0,1.0,0.0,0.0,0.0,0.0
cc7d03a3a03a3325,0,faa,3874,2,1,1.0,True,0.0,0.9,1.0,1.0,0.0,0.0,0.0,0.0
cc7d03a3a03a3325,0,faa,3875,2,1,1.0,True,0.0,0.9,1.0,1.0,0.0,0.0,0.0,0.0
cc7d03a3a03a3325,0,faa,3876,2,1,1.0,True,0.0,0.9,1.0,1.0,0.0,0.0,0.0,0.0
cc7d03a3a03a3325,0,faa,3877,2,1,1.0,True,0.0,0.9,1.0,1.0,0.0,0.0,0.0,0.0
cc7d03a3a03a3325,0,faa,3878,2,1,1.0,True,0.0,0.9,1.0,1.0,0.0,0.0,0.0,0.0
cc7d03a3a03a3325,0,faa,3879,2,1,1.0,True,0.0,0.9,1.0,1.0,0.0,0.0,0.0,0.0
cc7d03a3a03a3325,0,faa,3880,2,1,1.0,True,0.0,0.9,1.0,1.0,0.0,0.0,0.0,0.0
cc7d03a3a03a3325,0,faa,3881,2,1,1.0,True,0.0,0.9,1.0,1.0,0.0,0.0,0.0,0.0
cc7d03a3a03a3325,0,faa,3882,2,1,1.0,True,0.0,0.9,1.0,1.0,0.0,0.0,0.0,0.0
cc7d03a3a03a3325,0,faa,3883,2,1,1.0,True,0.0,0.9,1.0,1.0,0.0,0.0,0.0,0.0
cc7d03a3a03a3325,0,faa,3884,2,0,-0.1,False,0.0,0.9,0.6200000000000001,0.6200000000000001,0.0,0.0,0.0,0.0
cc7d03a3a03a3325,0,faa,3885,1,1,-0.1,False,0.0,0.9,0.8,0.8,0.0,0.0,0.0,0.0
cc7d03a3a03a3325,0,faa,3886,2,1,1.0,True,0.0,0.9,1.0,1.0,0.0,0.0,0.0,0.0
cc7d03a3a03a3325,0,faa,3887,2,1,1.0,True,0.0,0.9,1.0,1.0,0.0,0.0,0.0,0.0
cc7d03a3a03a3325,0,faa,3888,2,0,-0.1,False,0.0,0.9,0.6200000000000001,0.6200000000000001,0.0,0.0,0.0,0.0
cc7d03a3a03a3325,0,faa,3889,1,1,-0.1,False,0.0,0.9,0.8,0.8,0.0,0.0,0.0,0.0
cc7d03a3a03a3325,0,faa,3890,2,1,1.0,True,0.0,0.9,1.0,1.0,0.0,0.0,0.0,0.0
cc7d03a3a03a3325,0,faa,3891,2,1,1.0,True,0.0,0.9,1.0,1.0,0.0,0.0,0.0,0.0
cc7d03a3a03a3325,0,faa,3892,2,1,1.0,True,0.0,0.9,1.0,1.0,0.0,0.0,0.0,0.0
cc7d03a3a03a3325,0,faa,3893,2,1,1.0,True,0.0,0.9,1.0,1.0,0.0,0.0,0.0,0.0
cc7d03a3a03a3325,0,faa,3894,2,1,1.0,True,0.0,0.9,1.0,1.0,0.0,0.0,0.0,0.0
cc7d03a3a03a3325,0,faa,3895,2,1,1.0,True,0.0,0.9,1.0,1.0,0.0,0.0,0.0,0.0
cc7d03a3a03a3325,0,faa,3896,2,1,1.0,True,0.0,0.9,1.0,1.0,0.0,0.0,0.0,0.0
cc7d03a3a03a3325,0,faa,3897,2,1,1.0,True,0.0,0.9,1.0,1.0,0.0,0.0,0.0,0.0
cc7d03a3a03a3325,0,faa,3898,2,1,1.0,True,0.0,0.9,1.0,1.0,0.0,0.0,0.0,0.0
cc7d03a3a03a3325,0,faa,3899,2,1,1.0,True,0.0,0.9,1.0,1.0,0.0,0.0,0.0,0.0
cc7d03a3a03a3325,0,faa,3900,2,1,1.0,True,0.0,0.9,1.0,1.0,0.0,0.0,0.0,0.0
cc7d03a3a03a3325,0,faa,3901,2,1,1.0,True,0.0,0.9,1.0,1.0,0.0,0.0,0.0,0.0
cc7d03a3a03a3325,0,faa,3902,2,1,1.0,True,0.0,0.9,1.0,1.0,0.0,0.0,0.0,0.0
cc7d03a3a03a3325,0,faa,3903,2,1,1.0,True,0.0,0.9,1.0,1.0,0.0,0.0,0.0,0.0
cc7d03a3a03a3325,0,faa,3904,2,0,-0.1,False,0.0,0.9,0.6200000000000001,0.6200000000000001,0.0,0.0,0.0,0.0
cc7d03a3a03a3325,0,faa,3905,1,1,-0.1,False,0.0,0.9,0.8,0.8,0.0,0.0,0.0,0.0
cc7d03a3a03a3325,0,faa,3906,2,1,1.0,True,0.0,0.9,1.0,1.0,0.0,0.0,0.0,0.0
cc7d03a3a03a3325,0,faa,3907,2,1,1.0,True,0.0,0.9,1.0,1.0,0.0,0.0,0.0,0.0
cc7d03a3a03a3325,0,faa,3908,2,0,-0.1,False,0.0,0.9,0.6200000000000001,0.6200000000000001,0.0,0.0,0.0,0.0
cc7d03a3a03a3325,0,faa,3909,1,1,-0.1,False,0.0,0.9,0.8,0.8,0.0,0.0,0.0,0.0
cc7d03a3a03a3325,0,faa,3910,2,1,1.0,True,0.0,0.9,1.0,1.0,0.0,0.0,0.0,0.0
cc7d03a3a03a3325,0,faa,3911,2,1,1.0,True,0.0,0.9,1.0,1.0,0.0,0.0,0.0,0.0
cc7d03a3a03a3325,0,faa,3912,2,0,-0.1,False,0.0,0.9,0.6200000000000001,0.6200000000000001,0.0,0.0,0.0,0.0
cc7d03a3a03a3325,0,faa,3913,1,1,-0.1,False,0.0,0.9,0.8,0.8,0.0,0.0,0.0,0.0
cc7d03a3a03a3325,0,faa,3914,2,1,1.0,True,0.0,0.9,1.0,1.0,0.0,0.0,0.0,0.0
cc7d03a3a03a3325,0,faa,3915,2,1,1.0,True,0.0,0.9,1.0,1.0,0.0,0.0,0.0,0.0
cc7d03a3a03a3325,0,faa,3916,2,1,1.0,True,0.0,0.9,1.0,1.0,0.0,0.0,0.0,0.0
cc7d03a3a03a3325,0,faa,3917,2,1,1.0,True,0.0,0.9,1.0,1.0,0.0,0.0,0.0,0.0
cc7d03a3a03a3325,0,faa,3918,2,0,-0.1,False,0.0,0.9,0.6200000000000001,0.6200000000000001,0.0,0.0,0.0,0.0
cc7d03a3a03a3325,0,faa,3919,1,1,-0.1,False,0.0,0.9,0.8,0.8,0.0,0.0,0.0,0.0
cc7d03a3a03a3325,0,faa,3920,2,1,1.0,True,0.0,0.9,1.0,1.0,0.0,0.0,0.0,0.0
cc7d03a3a03a3325,0,faa,3921,2,1,1.0,True,0.0,0.9,1.0,1.0,0.0,0.0,0.0,0.0
cc7d03a3a03a3325,0,faa,3922,2,1,1.0,True,0.0,0.9,1.0,1.0,0.0,0.0,0.0,0.0
cc7d03a3a03a3325,0,faa,3923,2,0,-0.1,False,0.0,0.9,0.6200000000000001,0.6200000000000001,0.0,0.0,0.0,0.0
cc7d03a3a03a3325,0,faa,3924,1,1,-0.1,False,0.0,0.9,0.8,0.8,0.0,0.0,0.0,0.0
cc7d03a3a03a3325,0,faa,3925,2,1,1.0,True,0.0,0.9,1.0,1.0,0.0,0.0,0.0,0.0
cc7d03a3a03a3325,0,faa,3926,2,1,1.0,True,0.0,0.9,1.0,1.0,0.0,0.0,0.0,0.0
cc7d03a3a03a3325,0,faa,3927,2,1,1.0,True,0.0,0.9,1.0,1.0,0.0,0.0,0.0,0.0
cc7d03a3a03a3325,0,faa,3928,2,1,1.0,True,0.0,0.9,1.0,1.0,0.0,0.0,0.0,0.0
cc7d03a3a03a3325,0,faa,3929,2,1,1.0,True,0.0,0.9,1.0,1.0,0.0,0.0,0.0,0.0
cc7d03a3a03a3325,0,faa,3930,2,1,1.0,True,0.0,0.9,1.0,1.0,0.0,0.0,0.0,0.0
cc7d03a3a03a3325,0,faa,3931,2,1,1.0,True,0.0,0.9,1.0,1.0,0.0,0.0,0.0,0.0
cc7d03a3a03a3325,0,faa,3932,2,1,1.0,True,0.0,0.9,1.0,1.0,0.0,0.0,0.0,0.0
cc7d03a3a03a3325,0,faa,3933,2,1,1.0,True,0.0,0.9,1.0,1.0,0.0,0.0,0.0,0.0
cc7d03a3a03a3325,0,faa,3934,2,0,-0.1,False,0.0,0.9,0.6200000000000001,0.6200000000000001,0.0,0.0,0.0,0.0
cc7d03a3a03a3325,0,faa,3935,1,1,-0.1,False,0.0,0.9,0.8,0.8,0.0,0.0,0.0,0.0
cc7d03a3a03a3325,0,faa,3936,2,1,1.0,True,0.0,0.9,1.0,1.0,0.0,0.0,0.0,0.0
cc7d03a3a03a3325,0,faa,3937,2,1,1.0,True,0.0,0.9,1.0,1.0,0.0,0.0,0.0,0.0
cc7d03a3a03a3325,0,faa,3938,2,1,1.0,True,0.0,0.9,1.0,1.0,0.0,0.0,0.0,0.0
cc7d03a3a03a3325,0,faa,3939,2,0,-0.1,False,0.0,0.9,0.6200000000000001,0.6200000000000001,0.0,0.0,0.0,0.0
cc7d03a3a03a3325,0,faa,3940,1,1,-0.1,False,0.0,0.9,0.8,0.8,0.0,0.0,0.0,0.0
cc7d03a3a03a3325,0,faa,3941,2,1,1.0,True,0.0,0.9,1.0,1.0,0.0,0.0,0.0,0.0
cc7d03a3a03a3325,0,faa,3942,2,1,1.0,True,0.0,0.9,1.0,1.0,0.0,0.0,0.0,0.0
cc7d03a3a03a3325,0,faa,3943,2,0,-0.1,False,0.0,0.9,0.6200000000000001,0.6200000000000001,0.0,0.0,0.0,0.0
cc7d03a3a03a3325,0,faa,3944,1,1,-0.1,False,0.0,0.9,0.8,0.8,0.0,0.0,0.0,0.0
cc7d03a3a03a3325,0,faa,3945,2,1,1.0,True,0.0,0.9,1.0,1.0,0.0,0.0,0.0,0.0
cc7d03a3a03a3325,0,faa,3946,2,1,1.0,True,0.0,0.9,1.0,1.0,0.0,0.0,0.0,0.0
cc7d03a3a03a3325,0,faa,3947,2,1,1.0,True,0.0,0.9,1.0,1.0,0.0,0.0,0.0,0.0
cc7d03a3a03a3325,0,faa,3948,2,1,1.0,True,0.0,0.9,1.0,1.0,0.0,0.0,0.0,0.0
cc7d03a3a03a3325,0,faa,3949,2,1,1.0,True,0.0,0.9,1.0,1.0,0.0,0.0,0.0,0.0
cc7d03a3a03a3325,0,faa,3950,2,1,1.0,True,0.0,0.9,1.0,1.0,0.0,0.0,0.0,0.0
cc7d03a3a03a3325,0,faa,3951,2,1,1.0,True,0.0,0.9,1.0,1.0,0.0,0.0,0.0,0.0
cc7d03a3a03a3325,0,faa,3952,2,1,1.0,True,0.0,0.9,1.0,1.0,0.0,0.0,0.0,0.0
cc7d03a3a03a3325,0,faa,3953,2,0,-0.1,False,0.0,0.9,0.6200000000000001,0.6200000000000001,0.0,0.0,0.0,0.0
cc7d03a3a03a3325,0,faa,3954,1,1,-0.1,False,0.0,0.9,0.8,0.8,0.0,0.0,0.0,0.0
cc7d03a3a03a3325,0,faa,3955,2,0,-0.1,False,0.0,0.9,0.6200000000000001,0.6200000000000001,0.0,0.0,0.0,0.0
cc7d03a3a03a3325,0,faa,3956,1,1,-0.1,False,0.0,0.9,0.8,0.8,0.0,0.0,0.0,0.0
cc7d03a3a03a3325,0,faa,3957,2,1,1.0,True,0.0,0.9,1.0,1.0,0.0,0.0,0.0,0.0
cc7d03a3a03a3325,0,faa,3958,2,1,1.0,True,0.0,0.9,1.0,1.0,0.0,0.0,0.0,0.0
cc7d03a3a03a3325,0,faa,3959,2,0,-0.1,False,0.0,0.9,0.6200000000000001,0.6200000000000001,0.0,0.0,0.0,0.0
cc7d03a3a03a3325,0,faa,3960,1,1,-0.1,False,0.0,0.9,0.8,0.8,0.0,0.0,0.0,0.0
cc7d03a3a03a3325,0,faa,3961,2,1,1.0,True,0.0,0.9,1.0,1.0,0.0,0.0,0.0,0.0
cc7d03a3a03a3325,0,faa,3962,2,0,-0.1,False,0.0,0.9,0.6200000000000001,0.6200000000000001,0.0,0.0,0.0,0.0
cc7d03a3a03a3325,0,faa,3963,1,0,-0.1,False,0.0,0.9,0.4580000000000002,0.4580000000000002,0.0,0.0,0.0,0.0
cc7d03a3a03a3325,0,faa,3964,0,1,-0.1,False,0.0,0.9,0.6200000000000001,0.6200000000000001,0.0,0.0,0.0,0.0
cc7d03a3a03a3325,0,faa,3965,1,1,-0.1,False,0.0,0.9,0.8,0.8,0.0,0.0,0.0,0.0
cc7d03a3a03a3325,0,faa,3966,2,1,1.0,True,0.0,0.9,1.0,1.0,0.0,0.0,0.0,0.0
cc7d03a3a03a3325,0,faa,3967,2,1,1.0,True,0.0,0.9,1.0,1.0,0.0,0.0,0.0,0.0
cc7d03a3a03a3325,0,faa,3968,2,1,1.0,True,0.0,0.9,1.0,1.0,0.0,0.0,0.0,0.0
cc7d03a3a03a3325,0,faa,3969,2,1,1.0,True,0.0,0.9,1.0,1.0,0.0,0.0,0.0,0.0
cc7d03a3a03a3325,0,faa,3970,2,1,1.0,True,0.0,0.9,1.0,1.0,0.0,0.0,0.0,0.0
cc7d03a3a03a3325,0,faa,3971,2,1,1.0,True,0.0,0.9,1.0,1.0,0.0,0.0,0.0,0.0
cc7d03a3a03a3325,0,faa,3972,2,1,1.0,True,0.0,0.9,1.0,1.0,0.0,0.0,0.0,0.0
cc7d03a3a03a3325,0,faa,3973,2,1,1.0,True,0.0,0.9,1.0,1.0,0.0,0.0,0.0,0.0
cc7d03a3a03a3325,0,faa,3974,2,0,-0.1,False,0.0,0.9,0.6200000000000001,0.6200000000000001,0.0,0.0,0.0,0.0
cc7d03a3a03a3325,0,faa,3975,1,1,-0.1,False,0.0,0.9,0.8,0.8,0.0,0.0,0.0,0.0
cc7d03a3a03a3325,0,faa,3976,2,0,-0.1,False,0.0,0.9,0.6200000000000001,0.6200000000000001,0.0,0.0,0.0,0.0
cc7d03a3a03a3325,0,faa,3977,1,1,-0.1,False,0.0,0.9,0.8,0.8,0.0,0.0,0.0,0.0
cc7d03a3a03a3325,0,faa,3978,2,1,1.0,True,0.0,0.9,1.0,1.0,0.0,0.0,0.0,0.0
cc7d03a3a03a3325,0,faa,3979,2,1,1.0,True,0.0,0.9,1.0,1.0,0.0,0.0,0.0,0.0
cc7d03a3a03a3325,0,faa,3980,2,1,1.0,True,0.0,0.9,1.0,1.0,0.0,0.0,0.0,0.0
cc7d03a3a03a3325,0,faa,3981,2,1,1.0,True,0.0,0.9,1.0,1.0,0.0,0.0,0.0,0.0
cc7d03a3a03a3325,0,faa,3982,2,1,1.0,True,0.0,0.9,1.0,1.0,0.0,0.0,0.0,0.0
cc7d03a3a03a3325,0,faa,3983,2,1,1.0,True,0.0,0.9,1.0,1.0,0.0,0.0,0.0,0.0
cc7d03a3a03a3325,0,faa,3984,2,1,1.0,True,0.0,0.9,1.0,1.0,0.0,0.0,0.0,0.0
cc7d03a3a03a3325,0,faa,3985,2,1,1.0,True,0.0,0.9,1.0,1.0,0.0,0.0,0.0,0.0
cc7d03a3a03a3325,0,faa,3986,2,1,1.0,True,0.0,0.9,1.0,1.0,0.0,0.0,0.0,0.0
cc7d03a3a03a3325,0,faa,3987,2,1,1.0,True,0.0,0.9,1.0,1.0,0.0,0.0,0.0,0.0
cc7d03a3a03a3325,0,faa,3988,2,1,1.0,True,0.0,0.9,1.0,1.0,0.0,0.0,0.0,0.0
cc7d03a3a03a3325,0,faa,3989,2,1,1.0,True,0.0,0.9,1.0,1.0,0.0,0.0,0.0,0.0
cc7d03a3a03a3325,0,faa,3990,2,1,1.0,True,0.0,0.9,1.0,1.0,0.0,0.0,0.0,0.0
cc7d03a3a03a3325,0,faa,3991,2,0,-0.1,False,0.0,0.9,0.6200000000000001,0.6200000000000001,0.0,0.0,0.0,0.0
cc7d03a3a03a3325,0,faa,3992,1,1,-0.1,False,0.0,0.9,0.8,0.8,0.0,0.0,0.0,0.0
cc7d03a3a03a3325,0,faa,3993,2,1,1.0,True,0.0,0.9,1.0,1.0,0.0,0.0,0.0,0.0
cc7d03a3a03a3325,0,faa,3994,2,1,1.0,True,0.0,0.9,1.0,1.0,0.0,0.0,0.0,0.0
cc7d03a3a03a3325,0,faa,3995,2,1,1.0,True,0.0,0.9,1.0,1.0,0.0,0.0,0.0,0.0
cc7d03a3a03a3325,0,faa,3996,2,1,1.0,True,0.0,0.9,1.0,1.0,0.0,0.0,0.0,0.0
cc7d03a3a03a3325,0,faa,3997,2,1,1.0,True,0.0,0.9,1.0,1.0,0.0,0.0,0.0,0.0
cc7d03a3a03a3325,0,faa,3998,2,0,-0.1,False,0.0,0.9,0.6200000000000001,0.6200000000000001,0.0,0.0,0.0,0.0
cc7d03a3a03a3325,0,faa,3999,1,1,-0.1,False,0.0,0.9,0.8,0.8,0.0,0.0,0.0,0.0
cc7d03a3a03a3325,0,faa,4000,2,1,1.0,True,0.0,0.9,1.0,1.0,0.0,0.0,0.0,0.0
cc7d03a3a03a3325,0,faa,4001,2,1,1.0,True,0.0,0.9,1.0,1.0,0.0,0.0,0.0,0.0
cc7d03a3a03a3325,0,faa,4002,2,0,-0.1,False,0.0,0.9,0.6200000000000001,0.6200000000000001,0.0,0.0,0.0,0.0
cc7d03a3a03a3325,0,faa,4003,1,1,-0.1,False,0.0,0.9,0.8,0.8,0.0,0.0,0.0,0.0
cc7d03a3a03a3325,0,faa,4004,2,1,1.0,True,0.0,0.9,1.0,1.0,0.0,0.0,0.0,0.0
cc7d03a3a03a3325,0,faa,4005,2,1,1.0,True,0.0,0.9,1.0,1.0,0.0,0.0,0.0,0.0
cc7d03a3a03a3325,0,faa,4006,2,1,1.0,True,0.0,0.9,1.0,1.0,0.0,0.0,0.0,0.0
cc7d03a3a03a3325,0,faa,4007,2,1,1.0,True,0.0,0.9,1.0,1.0,0.0,0.0,0.0,0.0
cc7d03a3a03a3325,0,faa,4008,2,1,1.0,True,0.0,0.9,1.0,1.0,0.0,0.0,0.0,0.0
cc7d03a3a03a3325,0,faa,4009,2,1,1.0,True,0.0,0.9,1.0,1.0,0.0,0.0,0.0,0.0
cc7d03a3a03a3325,0,faa,4010,2,0,-0.1,False,0.0,0.9,0.6200000000000001,0.6200000000000001,0.0,0.0,0.0,0.0
cc7d03a3a03a3325,0,faa,4011,1,1,-0.1,False,0.0,0.9,0.8,0.8,0.0,0.0,0.0,0.0
cc7d03a3a03a3325,0,faa,4012,2,1,1.0,True,0.0,0.9,1.0,1.0,0.0,0.0,0.0,0.0
cc7d03a3a03a3325,0,faa,4013,2,1,1.0,True,0.0,0.9,1.0,1.0,0.0,0.0,0.0,0.0
cc7d03a3a03a3325,0,faa,4014,2,1,1.0,True,0.0,0.9,1.0,1.0,0.0,0.0,0.0,0.0
cc7d03a3a03a3325,0,faa,4015,2,1,1.0,True,0.0,0.9,1.0,1.0,0.0,0.0,0.0,0.0
cc7d03a3a03a3325,0,faa,4016,2,1,1.0,True,0.0,0.9,1.0,1.0,0.0,0.0,0.0,0.0
cc7d03a3a03a3325,0,faa,4017,2,1,1.0,True,0.0,0.9,1.0,1.0,0.0,0.0,0.0,0.0
cc7d03a3a03a3325,0,faa,4018,2,0,-0.1,False,0.0,0.9,0.6200000000000001,0.6200000000000001,0.0,0.0,0.0,0.0
cc7d03a3a03a3325,0,faa,4019,1,1,-0.1,False,0.0,0.9,0.8,0.8,0.0,0.0,0.0,0.0
cc7d03a3a03a3325,0,faa,4020,2,1,1.0,True,0.0,0.9,1.0,1.0,0.0,0.0,0.0,0.0
cc7d03a3a03a3325,0,faa,4021,2,1,1.0,True,0.0,0.9,1.0,1.0,0.0,0.0,0.0,0.0
cc7d03a3a03a3325,0,faa,4022,2,1,1.0,True,0.0,0.9,1.0,1.0,0.0,0.0,0.0,0.0
cc7d03a3a03a3325,0,faa,4023,2,1,1.0,True,0.0,0.9,1.0,1.0,0.0,0.0,0.0,0.0
cc7d03a3a03a3325,0,faa,4024,2,1,1.0,True,0.0,0.9,1.0,1.0,0.0,0.0,0.0,0.0
cc7d03a3a03a3325,0,faa,4025,2,1,1.0,True,0.0,0.9,1.0,1.0,0.0,0.0,0.0,0.0
cc7d03a3a03a3325,0,faa,4026,2,1,1.0,True,0.0,0.9,1.0,1.0,0.0,0.0,0.0,0.0
cc7d03a3a03a3325,0,faa,4027,2,1,1.0,True,0.0,0.9,1.0,1.0,0.0,0.0,0.0,0.0
cc7d03a3a03a3325,0,faa,4028,2,1,1.0,True,0.0,0.9,1.0,1.0,0.0,0.0,0.0,0.0
cc7d03a3a03a3325,0,faa,4029,2,1,1.0,True,0.0,0.9,1.0,1.0,0.0,0.0,0.0,0.0
cc7d03a3a03a3325,0,faa,4030,2,1,1.0,True,0.0,0.9,1.0,1.0,0.0,0.0,0.0,0.0
cc7d03a3a03a3325,0,faa,4031,2,1,1.0,True,0.0,0.9,1.0,1.0,0.0,0.0,0.0,0.0
cc7d03a3a03a3325,0,faa,4032,2,0,-0.1,False,0.0,0.9,0.6200000000000001,0.6200000000000001,0.0,0.0,0.0,0.0
cc7d03a3a03a3325,0,faa,4033,1,1,-0.1,False,0.0,0.9,0.8,0.8,0.0,0.0,0.0,0.0
cc7d03a3a03a3325,0,faa,4034,2,1,1.0,True,0.0,0.9,1.0,1.0,0.0,0.0,0.0,0.0
cc7d03a3a03a3325,0,faa,4035,2,1,1.0,True,0.0,0.9,1.0,1.0,0.0,0.0,0.0,0.0
cc7d03a3a03a3325,0,faa,4036,2,1,1.0,True,0.0,0.9,1.0,1.0,0.0,0.0,0.0,0.0
cc7d03a3a03a3325,0,faa,4037,2,1,1.0,True,0.0,0.9,1.0,1.0,0.0,0.0,0.0,0.0
cc7d03a3a03a3325,0,faa,4038,2,1,1.0,True,0.0,0.9,1.0,1.0,0.0,0.0,0.0,0.0
cc7d03a3a03a3325,0,faa,4039,2,1,1.0,True,0.0,0.9,1.0,1.0,0.0,0.0,0.0,0.0
cc7d03a3a03a3325,0,faa,4040,2,1,1.0,True,0.0,0.9,1.0,1.0,0.0,0.0,0.0,0.0
cc7d03a3a03a3325,0,faa,4041,2,0,-0.1,False,0.0,0.9,0.6200000000000001,0.6200000000000001,0.0,0.0,0.0,0.0
cc7d03a3a03a3325,0,faa,4042,1,1,-0.1,False,0.0,0.9,0.8,0.8,0.0,0.0,0.0,0.0
cc7d03a3a03a3325,0,faa,4043,2,1,1.0,True,0.0,0.9,1.0,1.0,0.0,0.0,0.0,0.0
cc7d03a3a03a3325,0,faa,4044,2,1,1.0,True,0.0,0.9,1.0,1.0,0.0,0.0,0.0,0.0
cc7d03a3a03a3325,0,faa,4045,2,1,1.0,True,0.0,0.9,1.0,1.0,0.0,0.0,0.0,0.0
cc7d03a3a03a3325,0,faa,4046,2,1,1.0,True,0.0,0.9,1.0,1.0,0.0,0.0,0.0,0.0
cc7d03a3a03a3325,0,faa,4047,2,1,1.0,True,0.0,0.9,1.0,1.0,0.0,0.0,0.0,0.0
cc7d03a3a03a3325,0,faa,4048,2,1,1.0,True,0.0,0.9,1.0,1.0,0.0,0.0,0.0,0.0
cc7d03a3a03a3325,0,faa,4049,2,1,1.0,True,0.0,0.9,1.0,1.0,0.0,0.0,0.0,0.0
cc7d03a3a03a3325,0,faa,4050,2,1,1.0,True,0.0,0.9,1.0,1.0,0.0,0.0,0.0,0.0
cc7d03a3a03a3325,0,faa,4051,2,0,-0.1,False,0.0,0.9,0.6200000000000001,0.6200000000000001,0.0,0.0,0.0,0.0
cc7d03a3a03a3325,0,faa,4052,1,1,-0.1,False,0.0,0.9,0.8,0.8,0.0,0.0,0.0,0.0
cc7d03a3a03a3325,0,faa,4053,2,1,1.0,True,0.0,0.9,1.0,1.0,0.0,0.0,0.0,0.0
cc7d03a3a03a3325,0,faa,4054,2,1,1.0,True,0.0,0.9,1.0,1.0,0.0,0.0,0.0,0.0
cc7d03a3a03a3325,0,faa,4055,2,1,1.0,True,0.0,0.9,1.0,1.0,0.0,0.0,0.0,0.0
cc7d03a3a03a3325,0,faa,4056,2,1,1.0,True,0.0,0.9,1.0,1.0,0.0,0.0,0.0,0.0
cc7d03a3a03a3325,0,faa,4057,2,1,1.0,True,0.0,0.9,1.0,1.0,0.0,0.0,0.0,0.0
cc7d03a3a03a3325,0,faa,4058,2,1,1.0,True,0.0,0.9,1.0,1.0,0.0,0.0,0.0,0.0
cc7d03a3a03a3325,0,faa,4059,2,1,1.0,True,0.0,0.9,1.0,1.0,0.0,0.0,0.0,0.0
cc7d03a3a03a3325,0,faa,4060,2,1,1.0,True,0.0,0.9,1.0,1.0,0.0,0.0,0.0,0.0
cc7d03a3a03a3325,0,faa,4061,2,1,1.0,True,0.0,0.9,1.0,1.0,0.0,0.0,0.0,0.0
cc7d03a3a03a3325,0,faa,4062,2,1,1.0,True,0.0,0.9,1.0,1.0,0.0,0.0,0.0,0.0
cc7d03a3a03a3325,0,faa,4063,2,1,1.0,True,0.0,0.9,1.0,1.0,0.0,0.0,0.0,0.0
cc7d03a3a03a3325,0,faa,4064,2,1,1.0,True,0.0,0.9,1.0,1.0,0.0,0.0,0.0,0.0
cc7d03a3a03a3325,0,faa,4065,2,1,1.0,True,0.0,0.9,1.0,1.0,0.0,0.0,0.0,0.0
cc7d03a3a03a3325,0,faa,4066,2,0,-0.1,False,0.0,0.9,0.6200000000000001,0.6200000000000001,0.0,0.0,0.0,0.0
cc7d03a3a03a3325,0,faa,4067,1,0,-0.1,False,0.0,0.9,0.4580000000000002,0.4580000000000002,0.0,0.0,0.0,0.0
cc7d03a3a03a3325,0,faa,4068,0,0,-0.1,False,0.0,0.9,0.4580000000000002,0.4580000000000002,0.0,0.0,0.0,0.0
cc7d03a3a03a3325,0,faa,4069,0,1,-0.1,False,0.0,0.9,0.6200000000000001,0.6200000000000001,0.0,0.0,0.0,0.0
cc7d03a3a03a3325,0,faa,4070,1,1,-0.1,False,0.0,0.9,0.8,0.8,0.0,0.0,0.0,0.0
cc7d03a3a03a3325,0,faa,4071,2,1,1.0,True,0.0,0.9,1.0,1.0,0.0,0.0,0.0,0.0
cc7d03a3a03a3325,0,faa,4072,2,1,1.0,True,0.0,0.9,1.0,1.0,0.0,0.0,0.0,0.0
cc7d03a3a03a3325,0,faa,4073,2,1,1.0,True,0.0,0.9,1.0,1.0,0.0,0.0,0.0,0.0
cc7d03a3a03a3325,0,faa,4074,2,1,1.0,True,0.0,0.9,1.0,1.0,0.0,0.0,0.0,0.0
cc7d03a3a03a3325,0,faa,4075,2,0,-0.1,False,0.0,0.9,0.6200000000000001,0.6200000000000001,0.0,0.0,0.0,0.0
cc7d03a3a03a3325,0,faa,4076,1,1,-0.1,False,0.0,0.9,0.8,0.8,0.0,0.0,0.0,0.0
cc7d03a3a03a3325,0,faa,4077,2,1,1.0,True,0.0,0.9,1.0,1.0,0.0,0.0,0.0,0.0
cc7d03a3a03a3325,0,faa,4078,2,0,-0.1,False,0.0,0.9,0.6200000000000001,0.6200000000000001,0.0,0.0,0.0,0.0
cc7d03a3a03a3325,0,faa,4079,1,1,-0.1,False,0.0,0.9,0.8,0.8,0.0,0.0,0.0,0.0
cc7d03a3a03a3325,0,faa,4080,2,1,1.0,True,0.0,0.9,1.0,1.0,0.0,0.0,0.0,0.0
cc7d03a3a03a3325,0,faa,4081,2,0,-0.1,False,0.0,0.9,0.6200000000000001,0.6200000000000001,0.0,0.0,0.0,0.0
cc7d03a3a03a3325,0,faa,4082,1,1,-0.1,False,0.0,0.9,0.8,0.8,0.0,0.0,0.0,0.0
cc7d03a3a03a3325,0,faa,4083,2,1,1.0,True,0.0,0.9,1.0,1.0,0.0,0.0,0.0,0.0
cc7d03a3a03a3325,0,faa,4084,2,0,-0.1,False,0.0,0.9,0.6200000000000001,0.6200000000000001,0.0,0.0,0.0,0.0
cc7d03a3a03a3325,0,faa,4085,1,1,-0.1,False,0.0,0.9,0.8,0.8,0.0,0.0,0.0,0.0
cc7d03a3a03a3325,0,faa,4086,2,1,1.0,True,0.0,0.9,1.0,1.0,0.0,0.0,0.0,0.0
cc7d03a3a03a3325,0,faa,4087,2,1,1.0,True,0.0,0.9,1.0,1.0,0.0,0.0,0.0,0.0
cc7d03a3a03a3325,0,faa,4088,2,1,1.0,True,0.0,0.9,1.0,1.0,0.0,0.0,0.0,0.0
cc7d03a3a03a3325,0,faa,4089,2,1,1.0,True,0.0,0.9,1.0,1.0,0.0,0.0,0.0,0.0
cc7d03a3a03a3325,0,faa,4090,2,1,1.0,True,0.0,0.9,1.0,1.0,0.0,0.0,0.0,0.0
cc7d03a3a03a3325,0,faa,4091,2,1,1.0,True,0.0,0.9,1.0,1.0,0.0,0.0,0.0,0.0
cc7d03a3a03a3325,0,faa,4092,2,1,1.0,True,0.0,0.9,1.0,1.0,0.0,0.0,0.0,0.0
cc7d03a3a03a3325,0,faa,4093,2,1,1.0,True,0.0,0.9,1.0,1.0,0.0,0.0,0.0,0.0
cc7d03a3a03a3325,0,faa,4094,2,1,1.0,True,0.0,0.9,1.0,1.0,0.0,0.0,0.0,0.0
cc7d03a3a03a3325,0,faa,4095,2,1,1.0,True,0.0,0.9,1.0,1.0,0.0,0.0,0.0,0.0
cc7d03a3a03a3325,0,faa,4096,2,1,1.0,True,0.0,0.9,1.0,1.0,0.0,0.0,0.0,0.0
cc7d03a3a03a3325,0,faa,4097,2,1,1.0,True,0.0,0.9,1.0,1.0,0.0,0.0,0.0,0.0
cc7d03a3a03a3325,0,faa,4098,2,1,1.0,True,0.0,0.9,1.0,1.0,0.0,0.0,0.0,0.0
cc7d03a3a03a3325,0,faa,4099,2,1,1.0,True,0.0,0.9,1.0,1.0,0.0,0.0,0.0,0.0
cc7d03a3a03a3325,0,faa,4100,2,1,1.0,True,0.0,0.9,1.0,1.0,0.0,0.0,0.0,0.0
cc7d03a3a03a3325,0,faa,4101,2,1,1.0,True,0.0,0.9,1.0,1.0,0.0,0.0,0.0,0.0
cc7d03a3a03a3325,0,faa,4102,2,1,1.0,True,0.0,0.9,1.0,1.0,0.0,0.0,0.0,0.0
cc7d03a3a03a3325,0,faa,4103,2,0,-0.1,False,0.0,0.9,0.6200000000000001,0.6200000000000001,0.0,0.0,0.0,0.0
cc7d03a3a03a3325,0,faa,4104,1,1,-0.1,False,0.0,0.9,0.8,0.8,0.0,0.0,0.0,0.0
cc7d03a3a03a3325,0,faa,4105,2,1,1.0,True,0.0,0.9,1.0,1.0,0.0,0.0,0.0,0.0
cc7d03a3a03a3325,0,faa,4106,2,1,1.0,True,0.0,0.9,1.0,1.0,0.0,0.0,0.0,0.0
cc7d03a3a03a3325,0,faa,4107,2,1,1.0,True,0.0,0.9,1.0,1.0,0.0,0.0,0.0,0.0
cc7d03a3a03a3325,0,faa,4108,2,0,-0.1,False,0.0,0.9,0.6200000000000001,0.6200000000000001,0.0,0.0,0.0,0.0
cc7d03a3a03a3325,0,faa,4109,1,1,-0.1,False,0.0,0.9,0.8,0.8,0.0,0.0,0.0,0.0
cc7d03a3a03a3325,0,faa,4110,2,1,1.0,True,0.0,0.9,1.0,1.0,0.0,0.0,0.0,0.0
cc7d03a3a03a3325,0,faa,4111,2,1,1.0,True,0.0,0.9,1.0,1.0,0.0,0.0,0.0,0.0
cc7d03a3a03a3325,0,faa,4112,2,1,1.0,True,0.0,0.9,1.0,1.0,0.0,0.0,0.0,0.0
cc7d03a3a03a3325,0,faa,4113,2,1,1.0,True,0.0,0.9,1.0,1.0,0.0,0.0,0.0,0.0
cc7d03a3a03a3325,0,faa,4114,2,1,1.0,True,0.0,0.9,1.0,1.0,0.0,0.0,0.0,0.0
cc7d03a3a03a3325,0,faa,4115,2,1,1.0,True,0.0,0.9,1.0,1.0,0.0,0.0,0.0,0.0
cc7d03a3a03a3325,0,faa,4116,2,1,1.0,True,0.0,0.9,1.0,1.0,0.0,0.0,0.0,0.0
cc7d03a3a03a3325,0,faa,4117,2,1,1.0,True,0.0,0.9,1.0,1.0,0.0,0.0,0.0,0.0
cc7d03a3a03a3325,0,faa,4118,2,0,-0.1,False,0.0,0.9,0.6200000000000001,0.6200000000000001,0.0,0.0,0.0,0.0
cc7d03a3a03a3325,0,faa,4119,1,0,-0.1,False,0.0,0.9,0.4580000000000002,0.4580000000000002,0.0,0.0,0.0,0.0
cc7d03a3a03a3325,0,faa,4120,0,0,-0.1,False,0.0,0.9,0.4580000000000002,0.4580000000000002,0.0,0.0,0.0,0.0
cc7d03a3a03a3325,0,faa,4121,0,1,-0.1,False,0.0,0.9,0.6200000000000001,0.6200000000000001,0.0,0.0,0.0,0.0
cc7d03a3a03a3325,0,faa,4122,1,0,-0.1,False,0.0,0.9,0.4580000000000002,0.4580000000000002,0.0,0.0,0.0,0.0
cc7d03a3a03a3325,0,faa,4123,0,1,-0.1,False,0.0,0.9,0.6200000000000001,0.6200000000000001,0.0,0.0,0.0,0.0
cc7d03a3a03a3325,0,faa,4124,1,1,-0.1,False,0.0,0.9,0.8,0.8,0.0,0.0,0.0,0.0
cc7d03a3a03a3325,0,faa,4125,2,1,1.0,True,0.0,0.9,1.0,1.0,0.0,0.0,0.0,0.0
cc7d03a3a03a3325,0,faa,4126,2,0,-0.1,False,0.0,0.9,0.6200000000000001,0.6200000000000001,0.0,0.0,0.0,0.0
cc7d03a3a03a3325,0,faa,4127,1,1,-0.1,False,0.0,0.9,0.8,0.8,0.0,0.0,0.0,0.0
cc7d03a3a03a3325,0,faa,4128,2,1,1.0,True,0.0,0.9,1.0,1.0,0.0,0.0,0.0,0.0
cc7d03a3a03a3325,0,faa,4129,2,1,1.0,True,0.0,0.9,1.0,1.0,0.0,0.0,0.0,0.0
cc7d03a3a03a3325,0,faa,4130,2,0,-0.1,False,0.0,0.9,0.6200000000000001,0.6200000000000001,0.0,0.0,0.0,0.0
cc7d03a3a03a3325,0,faa,4131,1,1,-0.1,False,0.0,0.9,0.8,0.8,0.0,0.0,0.0,0.0
cc7d03a3a03a3325,0,faa,4132,2,1,1.0,True,0.0,0.9,1.0,1.0,0.0,0.0,0.0,0.0
cc7d03a3a03a3325,0,faa,4133,2,1,1.0,True,0.0,0.9,1.0,1.0,0.0,0.0,0.0,0.0
cc7d03a3a03a3325,0,faa,4134,2,1,1.0,True,0.0,0.9,1.0,1.0,0.0,0.0,0.0,0.0
cc7d03a3a03a3325,0,faa,4135,2,1,1.0,True,0.0,0.9,1.0,1.0,0.0,0.0,0.0,0.0
cc7d03a3a03a3325,0,faa,4136,2,1,1.0,True,0.0,0.9,1.0,1.0,0.0,0.0,0.0,0.0
cc7d03a3a03a3325,0,faa,4137,2,1,1.0,True,0.0,0.9,1.0,1.0,0.0,0.0,0.0,0.0
cc7d03a3a03a3325,0,faa,4138,2,1,1.0,True,0.0,0.9,1.0,1.0,0.0,0.0,0.0,0.0
cc7d03a3a03a3325,0,faa,4139,2,1,1.0,True,0.0,0.9,1.0,1.0,0.0,0.0,0.0,0.0
cc7d03a3a03a3325,0,faa,4140,2,1,1.0,True,0.0,0.9,1.0,1.0,0.0,0.0,0.0,0.0
cc7d03a3a03a3325,0,faa,4141,2,1,1.0,True,0.0,0.9,1.0,1.0,0.0,0.0,0.0,0.0
cc7d03a3a03a3325,0,faa,4142,2,1,1.0,True,0.0,0.9,1.0,1.0,0.0,0.0,0.0,0.0
cc7d03a3a03a3325,0,faa,4143,2,1,1.0,True,0.0,0.9,1.0,1.0,0.0,0.0,0.0,0.0
cc7d03a3a03a3325,0,faa,4144,2,1,1.0,True,0.0,0.9,1.0,1.0,0.0,0.0,0.0,0.0
cc7d03a3a03a3325,0,faa,4145,2,0,-0.1,False,0.0,0.9,0.6200000000000001,0.6200000000000001,0.0,0.0,0.0,0.0
cc7d03a3a03a3325,0,faa,4146,1,1,-0.1,False,0.0,0.9,0.8,0.8,0.0,0.0,0.0,0.0
cc7d03a3a03a3325,0,faa,4147,2,1,1.0,True,0.0,0.9,1.0,1.0,0.0,0.0,0.0,0.0
cc7d03a3a03a3325,0,faa,4148,2,1,1.0,True,0.0,0.9,1.0,1.0,0.0,0.0,0.0,0.0
cc7d03a3a03a3325,0,faa,4149,2,1,1.0,True,0.0,0.9,1.0,1.0,0.0,0.0,0.0,0.0
cc7d03a3a03a3325,0,faa,4150,2,0,-0.1,False,0.0,0.9,0.6200000000000001,0.6200000000000001,0.0,0.0,0.0,0.0
cc7d03a3a03a3325,0,faa,4151,1,1,-0.1,False,0.0,0.9,0.8,0.8,0.0,0.0,0.0,0.0
cc7d03a3a03a3325,0,faa,4152,2,1,1.0,True,0.0,0.9,1.0,1.0,0.0,0.0,0.0,0.0
cc7d03a3a03a3325,0,faa,4153,2,1,1.0,True,0.0,0.9,1.0,1.0,0.0,0.0,0.0,0.0
cc7d03a3a03a3325,0,faa,4154,2,1,1.0,True,0.0,0.9,1.0,1.0,0.0,0.0,0.0,0.0
cc7d03a3a03a3325,0,faa,4155,2,0,-0.1,False,0.0,0.9,0.6200000000000001,0.6200000000000001,0.0,0.0,0.0,0.0
cc7d03a3a03a3325,0,faa,4156,1,1,-0.1,False,0.0,0.9,0.8,0.8,0.0,0.0,0.0,0.0
cc7d03a3a03a3325,0,faa,4157,2,1,1.0,True,0.0,0.9,1.0,1.0,0.0,0.0,0.0,0.0
cc7d03a3a03a3325,0,faa,4158,2,1,1.0,True,0.0,0.9,1.0,1.0,0.0,0.0,0.0,0.0
cc7d03a3a03a3325,0,faa,4159,2,1,1.0,True,0.0,0.9,1.0,1.0,0.0,0.0,0.0,0.0
cc7d03a3a03a3325,0,faa,4160,2,1,1.0,True,0.0,0.9,1.0,1.0,0.0,0.0,0.0,0.0
cc7d03a3a03a3325,0,faa,4161,2,1,1.0,True,0.0,0.9,1.0,1.0,0.0,0.0,0.0,0.0
cc7d03a3a03a3325,0,faa,4162,2,1,1.0,True,0.0,0.9,1.0,1.0,0.0,0.0,0.0,0.0
cc7d03a3a03a3325,0,faa,4163,2,1,1.0,True,0.0,0.9,1.0,1.0,0.0,0.0,0.0,0.0
cc7d03a3a03a3325,0,faa,4164,2,1,1.0,True,0.0,0.9,1.0,1.0,0.0,0.0,0.0,0.0
cc7d03a3a03a3325,0,faa,4165,2,1,1.0,True,0.0,0.9,1.0,1.0,0.0,0.0,0.0,0.0
cc7d03a3a03a3325,0,faa,4166,2,1,1.0,True,0.0,0.9,1.0,1.0,0.0,0.0,0.0,0.0
cc7d03a3a03a3325,0,faa,4167,2,1,1.0,True,0.0,0.9,1.0,1.0,0.0,0.0,0.0,0.0
cc7d03a3a03a3325,0,faa,4168,2,1,1.0,True,0.0,0.9,1.0,1.0,0.0,0.0,0.0,0.0
cc7d03a3a03a3325,0,faa,4169,2,1,1.0,True,0.0,0.9,1.0,1.0,0.0,0.0,0.0,0.0
cc7d03a3a03a3325,0,faa,4170,2,1,1.0,True,0.0,0.9,1.0,1.0,0.0,0.0,0.0,0.0
cc7d03a3a03a3325,0,faa,4171,2,1,1.0,True,0.0,0.9,1.0,1.0,0.0,0.0,0.0,0.0
cc7d03a3a03a3325,0,faa,4172,2,1,1.0,True,0.0,0.9,1.0,1.0,0.0,0.0,0.0,0.0
cc7d03a3a03a3325,0,faa,4173,2,1,1.0,True,0.0,0.9,1.0,1.0,0.0,0.0,0.0,0.0
cc7d03a3a03a3325,0,faa,4174,2,0,-0.1,False,0.0,0.9,0.6200000000000001,0.6200000000000001,0.0,0.0,0.0,0.0
cc7d03a3a03a3325,0,faa,4175,1,1,-0.1,False,0.0,0.9,0.8,0.8,0.0,0.0,0.0,0.0
cc7d03a3a03a3325,0,faa,4176,2,1,1.0,True,0.0,0.9,1.0,1.0,0.0,0.0,0.0,0.0
cc7d03a3a03a3325,0,faa,4177,2,1,1.0,True,0.0,0.9,1.0,1.0,0.0,0.0,0.0,0.0
cc7d03a3a03a3325,0,faa,4178,2,1,1.0,True,0.0,0.9,1.0,1.0,0.0,0.0,0.0,0.0
cc7d03a3a03a3325,0,faa,4179,2,1,1.0,True,0.0,0.9,1.0,1.0,0.0,0.0,0.0,0.0
cc7d03a3a03a3325,0,faa,4180,2,1,1.0,True,0.0,0.9,1.0,1.0,0.0,0.0,0.0,0.0
cc7d03a3a03a3325,0,faa,4181,2,0,-0.1,False,0.0,0.9,0.6200000000000001,0.6200000000000001,0.0,0.0,0.0,0.0
cc7d03a3a03a3325,0,faa,4182,1,1,-0.1,False,0.0,0.9,0.8,0.8,0.0,0.0,0.0,0.0
cc7d03a3a03a3325,0,faa,4183,2,1,1.0,True,0.0,0.9,1.0,1.0,0.0,0.0,0.0,0.0
cc7d03a3a03a3325,0,faa,4184,2,1,1.0,True,0.0,0.9,1.0,1.0,0.0,0.0,0.0,0.0
cc7d03a3a03a3325,0,faa,4185,2,1,1.0,True,0.0,0.9,1.0,1.0,0.0,0.0,0.0,0.0
cc7d03a3a03a3325,0,faa,4186,2,1,1.0,True,0.0,0.9,1.0,1.0,0.0,0.0,0.0,0.0
cc7d03a3a03a3325,0,faa,4187,2,1,1.0,True,0.0,0.9,1.0,1.0,0.0,0.0,0.0,0.0
cc7d03a3a03a3325,0,faa,4188,2,1,1.0,True,0.0,0.9,1.0,1.0,0.0,0.0,0.0,0.0
cc7d03a3a03a3325,0,faa,4189,2,0,-0.1,False,0.0,0.9,0.6200000000000001,0.6200000000000001,0.0,0.0,0.0,0.0
cc7d03a3a03a3325,0,faa,4190,1,1,-0.1,False,0.0,0.9,0.8,0.8,0.0,0.0,0.0,0.0
cc7d03a3a03a3325,0,faa,4191,2,1,1.0,True,0.0,0.9,1.0,1.0,0.0,0.0,0.0,0.0
cc7d03a3a03a3325,0,faa,4192,2,1,1.0,True,0.0,0.9,1.0,1.0,0.0,0.0,0.0,0.0
cc7d03a3a03a3325,0,faa,4193,2,1,1.0,True,0.0,0.9,1.0,1.0,0.0,0.0,0.0,0.0
cc7d03a3a03a3325,0,faa,4194,2,0,-0.1,False,0.0,0.9,0.6200000000000001,0.6200000000000001,0.0,0.0,0.0,0.0
cc7d03a3a03a3325,0,faa,4195,1,1,-0.1,False,0.0,0.9,0.8,0.8,0.0,0.0,0.0,0.0
cc7d03a3a03a3325,0,faa,4196,2,1,1.0,True,0.0,0.9,1.0,1.0,0.0,0.0,0.0,0.0
cc7d03a3a03a3325,0,faa,4197,2,1,1.0,True,0.0,0.9,1.0,1.0,0.0,0.0,0.0,0.0
cc7d03a3a03a3325,0,faa,4198,2,1,1.0,True,0.0,0.9,1.0,1.0,0.0,0.0,0.0,0.0
cc7d03a3a03a3325,0,faa,4199,2,0,-0.1,False,0.0,0.9,0.6200000000000001,0.6200000000000001,0.0,0.0,0.0,0.0
cc7d03a3a03a3325,0,faa,4200,1,1,-0.1,False,0.0,0.9,0.8,0.8,0.0,0.0,0.0,0.0
cc7d03a3a03a3325,0,faa,4201,2,1,1.0,True,0.0,0.9,1.0,1.0,0.0,0.0,0.0,0.0
cc7d03a3a03a3325,0,faa,4202,2,1,1.0,True,0.0,0.9,1.0,1.0,0.0,0.0,0.0,0.0
cc7d03a3a03a3325,0,faa,4203,2,1,1.0,True,0.0,0.9,1.0,1.0,0.0,0.0,0.0,0.0
cc7d03a3a03a3325,0,faa,4204,2,1,1.0,True,0.0,0.9,1.0,1.0,0.0,0.0,0.0,0.0
cc7d03a3a03a3325,0,faa,4205,2,1,1.0,True,0.0,0.9,1.0,1.0,0.0,0.0,0.0,0.0
cc7d03a3a03a3325,0,faa,4206,2,1,1.0,True,0.0,0.9,1.0,1.0,0.0,0.0,0.0,0.0
cc7d03a3a03a3325,0,faa,4207,2,0,-0.1,False,0.0,0.9,0.6200000000000001,0.6200000000000001,0.0,0.0,0.0,0.0
cc7d03a3a03a3325,0,faa,4208,1,1,-0.1,False,0.0,0.9,0.8,0.8,0.0,0.0,0.0,0.0
cc7d03a3a03a3325,0,faa,4209,2,1,1.0,True,0.0,0.9,1.0,1.0,0.0,0.0,0.0,0.0
cc7d03a3a03a3325,0,faa,4210,2,0,-0.1,False,0.0,0.9,0.6200000000000001,0.6200000000000001,0.0,0.0,0.0,0.0
cc7d03a3a03a3325,0,faa,4211,1,1,-0.1,False,0.0,0.9,0.8,0.8,0.0,0.0,0.0,0.0
cc7d03a3a03a3325,0,faa,4212,2,1,1.0,True,0.0,0.9,1.0,1.0,0.0,0.0,0.0,0.0
cc7d03a3a03a3325,0,faa,4213,2,1,1.0,True,0.0,0.9,1.0,1.0,0.0,0.0,0.0,0.0
cc7d03a3a03a3325,0,faa,4214,2,1,1.0,True,0.0,0.9,1.0,1.0,0.0,0.0,0.0,0.0
cc7d03a3a03a3325,0,faa,4215,2,1,1.0,True,0.0,0.9,1.0,1.0,0.0,0.0,0.0,0.0
cc7d03a3a03a3325,0,faa,4216,2,1,1.0,True,0.0,0.9,1.0,1.0,0.0,0.0,0.0,0.0
cc7d03a3a03a3325,0,faa,4217,2,1,1.0,True,0.0,0.9,1.0,1.0,0.0,0.0,0.0,0.0
cc7d03a3a03a3325,0,faa,4218,2,1,1.0,True,0.0,0.9,1.0,1.0,0.0,0.0,0.0,0.0
cc7d03a3a03a3325,0,faa,4219,2,1,1.0,True,0.0,0.9,1.0,1.0,0.0,0.0,0.0,0.0
cc7d03a3a03a3325,0,faa,4220,2,1,1.0,True,0.0,0.9,1.0,1.0,0.0,0.0,0.0,0.0
cc7d03a3a03a3325,0,faa,4221,2,1,1.0,True,0.0,0.9,1.0,1.0,0.0,0.0,0.0,0.0
cc7d03a3a03a3325,0,faa,4222,2,1,1.0,True,0.0,0.9,1.0,1.0,0.0,0.0,0.0,0.0
cc7d03a3a03a3325,0,faa,4223,2,0,-0.1,False,0.0,0.9,0.6200000000000001,0.6200000000000001,0.0,0.0,0.0,0.0
cc7d03a3a03a3325,0,faa,4224,1,1,-0.1,False,0.0,0.9,0.8,0.8,0.0,0.0,0.0,0.0
cc7d03a3a03a3325,0,faa,4225,2,1,1.0,True,0.0,0.9,1.0,1.0,0.0,0.0,0.0,0.0
cc7d03a3a03a3325,0,faa,4226,2,1,1.0,True,0.0,0.9,1.0,1.0,0.0,0.0,0.0,0.0
cc7d03a3a03a3325,0,faa,4227,2,1,1.0,True,0.0,0.9,1.0,1.0,0.0,0.0,0.0,0.0
cc7d03a3a03a3325,0,faa,4228,2,1,1.0,True,0.0,0.9,1.0,1.0,0.0,0.0,0.0,0.0
cc7d03a3a03a3325,0,faa,4229,2,1,1.0,True,0.0,0.9,1.0,1.0,0.0,0.0,0.0,0.0
cc7d03a3a03a3325,0,faa,4230,2,1,1.0,True,0.0,0.9,1.0,1.0,0.0,0.0,0.0,0.0
cc7d03a3a03a3325,0,faa,4231,2,1,1.0,True,0.0,0.9,1.0,1.0,0.0,0.0,0.0,0.0
cc7d03a3a03a3325,0,faa,4232,2,1,1.0,True,0.0,0.9,1.0,1.0,0.0,0.0,0.0,0.0
cc7d03a3a03a3325,0,faa,4233,2,1,1.0,True,0.0,0.9,1.0,1.0,0.0,0.0,0.0,0.0
cc7d03a3a03a3325,0,faa,4234,2,1,1.0,True,0.0,0.9,1.0,1.0,0.0,0.0,0.0,0.0
cc7d03a3a03a3325,0,faa,4235,2,1,1.0,True,0.0,0.9,1.0,1.0,0.0,0.0,0.0,0.0
cc7d03a3a03a3325,0,faa,4236,2,1,1.0,True,0.0,0.9,1.0,1.0,0.0,0.0,0.0,0.0
cc7d03a3a03a3325,0,faa,4237,2,0,-0.1,False,0.0,0.9,0.6200000000000001,0.6200000000000001,0.0,0.0,0.0,0.0
cc7d03a3a03a3325,0,faa,4238,1,1,-0.1,False,0.0,0.9,0.8,0.8,0.0,0.0,0.0,0.0
cc7d03a3a03a3325,0,faa,4239,2,1,1.0,True,0.0,0.9,1.0,1.0,0.0,0.0,0.0,0.0
cc7d03a3a03a3325,0,faa,4240,2,1,1.0,True,0.0,0.9,1.0,1.0,0.0,0.0,0.0,0.0
cc7d03a3a03a3325,0,faa,4241,2,1,1.0,True,0.0,0.9,1.0,1.0,0.0,0.0,0.0,0.0
cc7d03a3a03a3325,0,faa,4242,2,1,1.0,True,0.0,0.9,1.0,1.0,0.0,0.0,0.0,0.0
cc7d03a3a03a3325,0,faa,4243,2,1,1.0,True,0.0,0.9,1.0,1.0,0.0,0.0,0.0,0.0
cc7d03a3a03a3325,0,faa,4244,2,1,1.0,True,0.0,0.9,1.0,1.0,0.0,0.0,0.0,0.0
cc7d03a3a03a3325,0,faa,4245,2,1,1.0,True,0.0,0.9,1.0,1.0,0.0,0.0,0.0,0.0
cc7d03a3a03a3325,0,faa,4246,2,1,1.0,True,0.0,0.9,1.0,1.0,0.0,0.0,0.0,0.0
cc7d03a3a03a3325,0,faa,4247,2,1,1.0,True,0.0,0.9,1.0,1.0,0.0,0.0,0.0,0.0
cc7d03a3a03a3325,0,faa,4248,2,1,1.0,True,0.0,0.9,1.0,1.0,0.0,0.0,0.0,0.0
cc7d03a3a03a3325,0,faa,4249,2,1,1.0,True,0.0,0.9,1.0,1.0,0.0,0.0,0.0,0.0
cc7d03a3a03a3325,0,faa,4250,2,1,1.0,True,0.0,0.9,1.0,1.0,0.0,0.0,0.0,0.0
cc7d03a3a03a3325,0,faa,4251,2,1,1.0,True,0.0,0.9,1.0,1.0,0.0,0.0,0.0,0.0
cc7d03a3a03a3325,0,faa,4252,2,0,-0.1,False,0.0,0.9,0.6200000000000001,0.6200000000000001,0.0,0.0,0.0,0.0
cc7d03a3a03a3325,0,faa,4253,1,1,-0.1,False,0.0,0.9,0.8,0.8,0.0,0.0,0.0,0.0
cc7d03a3a03a3325,0,faa,4254,2,0,-0.1,False,0.0,0.9,0.6200000000000001,0.6200000000000001,0.0,0.0,0.0,0.0
cc7d03a3a03a3325,0,faa,4255,1,0,-0.1,False,0.0,0.9,0.4580000000000002,0.4580000000000002,0.0,0.0,0.0,0.0
cc7d03a3a03a3325,0,faa,4256,0,0,-0.1,False,0.0,0.9,0.4580000000000002,0.4580000000000002,0.0,0.0,0.0,0.0
cc7d03a3a03a3325,0,faa,4257,0,1,-0.1,False,0.0,0.9,0.6200000000000001,0.6200000000000001,0.0,0.0,0.0,0.0
cc7d03a3a03a3325,0,faa,4258,1,1,-0.1,False,0.0,0.9,0.8,0.8,0.0,0.0,0.0,0.0
cc7d03a3a03a3325,0,faa,4259,2,1,1.0,True,0.0,0.9,1.0,1.0,0.0,0.0,0.0,0.0
cc7d03a3a03a3325,0,faa,4260,2,1,1.0,True,0.0,0.9,1.0,1.0,0.0,0.0,0.0,0.0
cc7d03a3a03a3325,0,faa,4261,2,1,1.0,True,0.0,0.9,1.0,1.0,0.0,0.0,0.0,0.0
cc7d03a3a03a3325,0,faa,4262,2,1,1.0,True,0.0,0.9,1.0,1.0,0.0,0.0,0.0,0.0
cc7d03a3a03a3325,0,faa,4263,2,1,1.0,True,0.0,0.9,1.0,1.0,0.0,0.0,0.0,0.0
cc7d03a3a03a3325,0,faa,4264,2,1,1.0,True,0.0,0.9,1.0,1.0,0.0,0.0,0.0,0.0
cc7d03a3a03a3325,0,faa,4265,2,1,1.0,True,0.0,0.9,1.0,1.0,0.0,0.0,0.0,0.0
cc7d03a3a03a3325,0,faa,4266,2,1,1.0,True,0.0,0.9,1.0,1.0,0.0,0.0,0.0,0.0
cc7d03a3a03a3325,0,faa,4267,2,0,-0.1,False,0.0,0.9,0.6200000000000001,0.6200000000000001,0.0,0.0,0.0,0.0
cc7d03a3a03a3325,0,faa,4268,1,1,-0.1,False,0.0,0.9,0.8,0.8,0.0,0.0,0.0,0.0
cc7d03a3a03a3325,0,faa,4269,2,0,-0.1,False,0.0,0.9,0.6200000000000001,0.6200000000000001,0.0,0.0,0.0,0.0
cc7d03a3a03a3325,0,faa,4270,1,1,-0.1,False,0.0,0.9,0.8,0.8,0.0,0.0,0.0,0.0
cc7d03a3a03a3325,0,faa,4271,2,1,1.0,True,0.0,0.9,1.0,1.0,0.0,0.0,0.0,0.0
cc7d03a3a03a3325,0,faa,4272,2,1,1.0,True,0.0,0.9,1.0,1.0,0.0,0.0,0.0,0.0
cc7d03a3a03a3325,0,faa,4273,2,1,1.0,True,0.0,0.9,1.0,1.0,0.0,0.0,0.0,0.0
cc7d03a3a03a3325,0,faa,4274,2,1,1.0,True,0.0,0.9,1.0,1.0,0.0,0.0,0.0,0.0
cc7d03a3a03a3325,0,faa,4275,2,1,1.0,True,0.0,0.9,1.0,1.0,0.0,0.0,0.0,0.0
cc7d03a3a03a3325,0,faa,4276,2,1,1.0,True,0.0,0.9,1.0,1.0,0.0,0.0,0.0,0.0
cc7d03a3a03a3325,0,faa,4277,2,1,1.0,True,0.0,0.9,1.0,1.0,0.0,0.0,0.0,0.0
cc7d03a3a03a3325,0,faa,4278,2,1,1.0,True,0.0,0.9,1.0,1.0,0.0,0.0,0.0,0.0
cc7d03a3a03a3325,0,faa,4279,2,1,1.0,True,0.0,0.9,1.0,1.0,0.0,0.0,0.0,0.0
cc7d03a3a03a3325,0,faa,4280,2,1,1.0,True,0.0,0.9,1.0,1.0,0.0,0.0,0.0,0.0
cc7d03a3a03a3325,0,faa,4281,2,1,1.0,True,0.0,0.9,1.0,1.0,0.0,0.0,0.0,0.0
cc7d03a3a03a3325,0,faa,4282,2,1,1.0,True,0.0,0.9,1.0,1.0,0.0,0.0,0.0,0.0
cc7d03a3a03a3325,0,faa,4283,2,1,1.0,True,0.0,0.9,1.0,1.0,0.0,0.0,0.0,0.0
cc7d03a3a03a3325,0,faa,4284,2,1,1.0,True,0.0,0.9,1.0,1.0,0.0,0.0,0.0,0.0
cc7d03a3a03a3325,0,faa,4285,2,1,1.0,True,0.0,0.9,1.0,1.0,0.0,0.0,0.0,0.0
cc7d03a3a03a3325,0,faa,4286,2,1,1.0,True,0.0,0.9,1.0,1.0,0.0,0.0,0.0,0.0
cc7d03a3a03a3325,0,faa,4287,2,1,1.0,True,0.0,0.9,1.0,1.0,0.0,0.0,0.0,0.0
cc7d03a3a03a3325,0,faa,4288,2,1,1.0,True,0.0,0.9,1.0,1.0,0.0,0.0,0.0,0.0
cc7d03a3a03a3325,0,faa,4289,2,1,1.0,True,0.0,0.9,1.0,1.0,0.0,0.0,0.0,0.0
cc7d03a3a03a3325,0,faa,4290,2,1,1.0,True,0.0,0.9,1.0,1.0,0.0,0.0,0.0,0.0
cc7d03a3a03a3325,0,faa,4291,2,1,1.0,True,0.0,0.9,1.0,1.0,0.0,0.0,0.0,0.0
cc7d03a3a03a3325,0,faa,4292,2,1,1.0,True,0.0,0.9,1.0,1.0,0.0,0.0,0.0,0.0
cc7d03a3a03a3325,0,faa,4293,2,1,1.0,True,0.0,0.9,1.0,1.0,0.0,0.0,0.0,0.0
cc7d03a3a03a3325,0,faa,4294,2,1,1.0,True,0.0,0.9,1.0,1.0,0.0,0.0,0.0,0.0
cc7d03a3a03a3325,0,faa,4295,2,1,1.0,True,0.0,0.9,1.0,1.0,0.0,0.0,0.0,0.0
cc7d03a3a03a3325,0,faa,4296,2,1,1.0,True,0.0,0.9,1.0,1.0,0.0,0.0,0.0,0.0
cc7d03a3a03a3325,0,faa,4297,2,1,1.0,True,0.0,0.9,1.0,1.0,0.0,0.0,0.0,0.0
cc7d03a3a03a3325,0,faa,4298,2,1,1.0,True,0.0,0.9,1.0,1.0,0.0,0.0,0.0,0.0
cc7d03a3a03a3325,0,faa,4299,2,1,1.0,True,0.0,0.9,1.0,1.0,0.0,0.0,0.0,0.0
cc7d03a3a03a3325,0,faa,4300,2,1,1.0,True,0.0,0.9,1.0,1.0,0.0,0.0,0.0,0.0
cc7d03a3a03a3325,0,faa,4301,2,1,1.0,True,0.0,0.9,1.0,1.0,0.0,0.0,0.0,0.0
cc7d03a3a03a3325,0,faa,4302,2,1,1.0,True,0.0,0.9,1.0,1.0,0.0,0.0,0.0,0.0
cc7d03a3a03a3325,0,faa,4303,2,1,1.0,True,0.0,0.9,1.0,1.0,0.0,0.0,0.0,0.0
cc7d03a3a03a3325,0,faa,4304,2,0,-0.1,False,0.0,0.9,0.6200000000000001,0.6200000000000001,0.0,0.0,0.0,0.0
cc7d03a3a03a3325,0,faa,4305,1,1,-0.1,False,0.0,0.9,0.8,0.8,0.0,0.0,0.0,0.0
cc7d03a3a03a3325,0,faa,4306,2,1,1.0,True,0.0,0.9,1.0,1.0,0.0,0.0,0.0,0.0
cc7d03a3a03a3325,0,faa,4307,2,1,1.0,True,0.0,0.9,1.0,1.0,0.0,0.0,0.0,0.0
cc7d03a3a03a3325,0,faa,4308,2,0,-0.1,False,0.0,0.9,0.6200000000000001,0.6200000000000001,0.0,0.0,0.0,0.0
cc7d03a3a03a3325,0,faa,4309,1,0,-0.1,False,0.0,0.9,0.4580000000000002,0.4580000000000002,0.0,0.0,0.0,0.0
cc7d03a3a03a3325,0,faa,4310,0,1,-0.1,False,0.0,0.9,0.6200000000000001,0.6200000000000001,0.0,0.0,0.0,0.0
cc7d03a3a03a3325,0,faa,4311,1,1,-0.1,False,0.0,0.9,0.8,0.8,0.0,0.0,0.0,0.0
cc7d03a3a03a3325,0,faa,4312,2,1,1.0,True,0.0,0.9,1.0,1.0,0.0,0.0,0.0,0.0
cc7d03a3a03a3325,0,faa,4313,2,0,-0.1,False,0.0,0.9,0.6200000000000001,0.6200000000000001,0.0,0.0,0.0,0.0
cc7d03a3a03a3325,0,faa,4314,1,1,-0.1,False,0.0,0.9,0.8,0.8,0.0,0.0,0.0,0.0
cc7d03a3a03a3325,0,faa,4315,2,0,-0.1,False,0.0,0.9,0.6200000000000001,0.6200000000000001,0.0,0.0,0.0,0.0
cc7d03a3a03a3325,0,faa,4316,1,1,-0.1,False,0.0,0.9,0.8,0.8,0.0,0.0,0.0,0.0
cc7d03a3a03a3325,0,faa,4317,2,1,1.0,True,0.0,0.9,1.0,1.0,0.0,0.0,0.0,0.0
cc7d03a3a03a3325,0,faa,4318,2,0,-0.1,False,0.0,0.9,0.6200000000000001,0.6200000000000001,0.0,0.0,0.0,0.0
cc7d03a3a03a3325,0,faa,4319,1,1,-0.1,False,0.0,0.9,0.8,0.8,0.0,0.0,0.0,0.0
cc7d03a3a03a3325,0,faa,4320,2,1,1.0,True,0.0,0.9,1.0,1.0,0.0,0.0,0.0,0.0
cc7d03a3a03a3325,0,faa,4321,2,1,1.0,True,0.0,0.9,1.0,1.0,0.0,0.0,0.0,0.0
cc7d03a3a03a3325,0,faa,4322,2,1,1.0,True,0.0,0.9,1.0,1.0,0.0,0.0,0.0,0.0
cc7d03a3a03a3325,0,faa,4323,2,1,1.0,True,0.0,0.9,1.0,1.0,0.0,0.0,0.0,0.0
cc7d03a3a03a3325,0,faa,4324,2,0,-0.1,False,0.0,0.9,0.6200000000000001,0.6200000000000001,0.0,0.0,0.0,0.0
cc7d03a3a03a3325,0,faa,4325,1,1,-0.1,False,0.0,0.9,0.8,0.8,0.0,0.0,0.0,0.0
cc7d03a3a03a3325,0,faa,4326,2,1,1.0,True,0.0,0.9,1.0,1.0,0.0,0.0,0.0,0.0
cc7d03a3a03a3325,0,faa,4327,2,0,-0.1,False,0.0,0.9,0.6200000000000001,0.6200000000000001,0.0,0.0,0.0,0.0
cc7d03a3a03a3325,0,faa,4328,1,1,-0.1,False,0.0,0.9,0.8,0.8,0.0,0.0,0.0,0.0
cc7d03a3a03a3325,0,faa,4329,2,1,1.0,True,0.0,0.9,1.0,1.0,0.0,0.0,0.0,0.0
cc7d03a3a03a3325,0,faa,4330,2,1,1.0,True,0.0,0.9,1.0,1.0,0.0,0.0,0.0,0.0
cc7d03a3a03a3325,0,faa,4331,2,0,-0.1,False,0.0,0.9,0.6200000000000001,0.6200000000000001,0.0,0.0,0.0,0.0
cc7d03a3a03a3325,0,faa,4332,1,1,-0.1,False,0.0,0.9,0.8,0.8,0.0,0.0,0.0,0.0
cc7d03a3a03a3325,0,faa,4333,2,1,1.0,True,0.0,0.9,1.0,1.0,0.0,0.0,0.0,0.0
cc7d03a3a03a3325,0,faa,4334,2,1,1.0,True,0.0,0.9,1.0,1.0,0.0,0.0,0.0,0.0
cc7d03a3a03a3325,0,faa,4335,2,1,1.0,True,0.0,0.9,1.0,1.0,0.0,0.0,0.0,0.0
cc7d03a3a03a3325,0,faa,4336,2,1,1.0,True,0.0,0.9,1.0,1.0,0.0,0.0,0.0,0.0
cc7d03a3a03a3325,0,faa,4337,2,1,1.0,True,0.0,0.9,1.0,1.0,0.0,0.0,0.0,0.0
cc7d03a3a03a3325,0,faa,4338,2,1,1.0,True,0.0,0.9,1.0,1.0,0.0,0.0,0.0,0.0
cc7d03a3a03a3325,0,faa,4339,2,1,1.0,True,0.0,0.9,1.0,1.0,0.0,0.0,0.0,0.0
cc7d03a3a03a3325,0,faa,4340,2,1,1.0,True,0.0,0.9,1.0,1.0,0.0,0.0,0.0,0.0
cc7d03a3a03a3325,0,faa,4341,2,1,1.0,True,0.0,0.9,1.0,1.0,0.0,0.0,0.0,0.0
cc7d03a3a03a3325,0,faa,4342,2,1,1.0,True,0.0,0.9,1.0,1.0,0.0,0.0,0.0,0.0
cc7d03a3a03a3325,0,faa,4343,2,1,1.0,True,0.0,0.9,1.0,1.0,0.0,0.0,0.0,0.0
cc7d03a3a03a3325,0,faa,4344,2,1,1.0,True,0.0,0.9,1.0,1.0,0.0,0.0,0.0,0.0
cc7d03a3a03a3325,0,faa,4345,2,1,1.0,True,0.0,0.9,1.0,1.0,0.0,0.0,0.0,0.0
cc7d03a3a03a3325,0,faa,4346,2,1,1.0,True,0.0,0.9,1.0,1.0,0.0,0.0,0.0,0.0
cc7d03a3a03a3325,0,faa,4347,2,1,1.0,True,0.0,0.9,1.0,1.0,0.0,0.0,0.0,0.0
cc7d03a3a03a3325,0,faa,4348,2,1,1.0,True,0.0,0.9,1.0,1.0,0.0,0.0,0.0,0.0
cc7d03a3a03a3325,0,faa,4349,2,0,-0.1,False,0.0,0.9,0.6200000000000001,0.6200000000000001,0.0,0.0,0.0,0.0
cc7d03a3a03a3325,0,faa,4350,1,1,-0.1,False,0.0,0.9,0.8,0.8,0.0,0.0,0.0,0.0
cc7d03a3a03a3325,0,faa,4351,2,1,1.0,True,0.0,0.9,1.0,1.0,0.0,0.0,0.0,0.0
cc7d03a3a03a3325,0,faa,4352,2,1,1.0,True,0.0,0.9,1.0,1.0,0.0,0.0,0.0,0.0
cc7d03a3a03a3325,0,faa,4353,2,1,1.0,True,0.0,0.9,1.0,1.0,0.0,0.0,0.0,0.0
cc7d03a3a03a3325,0,faa,4354,2,1,1.0,True,0.0,0.9,1.0,1.0,0.0,0.0,0.0,0.0
cc7d03a3a03a3325,0,faa,4355,2,1,1.0,True,0.0,0.9,1.0,1.0,0.0,0.0,0.0,0.0
cc7d03a3a03a3325,0,faa,4356,2,1,1.0,True,0.0,0.9,1.0,1.0,0.0,0.0,0.0,0.0
cc7d03a3a03a3325,0,faa,4357,2,1,1.0,True,0.0,0.9,1.0,1.0,0.0,0.0,0.0,0.0
cc7d03a3a03a3325,0,faa,4358,2,1,1.0,True,0.0,0.9,1.0,1.0,0.0,0.0,0.0,0.0
cc7d03a3a03a3325,0,faa,4359,2,0,-0.1,False,0.0,0.9,0.6200000000000001,0.6200000000000001,0.0,0.0,0.0,0.0
cc7d03a3a03a3325,0,faa,4360,1,1,-0.1,False,0.0,0.9,0.8,0.8,0.0,0.0,0.0,0.0
cc7d03a3a03a3325,0,faa,4361,2,1,1.0,True,0.0,0.9,1.0,1.0,0.0,0.0,0.0,0.0
cc7d03a3a03a3325,0,faa,4362,2,1,1.0,True,0.0,0.9,1.0,1.0,0.0,0.0,0.0,0.0
cc7d03a3a03a3325,0,faa,4363,2,1,1.0,True,0.0,0.9,1.0,1.0,0.0,0.0,0.0,0.0
cc7d03a3a03a3325,0,faa,4364,2,1,1.0,True,0.0,0.9,1.0,1.0,0.0,0.0,0.0,0.0
cc7d03a3a03a3325,0,faa,4365,2,1,1.0,True,0.0,0.9,1.0,1.0,0.0,0.0,0.0,0.0
cc7d03a3a03a3325,0,faa,4366,2,1,1.0,True,0.0,0.9,1.0,1.0,0.0,0.0,0.0,0.0
cc7d03a3a03a3325,0,faa,4367,2,1,1.0,True,0.0,0.9,1.0,1.0,0.0,0.0,0.0,0.0
cc7d03a3a03a3325,0,faa,4368,2,1,1.0,True,0.0,0.9,1.0,1.0,0.0,0.0,0.0,0.0
cc7d03a3a03a3325,0,faa,4369,2,1,1.0,True,0.0,0.9,1.0,1.0,0.0,0.0,0.0,0.0
cc7d03a3a03a3325,0,faa,4370,2,1,1.0,True,0.0,0.9,1.0,1.0,0.0,0.0,0.0,0.0
cc7d03a3a03a3325,0,faa,4371,2,1,1.0,True,0.0,0.9,1.0,1.0,0.0,0.0,0.0,0.0
cc7d03a3a03a3325,0,faa,4372,2,1,1.0,True,0.0,0.9,1.0,1.0,0.0,0.0,0.0,0.0
cc7d03a3a03a3325,0,faa,4373,2,1,1.0,True,0.0,0.9,1.0,1.0,0.0,0.0,0.0,0.0
cc7d03a3a03a3325,0,faa,4374,2,1,1.0,True,0.0,0.9,1.0,1.0,0.0,0.0,0.0,0.0
cc7d03a3a03a3325,0,faa,4375,2,1,1.0,True,0.0,0.9,1.0,1.0,0.0,0.0,0.0,0.0
cc7d03a3a03a3325,0,faa,4376,2,1,1.0,True,0.0,0.9,1.0,1.0,0.0,0.0,0.0,0.0
cc7d03a3a03a3325,0,faa,4377,2,0,-0.1,False,0.0,0.9,0.6200000000000001,0.6200000000000001,0.0,0.0,0.0,0.0
cc7d03a3a03a3325,0,faa,4378,1,0,-0.1,False,0.0,0.9,0.4580000000000002,0.4580000000000002,0.0,0.0,0.0,0.0
cc7d03a3a03a3325,0,faa,4379,0,1,-0.1,False,0.0,0.9,0.6200000000000001,0.6200000000000001,0.0,0.0,0.0,0.0
cc7d03a3a03a3325,0,faa,4380,1,1,-0.1,False,0.0,0.9,0.8,0.8,0.0,0.0,0.0,0.0
cc7d03a3a03a3325,0,faa,4381,2,1,1.0,True,0.0,0.9,1.0,1.0,0.0,0.0,0.0,0.0
cc7d03a3a03a3325,0,faa,4382,2,1,1.0,True,0.0,0.9,1.0,1.0,0.0,0.0,0.0,0.0
cc7d03a3a03a3325,0,faa,4383,2,1,1.0,True,0.0,0.9,1.0,1.0,0.0,0.0,0.0,0.0
cc7d03a3a03a3325,0,faa,4384,2,1,1.0,True,0.0,0.9,1.0,1.0,0.0,0.0,0.0,0.0
cc7d03a3a03a3325,0,faa,4385,2,1,1.0,True,0.0,0.9,1.0,1.0,0.0,0.0,0.0,0.0
cc7d03a3a03a3325,0,faa,4386,2,1,1.0,True,0.0,0.9,1.0,1.0,0.0,0.0,0.0,0.0
cc7d03a3a03a3325,0,faa,4387,2,1,1.0,True,0.0,0.9,1.0,1.0,0.0,0.0,0.0,0.0
cc7d03a3a03a3325,0,faa,4388,2,1,1.0,True,0.0,0.9,1.0,1.0,0.0,0.0,0.0,0.0
cc7d03a3a03a3325,0,faa,4389,2,1,1.0,True,0.0,0.9,1.0,1.0,0.0,0.0,0.0,0.0
cc7d03a3a03a3325,0,faa,4390,2,1,1.0,True,0.0,0.9,1.0,1.0,0.0,0.0,0.0,0.0
cc7d03a3a03a3325,0,faa,4391,2,1,1.0,True,0.0,0.9,1.0,1.0,0.0,0.0,0.0,0.0
cc7d03a3a03a3325,0,faa,4392,2,1,1.0,True,0.0,0.9,1.0,1.0,0.0,0.0,0.0,0.0
cc7d03a3a03a3325,0,faa,4393,2,1,1.0,True,0.0,0.9,1.0,1.0,0.0,0.0,0.0,0.0
cc7d03a3a03a3325,0,faa,4394,2,1,1.0,True,0.0,0.9,1.0,1.0,0.0,0.0,0.0,0.0
cc7d03a3a03a3325,0,faa,4395,2,1,1.0,True,0.0,0.9,1.0,1.0,0.0,0.0,0.0,0.0
cc7d03a3a03a3325,0,faa,4396,2,1,1.0,True,0.0,0.9,1.0,1.0,0.0,0.0,0.0,0.0
cc7d03a3a03a3325,0,faa,4397,2,1,1.0,True,0.0,0.9,1.0,1.0,0.0,0.0,0.0,0.0
cc7d03a3a03a3325,0,faa,4398,2,1,1.0,True,0.0,0.9,1.0,1.0,0.0,0.0,0.0,0.0
cc7d03a3a03a3325,0,faa,4399,2,1,1.0,True,0.0,0.9,1.0,1.0,0.0,0.0,0.0,0.0
cc7d03a3a03a3325,0,faa,4400,2,1,1.0,True,0.0,0.9,1.0,1.0,0.0,0.0,0.0,0.0
cc7d03a3a03a3325,0,faa,4401,2,1,1.0,True,0.0,0.9,1.0,1.0,0.0,0.0,0.0,0.0
cc7d03a3a03a3325,0,faa,4402,2,1,1.0,True,0.0,0.9,1.0,1.0,0.0,0.0,0.0,0.0
cc7d03a3a03a3325,0,faa,4403,2,1,1.0,True,0.0,0.9,1.0,1.0,0.0,0.0,0.0,0.0
cc7d03a3a03a3325,0,faa,4404,2,1,1.0,True,0.0,0.9,1.0,1.0,0.0,0.0,0.0,0.0
cc7d03a3a03a3325,0,faa,4405,2,1,1.0,True,0.0,0.9,1.0,1.0,0.0,0.0,0.0,0.0
cc7d03a3a03a3325,0,faa,4406,2,1,1.0,True,0.0,0.9,1.0,1.0,0.0,0.0,0.0,0.0
cc7d03a3a03a3325,0,faa,4407,2,1,1.0,True,0.0,0.9,1.0,1.0,0.0,0.0,0.0,0.0
cc7d03a3a03a3325,0,faa,4408,2,1,1.0,True,0.0,0.9,1.0,1.0,0.0,0.0,0.0,0.0
cc7d03a3a03a3325,0,faa,4409,2,1,1.0,True,0.0,0.9,1.0,1.0,0.0,0.0,0.0,0.0
cc7d03a3a03a3325,0,faa,4410,2,1,1.0,True,0.0,0.9,1.0,1.0,0.0,0.0,0.0,0.0
cc7d03a3a03a3325,0,faa,4411,2,1,1.0,True,0.0,0.9,1.0,1.0,0.0,0.0,0.0,0.0
cc7d03a3a03a3325,0,faa,4412,2,1,1.0,True,0.0,0.9,1.0,1.0,0.0,0.0,0.0,0.0
cc7d03a3a03a3325,0,faa,4413,2,1,1.0,True,0.0,0.9,1.0,1.0,0.0,0.0,0.0,0.0
cc7d03a3a03a3325,0,faa,4414,2,1,1.0,True,0.0,0.9,1.0,1.0,0.0,0.0,0.0,0.0
cc7d03a3a03a3325,0,faa,4415,2,1,1.0,True,0.0,0.9,1.0,1.0,0.0,0.0,0.0,0.0
cc7d03a3a03a3325,0,faa,4416,2,1,1.0,True,0.0,0.9,1.0,1.0,0.0,0.0,0.0,0.0
cc7d03a3a03a3325,0,faa,4417,2,1,1.0,True,0.0,0.9,1.0,1.0,0.0,0.0,0.0,0.0
cc7d03a3a03a3325,0,faa,4418,2,0,-0.1,False,0.0,0.9,0.6200000000000001,0.6200000000000001,0.0,0.0,0.0,0.0
cc7d03a3a03a3325,0,faa,4419,1,1,-0.1,False,0.0,0.9,0.8,0.8,0.0,0.0,0.0,0.0
cc7d03a3a03a3325,0,faa,4420,2,1,1.0,True,0.0,0.9,1.0,1.0,0.0,0.0,0.0,0.0
cc7d03a3a03a3325,0,faa,4421,2,1,1.0,True,0.0,0.9,1.0,1.0,0.0,0.0,0.0,0.0
cc7d03a3a03a3325,0,faa,4422,2,1,1.0,True,0.0,0.9,1.0,1.0,0.0,0.0,0.0,0.0
cc7d03a3a03a3325,0,faa,4423,2,1,1.0,True,0.0,0.9,1.0,1.0,0.0,0.0,0.0,0.0
cc7d03a3a03a3325,0,faa,4424,2,1,1.0,True,0.0,0.9,1.0,1.0,0.0,0.0,0.0,0.0
cc7d03a3a03a3325,0,faa,4425,2,1,1.0,True,0.0,0.9,1.0,1.0,0.0,0.0,0.0,0.0
cc7d03a3a03a3325,0,faa,4426,2,1,1.0,True,0.0,0.9,1.0,1.0,0.0,0.0,0.0,0.0
cc7d03a3a03a3325,0,faa,4427,2,0,-0.1,False,0.0,0.9,0.6200000000000001,0.6200000000000001,0.0,0.0,0.0,0.0
cc7d03a3a03a3325,0,faa,4428,1,1,-0.1,False,0.0,0.9,0.8,0.8,0.0,0.0,0.0,0.0
cc7d03a3a03a3325,0,faa,4429,2,1,1.0,True,0.0,0.9,1.0,1.0,0.0,0.0,0.0,0.0
cc7d03a3a03a3325,0,faa,4430,2,1,1.0,True,0.0,0.9,1.0,1.0,0.0,0.0,0.0,0.0
cc7d03a3a03a3325,0,faa,4431,2,1,1.0,True,0.0,0.9,1.0,1.0,0.0,0.0,0.0,0.0
cc7d03a3a03a3325,0,faa,4432,2,1,1.0,True,0.0,0.9,1.0,1.0,0.0,0.0,0.0,0.0
cc7d03a3a03a3325,0,faa,4433,2,0,-0.1,False,0.0,0.9,0.6200000000000001,0.6200000000000001,0.0,0.0,0.0,0.0
cc7d03a3a03a3325,0,faa,4434,1,1,-0.1,False,0.0,0.9,0.8,0.8,0.0,0.0,0.0,0.0
cc7d03a3a03a3325,0,faa,4435,2,1,1.0,True,0.0,0.9,1.0,1.0,0.0,0.0,0.0,0.0
cc7d03a3a03a3325,0,faa,4436,2,0,-0.1,False,0.0,0.9,0.6200000000000001,0.6200000000000001,0.0,0.0,0.0,0.0
cc7d03a3a03a3325,0,faa,4437,1,1,-0.1,False,0.0,0.9,0.8,0.8,0.0,0.0,0.0,0.0
cc7d03a3a03a3325,0,faa,4438,2,1,1.0,True,0.0,0.9,1.0,1.0,0.0,0.0,0.0,0.0
cc7d03a3a03a3325,0,faa,4439,2,1,1.0,True,0.0,0.9,1.0,1.0,0.0,0.0,0.0,0.0
cc7d03a3a03a3325,0,faa,4440,2,1,1.0,True,0.0,0.9,1.0,1.0,0.0,0.0,0.0,0.0
cc7d03a3a03a3325,0,faa,4441,2,1,1.0,True,0.0,0.9,1.0,1.0,0.0,0.0,0.0,0.0
cc7d03a3a03a3325,0,faa,4442,2,1,1.0,True,0.0,0.9,1.0,1.0,0.0,0.0,0.0,0.0
cc7d03a3a03a3325,0,faa,4443,2,1,1.0,True,0.0,0.9,1.0,1.0,0.0,0.0,0.0,0.0
cc7d03a3a03a3325,0,faa,4444,2,1,1.0,True,0.0,0.9,1.0,1.0,0.0,0.0,0.0,0.0
cc7d03a3a03a3325,0,faa,4445,2,1,1.0,True,0.0,0.9,1.0,1.0,0.0,0.0,0.0,0.0
cc7d03a3a03a3325,0,faa,4446,2,1,1.0,True,0.0,0.9,1.0,1.0,0.0,0.0,0.0,0.0
cc7d03a3a03a3325,0,faa,4447,2,1,1.0,True,0.0,0.9,1.0,1.0,0.0,0.0,0.0,0.0
cc7d03a3a03a3325,0,faa,4448,2,1,1.0,True,0.0,0.9,1.0,1.0,0.0,0.0,0.0,0.0
cc7d03a3a03a3325,0,faa,4449,2,1,1.0,True,0.0,0.9,1.0,1.0,0.0,0.0,0.0,0.0
cc7d03a3a03a3325,0,faa,4450,2,1,1.0,True,0.0,0.9,1.0,1.0,0.0,0.0,0.0,0.0
cc7d03a3a03a3325,0,faa,4451,2,1,1.0,True,0.0,0.9,1.0,1.0,0.0,0.0,0.0,0.0
cc7d03a3a03a3325,0,faa,4452,2,1,1.0,True,0.0,0.9,1.0,1.0,0.0,0.0,0.0,0.0
cc7d03a3a03a3325,0,faa,4453,2,1,1.0,True,0.0,0.9,1.0,1.0,0.0,0.0,0.0,0.0
cc7d03a3a03a3325,0,faa,4454,2,1,1.0,True,0.0,0.9,1.0,1.0,0.0,0.0,0.0,0.0
cc7d03a3a03a3325,0,faa,4455,2,0,-0.1,False,0.0,0.9,0.6200000000000001,0.6200000000000001,0.0,0.0,0.0,0.0
cc7d03a3a03a3325,0,faa,4456,1,1,-0.1,False,0.0,0.9,0.8,0.8,0.0,0.0,0.0,0.0
cc7d03a3a03a3325,0,faa,4457,2,1,1.0,True,0.0,0.9,1.0,1.0,0.0,0.0,0.0,0.0
cc7d03a3a03a3325,0,faa,4458,2,1,1.0,True,0.0,0.9,1.0,1.0,0.0,0.0,0.0,0.0
cc7d03a3a03a3325,0,faa,4459,2,1,1.0,True,0.0,0.9,1.0,1.0,0.0,0.0,0.0,0.0
cc7d03a3a03a3325,0,faa,4460,2,1,1.0,True,0.0,0.9,1.0,1.0,0.0,0.0,0.0,0.0
cc7d03a3a03a3325,0,faa,4461,2,1,1.0,True,0.0,0.9,1.0,1.0,0.0,0.0,0.0,0.0
cc7d03a3a03a3325,0,faa,4462,2,0,-0.1,False,0.0,0.9,0.6200000000000001,0.6200000000000001,0.0,0.0,0.0,0.0
cc7d03a3a03a3325,0,faa,4463,1,0,-0.1,False,0.0,0.9,0.4580000000000002,0.4580000000000002,0.0,0.0,0.0,0.0
cc7d03a3a03a3325,0,faa,4464,0,0,-0.1,False,0.0,0.9,0.4580000000000002,0.4580000000000002,0.0,0.0,0.0,0.0
cc7d03a3a03a3325,0,faa,4465,0,1,-0.1,False,0.0,0.9,0.6200000000000001,0.6200000000000001,0.0,0.0,0.0,0.0
cc7d03a3a03a3325,0,faa,4466,1,1,-0.1,False,0.0,0.9,0.8,0.8,0.0,0.0,0.0,0.0
cc7d03a3a03a3325,0,faa,4467,2,1,1.0,True,0.0,0.9,1.0,1.0,0.0,0.0,0.0,0.0
cc7d03a3a03a3325,0,faa,4468,2,1,1.0,True,0.0,0.9,1.0,1.0,0.0,0.0,0.0,0.0
cc7d03a3a03a3325,0,faa,4469,2,1,1.0,True,0.0,0.9,1.0,1.0,0.0,0.0,0.0,0.0
cc7d03a3a03a3325,0,faa,4470,2,1,1.0,True,0.0,0.9,1.0,1.0,0.0,0.0,0.0,0.0
cc7d03a3a03a3325,0,faa,4471,2,1,1.0,True,0.0,0.9,1.0,1.0,0.0,0.0,0.0,0.0
cc7d03a3a03a3325,0,faa,4472,2,1,1.0,True,0.0,0.9,1.0,1.0,0.0,0.0,0.0,0.0
cc7d03a3a03a3325,0,faa,4473,2,1,1.0,True,0.0,0.9,1.0,1.0,0.0,0.0,0.0,0.0
cc7d03a3a03a3325,0,faa,4474,2,1,1.0,True,0.0,0.9,1.0,1.0,0.0,0.0,0.0,0.0
cc7d03a3a03a3325,0,faa,4475,2,1,1.0,True,0.0,0.9,1.0,1.0,0.0,0.0,0.0,0.0
cc7d03a3a03a3325,0,faa,4476,2,1,1.0,True,0.0,0.9,1.0,1.0,0.0,0.0,0.0,0.0
cc7d03a3a03a3325,0,faa,4477,2,1,1.0,True,0.0,0.9,1.0,1.0,0.0,0.0,0.0,0.0
cc7d03a3a03a3325,0,faa,4478,2,1,1.0,True,0.0,0.9,1.0,1.0,0.0,0.0,0.0,0.0
cc7d03a3a03a3325,0,faa,4479,2,0,-0.1,False,0.0,0.9,0.6200000000000001,0.6200000000000001,0.0,0.0,0.0,0.0
cc7d03a3a03a3325,0,faa,4480,1,1,-0.1,False,0.0,0.9,0.8,0.8,0.0,0.0,0.0,0.0
cc7d03a3a03a3325,0,faa,4481,2,1,1.0,True,0.0,0.9,1.0,1.0,0.0,0.0,0.0,0.0
cc7d03a3a03a3325,0,faa,4482,2,1,1.0,True,0.0,0.9,1.0,1.0,0.0,0.0,0.0,0.0
cc7d03a3a03a3325,0,faa,4483,2,1,1.0,True,0.0,0.9,1.0,1.0,0.0,0.0,0.0,0.0
cc7d03a3a03a3325,0,faa,4484,2,1,1.0,True,0.0,0.9,1.0,1.0,0.0,0.0,0.0,0.0
cc7d03a3a03a3325,0,faa,4485,2,1,1.0,True,0.0,0.9,1.0,1.0,0.0,0.0,0.0,0.0
cc7d03a3a03a3325,0,faa,4486,2,1,1.0,True,0.0,0.9,1.0,1.0,0.0,0.0,0.0,0.0
cc7d03a3a03a3325,0,faa,4487,2,1,1.0,True,0.0,0.9,1.0,1.0,0.0,0.0,0.0,0.0
cc7d03a3a03a3325,0,faa,4488,2,1,1.0,True,0.0,0.9,1.0,1.0,0.0,0.0,0.0,0.0
cc7d03a3a03a3325,0,faa,4489,2,1,1.0,True,0.0,0.9,1.0,1.0,0.0,0.0,0.0,0.0
cc7d03a3a03a3325,0,faa,4490,2,1,1.0,True,0.0,0.9,1.0,1.0,0.0,0.0,0.0,0.0
cc7d03a3a03a3325,0,faa,4491,2,1,1.0,True,0.0,0.9,1.0,1.0,0.0,0.0,0.0,0.0
cc7d03a3a03a3325,0,faa,4492,2,1,1.0,True,0.0,0.9,1.0,1.0,0.0,0.0,0.0,0.0
cc7d03a3a03a3325,0,faa,4493,2,1,1.0,True,0.0,0.9,1.0,1.0,0.0,0.0,0.0,0.0
cc7d03a3a03a3325,0,faa,4494,2,0,-0.1,False,0.0,0.9,0.6200000000000001,0.6200000000000001,0.0,0.0,0.0,0.0
cc7d03a3a03a3325,0,faa,4495,1,1,-0.1,False,0.0,0.9,0.8,0.8,0.0,0.0,0.0,0.0
cc7d03a3a03a3325,0,faa,4496,2,1,1.0,True,0.0,0.9,1.0,1.0,0.0,0.0,0.0,0.0
cc7d03a3a03a3325,0,faa,4497,2,1,1.0,True,0.0,0.9,1.0,1.0,0.0,0.0,0.0,0.0
cc7d03a3a03a3325,0,faa,4498,2,0,-0.1,False,0.0,0.9,0.6200000000000001,0.6200000000000001,0.0,0.0,0.0,0.0
cc7d03a3a03a3325,0,faa,4499,1,1,-0.1,False,0.0,0.9,0.8,0.8,0.0,0.0,0.0,0.0
cc7d03a3a03a3325,0,faa,4500,2,1,1.0,True,0.0,0.9,1.0,1.0,0.0,0.0,0.0,0.0
cc7d03a3a03a3325,0,faa,4501,2,1,1.0,True,0.0,0.9,1.0,1.0,0.0,0.0,0.0,0.0
cc7d03a3a03a3325,0,faa,4502,2,1,1.0,True,0.0,0.9,1.0,1.0,0.0,0.0,0.0,0.0
cc7d03a3a03a3325,0,faa,4503,2,1,1.0,True,0.0,0.9,1.0,1.0,0.0,0.0,0.0,0.0
cc7d03a3a03a3325,0,faa,4504,2,1,1.0,True,0.0,0.9,1.0,1.0,0.0,0.0,0.0,0.0
cc7d03a3a03a3325,0,faa,4505,2,1,1.0,True,0.0,0.9,1.0,1.0,0.0,0.0,0.0,0.0
cc7d03a3a03a3325,0,faa,4506,2,1,1.0,True,0.0,0.9,1.0,1.0,0.0,0.0,0.0,0.0
cc7d03a3a03a3325,0,faa,4507,2,0,-0.1,False,0.0,0.9,0.6200000000000001,0.6200000000000001,0.0,0.0,0.0,0.0
cc7d03a3a03a3325,0,faa,4508,1,0,-0.1,False,0.0,0.9,0.4580000000000002,0.4580000000000002,0.0,0.0,0.0,0.0
cc7d03a3a03a3325,0,faa,4509,0,0,-0.1,False,0.0,0.9,0.4580000000000002,0.4580000000000002,0.0,0.0,0.0,0.0
cc7d03a3a03a3325,0,faa,4510,0,1,-0.1,False,0.0,0.9,0.6200000000000001,0.6200000000000001,0.0,0.0,0.0,0.0
cc7d03a3a03a3325,0,faa,4511,1,1,-0.1,False,0.0,0.9,0.8,0.8,0.0,0.0,0.0,0.0
cc7d03a3a03a3325,0,faa,4512,2,1,1.0,True,0.0,0.9,1.0,1.0,0.0,0.0,0.0,0.0
cc7d03a3a03a3325,0,faa,4513,2,1,1.0,True,0.0,0.9,1.0,1.0,0.0,0.0,0.0,0.0
cc7d03a3a03a3325,0,faa,4514,2,1,1.0,True,0.0,0.9,1.0,1.0,0.0,0.0,0.0,0.0
cc7d03a3a03a3325,0,faa,4515,2,1,1.0,True,0.0,0.9,1.0,1.0,0.0,0.0,0.0,0.0
cc7d03a3a03a3325,0,faa,4516,2,0,-0.1,False,0.0,0.9,0.6200000000000001,0.6200000000000001,0.0,0.0,0.0,0.0
cc7d03a3a03a3325,0,faa,4517,1,1,-0.1,False,0.0,0.9,0.8,0.8,0.0,0.0,0.0,0.0
cc7d03a3a03a3325,0,faa,4518,2,1,1.0,True,0.0,0.9,1.0,1.0,0.0,0.0,0.0,0.0
cc7d03a3a03a3325,0,faa,4519,2,1,1.0,True,0.0,0.9,1.0,1.0,0.0,0.0,0.0,0.0
cc7d03a3a03a3325,0,faa,4520,2,1,1.0,True,0.0,0.9,1.0,1.0,0.0,0.0,0.0,0.0
cc7d03a3a03a3325,0,faa,4521,2,1,1.0,True,0.0,0.9,1.0,1.0,0.0,0.0,0.0,0.0
cc7d03a3a03a3325,0,faa,4522,2,0,-0.1,False,0.0,0.9,0.6200000000000001,0.6200000000000001,0.0,0.0,0.0,0.0
cc7d03a3a03a3325,0,faa,4523,1,1,-0.1,False,0.0,0.9,0.8,0.8,0.0,0.0,0.0,0.0
cc7d03a3a03a3325,0,faa,4524,2,1,1.0,True,0.0,0.9,1.0,1.0,0.0,0.0,0.0,0.0
cc7d03a3a03a3325,0,faa,4525,2,1,1.0,True,0.0,0.9,1.0,1.0,0.0,0.0,0.0,0.0
cc7d03a3a03a3325,0,faa,4526,2,1,1.0,True,0.0,0.9,1.0,1.0,0.0,0.0,0.0,0.0
cc7d03a3a03a3325,0,faa,4527,2,1,1.0,True,0.0,0.9,1.0,1.0,0.0,0.0,0.0,0.0
cc7d03a3a03a3325,0,faa,4528,2,1,1.0,True,0.0,0.9,1.0,1.0,0.0,0.0,0.0,0.0
cc7d03a3a03a3325,0,faa,4529,2,0,-0.1,False,0.0,0.9,0.6200000000000001,0.6200000000000001,0.0,0.0,0.0,0.0
cc7d03a3a03a3325,0,faa,4530,1,1,-0.1,False,0.0,0.9,0.8,0.8,0.0,0.0,0.0,0.0
cc7d03a3a03a3325,0,faa,4531,2,0,-0.1,False,0.0,0.9,0.6200000000000001,0.6200000000000001,0.0,0.0,0.0,0.0
cc7d03a3a03a3325,0,faa,4532,1,1,-0.1,False,0.0,0.9,0.8,0.8,0.0,0.0,0.0,0.0
cc7d03a3a03a3325,0,faa,4533,2,1,1.0,True,0.0,0.9,1.0,1.0,0.0,0.0,0.0,0.0
cc7d03a3a03a3325,0,faa,4534,2,1,1.0,True,0.0,0.9,1.0,1.0,0.0,0.0,0.0,0.0
cc7d03a3a03a3325,0,faa,4535,2,1,1.0,True,0.0,0.9,1.0,1.0,0.0,0.0,0.0,0.0
cc7d03a3a03a3325,0,faa,4536,2,0,-0.1,False,0.0,0.9,0.6200000000000001,0.6200000000000001,0.0,0.0,0.0,0.0
cc7d03a3a03a3325,0,faa,4537,1,1,-0.1,False,0.0,0.9,0.8,0.8,0.0,0.0,0.0,0.0
cc7d03a3a03a3325,0,faa,4538,2,1,1.0,True,0.0,0.9,1.0,1.0,0.0,0.0,0.0,0.0
cc7d03a3a03a3325,0,faa,4539,2,1,1.0,True,0.0,0.9,1.0,1.0,0.0,0.0,0.0,0.0
cc7d03a3a03a3325,0,faa,4540,2,1,1.0,True,0.0,0.9,1.0,1.0,0.0,0.0,0.0,0.0
cc7d03a3a03a3325,0,faa,4541,2,1,1.0,True,0.0,0.9,1.0,1.0,0.0,0.0,0.0,0.0
cc7d03a3a03a3325,0,faa,4542,2,1,1.0,True,0.0,0.9,1.0,1.0,0.0,0.0,0.0,0.0
cc7d03a3a03a3325,0,faa,4543,2,1,1.0,True,0.0,0.9,1.0,1.0,0.0,0.0,0.0,0.0
cc7d03a3a03a3325,0,faa,4544,2,1,1.0,True,0.0,0.9,1.0,1.0,0.0,0.0,0.0,0.0
cc7d03a3a03a3325,0,faa,4545,2,1,1.0,True,0.0,0.9,1.0,1.0,0.0,0.0,0.0,0.0
cc7d03a3a03a3325,0,faa,4546,2,0,-0.1,False,0.0,0.9,0.6200000000000001,0.6200000000000001,0.0,0.0,0.0,0.0
cc7d03a3a03a3325,0,faa,4547,1,1,-0.1,False,0.0,0.9,0.8,0.8,0.0,0.0,0.0,0.0
cc7d03a3a03a3325,0,faa,4548,2,1,1.0,True,0.0,0.9,1.0,1.0,0.0,0.0,0.0,0.0
cc7d03a3a03a3325,0,faa,4549,2,1,1.0,True,0.0,0.9,1.0,1.0,0.0,0.0,0.0,0.0
cc7d03a3a03a3325,0,faa,4550,2,1,1.0,True,0.0,0.9,1.0,1.0,0.0,0.0,0.0,0.0
cc7d03a3a03a3325,0,faa,4551,2,0,-0.1,False,0.0,0.9,0.6200000000000001,0.6200000000000001,0.0,0.0,0.0,0.0
cc7d03a3a03a3325,0,faa,4552,1,1,-0.1,False,0.0,0.9,0.8,0.8,0.0,0.0,0.0,0.0
cc7d03a3a03a3325,0,faa,4553,2,1,1.0,True,0.0,0.9,1.0,1.0,0.0,0.0,0.0,0.0
cc7d03a3a03a3325,0,faa,4554,2,1,1.0,True,0.0,0.9,1.0,1.0,0.0,0.0,0.0,0.0
cc7d03a3a03a3325,0,faa,4555,2,1,1.0,True,0.0,0.9,1.0,1.0,0.0,0.0,0.0,0.0
cc7d03a3a03a3325,0,faa,4556,2,1,1.0,True,0.0,0.9,1.0,1.0,0.0,0.0,0.0,0.0
cc7d03a3a03a3325,0,faa,4557,2,1,1.0,True,0.0,0.9,1.0,1.0,0.0,0.0,0.0,0.0
cc7d03a3a03a3325,0,faa,4558,2,1,1.0,True,0.0,0.9,1.0,1.0,0.0,0.0,0.0,0.0
cc7d03a3a03a3325,0,faa,4559,2,1,1.0,True,0.0,0.9,1.0,1.0,0.0,0.0,0.0,0.0
cc7d03a3a03a3325,0,faa,4560,2,1,1.0,True,0.0,0.9,1.0,1.0,0.0,0.0,0.0,0.0
cc7d03a3a03a3325,0,faa,4561,2,1,1.0,True,0.0,0.9,1.0,1.0,0.0,0.0,0.0,0.0
cc7d03a3a03a3325,0,faa,4562,2,1,1.0,True,0.0,0.9,1.0,1.0,0.0,0.0,0.0,0.0
cc7d03a3a03a3325,0,faa,4563,2,0,-0.1,False,0.0,0.9,0.6200000000000001,0.6200000000000001,0.0,0.0,0.0,0.0
cc7d03a3a03a3325,0,faa,4564,1,1,-0.1,False,0.0,0.9,0.8,0.8,0.0,0.0,0.0,0.0
cc7d03a3a03a3325,0,faa,4565,2,1,1.0,True,0.0,0.9,1.0,1.0,0.0,0.0,0.0,0.0
cc7d03a3a03a3325,0,faa,4566,2,1,1.0,True,0.0,0.9,1.0,1.0,0.0,0.0,0.0,0.0
cc7d03a3a03a3325,0,faa,4567,2,1,1.0,True,0.0,0.9,1.0,1.0,0.0,0.0,0.0,0.0
cc7d03a3a03a3325,0,faa,4568,2,0,-0.1,False,0.0,0.9,0.6200000000000001,0.6200000000000001,0.0,0.0,0.0,0.0
cc7d03a3a03a3325,0,faa,4569,1,1,-0.1,False,0.0,0.9,0.8,0.8,0.0,0.0,0.0,0.0
cc7d03a3a03a3325,0,faa,4570,2,1,1.0,True,0.0,0.9,1.0,1.0,0.0,0.0,0.0,0.0
cc7d03a3a03a3325,0,faa,4571,2,1,1.0,True,0.0,0.9,1.0,1.0,0.0,0.0,0.0,0.0
cc7d03a3a03a3325,0,faa,4572,2,1,1.0,True,0.0,0.9,1.0,1.0,0.0,0.0,0.0,0.0
cc7d03a3a03a3325,0,faa,4573,2,1,1.0,True,0.0,0.9,1.0,1.0,0.0,0.0,0.0,0.0
cc7d03a3a03a3325,0,faa,4574,2,1,1.0,True,0.0,0.9,1.0,1.0,0.0,0.0,0.0,0.0
cc7d03a3a03a3325,0,faa,4575,2,1,1.0,True,0.0,0.9,1.0,1.0,0.0,0.0,0.0,0.0
cc7d03a3a03a3325,0,faa,4576,2,1,1.0,True,0.0,0.9,1.0,1.0,0.0,0.0,0.0,0.0
cc7d03a3a03a3325,0,faa,4577,2,0,-0.1,False,0.0,0.9,0.6200000000000001,0.6200000000000001,0.0,0.0,0.0,0.0
cc7d03a3a03a3325,0,faa,4578,1,1,-0.1,False,0.0,0.9,0.8,0.8,0.0,0.0,0.0,0.0
cc7d03a3a03a3325,0,faa,4579,2,1,1.0,True,0.0,0.9,1.0,1.0,0.0,0.0,0.0,0.0
cc7d03a3a03a3325,0,faa,4580,2,1,1.0,True,0.0,0.9,1.0,1.0,0.0,0.0,0.0,0.0
cc7d03a3a03a3325,0,faa,4581,2,1,1.0,True,0.0,0.9,1.0,1.0,0.0,0.0,0.0,0.0
cc7d03a3a03a3325,0,faa,4582,2,1,1.0,True,0.0,0.9,1.0,1.0,0.0,0.0,0.0,0.0
cc7d03a3a03a3325,0,faa,4583,2,1,1.0,True,0.0,0.9,1.0,1.0,0.0,0.0,0.0,0.0
cc7d03a3a03a3325,0,faa,4584,2,0,-0.1,False,0.0,0.9,0.6200000000000001,0.6200000000000001,0.0,0.0,0.0,0.0
cc7d03a3a03a3325,0,faa,4585,1,1,-0.1,False,0.0,0.9,0.8,0.8,0.0,0.0,0.0,0.0
cc7d03a3a03a3325,0,faa,4586,2,1,1.0,True,0.0,0.9,1.0,1.0,0.0,0.0,0.0,0.0
cc7d03a3a03a3325,0,faa,4587,2,0,-0.1,False,0.0,0.9,0.6200000000000001,0.6200000000000001,0.0,0.0,0.0,0.0
cc7d03a3a03a3325,0,faa,4588,1,1,-0.1,False,0.0,0.9,0.8,0.8,0.0,0.0,0.0,0.0
cc7d03a3a03a3325,0,faa,4589,2,1,1.0,True,0.0,0.9,1.0,1.0,0.0,0.0,0.0,0.0
cc7d03a3a03a3325,0,faa,4590,2,1,1.0,True,0.0,0.9,1.0,1.0,0.0,0.0,0.0,0.0
cc7d03a3a03a3325,0,faa,4591,2,1,1.0,True,0.0,0.9,1.0,1.0,0.0,0.0,0.0,0.0
cc7d03a3a03a3325,0,faa,4592,2,1,1.0,True,0.0,0.9,1.0,1.0,0.0,0.0,0.0,0.0
cc7d03a3a03a3325,0,faa,4593,2,1,1.0,True,0.0,0.9,1.0,1.0,0.0,0.0,0.0,0.0
cc7d03a3a03a3325,0,faa,4594,2,1,1.0,True,0.0,0.9,1.0,1.0,0.0,0.0,0.0,0.0
cc7d03a3a03a3325,0,faa,4595,2,1,1.0,True,0.0,0.9,1.0,1.0,0.0,0.0,0.0,0.0
cc7d03a3a03a3325,0,faa,4596,2,1,1.0,True,0.0,0.9,1.0,1.0,0.0,0.0,0.0,0.0
cc7d03a3a03a3325,0,faa,4597,2,1,1.0,True,0.0,0.9,1.0,1.0,0.0,0.0,0.0,0.0
cc7d03a3a03a3325,0,faa,4598,2,1,1.0,True,0.0,0.9,1.0,1.0,0.0,0.0,0.0,0.0
cc7d03a3a03a3325,0,faa,4599,2,1,1.0,True,0.0,0.9,1.0,1.0,0.0,0.0,0.0,0.0
cc7d03a3a03a3325,0,faa,4600,2,1,1.0,True,0.0,0.9,1.0,1.0,0.0,0.0,0.0,0.0
cc7d03a3a03a3325,0,faa,4601,2,1,1.0,True,0.0,0.9,1.0,1.0,0.0,0.0,0.0,0.0
cc7d03a3a03a3325,0,faa,4602,2,1,1.0,True,0.0,0.9,1.0,1.0,0.0,0.0,0.0,0.0
cc7d03a3a03a3325,0,faa,4603,2,1,1.0,True,0.0,0.9,1.0,1.0,0.0,0.0,0.0,0.0
cc7d03a3a03a3325,0,faa,4604,2,1,1.0,True,0.0,0.9,1.0,1.0,0.0,0.0,0.0,0.0
cc7d03a3a03a3325,0,faa,4605,2,1,1.0,True,0.0,0.9,1.0,1.0,0.0,0.0,0.0,0.0
cc7d03a3a03a3325,0,faa,4606,2,1,1.0,True,0.0,0.9,1.0,1.0,0.0,0.0,0.0,0.0
cc7d03a3a03a3325,0,faa,4607,2,1,1.0,True,0.0,0.9,1.0,1.0,0.0,0.0,0.0,0.0
cc7d03a3a03a3325,0,faa,4608,2,1,1.0,True,0.0,0.9,1.0,1.0,0.0,0.0,0.0,0.0
cc7d03a3a03a3325,0,faa,4609,2,1,1.0,True,0.0,0.9,1.0,1.0,0.0,0.0,0.0,0.0
cc7d03a3a03a3325,0,faa,4610,2,1,1.0,True,0.0,0.9,1.0,1.0,0.0,0.0,0.0,0.0
cc7d03a3a03a3325,0,faa,4611,2,1,1.0,True,0.0,0.9,1.0,1.0,0.0,0.0,0.0,0.0
cc7d03a3a03a3325,0,faa,4612,2,1,1.0,True,0.0,0.9,1.0,1.0,0.0,0.0,0.0,0.0
cc7d03a3a03a3325,0,faa,4613,2,0,-0.1,False,0.0,0.9,0.6200000000000001,0.6200000000000001,0.0,0.0,0.0,0.0
cc7d03a3a03a3325,0,faa,4614,1,1,-0.1,False,0.0,0.9,0.8,0.8,0.0,0.0,0.0,0.0
cc7d03a3a03a3325,0,faa,4615,2,1,1.0,True,0.0,0.9,1.0,1.0,0.0,0.0,0.0,0.0
cc7d03a3a03a3325,0,faa,4616,2,1,1.0,True,0.0,0.9,1.0,1.0,0.0,0.0,0.0,0.0
cc7d03a3a03a3325,0,faa,4617,2,1,1.0,True,0.0,0.9,1.0,1.0,0.0,0.0,0.0,0.0
cc7d03a3a03a3325,0,faa,4618,2,1,1.0,True,0.0,0.9,1.0,1.0,0.0,0.0,0.0,0.0
cc7d03a3a03a3325,0,faa,4619,2,1,1.0,True,0.0,0.9,1.0,1.0,0.0,0.0,0.0,0.0
cc7d03a3a03a3325,0,faa,4620,2,1,1.0,True,0.0,0.9,1.0,1.0,0.0,0.0,0.0,0.0
cc7d03a3a03a3325,0,faa,4621,2,1,1.0,True,0.0,0.9,1.0,1.0,0.0,0.0,0.0,0.0
cc7d03a3a03a3325,0,faa,4622,2,0,-0.1,False,0.0,0.9,0.6200000000000001,0.6200000000000001,0.0,0.0,0.0,0.0
cc7d03a3a03a3325,0,faa,4623,1,1,-0.1,False,0.0,0.9,0.8,0.8,0.0,0.0,0.0,0.0
cc7d03a3a03a3325,0,faa,4624,2,1,1.0,True,0.0,0.9,1.0,1.0,0.0,0.0,0.0,0.0
cc7d03a3a03a3325,0,faa,4625,2,0,-0.1,False,0.0,0.9,0.6200000000000001,0.6200000000000001,0.0,0.0,0.0,0.0
cc7d03a3a03a3325,0,faa,4626,1,0,-0.1,False,0.0,0.9,0.4580000000000002,0.4580000000000002,0.0,0.0,0.0,0.0
cc7d03a3a03a3325,0,faa,4627,0,1,-0.1,False,0.0,0.9,0.6200000000000001,0.6200000000000001,0.0,0.0,0.0,0.0
cc7d03a3a03a3325,0,faa,4628,1,1,-0.1,False,0.0,0.9,0.8,0.8,0.0,0.0,0.0,0.0
cc7d03a3a03a3325,0,faa,4629,2,1,1.0,True,0.0,0.9,1.0,1.0,0.0,0.0,0.0,0.0
cc7d03a3a03a3325,0,faa,4630,2,1,1.0,True,0.0,0.9,1.0,1.0,0.0,0.0,0.0,0.0
cc7d03a3a03a3325,0,faa,4631,2,1,1.0,True,0.0,0.9,1.0,1.0,0.0,0.0,0.0,0.0
cc7d03a3a03a3325,0,faa,4632,2,1,1.0,True,0.0,0.9,1.0,1.0,0.0,0.0,0.0,0.0
cc7d03a3a03a3325,0,faa,4633,2,1,1.0,True,0.0,0.9,1.0,1.0,0.0,0.0,0.0,0.0
cc7d03a3a03a3325,0,faa,4634,2,1,1.0,True,0.0,0.9,1.0,1.0,0.0,0.0,0.0,0.0
cc7d03a3a03a3325,0,faa,4635,2,1,1.0,True,0.0,0.9,1.0,1.0,0.0,0.0,0.0,0.0
cc7d03a3a03a3325,0,faa,4636,2,0,-0.1,False,0.0,0.9,0.6200000000000001,0.6200000000000001,0.0,0.0,0.0,0.0
cc7d03a3a03a3325,0,faa,4637,1,1,-0.1,False,0.0,0.9,0.8,0.8,0.0,0.0,0.0,0.0
cc7d03a3a03a3325,0,faa,4638,2,1,1.0,True,0.0,0.9,1.0,1.0,0.0,0.0,0.0,0.0
cc7d03a3a03a3325,0,faa,4639,2,1,1.0,True,0.0,0.9,1.0,1.0,0.0,0.0,0.0,0.0
cc7d03a3a03a3325,0,faa,4640,2,1,1.0,True,0.0,0.9,1.0,1.0,0.0,0.0,0.0,0.0
cc7d03a3a03a3325,0,faa,4641,2,1,1.0,True,0.0,0.9,1.0,1.0,0.0,0.0,0.0,0.0
cc7d03a3a03a3325,0,faa,4642,2,1,1.0,True,0.0,0.9,1.0,1.0,0.0,0.0,0.0,0.0
cc7d03a3a03a3325,0,faa,4643,2,1,1.0,True,0.0,0.9,1.0,1.0,0.0,0.0,0.0,0.0
cc7d03a3a03a3325,0,faa,4644,2,1,1.0,True,0.0,0.9,1.0,1.0,0.0,0.0,0.0,0.0
cc7d03a3a03a3325,0,faa,4645,2,1,1.0,True,0.0,0.9,1.0,1.0,0.0,0.0,0.0,0.0
cc7d03a3a03a3325,0,faa,4646,2,1,1.0,True,0.0,0.9,1.0,1.0,0.0,0.0,0.0,0.0
cc7d03a3a03a3325,0,faa,4647,2,0,-0.1,False,0.0,0.9,0.6200000000000001,0.6200000000000001,0.0,0.0,0.0,0.0
cc7d03a3a03a3325,0,faa,4648,1,0,-0.1,False,0.0,0.9,0.4580000000000002,0.4580000000000002,0.0,0.0,0.0,0.0
cc7d03a3a03a3325,0,faa,4649,0,1,-0.1,False,0.0,0.9,0.6200000000000001,0.6200000000000001,0.0,0.0,0.0,0.0
cc7d03a3a03a3325,0,faa,4650,1,1,-0.1,False,0.0,0.9,0.8,0.8,0.0,0.0,0.0,0.0
cc7d03a3a03a3325,0,faa,4651,2,0,-0.1,False,0.0,0.9,0.6200000000000001,0.6200000000000001,0.0,0.0,0.0,0.0
cc7d03a3a03a3325,0,faa,4652,1,0,-0.1,False,0.0,0.9,0.4580000000000002,0.4580000000000002,0.0,0.0,0.0,0.0
cc7d03a3a03a3325,0,faa,4653,0,0,-0.1,False,0.0,0.9,0.4580000000000002,0.4580000000000002,0.0,0.0,0.0,0.0
cc7d03a3a03a3325,0,faa,4654,0,0,-0.1,False,0.0,0.9,0.4580000000000002,0.4580000000000002,0.0,0.0,0.0,0.0
cc7d03a3a03a3325,0,faa,4655,0,0,-0.1,False,0.0,0.9,0.4580000000000002,0.4580000000000002,0.0,0.0,0.0,0.0
cc7d03a3a03a3325,0,faa,4656,0,1,-0.1,False,0.0,0.9,0.6200000000000001,0.6200000000000001,0.0,0.0,0.0,0.0
cc7d03a3a03a3325,0,faa,4657,1,1,-0.1,False,0.0,0.9,0.8,0.8,0.0,0.0,0.0,0.0
cc7d03a3a03a3325,0,faa,4658,2,1,1.0,True,0.0,0.9,1.0,1.0,0.0,0.0,0.0,0.0
cc7d03a3a03a3325,0,faa,4659,2,1,1.0,True,0.0,0.9,1.0,1.0,0.0,0.0,0.0,0.0
cc7d03a3a03a3325,0,faa,4660,2,1,1.0,True,0.0,0.9,1.0,1.0,0.0,0.0,0.0,0.0
cc7d03a3a03a3325,0,faa,4661,2,1,1.0,True,0.0,0.9,1.0,1.0,0.0,0.0,0.0,0.0
cc7d03a3a03a3325,0,faa,4662,2,1,1.0,True,0.0,0.9,1.0,1.0,0.0,0.0,0.0,0.0
cc7d03a3a03a3325,0,faa,4663,2,1,1.0,True,0.0,0.9,1.0,1.0,0.0,0.0,0.0,0.0
cc7d03a3a03a3325,0,faa,4664,2,1,1.0,True,0.0,0.9,1.0,1.0,0.0,0.0,0.0,0.0
cc7d03a3a03a3325,0,faa,4665,2,1,1.0,True,0.0,0.9,1.0,1.0,0.0,0.0,0.0,0.0
cc7d03a3a03a3325,0,faa,4666,2,1,1.0,True,0.0,0.9,1.0,1.0,0.0,0.0,0.0,0.0
cc7d03a3a03a3325,0,faa,4667,2,1,1.0,True,0.0,0.9,1.0,1.0,0.0,0.0,0.0,0.0
cc7d03a3a03a3325,0,faa,4668,2,1,1.0,True,0.0,0.9,1.0,1.0,0.0,0.0,0.0,0.0
cc7d03a3a03a3325,0,faa,4669,2,1,1.0,True,0.0,0.9,1.0,1.0,0.0,0.0,0.0,0.0
cc7d03a3a03a3325,0,faa,4670,2,1,1.0,True,0.0,0.9,1.0,1.0,0.0,0.0,0.0,0.0
cc7d03a3a03a3325,0,faa,4671,2,1,1.0,True,0.0,0.9,1.0,1.0,0.0,0.0,0.0,0.0
cc7d03a3a03a3325,0,faa,4672,2,1,1.0,True,0.0,0.9,1.0,1.0,0.0,0.0,0.0,0.0
cc7d03a3a03a3325,0,faa,4673,2,1,1.0,True,0.0,0.9,1.0,1.0,0.0,0.0,0.0,0.0
cc7d03a3a03a3325,0,faa,4674,2,1,1.0,True,0.0,0.9,1.0,1.0,0.0,0.0,0.0,0.0
cc7d03a3a03a3325,0,faa,4675,2,1,1.0,True,0.0,0.9,1.0,1.0,0.0,0.0,0.0,0.0
cc7d03a3a03a3325,0,faa,4676,2,1,1.0,True,0.0,0.9,1.0,1.0,0.0,0.0,0.0,0.0
cc7d03a3a03a3325,0,faa,4677,2,1,1.0,True,0.0,0.9,1.0,1.0,0.0,0.0,0.0,0.0
cc7d03a3a03a3325,0,faa,4678,2,1,1.0,True,0.0,0.9,1.0,1.0,0.0,0.0,0.0,0.0
cc7d03a3a03a3325,0,faa,4679,2,0,-0.1,False,0.0,0.9,0.6200000000000001,0.6200000000000001,0.0,0.0,0.0,0.0
cc7d03a3a03a3325,0,faa,4680,1,0,-0.1,False,0.0,0.9,0.4580000000000002,0.4580000000000002,0.0,0.0,0.0,0.0
cc7d03a3a03a3325,0,faa,4681,0,1,-0.1,False,0.0,0.9,0.6200000000000001,0.6200000000000001,0.0,0.0,0.0,0.0
cc7d03a3a03a3325,0,faa,4682,1,0,-0.1,False,0.0,0.9,0.4580000000000002,0.4580000000000002,0.0,0.0,0.0,0.0
cc7d03a3a03a3325,0,faa,4683,0,1,-0.1,False,0.0,0.9,0.6200000000000001,0.6200000000000001,0.0,0.0,0.0,0.0
cc7d03a3a03a3325,0,faa,4684,1,1,-0.1,False,0.0,0.9,0.8,0.8,0.0,0.0,0.0,0.0
cc7d03a3a03a3325,0,faa,4685,2,1,1.0,True,0.0,0.9,1.0,1.0,0.0,0.0,0.0,0.0
cc7d03a3a03a3325,0,faa,4686,2,1,1.0,True,0.0,0.9,1.0,1.0,0.0,0.0,0.0,0.0
cc7d03a3a03a3325,0,faa,4687,2,1,1.0,True,0.0,0.9,1.0,1.0,0.0,0.0,0.0,0.0
cc7d03a3a03a3325,0,faa,4688,2,1,1.0,True,0.0,0.9,1.0,1.0,0.0,0.0,0.0,0.0
cc7d03a3a03a3325,0,faa,4689,2,1,1.0,True,0.0,0.9,1.0,1.0,0.0,0.0,0.0,0.0
cc7d03a3a03a3325,0,faa,4690,2,1,1.0,True,0.0,0.9,1.0,1.0,0.0,0.0,0.0,0.0
cc7d03a3a03a3325,0,faa,4691,2,1,1.0,True,0.0,0.9,1.0,1.0,0.0,0.0,0.0,0.0
cc7d03a3a03a3325,0,faa,4692,2,1,1.0,True,0.0,0.9,1.0,1.0,0.0,0.0,0.0,0.0
cc7d03a3a03a3325,0,faa,4693,2,1,1.0,True,0.0,0.9,1.0,1.0,0.0,0.0,0.0,0.0
cc7d03a3a03a3325,0,faa,4694,2,1,1.0,True,0.0,0.9,1.0,1.0,0.0,0.0,0.0,0.0
cc7d03a3a03a3325,0,faa,4695,2,1,1.0,True,0.0,0.9,1.0,1.0,0.0,0.0,0.0,0.0
cc7d03a3a03a3325,0,faa,4696,2,1,1.0,True,0.0,0.9,1.0,1.0,0.0,0.0,0.0,0.0
cc7d03a3a03a3325,0,faa,4697,2,1,1.0,True,0.0,0.9,1.0,1.0,0.0,0.0,0.0,0.0
cc7d03a3a03a3325,0,faa,4698,2,1,1.0,True,0.0,0.9,1.0,1.0,0.0,0.0,0.0,0.0
cc7d03a3a03a3325,0,faa,4699,2,1,1.0,True,0.0,0.9,1.0,1.0,0.0,0.0,0.0,0.0
cc7d03a3a03a3325,0,faa,4700,2,0,-0.1,False,0.0,0.9,0.6200000000000001,0.6200000000000001,0.0,0.0,0.0,0.0
cc7d03a3a03a3325,0,faa,4701,1,1,-0.1,False,0.0,0.9,0.8,0.8,0.0,0.0,0.0,0.0
cc7d03a3a03a3325,0,faa,4702,2,1,1.0,True,0.0,0.9,1.0,1.0,0.0,0.0,0.0,0.0
cc7d03a3a03a3325,0,faa,4703,2,1,1.0,True,0.0,0.9,1.0,1.0,0.0,0.0,0.0,0.0
cc7d03a3a03a3325,0,faa,4704,2,1,1.0,True,0.0,0.9,1.0,1.0,0.0,0.0,0.0,0.0
cc7d03a3a03a3325,0,faa,4705,2,0,-0.1,False,0.0,0.9,0.6200000000000001,0.6200000000000001,0.0,0.0,0.0,0.0
cc7d03a3a03a3325,0,faa,4706,1,1,-0.1,False,0.0,0.9,0.8,0.8,0.0,0.0,0.0,0.0
cc7d03a3a03a3325,0,faa,4707,2,0,-0.1,False,0.0,0.9,0.6200000000000001,0.6200000000000001,0.0,0.0,0.0,0.0
cc7d03a3a03a3325,0,faa,4708,1,1,-0.1,False,0.0,0.9,0.8,0.8,0.0,0.0,0.0,0.0
cc7d03a3a03a3325,0,faa,4709,2,1,1.0,True,0.0,0.9,1.0,1.0,0.0,0.0,0.0,0.0
cc7d03a3a03a3325,0,faa,4710,2,1,1.0,True,0.0,0.9,1.0,1.0,0.0,0.0,0.0,0.0
cc7d03a3a03a3325,0,faa,4711,2,0,-0.1,False,0.0,0.9,0.6200000000000001,0.6200000000000001,0.0,0.0,0.0,0.0
cc7d03a3a03a3325,0,faa,4712,1,1,-0.1,False,0.0,0.9,0.8,0.8,0.0,0.0,0.0,0.0
cc7d03a3a03a3325,0,faa,4713,2,1,1.0,True,0.0,0.9,1.0,1.0,0.0,0.0,0.0,0.0
cc7d03a3a03a3325,0,faa,4714,2,1,1.0,True,0.0,0.9,1.0,1.0,0.0,0.0,0.0,0.0
cc7d03a3a03a3325,0,faa,4715,2,0,-0.1,False,0.0,0.9,0.6200000000000001,0.6200000000000001,0.0,0.0,0.0,0.0
cc7d03a3a03a3325,0,faa,4716,1,1,-0.1,False,0.0,0.9,0.8,0.8,0.0,0.0,0.0,0.0
cc7d03a3a03a3325,0,faa,4717,2,1,1.0,True,0.0,0.9,1.0,1.0,0.0,0.0,0.0,0.0
cc7d03a3a03a3325,0,faa,4718,2,1,1.0,True,0.0,0.9,1.0,1.0,0.0,0.0,0.0,0.0
cc7d03a3a03a3325,0,faa,4719,2,0,-0.1,False,0.0,0.9,0.6200000000000001,0.6200000000000001,0.0,0.0,0.0,0.0
cc7d03a3a03a3325,0,faa,4720,1,1,-0.1,False,0.0,0.9,0.8,0.8,0.0,0.0,0.0,0.0
cc7d03a3a03a3325,0,faa,4721,2,1,1.0,True,0.0,0.9,1.0,1.0,0.0,0.0,0.0,0.0
cc7d03a3a03a3325,0,faa,4722,2,1,1.0,True,0.0,0.9,1.0,1.0,0.0,0.0,0.0,0.0
cc7d03a3a03a3325,0,faa,4723,2,1,1.0,True,0.0,0.9,1.0,1.0,0.0,0.0,0.0,0.0
cc7d03a3a03a3325,0,faa,4724,2,0,-0.1,False,0.0,0.9,0.6200000000000001,0.6200000000000001,0.0,0.0,0.0,0.0
cc7d03a3a03a3325,0,faa,4725,1,1,-0.1,False,0.0,0.9,0.8,0.8,0.0,0.0,0.0,0.0
cc7d03a3a03a3325,0,faa,4726,2,0,-0.1,False,0.0,0.9,0.6200000000000001,0.6200000000000001,0.0,0.0,0.0,0.0
cc7d03a3a03a3325,0,faa,4727,1,1,-0.1,False,0.0,0.9,0.8,0.8,0.0,0.0,0.0,0.0
cc7d03a3a03a3325,0,faa,4728,2,1,1.0,True,0.0,0.9,1.0,1.0,0.0,0.0,0.0,0.0
cc7d03a3a03a3325,0,faa,4729,2,1,1.0,True,0.0,0.9,1.0,1.0,0.0,0.0,0.0,0.0
cc7d03a3a03a3325,0,faa,4730,2,1,1.0,True,0.0,0.9,1.0,1.0,0.0,0.0,0.0,0.0
cc7d03a3a03a3325,0,faa,4731,2,1,1.0,True,0.0,0.9,1.0,1.0,0.0,0.0,0.0,0.0
cc7d03a3a03a3325,0,faa,4732,2,1,1.0,True,0.0,0.9,1.0,1.0,0.0,0.0,0.0,0.0
cc7d03a3a03a3325,0,faa,4733,2,0,-0.1,False,0.0,0.9,0.6200000000000001,0.6200000000000001,0.0,0.0,0.0,0.0
cc7d03a3a03a3325,0,faa,4734,1,1,-0.1,False,0.0,0.9,0.8,0.8,0.0,0.0,0.0,0.0
cc7d03a3a03a3325,0,faa,4735,2,0,-0.1,False,0.0,0.9,0.6200000000000001,0.6200000000000001,0.0,0.0,0.0,0.0
cc7d03a3a03a3325,0,faa,4736,1,1,-0.1,False,0.0,0.9,0.8,0.8,0.0,0.0,0.0,0.0
cc7d03a3a03a3325,0,faa,4737,2,1,1.0,True,0.0,0.9,1.0,1.0,0.0,0.0,0.0,0.0
cc7d03a3a03a3325,0,faa,4738,2,1,1.0,True,0.0,0.9,1.0,1.0,0.0,0.0,0.0,0.0
cc7d03a3a03a3325,0,faa,4739,2,1,1.0,True,0.0,0.9,1.0,1.0,0.0,0.0,0.0,0.0
cc7d03a3a03a3325,0,faa,4740,2,1,1.0,True,0.0,0.9,1.0,1.0,0.0,0.0,0.0,0.0
cc7d03a3a03a3325,0,faa,4741,2,1,1.0,True,0.0,0.9,1.0,1.0,0.0,0.0,0.0,0.0
cc7d03a3a03a3325,0,faa,4742,2,1,1.0,True,0.0,0.9,1.0,1.0,0.0,0.0,0.0,0.0
cc7d03a3a03a3325,0,faa,4743,2,1,1.0,True,0.0,0.9,1.0,1.0,0.0,0.0,0.0,0.0
cc7d03a3a03a3325,0,faa,4744,2,1,1.0,True,0.0,0.9,1.0,1.0,0.0,0.0,0.0,0.0
cc7d03a3a03a3325,0,faa,4745,2,1,1.0,True,0.0,0.9,1.0,1.0,0.0,0.0,0.0,0.0
cc7d03a3a03a3325,0,faa,4746,2,1,1.0,True,0.0,0.9,1.0,1.0,0.0,0.0,0.0,0.0
cc7d03a3a03a3325,0,faa,4747,2,1,1.0,True,0.0,0.9,1.0,1.0,0.0,0.0,0.0,0.0
cc7d03a3a03a3325,0,faa,4748,2,1,1.0,True,0.0,0.9,1.0,1.0,0.0,0.0,0.0,0.0
cc7d03a3a03a3325,0,faa,4749,2,1,1.0,True,0.0,0.9,1.0,1.0,0.0,0.0,0.0,0.0
cc7d03a3a03a3325,0,faa,4750,2,1,1.0,True,0.0,0.9,1.0,1.0,0.0,0.0,0.0,0.0
cc7d03a3a03a3325,0,faa,4751,2,1,1.0,True,0.0,0.9,1.0,1.0,0.0,0.0,0.0,0.0
cc7d03a3a03a3325,0,faa,4752,2,1,1.0,True,0.0,0.9,1.0,1.0,0.0,0.0,0.0,0.0
cc7d03a3a03a3325,0,faa,4753,2,0,-0.1,False,0.0,0.9,0.6200000000000001,0.6200000000000001,0.0,0.0,0.0,0.0
cc7d03a3a03a3325,0,faa,4754,1,0,-0.1,False,0.0,0.9,0.4580000000000002,0.4580000000000002,0.0,0.0,0.0,0.0
cc7d03a3a03a3325,0,faa,4755,0,0,-0.1,False,0.0,0.9,0.4580000000000002,0.4580000000000002,0.0,0.0,0.0,0.0
cc7d03a3a03a3325,0,faa,4756,0,1,-0.1,False,0.0,0.9,0.6200000000000001,0.6200000000000001,0.0,0.0,0.0,0.0
cc7d03a3a03a3325,0,faa,4757,1,0,-0.1,False,0.0,0.9,0.4580000000000002,0.4580000000000002,0.0,0.0,0.0,0.0
cc7d03a3a03a3325,0,faa,4758,0,0,-0.1,False,0.0,0.9,0.4580000000000002,0.4580000000000002,0.0,0.0,0.0,0.0
cc7d03a3a03a3325,0,faa,4759,0,1,-0.1,False,0.0,0.9,0.6200000000000001,0.6200000000000001,0.0,0.0,0.0,0.0
cc7d03a3a03a3325,0,faa,4760,1,1,-0.1,False,0.0,0.9,0.8,0.8,0.0,0.0,0.0,0.0
cc7d03a3a03a3325,0,faa,4761,2,1,1.0,True,0.0,0.9,1.0,1.0,0.0,0.0,0.0,0.0
cc7d03a3a03a3325,0,faa,4762,2,1,1.0,True,0.0,0.9,1.0,1.0,0.0,0.0,0.0,0.0
cc7d03a3a03a3325,0,faa,4763,2,1,1.0,True,0.0,0.9,1.0,1.0,0.0,0.0,0.0,0.0
cc7d03a3a03a3325,0,faa,4764,2,0,-0.1,False,0.0,0.9,0.6200000000000001,0.6200000000000001,0.0,0.0,0.0,0.0
cc7d03a3a03a3325,0,faa,4765,1,1,-0.1,False,0.0,0.9,0.8,0.8,0.0,0.0,0.0,0.0
cc7d03a3a03a3325,0,faa,4766,2,1,1.0,True,0.0,0.9,1.0,1.0,0.0,0.0,0.0,0.0
cc7d03a3a03a3325,0,faa,4767,2,0,-0.1,False,0.0,0.9,0.6200000000000001,0.6200000000000001,0.0,0.0,0.0,0.0
cc7d03a3a03a3325,0,faa,4768,1,0,-0.1,False,0.0,0.9,0.4580000000000002,0.4580000000000002,0.0,0.0,0.0,0.0
cc7d03a3a03a3325,0,faa,4769,0,1,-0.1,False,0.0,0.9,0.6200000000000001,0.6200000000000001,0.0,0.0,0.0,0.0
cc7d03a3a03a3325,0,faa,4770,1,0,-0.1,False,0.0,0.9,0.4580000000000002,0.4580000000000002,0.0,0.0,0.0,0.0
cc7d03a3a03a3325,0,faa,4771,0,1,-0.1,False,0.0,0.9,0.6200000000000001,0.6200000000000001,0.0,0.0,0.0,0.0
cc7d03a3a03a3325,0,faa,4772,1,1,-0.1,False,0.0,0.9,0.8,0.8,0.0,0.0,0.0,0.0
cc7d03a3a03a3325,0,faa,4773,2,1,1.0,True,0.0,0.9,1.0,1.0,0.0,0.0,0.0,0.0
cc7d03a3a03a3325,0,faa,4774,2,1,1.0,True,0.0,0.9,1.0,1.0,0.0,0.0,0.0,0.0
cc7d03a3a03a3325,0,faa,4775,2,1,1.0,True,0.0,0.9,1.0,1.0,0.0,0.0,0.0,0.0
cc7d03a3a03a3325,0,faa,4776,2,1,1.0,True,0.0,0.9,1.0,1.0,0.0,0.0,0.0,0.0
cc7d03a3a03a3325,0,faa,4777,2,1,1.0,True,0.0,0.9,1.0,1.0,0.0,0.0,0.0,0.0
cc7d03a3a03a3325,0,faa,4778,2,1,1.0,True,0.0,0.9,1.0,1.0,0.0,0.0,0.0,0.0
cc7d03a3a03a3325,0,faa,4779,2,1,1.0,True,0.0,0.9,1.0,1.0,0.0,0.0,0.0,0.0
cc7d03a3a03a3325,0,faa,4780,2,1,1.0,True,0.0,0.9,1.0,1.0,0.0,0.0,0.0,0.0
cc7d03a3a03a3325,0,faa,4781,2,1,1.0,True,0.0,0.9,1.0,1.0,0.0,0.0,0.0,0.0
cc7d03a3a03a3325,0,faa,4782,2,1,1.0,True,0.0,0.9,1.0,1.0,0.0,0.0,0.0,0.0
cc7d03a3a03a3325,0,faa,4783,2,0,-0.1,False,0.0,0.9,0.6200000000000001,0.6200000000000001,0.0,0.0,0.0,0.0
cc7d03a3a03a3325,0,faa,4784,1,1,-0.1,False,0.0,0.9,0.8,0.8,0.0,0.0,0.0,0.0
cc7d03a3a03a3325,0,faa,4785,2,1,1.0,True,0.0,0.9,1.0,1.0,0.0,0.0,0.0,0.0
cc7d03a3a03a3325,0,faa,4786,2,1,1.0,True,0.0,0.9,1.0,1.0,0.0,0.0,0.0,0.0
cc7d03a3a03a3325,0,faa,4787,2,1,1.0,True,0.0,0.9,1.0,1.0,0.0,0.0,0.0,0.0
cc7d03a3a03a3325,0,faa,4788,2,1,1.0,True,0.0,0.9,1.0,1.0,0.0,0.0,0.0,0.0
cc7d03a3a03a3325,0,faa,4789,2,0,-0.1,False,0.0,0.9,0.6200000000000001,0.6200000000000001,0.0,0.0,0.0,0.0
cc7d03a3a03a3325,0,faa,4790,1,0,-0.1,False,0.0,0.9,0.4580000000000002,0.4580000000000002,0.0,0.0,0.0,0.0
cc7d03a3a03a3325,0,faa,4791,0,0,-0.1,False,0.0,0.9,0.4580000000000002,0.4580000000000002,0.0,0.0,0.0,0.0
cc7d03a3a03a3325,0,faa,4792,0,1,-0.1,False,0.0,0.9,0.6200000000000001,0.6200000000000001,0.0,0.0,0.0,0.0
cc7d03a3a03a3325,0,faa,4793,1,1,-0.1,False,0.0,0.9,0.8,0.8,0.0,0.0,0.0,0.0
cc7d03a3a03a3325,0,faa,4794,2,1,1.0,True,0.0,0.9,1.0,1.0,0.0,0.0,0.0,0.0
cc7d03a3a03a3325,0,faa,4795,2,1,1.0,True,0.0,0.9,1.0,1.0,0.0,0.0,0.0,0.0
cc7d03a3a03a3325,0,faa,4796,2,1,1.0,True,0.0,0.9,1.0,1.0,0.0,0.0,0.0,0.0
cc7d03a3a03a3325,0,faa,4797,2,1,1.0,True,0.0,0.9,1.0,1.0,0.0,0.0,0.0,0.0
cc7d03a3a03a3325,0,faa,4798,2,1,1.0,True,0.0,0.9,1.0,1.0,0.0,0.0,0.0,0.0
cc7d03a3a03a3325,0,faa,4799,2,1,1.0,True,0.0,0.9,1.0,1.0,0.0,0.0,0.0,0.0
cc7d03a3a03a3325,0,faa,4800,2,1,1.0,True,0.0,0.9,1.0,1.0,0.0,0.0,0.0,0.0
cc7d03a3a03a3325,0,faa,4801,2,0,-0.1,False,0.0,0.9,0.6200000000000001,0.6200000000000001,0.0,0.0,0.0,0.0
cc7d03a3a03a3325,0,faa,4802,1,1,-0.1,False,0.0,0.9,0.8,0.8,0.0,0.0,0.0,0.0
cc7d03a3a03a3325,0,faa,4803,2,0,-0.1,False,0.0,0.9,0.6200000000000001,0.6200000000000001,0.0,0.0,0.0,0.0
cc7d03a3a03a3325,0,faa,4804,1,0,-0.1,False,0.0,0.9,0.4580000000000002,0.4580000000000002,0.0,0.0,0.0,0.0
cc7d03a3a03a3325,0,faa,4805,0,0,-0.1,False,0.0,0.9,0.4580000000000002,0.4580000000000002,0.0,0.0,0.0,0.0
cc7d03a3a03a3325,0,faa,4806,0,1,-0.1,False,0.0,0.9,0.6200000000000001,0.6200000000000001,0.0,0.0,0.0,0.0
cc7d03a3a03a3325,0,faa,4807,1,1,-0.1,False,0.0,0.9,0.8,0.8,0.0,0.0,0.0,0.0
cc7d03a3a03a3325,0,faa,4808,2,1,1.0,True,0.0,0.9,1.0,1.0,0.0,0.0,0.0,0.0
cc7d03a3a03a3325,0,faa,4809,2,1,1.0,True,0.0,0.9,1.0,1.0,0.0,0.0,0.0,0.0
cc7d03a3a03a3325,0,faa,4810,2,1,1.0,True,0.0,0.9,1.0,1.0,0.0,0.0,0.0,0.0
cc7d03a3a03a3325,0,faa,4811,2,1,1.0,True,0.0,0.9,1.0,1.0,0.0,0.0,0.0,0.0
cc7d03a3a03a3325,0,faa,4812,2,1,1.0,True,0.0,0.9,1.0,1.0,0.0,0.0,0.0,0.0
cc7d03a3a03a3325,0,faa,4813,2,1,1.0,True,0.0,0.9,1.0,1.0,0.0,0.0,0.0,0.0
cc7d03a3a03a3325,0,faa,4814,2,0,-0.1,False,0.0,0.9,0.6200000000000001,0.6200000000000001,0.0,0.0,0.0,0.0
cc7d03a3a03a3325,0,faa,4815,1,1,-0.1,False,0.0,0.9,0.8,0.8,0.0,0.0,0.0,0.0
cc7d03a3a03a3325,0,faa,4816,2,1,1.0,True,0.0,0.9,1.0,1.0,0.0,0.0,0.0,0.0
cc7d03a3a03a3325,0,faa,4817,2,1,1.0,True,0.0,0.9,1.0,1.0,0.0,0.0,0.0,0.0
cc7d03a3a03a3325,0,faa,4818,2,1,1.0,True,0.0,0.9,1.0,1.0,0.0,0.0,0.0,0.0
cc7d03a3a03a3325,0,faa,4819,2,1,1.0,True,0.0,0.9,1.0,1.0,0.0,0.0,0.0,0.0
cc7d03a3a03a3325,0,faa,4820,2,1,1.0,True,0.0,0.9,1.0,1.0,0.0,0.0,0.0,0.0
cc7d03a3a03a3325,0,faa,4821,2,1,1.0,True,0.0,0.9,1.0,1.0,0.0,0.0,0.0,0.0
cc7d03a3a03a3325,0,faa,4822,2,1,1.0,True,0.0,0.9,1.0,1.0,0.0,0.0,0.0,0.0
cc7d03a3a03a3325,0,faa,4823,2,1,1.0,True,0.0,0.9,1.0,1.0,0.0,0.0,0.0,0.0
cc7d03a3a03a3325,0,faa,4824,2,1,1.0,True,0.0,0.9,1.0,1.0,0.0,0.0,0.0,0.0
cc7d03a3a03a3325,0,faa,4825,2,1,1.0,True,0.0,0.9,1.0,1.0,0.0,0.0,0.0,0.0
cc7d03a3a03a3325,0,faa,4826,2,1,1.0,True,0.0,0.9,1.0,1.0,0.0,0.0,0.0,0.0
cc7d03a3a03a3325,0,faa,4827,2,1,1.0,True,0.0,0.9,1.0,1.0,0.0,0.0,0.0,0.0
cc7d03a3a03a3325,0,faa,4828,2,1,1.0,True,0.0,0.9,1.0,1.0,0.0,0.0,0.0,0.0
cc7d03a3a03a3325,0,faa,4829,2,1,1.0,True,0.0,0.9,1.0,1.0,0.0,0.0,0.0,0.0
cc7d03a3a03a3325,0,faa,4830,2,0,-0.1,False,0.0,0.9,0.6200000000000001,0.6200000000000001,0.0,0.0,0.0,0.0
cc7d03a3a03a3325,0,faa,4831,1,1,-0.1,False,0.0,0.9,0.8,0.8,0.0,0.0,0.0,0.0
cc7d03a3a03a3325,0,faa,4832,2,0,-0.1,False,0.0,0.9,0.6200000000000001,0.6200000000000001,0.0,0.0,0.0,0.0
cc7d03a3a03a3325,0,faa,4833,1,1,-0.1,False,0.0,0.9,0.8,0.8,0.0,0.0,0.0,0.0
cc7d03a3a03a3325,0,faa,4834,2,1,1.0,True,0.0,0.9,1.0,1.0,0.0,0.0,0.0,0.0
cc7d03a3a03a3325,0,faa,4835,2,1,1.0,True,0.0,0.9,1.0,1.0,0.0,0.0,0.0,0.0
cc7d03a3a03a3325,0,faa,4836,2,1,1.0,True,0.0,0.9,1.0,1.0,0.0,0.0,0.0,0.0
cc7d03a3a03a3325,0,faa,4837,2,1,1.0,True,0.0,0.9,1.0,1.0,0.0,0.0,0.0,0.0
cc7d03a3a03a3325,0,faa,4838,2,1,1.0,True,0.0,0.9,1.0,1.0,0.0,0.0,0.0,0.0
cc7d03a3a03a3325,0,faa,4839,2,1,1.0,True,0.0,0.9,1.0,1.0,0.0,0.0,0.0,0.0
cc7d03a3a03a3325,0,faa,4840,2,1,1.0,True,0.0,0.9,1.0,1.0,0.0,0.0,0.0,0.0
cc7d03a3a03a3325,0,faa,4841,2,1,1.0,True,0.0,0.9,1.0,1.0,0.0,0.0,0.0,0.0
cc7d03a3a03a3325,0,faa,4842,2,1,1.0,True,0.0,0.9,1.0,1.0,0.0,0.0,0.0,0.0
cc7d03a3a03a3325,0,faa,4843,2,0,-0.1,False,0.0,0.9,0.6200000000000001,0.6200000000000001,0.0,0.0,0.0,0.0
cc7d03a3a03a3325,0,faa,4844,1,1,-0.1,False,0.0,0.9,0.8,0.8,0.0,0.0,0.0,0.0
cc7d03a3a03a3325,0,faa,4845,2,1,1.0,True,0.0,0.9,1.0,1.0,0.0,0.0,0.0,0.0
cc7d03a3a03a3325,0,faa,4846,2,1,1.0,True,0.0,0.9,1.0,1.0,0.0,0.0,0.0,0.0
cc7d03a3a03a3325,0,faa,4847,2,1,1.0,True,0.0,0.9,1.0,1.0,0.0,0.0,0.0,0.0
cc7d03a3a03a3325,0,faa,4848,2,1,1.0,True,0.0,0.9,1.0,1.0,0.0,0.0,0.0,0.0
cc7d03a3a03a3325,0,faa,4849,2,1,1.0,True,0.0,0.9,1.0,1.0,0.0,0.0,0.0,0.0
cc7d03a3a03a3325,0,faa,4850,2,1,1.0,True,0.0,0.9,1.0,1.0,0.0,0.0,0.0,0.0
cc7d03a3a03a3325,0,faa,4851,2,1,1.0,True,0.0,0.9,1.0,1.0,0.0,0.0,0.0,0.0
cc7d03a3a03a3325,0,faa,4852,2,0,-0.1,False,0.0,0.9,0.6200000000000001,0.6200000000000001,0.0,0.0,0.0,0.0
cc7d03a3a03a3325,0,faa,4853,1,1,-0.1,False,0.0,0.9,0.8,0.8,0.0,0.0,0.0,0.0
cc7d03a3a03a3325,0,faa,4854,2,1,1.0,True,0.0,0.9,1.0,1.0,0.0,0.0,0.0,0.0
cc7d03a3a03a3325,0,faa,4855,2,1,1.0,True,0.0,0.9,1.0,1.0,0.0,0.0,0.0,0.0
cc7d03a3a03a3325,0,faa,4856,2,1,1.0,True,0.0,0.9,1.0,1.0,0.0,0.0,0.0,0.0
cc7d03a3a03a3325,0,faa,4857,2,1,1.0,True,0.0,0.9,1.0,1.0,0.0,0.0,0.0,0.0
cc7d03a3a03a3325,0,faa,4858,2,1,1.0,True,0.0,0.9,1.0,1.0,0.0,0.0,0.0,0.0
cc7d03a3a03a3325,0,faa,4859,2,1,1.0,True,0.0,0.9,1.0,1.0,0.0,0.0,0.0,0.0
cc7d03a3a03a3325,0,faa,4860,2,1,1.0,True,0.0,0.9,1.0,1.0,0.0,0.0,0.0,0.0
cc7d03a3a03a3325,0,faa,4861,2,1,1.0,True,0.0,0.9,1.0,1.0,0.0,0.0,0.0,0.0
cc7d03a3a03a3325,0,faa,4862,2,1,1.0,True,0.0,0.9,1.0,1.0,0.0,0.0,0.0,0.0
cc7d03a3a03a3325,0,faa,4863,2,1,1.0,True,0.0,0.9,1.0,1.0,0.0,0.0,0.0,0.0
cc7d03a3a03a3325,0,faa,4864,2,1,1.0,True,0.0,0.9,1.0,1.0,0.0,0.0,0.0,0.0
cc7d03a3a03a3325,0,faa,4865,2,0,-0.1,False,0.0,0.9,0.6200000000000001,0.6200000000000001,0.0,0.0,0.0,0.0
cc7d03a3a03a3325,0,faa,4866,1,1,-0.1,False,0.0,0.9,0.8,0.8,0.0,0.0,0.0,0.0
cc7d03a3a03a3325,0,faa,4867,2,1,1.0,True,0.0,0.9,1.0,1.0,0.0,0.0,0.0,0.0
cc7d03a3a03a3325,0,faa,4868,2,1,1.0,True,0.0,0.9,1.0,1.0,0.0,0.0,0.0,0.0
cc7d03a3a03a3325,0,faa,4869,2,1,1.0,True,0.0,0.9,1.0,1.0,0.0,0.0,0.0,0.0
cc7d03a3a03a3325,0,faa,4870,2,1,1.0,True,0.0,0.9,1.0,1.0,0.0,0.0,0.0,0.0
cc7d03a3a03a3325,0,faa,4871,2,1,1.0,True,0.0,0.9,1.0,1.0,0.0,0.0,0.0,0.0
cc7d03a3a03a3325,0,faa,4872,2,1,1.0,True,0.0,0.9,1.0,1.0,0.0,0.0,0.0,0.0
cc7d03a3a03a3325,0,faa,4873,2,0,-0.1,False,0.0,0.9,0.6200000000000001,0.6200000000000001,0.0,0.0,0.0,0.0
cc7d03a3a03a3325,0,faa,4874,1,1,-0.1,False,0.0,0.9,0.8,0.8,0.0,0.0,0.0,0.0
cc7d03a3a03a3325,0,faa,4875,2,1,1.0,True,0.0,0.9,1.0,1.0,0.0,0.0,0.0,0.0
cc7d03a3a03a3325,0,faa,4876,2,1,1.0,True,0.0,0.9,1.0,1.0,0.0,0.0,0.0,0.0
cc7d03a3a03a3325,0,faa,4877,2,1,1.0,True,0.0,0.9,1.0,1.0,0.0,0.0,0.0,0.0
cc7d03a3a03a3325,0,faa,4878,2,1,1.0,True,0.0,0.9,1.0,1.0,0.0,0.0,0.0,0.0
cc7d03a3a03a3325,0,faa,4879,2,1,1.0,True,0.0,0.9,1.0,1.0,0.0,0.0,0.0,0.0
cc7d03a3a03a3325,0,faa,4880,2,1,1.0,True,0.0,0.9,1.0,1.0,0.0,0.0,0.0,0.0
cc7d03a3a03a3325,0,faa,4881,2,1,1.0,True,0.0,0.9,1.0,1.0,0.0,0.0,0.0,0.0
cc7d03a3a03a3325,0,faa,4882,2,1,1.0,True,0.0,0.9,1.0,1.0,0.0,0.0,0.0,0.0
cc7d03a3a03a3325,0,faa,4883,2,1,1.0,True,0.0,0.9,1.0,1.0,0.0,0.0,0.0,0.0
cc7d03a3a03a3325,0,faa,4884,2,1,1.0,True,0.0,0.9,1.0,1.0,0.0,0.0,0.0,0.0
cc7d03a3a03a3325,0,faa,4885,2,1,1.0,True,0.0,0.9,1.0,1.0,0.0,0.0,0.0,0.0
cc7d03a3a03a3325,0,faa,4886,2,1,1.0,True,0.0,0.9,1.0,1.0,0.0,0.0,0.0,0.0
cc7d03a3a03a3325,0,faa,4887,2,1,1.0,True,0.0,0.9,1.0,1.0,0.0,0.0,0.0,0.0
cc7d03a3a03a3325,0,faa,4888,2,1,1.0,True,0.0,0.9,1.0,1.0,0.0,0.0,0.0,0.0
cc7d03a3a03a3325,0,faa,4889,2,1,1.0,True,0.0,0.9,1.0,1.0,0.0,0.0,0.0,0.0
cc7d03a3a03a3325,0,faa,4890,2,1,1.0,True,0.0,0.9,1.0,1.0,0.0,0.0,0.0,0.0
cc7d03a3a03a3325,0,faa,4891,2,0,-0.1,False,0.0,0.9,0.6200000000000001,0.6200000000000001,0.0,0.0,0.0,0.0
cc7d03a3a03a3325,0,faa,4892,1,0,-0.1,False,0.0,0.9,0.4580000000000002,0.4580000000000002,0.0,0.0,0.0,0.0
cc7d03a3a03a3325,0,faa,4893,0,1,-0.1,False,0.0,0.9,0.6200000000000001,0.6200000000000001,0.0,0.0,0.0,0.0
cc7d03a3a03a3325,0,faa,4894,1,1,-0.1,False,0.0,0.9,0.8,0.8,0.0,0.0,0.0,0.0
cc7d03a3a03a3325,0,faa,4895,2,1,1.0,True,0.0,0.9,1.0,1.0,0.0,0.0,0.0,0.0
cc7d03a3a03a3325,0,faa,4896,2,1,1.0,True,0.0,0.9,1.0,1.0,0.0,0.0,0.0,0.0
cc7d03a3a03a3325,0,faa,4897,2,1,1.0,True,0.0,0.9,1.0,1.0,0.0,0.0,0.0,0.0
cc7d03a3a03a3325,0,faa,4898,2,1,1.0,True,0.0,0.9,1.0,1.0,0.0,0.0,0.0,0.0
cc7d03a3a03a3325,0,faa,4899,2,1,1.0,True,0.0,0.9,1.0,1.0,0.0,0.0,0.0,0.0
cc7d03a3a03a3325,0,faa,4900,2,1,1.0,True,0.0,0.9,1.0,1.0,0.0,0.0,0.0,0.0
cc7d03a3a03a3325,0,faa,4901,2,1,1.0,True,0.0,0.9,1.0,1.0,0.0,0.0,0.0,0.0
cc7d03a3a03a3325,0,faa,4902,2,1,1.0,True,0.0,0.9,1.0,1.0,0.0,0.0,0.0,0.0
cc7d03a3a03a3325,0,faa,4903,2,1,1.0,True,0.0,0.9,1.0,1.0,0.0,0.0,0.0,0.0
cc7d03a3a03a3325,0,faa,4904,2,1,1.0,True,0.0,0.9,1.0,1.0,0.0,0.0,0.0,0.0
cc7d03a3a03a3325,0,faa,4905,2,1,1.0,True,0.0,0.9,1.0,1.0,0.0,0.0,0.0,0.0
cc7d03a3a03a3325,0,faa,4906,2,0,-0.1,False,0.0,0.9,0.6200000000000001,0.6200000000000001,0.0,0.0,0.0,0.0
cc7d03a3a03a3325,0,faa,4907,1,0,-0.1,False,0.0,0.9,0.4580000000000002,0.4580000000000002,0.0,0.0,0.0,0.0
cc7d03a3a03a3325,0,faa,4908,0,1,-0.1,False,0.0,0.9,0.6200000000000001,0.6200000000000001,0.0,0.0,0.0,0.0
cc7d03a3a03a3325,0,faa,4909,1,1,-0.1,False,0.0,0.9,0.8,0.8,0.0,0.0,0.0,0.0
cc7d03a3a03a3325,0,faa,4910,2,1,1.0,True,0.0,0.9,1.0,1.0,0.0,0.0,0.0,0.0
cc7d03a3a03a3325,0,faa,4911,2,1,1.0,True,0.0,0.9,1.0,1.0,0.0,0.0,0.0,0.0
cc7d03a3a03a3325,0,faa,4912,2,1,1.0,True,0.0,0.9,1.0,1.0,0.0,0.0,0.0,0.0
cc7d03a3a03a3325,0,faa,4913,2,1,1.0,True,0.0,0.9,1.0,1.0,0.0,0.0,0.0,0.0
cc7d03a3a03a3325,0,faa,4914,2,1,1.0,True,0.0,0.9,1.0,1.0,0.0,0.0,0.0,0.0
cc7d03a3a03a3325,0,faa,4915,2,1,1.0,True,0.0,0.9,1.0,1.0,0.0,0.0,0.0,0.0
cc7d03a3a03a3325,0,faa,4916,2,1,1.0,True,0.0,0.9,1.0,1.0,0.0,0.0,0.0,0.0
cc7d03a3a03a3325,0,faa,4917,2,1,1.0,True,0.0,0.9,1.0,1.0,0.0,0.0,0.0,0.0
cc7d03a3a03a3325,0,faa,4918,2,1,1.0,True,0.0,0.9,1.0,1.0,0.0,0.0,0.0,0.0
cc7d03a3a03a3325,0,faa,4919,2,1,1.0,True,0.0,0.9,1.0,1.0,0.0,0.0,0.0,0.0
cc7d03a3a03a3325,0,faa,4920,2,0,-0.1,False,0.0,0.9,0.6200000000000001,0.6200000000000001,0.0,0.0,0.0,0.0
cc7d03a3a03a3325,0,faa,4921,1,0,-0.1,False,0.0,0.9,0.4580000000000002,0.4580000000000002,0.0,0.0,0.0,0.0
cc7d03a3a03a3325,0,faa,4922,0,0,-0.1,False,0.0,0.9,0.4580000000000002,0.4580000000000002,0.0,0.0,0.0,0.0
cc7d03a3a03a3325,0,faa,4923,0,1,-0.1,False,0.0,0.9,0.6200000000000001,0.6200000000000001,0.0,0.0,0.0,0.0
cc7d03a3a03a3325,0,faa,4924,1,1,-0.1,False,0.0,0.9,0.8,0.8,0.0,0.0,0.0,0.0
cc7d03a3a03a3325,0,faa,4925,2,1,1.0,True,0.0,0.9,1.0,1.0,0.0,0.0,0.0,0.0
cc7d03a3a03a3325,0,faa,4926,2,1,1.0,True,0.0,0.9,1.0,1.0,0.0,0.0,0.0,0.0
cc7d03a3a03a3325,0,faa,4927,2,0,-0.1,False,0.0,0.9,0.6200000000000001,0.6200000000000001,0.0,0.0,0.0,0.0
cc7d03a3a03a3325,0,faa,4928,1,0,-0.1,False,0.0,0.9,0.4580000000000002,0.4580000000000002,0.0,0.0,0.0,0.0
cc7d03a3a03a3325,0,faa,4929,0,0,-0.1,False,0.0,0.9,0.4580000000000002,0.4580000000000002,0.0,0.0,0.0,0.0
cc7d03a3a03a3325,0,faa,4930,0,0,-0.1,False,0.0,0.9,0.4580000000000002,0.4580000000000002,0.0,0.0,0.0,0.0
cc7d03a3a03a3325,0,faa,4931,0,1,-0.1,False,0.0,0.9,0.6200000000000001,0.6200000000000001,0.0,0.0,0.0,0.0
cc7d03a3a03a3325,0,faa,4932,1,1,-0.1,False,0.0,0.9,0.8,0.8,0.0,0.0,0.0,0.0
cc7d03a3a03a3325,0,faa,4933,2,0,-0.1,False,0.0,0.9,0.6200000000000001,0.6200000000000001,0.0,0.0,0.0,0.0
cc7d03a3a03a3325,0,faa,4934,1,1,-0.1,False,0.0,0.9,0.8,0.8,0.0,0.0,0.0,0.0
cc7d03a3a03a3325,0,faa,4935,2,1,1.0,True,0.0,0.9,1.0,1.0,0.0,0.0,0.0,0.0
cc7d03a3a03a3325,0,faa,4936,2,1,1.0,True,0.0,0.9,1.0,1.0,0.0,0.0,0.0,0.0
cc7d03a3a03a3325,0,faa,4937,2,1,1.0,True,0.0,0.9,1.0,1.0,0.0,0.0,0.0,0.0
cc7d03a3a03a3325,0,faa,4938,2,1,1.0,True,0.0,0.9,1.0,1.0,0.0,0.0,0.0,0.0
cc7d03a3a03a3325,0,faa,4939,2,1,1.0,True,0.0,0.9,1.0,1.0,0.0,0.0,0.0,0.0
cc7d03a3a03a3325,0,faa,4940,2,1,1.0,True,0.0,0.9,1.0,1.0,0.0,0.0,0.0,0.0
cc7d03a3a03a3325,0,faa,4941,2,1,1.0,True,0.0,0.9,1.0,1.0,0.0,0.0,0.0,0.0
cc7d03a3a03a3325,0,faa,4942,2,1,1.0,True,0.0,0.9,1.0,1.0,0.0,0.0,0.0,0.0
cc7d03a3a03a3325,0,faa,4943,2,1,1.0,True,0.0,0.9,1.0,1.0,0.0,0.0,0.0,0.0
cc7d03a3a03a3325,0,faa,4944,2,1,1.0,True,0.0,0.9,1.0,1.0,0.0,0.0,0.0,0.0
cc7d03a3a03a3325,0,faa,4945,2,1,1.0,True,0.0,0.9,1.0,1.0,0.0,0.0,0.0,0.0
cc7d03a3a03a3325,0,faa,4946,2,1,1.0,True,0.0,0.9,1.0,1.0,0.0,0.0,0.0,0.0
cc7d03a3a03a3325,0,faa,4947,2,1,1.0,True,0.0,0.9,1.0,1.0,0.0,0.0,0.0,0.0
cc7d03a3a03a3325,0,faa,4948,2,1,1.0,True,0.0,0.9,1.0,1.0,0.0,0.0,0.0,0.0
cc7d03a3a03a3325,0,faa,4949,2,1,1.0,True,0.0,0.9,1.0,1.0,0.0,0.0,0.0,0.0
cc7d03a3a03a3325,0,faa,4950,2,1,1.0,True,0.0,0.9,1.0,1.0,0.0,0.0,0.0,0.0
cc7d03a3a03a3325,0,faa,4951,2,1,1.0,True,0.0,0.9,1.0,1.0,0.0,0.0,0.0,0.0
cc7d03a3a03a3325,0,faa,4952,2,1,1.0,True,0.0,0.9,1.0,1.0,0.0,0.0,0.0,0.0
cc7d03a3a03a3325,0,faa,4953,2,1,1.0,True,0.0,0.9,1.0,1.0,0.0,0.0,0.0,0.0
cc7d03a3a03a3325,0,faa,4954,2,1,1.0,True,0.0,0.9,1.0,1.0,0.0,0.0,0.0,0.0
cc7d03a3a03a3325,0,faa,4955,2,1,1.0,True,0.0,0.9,1.0,1.0,0.0,0.0,0.0,0.0
cc7d03a3a03a3325,0,faa,4956,2,1,1.0,True,0.0,0.9,1.0,1.0,0.0,0.0,0.0,0.0
cc7d03a3a03a3325,0,faa,4957,2,1,1.0,True,0.0,0.9,1.0,1.0,0.0,0.0,0.0,0.0
cc7d03a3a03a3325,0,faa,4958,2,0,-0.1,False,0.0,0.9,0.6200000000000001,0.6200000000000001,0.0,0.0,0.0,0.0
cc7d03a3a03a3325,0,faa,4959,1,1,-0.1,False,0.0,0.9,0.8,0.8,0.0,0.0,0.0,0.0
cc7d03a3a03a3325,0,faa,4960,2,1,1.0,True,0.0,0.9,1.0,1.0,0.0,0.0,0.0,0.0
cc7d03a3a03a3325,0,faa,4961,2,1,1.0,True,0.0,0.9,1.0,1.0,0.0,0.0,0.0,0.0
cc7d03a3a03a3325,0,faa,4962,2,1,1.0,True,0.0,0.9,1.0,1.0,0.0,0.0,0.0,0.0
cc7d03a3a03a3325,0,faa,4963,2,1,1.0,True,0.0,0.9,1.0,1.0,0.0,0.0,0.0,0.0
cc7d03a3a03a3325,0,faa,4964,2,1,1.0,True,0.0,0.9,1.0,1.0,0.0,0.0,0.0,0.0
cc7d03a3a03a3325,0,faa,4965,2,1,1.0,True,0.0,0.9,1.0,1.0,0.0,0.0,0.0,0.0
cc7d03a3a03a3325,0,faa,4966,2,1,1.0,True,0.0,0.9,1.0,1.0,0.0,0.0,0.0,0.0
cc7d03a3a03a3325,0,faa,4967,2,1,1.0,True,0.0,0.9,1.0,1.0,0.0,0.0,0.0,0.0
cc7d03a3a03a3325,0,faa,4968,2,1,1.0,True,0.0,0.9,1.0,1.0,0.0,0.0,0.0,0.0
cc7d03a3a03a3325,0,faa,4969,2,1,1.0,True,0.0,0.9,1.0,1.0,0.0,0.0,0.0,0.0
cc7d03a3a03a3325,0,faa,4970,2,1,1.0,True,0.0,0.9,1.0,1.0,0.0,0.0,0.0,0.0
cc7d03a3a03a3325,0,faa,4971,2,1,1.0,True,0.0,0.9,1.0,1.0,0.0,0.0,0.0,0.0
cc7d03a3a03a3325,0,faa,4972,2,1,1.0,True,0.0,0.9,1.0,1.0,0.0,0.0,0.0,0.0
cc7d03a3a03a3325,0,faa,4973,2,1,1.0,True,0.0,0.9,1.0,1.0,0.0,0.0,0.0,0.0
cc7d03a3a03a3325,0,faa,4974,2,1,1.0,True,0.0,0.9,1.0,1.0,0.0,0.0,0.0,0.0
cc7d03a3a03a3325,0,faa,4975,2,0,-0.1,False,0.0,0.9,0.6200000000000001,0.6200000000000001,0.0,0.0,0.0,0.0
cc7d03a3a03a3325,0,faa,4976,1,0,-0.1,False,0.0,0.9,0.4580000000000002,0.4580000000000002,0.0,0.0,0.0,0.0
cc7d03a3a03a3325,0,faa,4977,0,0,-0.1,False,0.0,0.9,0.4580000000000002,0.4580000000000002,0.0,0.0,0.0,0.0
cc7d03a3a03a3325,0,faa,4978,0,0,-0.1,False,0.0,0.9,0.4580000000000002,0.4580000000000002,0.0,0.0,0.0,0.0
cc7d03a3a03a3325,0,faa,4979,0,1,-0.1,False,0.0,0.9,0.6200000000000001,0.6200000000000001,0.0,0.0,0.0,0.0
cc7d03a3a03a3325,0,faa,4980,1,1,-0.1,False,0.0,0.9,0.8,0.8,0.0,0.0,0.0,0.0
cc7d03a3a03a3325,0,faa,4981,2,1,1.0,True,0.0,0.9,1.0,1.0,0.0,0.0,0.0,0.0
cc7d03a3a03a3325,0,faa,4982,2,1,1.0,True,0.0,0.9,1.0,1.0,0.0,0.0,0.0,0.0
cc7d03a3a03a3325,0,faa,4983,2,1,1.0,True,0.0,0.9,1.0,1.0,0.0,0.0,0.0,0.0
cc7d03a3a03a3325,0,faa,4984,2,1,1.0,True,0.0,0.9,1.0,1.0,0.0,0.0,0.0,0.0
cc7d03a3a03a3325,0,faa,4985,2,1,1.0,True,0.0,0.9,1.0,1.0,0.0,0.0,0.0,0.0
cc7d03a3a03a3325,0,faa,4986,2,1,1.0,True,0.0,0.9,1.0,1.0,0.0,0.0,0.0,0.0
cc7d03a3a03a3325,0,faa,4987,2,1,1.0,True,0.0,0.9,1.0,1.0,0.0,0.0,0.0,0.0
cc7d03a3a03a3325,0,faa,4988,2,0,-0.1,False,0.0,0.9,0.6200000000000001,0.6200000000000001,0.0,0.0,0.0,0.0
cc7d03a3a03a3325,0,faa,4989,1,0,-0.1,False,0.0,0.9,0.4580000000000002,0.4580000000000002,0.0,0.0,0.0,0.0
cc7d03a3a03a3325,0,faa,4990,0,1,-0.1,False,0.0,0.9,0.6200000000000001,0.6200000000000001,0.0,0.0,0.0,0.0
cc7d03a3a03a3325,0,faa,4991,1,1,-0.1,False,0.0,0.9,0.8,0.8,0.0,0.0,0.0,0.0
cc7d03a3a03a3325,0,faa,4992,2,1,1.0,True,0.0,0.9,1.0,1.0,0.0,0.0,0.0,0.0
cc7d03a3a03a3325,0,faa,4993,2,1,1.0,True,0.0,0.9,1.0,1.0,0.0,0.0,0.0,0.0
cc7d03a3a03a3325,0,faa,4994,2,1,1.0,True,0.0,0.9,1.0,1.0,0.0,0.0,0.0,0.0
cc7d03a3a03a3325,0,faa,4995,2,1,1.0,True,0.0,0.9,1.0,1.0,0.0,0.0,0.0,0.0
cc7d03a3a03a3325,0,faa,4996,2,0,-0.1,False,0.0,0.9,0.6200000000000001,0.6200000000000001,0.0,0.0,0.0,0.0
cc7d03a3a03a3325,0,faa,4997,1,1,-0.1,False,0.0,0.9,0.8,0.8,0.0,0.0,0.0,0.0
cc7d03a3a03a3325,0,faa,4998,2,0,-0.1,False,0.0,0.9,0.6200000000000001,0.6200000000000001,0.0,0.0,0.0,0.0
cc7d03a3a03a3325,0,faa,4999,1,1,-0.1,False,0.0,0.9,0.8,0.8,0.0,0.0,0.0,0.0
cc7d03a3a03a3325,0,faa,5000,2,1,1.0,True,0.0,0.9,1.0,1.0,0.0,0.0,0.0,0.0
cc7d03a3a03a3325,0,faa,5001,2,1,1.0,True,0.0,0.9,1.0,1.0,0.0,0.0,0.0,0.0
cc7d03a3a03a3325,0,faa,5002,2,1,1.0,True,0.0,0.9,1.0,1.0,0.0,0.0,0.0,0.0
cc7d03a3a03a3325,0,faa,5003,2,1,1.0,True,0.0,0.9,1.0,1.0,0.0,0.0,0.0,0.0
cc7d03a3a03a3325,0,faa,5004,2,1,1.0,True,0.0,0.9,1.0,1.0,0.0,0.0,0.0,0.0
cc7d03a3a03a3325,0,faa,5005,2,1,1.0,True,0.0,0.9,1.0,1.0,0.0,0.0,0.0,0.0
cc7d03a3a03a3325,0,faa,5006,2,1,1.0,True,0.0,0.9,1.0,1.0,0.0,0.0,0.0,0.0
cc7d03a3a03a3325,0,faa,5007,2,1,1.0,True,0.0,0.9,1.0,1.0,0.0,0.0,0.0,0.0
cc7d03a3a03a3325,0,faa,5008,2,1,1.0,True,0.0,0.9,1.0,1.0,0.0,0.0,0.0,0.0
cc7d03a3a03a3325,0,faa,5009,2,0,-0.1,False,0.0,0.9,0.6200000000000001,0.6200000000000001,0.0,0.0,0.0,0.0
cc7d03a3a03a3325,0,faa,5010,1,1,-0.1,False,0.0,0.9,0.8,0.8,0.0,0.0,0.0,0.0
cc7d03a3a03a3325,0,faa,5011,2,1,1.0,True,0.0,0.9,1.0,1.0,0.0,0.0,0.0,0.0
cc7d03a3a03a3325,0,faa,5012,2,1,1.0,True,0.0,0.9,1.0,1.0,0.0,0.0,0.0,0.0
cc7d03a3a03a3325,0,faa,5013,2,1,1.0,True,0.0,0.9,1.0,1.0,0.0,0.0,0.0,0.0
cc7d03a3a03a3325,0,faa,5014,2,1,1.0,True,0.0,0.9,1.0,1.0,0.0,0.0,0.0,0.0
cc7d03a3a03a3325,0,faa,5015,2,1,1.0,True,0.0,0.9,1.0,1.0,0.0,0.0,0.0,0.0
cc7d03a3a03a3325,0,faa,5016,2,1,1.0,True,0.0,0.9,1.0,1.0,0.0,0.0,0.0,0.0
cc7d03a3a03a3325,0,faa,5017,2,1,1.0,True,0.0,0.9,1.0,1.0,0.0,0.0,0.0,0.0
cc7d03a3a03a3325,0,faa,5018,2,1,1.0,True,0.0,0.9,1.0,1.0,0.0,0.0,0.0,0.0
cc7d03a3a03a3325,0,faa,5019,2,1,1.0,True,0.0,0.9,1.0,1.0,0.0,0.0,0.0,0.0
cc7d03a3a03a3325,0,faa,5020,2,1,1.0,True,0.0,0.9,1.0,1.0,0.0,0.0,0.0,0.0
cc7d03a3a03a3325,0,faa,5021,2,1,1.0,True,0.0,0.9,1.0,1.0,0.0,0.0,0.0,0.0
cc7d03a3a03a3325,0,faa,5022,2,1,1.0,True,0.0,0.9,1.0,1.0,0.0,0.0,0.0,0.0
cc7d03a3a03a3325,0,faa,5023,2,1,1.0,True,0.0,0.9,1.0,1.0,0.0,0.0,0.0,0.0
cc7d03a3a03a3325,0,faa,5024,2,1,1.0,True,0.0,0.9,1.0,1.0,0.0,0.0,0.0,0.0
cc7d03a3a03a3325,0,faa,5025,2,1,1.0,True,0.0,0.9,1.0,1.0,0.0,0.0,0.0,0.0
cc7d03a3a03a3325,0,faa,5026,2,1,1.0,True,0.0,0.9,1.0,1.0,0.0,0.0,0.0,0.0
cc7d03a3a03a3325,0,faa,5027,2,0,-0.1,False,0.0,0.9,0.6200000000000001,0.6200000000000001,0.0,0.0,0.0,0.0
cc7d03a3a03a3325,0,faa,5028,1,1,-0.1,False,0.0,0.9,0.8,0.8,0.0,0.0,0.0,0.0
cc7d03a3a03a3325,0,faa,5029,2,1,1.0,True,0.0,0.9,1.0,1.0,0.0,0.0,0.0,0.0
cc7d03a3a03a3325,0,faa,5030,2,0,-0.1,False,0.0,0.9,0.6200000000000001,0.6200000000000001,0.0,0.0,0.0,0.0
cc7d03a3a03a3325,0,faa,5031,1,1,-0.1,False,0.0,0.9,0.8,0.8,0.0,0.0,0.0,0.0
cc7d03a3a03a3325,0,faa,5032,2,1,1.0,True,0.0,0.9,1.0,1.0,0.0,0.0,0.0,0.0
cc7d03a3a03a3325,0,faa,5033,2,0,-0.1,False,0.0,0.9,0.6200000000000001,0.6200000000000001,0.0,0.0,0.0,0.0
cc7d03a3a03a3325,0,faa,5034,1,1,-0.1,False,0.0,0.9,0.8,0.8,0.0,0.0,0.0,0.0
cc7d03a3a03a3325,0,faa,5035,2,1,1.0,True,0.0,0.9,1.0,1.0,0.0,0.0,0.0,0.0
cc7d03a3a03a3325,0,faa,5036,2,1,1.0,True,0.0,0.9,1.0,1.0,0.0,0.0,0.0,0.0
cc7d03a3a03a3325,0,faa,5037,2,0,-0.1,False,0.0,0.9,0.6200000000000001,0.6200000000000001,0.0,0.0,0.0,0.0
cc7d03a3a03a3325,0,faa,5038,1,0,-0.1,False,0.0,0.9,0.4580000000000002,0.4580000000000002,0.0,0.0,0.0,0.0
cc7d03a3a03a3325,0,faa,5039,0,0,-0.1,False,0.0,0.9,0.4580000000000002,0.4580000000000002,0.0,0.0,0.0,0.0
cc7d03a3a03a3325,0,faa,5040,0,1,-0.1,False,0.0,0.9,0.6200000000000001,0.6200000000000001,0.0,0.0,0.0,0.0
cc7d03a3a03a3325,0,faa,5041,1,1,-0.1,False,0.0,0.9,0.8,0.8,0.0,0.0,0.0,0.0
cc7d03a3a03a3325,0,faa,5042,2,1,1.0,True,0.0,0.9,1.0,1.0,0.0,0.0,0.0,0.0
cc7d03a3a03a3325,0,faa,5043,2,1,1.0,True,0.0,0.9,1.0,1.0,0.0,0.0,0.0,0.0
cc7d03a3a03a3325,0,faa,5044,2,1,1.0,True,0.0,0.9,1.0,1.0,0.0,0.0,0.0,0.0
cc7d03a3a03a3325,0,faa,5045,2,1,1.0,True,0.0,0.9,1.0,1.0,0.0,0.0,0.0,0.0
cc7d03a3a03a3325,0,faa,5046,2,1,1.0,True,0.0,0.9,1.0,1.0,0.0,0.0,0.0,0.0
cc7d03a3a03a3325,0,faa,5047,2,1,1.0,True,0.0,0.9,1.0,1.0,0.0,0.0,0.0,0.0
cc7d03a3a03a3325,0,faa,5048,2,0,-0.1,False,0.0,0.9,0.6200000000000001,0.6200000000000001,0.0,0.0,0.0,0.0
cc7d03a3a03a3325,0,faa,5049,1,1,-0.1,False,0.0,0.9,0.8,0.8,0.0,0.0,0.0,0.0
cc7d03a3a03a3325,0,faa,5050,2,1,1.0,True,0.0,0.9,1.0,1.0,0.0,0.0,0.0,0.0
cc7d03a3a03a3325,0,faa,5051,2,1,1.0,True,0.0,0.9,1.0,1.0,0.0,0.0,0.0,0.0
cc7d03a3a03a3325,0,faa,5052,2,1,1.0,True,0.0,0.9,1.0,1.0,0.0,0.0,0.0,0.0
cc7d03a3a03a3325,0,faa,5053,2,1,1.0,True,0.0,0.9,1.0,1.0,0.0,0.0,0.0,0.0
cc7d03a3a03a3325,0,faa,5054,2,1,1.0,True,0.0,0.9,1.0,1.0,0.0,0.0,0.0,0.0
cc7d03a3a03a3325,0,faa,5055,2,1,1.0,True,0.0,0.9,1.0,1.0,0.0,0.0,0.0,0.0
cc7d03a3a03a3325,0,faa,5056,2,1,1.0,True,0.0,0.9,1.0,1.0,0.0,0.0,0.0,0.0
cc7d03a3a03a3325,0,faa,5057,2,1,1.0,True,0.0,0.9,1.0,1.0,0.0,0.0,0.0,0.0
cc7d03a3a03a3325,0,faa,5058,2,1,1.0,True,0.0,0.9,1.0,1.0,0.0,0.0,0.0,0.0
cc7d03a3a03a3325,0,faa,5059,2,1,1.0,True,0.0,0.9,1.0,1.0,0.0,0.0,0.0,0.0
cc7d03a3a03a3325,0,faa,5060,2,1,1.0,True,0.0,0.9,1.0,1.0,0.0,0.0,0.0,0.0
cc7d03a3a03a3325,0,faa,5061,2,1,1.0,True,0.0,0.9,1.0,1.0,0.0,0.0,0.0,0.0
cc7d03a3a03a3325,0,faa,5062,2,1,1.0,True,0.0,0.9,1.0,1.0,0.0,0.0,0.0,0.0
cc7d03a3a03a3325,0,faa,5063,2,1,1.0,True,0.0,0.9,1.0,1.0,0.0,0.0,0.0,0.0
cc7d03a3a03a3325,0,faa,5064,2,1,1.0,True,0.0,0.9,1.0,1.0,0.0,0.0,0.0,0.0
cc7d03a3a03a3325,0,faa,5065,2,1,1.0,True,0.0,0.9,1.0,1.0,0.0,0.0,0.0,0.0
cc7d03a3a03a3325,0,faa,5066,2,0,-0.1,False,0.0,0.9,0.6200000000000001,0.6200000000000001,0.0,0.0,0.0,0.0
cc7d03a3a03a3325,0,faa,5067,1,1,-0.1,False,0.0,0.9,0.8,0.8,0.0,0.0,0.0,0.0
cc7d03a3a03a3325,0,faa,5068,2,1,1.0,True,0.0,0.9,1.0,1.0,0.0,0.0,0.0,0.0
cc7d03a3a03a3325,0,faa,5069,2,1,1.0,True,0.0,0.9,1.0,1.0,0.0,0.0,0.0,0.0
cc7d03a3a03a3325,0,faa,5070,2,1,1.0,True,0.0,0.9,1.0,1.0,0.0,0.0,0.0,0.0
cc7d03a3a03a3325,0,faa,5071,2,1,1.0,True,0.0,0.9,1.0,1.0,0.0,0.0,0.0,0.0
cc7d03a3a03a3325,0,faa,5072,2,1,1.0,True,0.0,0.9,1.0,1.0,0.0,0.0,0.0,0.0
cc7d03a3a03a3325,0,faa,5073,2,1,1.0,True,0.0,0.9,1.0,1.0,0.0,0.0,0.0,0.0
cc7d03a3a03a3325,0,faa,5074,2,1,1.0,True,0.0,0.9,1.0,1.0,0.0,0.0,0.0,0.0
cc7d03a3a03a3325,0,faa,5075,2,1,1.0,True,0.0,0.9,1.0,1.0,0.0,0.0,0.0,0.0
cc7d03a3a03a3325,0,faa,5076,2,1,1.0,True,0.0,0.9,1.0,1.0,0.0,0.0,0.0,0.0
cc7d03a3a03a3325,0,faa,5077,2,1,1.0,True,0.0,0.9,1.0,1.0,0.0,0.0,0.0,0.0
cc7d03a3a03a3325,0,faa,5078,2,1,1.0,True,0.0,0.9,1.0,1.0,0.0,0.0,0.0,0.0
cc7d03a3a03a3325,0,faa,5079,2,1,1.0,True,0.0,0.9,1.0,1.0,0.0,0.0,0.0,0.0
cc7d03a3a03a3325,0,faa,5080,2,1,1.0,True,0.0,0.9,1.0,1.0,0.0,0.0,0.0,0.0
cc7d03a3a03a3325,0,faa,5081,2,1,1.0,True,0.0,0.9,1.0,1.0,0.0,0.0,0.0,0.0
cc7d03a3a03a3325,0,faa,5082,2,1,1.0,True,0.0,0.9,1.0,1.0,0.0,0.0,0.0,0.0
cc7d03a3a03a3325,0,faa,5083,2,1,1.0,True,0.0,0.9,1.0,1.0,0.0,0.0,0.0,0.0
cc7d03a3a03a3325,0,faa,5084,2,1,1.0,True,0.0,0.9,1.0,1.0,0.0,0.0,0.0,0.0
cc7d03a3a03a3325,0,faa,5085,2,1,1.0,True,0.0,0.9,1.0,1.0,0.0,0.0,0.0,0.0
cc7d03a3a03a3325,0,faa,5086,2,1,1.0,True,0.0,0.9,1.0,1.0,0.0,0.0,0.0,0.0
cc7d03a3a03a3325,0,faa,5087,2,1,1.0,True,0.0,0.9,1.0,1.0,0.0,0.0,0.0,0.0
cc7d03a3a03a3325,0,faa,5088,2,1,1.0,True,0.0,0.9,1.0,1.0,0.0,0.0,0.0,0.0
cc7d03a3a03a3325,0,faa,5089,2,1,1.0,True,0.0,0.9,1.0,1.0,0.0,0.0,0.0,0.0
cc7d03a3a03a3325,0,faa,5090,2,1,1.0,True,0.0,0.9,1.0,1.0,0.0,0.0,0.0,0.0
cc7d03a3a03a3325,0,faa,5091,2,1,1.0,True,0.0,0.9,1.0,1.0,0.0,0.0,0.0,0.0
cc7d03a3a03a3325,0,faa,5092,2,1,1.0,True,0.0,0.9,1.0,1.0,0.0,0.0,0.0,0.0
cc7d03a3a03a3325,0,faa,5093,2,1,1.0,True,0.0,0.9,1.0,1.0,0.0,0.0,0.0,0.0
cc7d03a3a03a3325,0,faa,5094,2,1,1.0,True,0.0,0.9,1.0,1.0,0.0,0.0,0.0,0.0
cc7d03a3a03a3325,0,faa,5095,2,1,1.0,True,0.0,0.9,1.0,1.0,0.0,0.0,0.0,0.0
cc7d03a3a03a3325,0,faa,5096,2,1,1.0,True,0.0,0.9,1.0,1.0,0.0,0.0,0.0,0.0
cc7d03a3a03a3325,0,faa,5097,2,1,1.0,True,0.0,0.9,1.0,1.0,0.0,0.0,0.0,0.0
cc7d03a3a03a3325,0,faa,5098,2,1,1.0,True,0.0,0.9,1.0,1.0,0.0,0.0,0.0,0.0
cc7d03a3a03a3325,0,faa,5099,2,1,1.0,True,0.0,0.9,1.0,1.0,0.0,0.0,0.0,0.0
cc7d03a3a03a3325,0,faa,5100,2,1,1.0,True,0.0,0.9,1.0,1.0,0.0,0.0,0.0,0.0
cc7d03a3a03a3325,0,faa,5101,2,1,1.0,True,0.0,0.9,1.0,1.0,0.0,0.0,0.0,0.0
cc7d03a3a03a3325,0,faa,5102,2,1,1.0,True,0.0,0.9,1.0,1.0,0.0,0.0,0.0,0.0
cc7d03a3a03a3325,0,faa,5103,2,1,1.0,True,0.0,0.9,1.0,1.0,0.0,0.0,0.0,0.0
cc7d03a3a03a3325,0,faa,5104,2,1,1.0,True,0.0,0.9,1.0,1.0,0.0,0.0,0.0,0.0
cc7d03a3a03a3325,0,faa,5105,2,1,1.0,True,0.0,0.9,1.0,1.0,0.0,0.0,0.0,0.0
cc7d03a3a03a3325,0,faa,5106,2,1,1.0,True,0.0,0.9,1.0,1.0,0.0,0.0,0.0,0.0
cc7d03a3a03a3325,0,faa,5107,2,0,-0.1,False,0.0,0.9,0.6200000000000001,0.6200000000000001,0.0,0.0,0.0,0.0
cc7d03a3a03a3325,0,faa,5108,1,1,-0.1,False,0.0,0.9,0.8,0.8,0.0,0.0,0.0,0.0
cc7d03a3a03a3325,0,faa,5109,2,1,1.0,True,0.0,0.9,1.0,1.0,0.0,0.0,0.0,0.0
cc7d03a3a03a3325,0,faa,5110,2,1,1.0,True,0.0,0.9,1.0,1.0,0.0,0.0,0.0,0.0
cc7d03a3a03a3325,0,faa,5111,2,1,1.0,True,0.0,0.9,1.0,1.0,0.0,0.0,0.0,0.0
cc7d03a3a03a3325,0,faa,5112,2,1,1.0,True,0.0,0.9,1.0,1.0,0.0,0.0,0.0,0.0
cc7d03a3a03a3325,0,faa,5113,2,1,1.0,True,0.0,0.9,1.0,1.0,0.0,0.0,0.0,0.0
cc7d03a3a03a3325,0,faa,5114,2,1,1.0,True,0.0,0.9,1.0,1.0,0.0,0.0,0.0,0.0
cc7d03a3a03a3325,0,faa,5115,2,0,-0.1,False,0.0,0.9,0.6200000000000001,0.6200000000000001,0.0,0.0,0.0,0.0
cc7d03a3a03a3325,0,faa,5116,1,1,-0.1,False,0.0,0.9,0.8,0.8,0.0,0.0,0.0,0.0
cc7d03a3a03a3325,0,faa,5117,2,1,1.0,True,0.0,0.9,1.0,1.0,0.0,0.0,0.0,0.0
cc7d03a3a03a3325,0,faa,5118,2,0,-0.1,False,0.0,0.9,0.6200000000000001,0.6200000000000001,0.0,0.0,0.0,0.0
cc7d03a3a03a3325,0,faa,5119,1,1,-0.1,False,0.0,0.9,0.8,0.8,0.0,0.0,0.0,0.0
cc7d03a3a03a3325,0,faa,5120,2,0,-0.1,False,0.0,0.9,0.6200000000000001,0.6200000000000001,0.0,0.0,0.0,0.0
cc7d03a3a03a3325,0,faa,5121,1,1,-0.1,False,0.0,0.9,0.8,0.8,0.0,0.0,0.0,0.0
cc7d03a3a03a3325,0,faa,5122,2,1,1.0,True,0.0,0.9,1.0,1.0,0.0,0.0,0.0,0.0
cc7d03a3a03a3325,0,faa,5123,2,0,-0.1,False,0.0,0.9,0.6200000000000001,0.6200000000000001,0.0,0.0,0.0,0.0
cc7d03a3a03a3325,0,faa,5124,1,1,-0.1,False,0.0,0.9,0.8,0.8,0.0,0.0,0.0,0.0
cc7d03a3a03a3325,0,faa,5125,2,1,1.0,True,0.0,0.9,1.0,1.0,0.0,0.0,0.0,0.0
cc7d03a3a03a3325,0,faa,5126,2,1,1.0,True,0.0,0.9,1.0,1.0,0.0,0.0,0.0,0.0
cc7d03a3a03a3325,0,faa,5127,2,1,1.0,True,0.0,0.9,1.0,1.0,0.0,0.0,0.0,0.0
cc7d03a3a03a3325,0,faa,5128,2,1,1.0,True,0.0,0.9,1.0,1.0,0.0,0.0,0.0,0.0
cc7d03a3a03a3325,0,faa,5129,2,1,1.0,True,0.0,0.9,1.0,1.0,0.0,0.0,0.0,0.0
cc7d03a3a03a3325,0,faa,5130,2,1,1.0,True,0.0,0.9,1.0,1.0,0.0,0.0,0.0,0.0
cc7d03a3a03a3325,0,faa,5131,2,1,1.0,True,0.0,0.9,1.0,1.0,0.0,0.0,0.0,0.0
cc7d03a3a03a3325,0,faa,5132,2,1,1.0,True,0.0,0.9,1.0,1.0,0.0,0.0,0.0,0.0
cc7d03a3a03a3325,0,faa,5133,2,0,-0.1,False,0.0,0.9,0.6200000000000001,0.6200000000000001,0.0,0.0,0.0,0.0
cc7d03a3a03a3325,0,faa,5134,1,1,-0.1,False,0.0,0.9,0.8,0.8,0.0,0.0,0.0,0.0
cc7d03a3a03a3325,0,faa,5135,2,1,1.0,True,0.0,0.9,1.0,1.0,0.0,0.0,0.0,0.0
cc7d03a3a03a3325,0,faa,5136,2,1,1.0,True,0.0,0.9,1.0,1.0,0.0,0.0,0.0,0.0
cc7d03a3a03a3325,0,faa,5137,2,1,1.0,True,0.0,0.9,1.0,1.0,0.0,0.0,0.0,0.0
cc7d03a3a03a3325,0,faa,5138,2,1,1.0,True,0.0,0.9,1.0,1.0,0.0,0.0,0.0,0.0
cc7d03a3a03a3325,0,faa,5139,2,1,1.0,True,0.0,0.9,1.0,1.0,0.0,0.0,0.0,0.0
cc7d03a3a03a3325,0,faa,5140,2,1,1.0,True,0.0,0.9,1.0,1.0,0.0,0.0,0.0,0.0
cc7d03a3a03a3325,0,faa,5141,2,1,1.0,True,0.0,0.9,1.0,1.0,0.0,0.0,0.0,0.0
cc7d03a3a03a3325,0,faa,5142,2,1,1.0,True,0.0,0.9,1.0,1.0,0.0,0.0,0.0,0.0
cc7d03a3a03a3325,0,faa,5143,2,1,1.0,True,0.0,0.9,1.0,1.0,0.0,0.0,0.0,0.0
cc7d03a3a03a3325,0,faa,5144,2,1,1.0,True,0.0,0.9,1.0,1.0,0.0,0.0,0.0,0.0
cc7d03a3a03a3325,0,faa,5145,2,1,1.0,True,0.0,0.9,1.0,1.0,0.0,0.0,0.0,0.0
cc7d03a3a03a3325,0,faa,5146,2,1,1.0,True,0.0,0.9,1.0,1.0,0.0,0.0,0.0,0.0
cc7d03a3a03a3325,0,faa,5147,2,1,1.0,True,0.0,0.9,1.0,1.0,0.0,0.0,0.0,0.0
cc7d03a3a03a3325,0,faa,5148,2,0,-0.1,False,0.0,0.9,0.6200000000000001,0.6200000000000001,0.0,0.0,0.0,0.0
cc7d03a3a03a3325,0,faa,5149,1,1,-0.1,False,0.0,0.9,0.8,0.8,0.0,0.0,0.0,0.0
cc7d03a3a03a3325,0,faa,5150,2,1,1.0,True,0.0,0.9,1.0,1.0,0.0,0.0,0.0,0.0
cc7d03a3a03a3325,0,faa,5151,2,1,1.0,True,0.0,0.9,1.0,1.0,0.0,0.0,0.0,0.0
cc7d03a3a03a3325,0,faa,5152,2,1,1.0,True,0.0,0.9,1.0,1.0,0.0,0.0,0.0,0.0
cc7d03a3a03a3325,0,faa,5153,2,0,-0.1,False,0.0,0.9,0.6200000000000001,0.6200000000000001,0.0,0.0,0.0,0.0
cc7d03a3a03a3325,0,faa,5154,1,1,-0.1,False,0.0,0.9,0.8,0.8,0.0,0.0,0.0,0.0
cc7d03a3a03a3325,0,faa,5155,2,0,-0.1,False,0.0,0.9,0.6200000000000001,0.6200000000000001,0.0,0.0,0.0,0.0
cc7d03a3a03a3325,0,faa,5156,1,1,-0.1,False,0.0,0.9,0.8,0.8,0.0,0.0,0.0,0.0
cc7d03a3a03a3325,0,faa,5157,2,1,1.0,True,0.0,0.9,1.0,1.0,0.0,0.0,0.0,0.0
cc7d03a3a03a3325,0,faa,5158,2,0,-0.1,False,0.0,0.9,0.6200000000000001,0.6200000000000001,0.0,0.0,0.0,0.0
cc7d03a3a03a3325,0,faa,5159,1,1,-0.1,False,0.0,0.9,0.8,0.8,0.0,0.0,0.0,0.0
cc7d03a3a03a3325,0,faa,5160,2,0,-0.1,False,0.0,0.9,0.6200000000000001,0.6200000000000001,0.0,0.0,0.0,0.0
cc7d03a3a03a3325,0,faa,5161,1,1,-0.1,False,0.0,0.9,0.8,0.8,0.0,0.0,0.0,0.0
cc7d03a3a03a3325,0,faa,5162,2,1,1.0,True,0.0,0.9,1.0,1.0,0.0,0.0,0.0,0.0
cc7d03a3a03a3325,0,faa,5163,2,1,1.0,True,0.0,0.9,1.0,1.0,0.0,0.0,0.0,0.0
cc7d03a3a03a3325,0,faa,5164,2,1,1.0,True,0.0,0.9,1.0,1.0,0.0,0.0,0.0,0.0
cc7d03a3a03a3325,0,faa,5165,2,1,1.0,True,0.0,0.9,1.0,1.0,0.0,0.0,0.0,0.0
cc7d03a3a03a3325,0,faa,5166,2,1,1.0,True,0.0,0.9,1.0,1.0,0.0,0.0,0.0,0.0
cc7d03a3a03a3325,0,faa,5167,2,1,1.0,True,0.0,0.9,1.0,1.0,0.0,0.0,0.0,0.0
cc7d03a3a03a3325,0,faa,5168,2,1,1.0,True,0.0,0.9,1.0,1.0,0.0,0.0,0.0,0.0
cc7d03a3a03a3325,0,faa,5169,2,1,1.0,True,0.0,0.9,1.0,1.0,0.0,0.0,0.0,0.0
cc7d03a3a03a3325,0,faa,5170,2,1,1.0,True,0.0,0.9,1.0,1.0,0.0,0.0,0.0,0.0
cc7d03a3a03a3325,0,faa,5171,2,0,-0.1,False,0.0,0.9,0.6200000000000001,0.6200000000000001,0.0,0.0,0.0,0.0
cc7d03a3a03a3325,0,faa,5172,1,1,-0.1,False,0.0,0.9,0.8,0.8,0.0,0.0,0.0,0.0
cc7d03a3a03a3325,0,faa,5173,2,1,1.0,True,0.0,0.9,1.0,1.0,0.0,0.0,0.0,0.0
cc7d03a3a03a3325,0,faa,5174,2,1,1.0,True,0.0,0.9,1.0,1.0,0.0,0.0,0.0,0.0
cc7d03a3a03a3325,0,faa,5175,2,0,-0.1,False,0.0,0.9,0.6200000000000001,0.6200000000000001,0.0,0.0,0.0,0.0
cc7d03a3a03a3325,0,faa,5176,1,1,-0.1,False,0.0,0.9,0.8,0.8,0.0,0.0,0.0,0.0
cc7d03a3a03a3325,0,faa,5177,2,1,1.0,True,0.0,0.9,1.0,1.0,0.0,0.0,0.0,0.0
cc7d03a3a03a3325,0,faa,5178,2,1,1.0,True,0.0,0.9,1.0,1.0,0.0,0.0,0.0,0.0
cc7d03a3a03a3325,0,faa,5179,2,1,1.0,True,0.0,0.9,1.0,1.0,0.0,0.0,0.0,0.0
cc7d03a3a03a3325,0,faa,5180,2,1,1.0,True,0.0,0.9,1.0,1.0,0.0,0.0,0.0,0.0
cc7d03a3a03a3325,0,faa,5181,2,1,1.0,True,0.0,0.9,1.0,1.0,0.0,0.0,0.0,0.0
cc7d03a3a03a3325,0,faa,5182,2,1,1.0,True,0.0,0.9,1.0,1.0,0.0,0.0,0.0,0.0
cc7d03a3a03a3325,0,faa,5183,2,1,1.0,True,0.0,0.9,1.0,1.0,0.0,0.0,0.0,0.0
cc7d03a3a03a3325,0,faa,5184,2,1,1.0,True,0.0,0.9,1.0,1.0,0.0,0.0,0.0,0.0
cc7d03a3a03a3325,0,faa,5185,2,1,1.0,True,0.0,0.9,1.0,1.0,0.0,0.0,0.0,0.0
cc7d03a3a03a3325,0,faa,5186,2,1,1.0,True,0.0,0.9,1.0,1.0,0.0,0.0,0.0,0.0
cc7d03a3a03a3325,0,faa,5187,2,1,1.0,True,0.0,0.9,1.0,1.0,0.0,0.0,0.0,0.0
cc7d03a3a03a3325,0,faa,5188,2,1,1.0,True,0.0,0.9,1.0,1.0,0.0,0.0,0.0,0.0
cc7d03a3a03a3325,0,faa,5189,2,1,1.0,True,0.0,0.9,1.0,1.0,0.0,0.0,0.0,0.0
cc7d03a3a03a3325,0,faa,5190,2,0,-0.1,False,0.0,0.9,0.6200000000000001,0.6200000000000001,0.0,0.0,0.0,0.0
cc7d03a3a03a3325,0,faa,5191,1,1,-0.1,False,0.0,0.9,0.8,0.8,0.0,0.0,0.0,0.0
cc7d03a3a03a3325,0,faa,5192,2,1,1.0,True,0.0,0.9,1.0,1.0,0.0,0.0,0.0,0.0
cc7d03a3a03a3325,0,faa,5193,2,1,1.0,True,0.0,0.9,1.0,1.0,0.0,0.0,0.0,0.0
cc7d03a3a03a3325,0,faa,5194,2,1,1.0,True,0.0,0.9,1.0,1.0,0.0,0.0,0.0,0.0
cc7d03a3a03a3325,0,faa,5195,2,1,1.0,True,0.0,0.9,1.0,1.0,0.0,0.0,0.0,0.0
cc7d03a3a03a3325,0,faa,5196,2,1,1.0,True,0.0,0.9,1.0,1.0,0.0,0.0,0.0,0.0
cc7d03a3a03a3325,0,faa,5197,2,1,1.0,True,0.0,0.9,1.0,1.0,0.0,0.0,0.0,0.0
cc7d03a3a03a3325,0,faa,5198,2,0,-0.1,False,0.0,0.9,0.6200000000000001,0.6200000000000001,0.0,0.0,0.0,0.0
cc7d03a3a03a3325,0,faa,5199,1,1,-0.1,False,0.0,0.9,0.8,0.8,0.0,0.0,0.0,0.0
cc7d03a3a03a3325,0,faa,5200,2,0,-0.1,False,0.0,0.9,0.6200000000000001,0.6200000000000001,0.0,0.0,0.0,0.0
cc7d03a3a03a3325,0,faa,5201,1,1,-0.1,False,0.0,0.9,0.8,0.8,0.0,0.0,0.0,0.0
cc7d03a3a03a3325,0,faa,5202,2,1,1.0,True,0.0,0.9,1.0,1.0,0.0,0.0,0.0,0.0
cc7d03a3a03a3325,0,faa,5203,2,1,1.0,True,0.0,0.9,1.0,1.0,0.0,0.0,0.0,0.0
cc7d03a3a03a3325,0,faa,5204,2,0,-0.1,False,0.0,0.9,0.6200000000000001,0.6200000000000001,0.0,0.0,0.0,0.0
cc7d03a3a03a3325,0,faa,5205,1,1,-0.1,False,0.0,0.9,0.8,0.8,0.0,0.0,0.0,0.0
cc7d03a3a03a3325,0,faa,5206,2,1,1.0,True,0.0,0.9,1.0,1.0,0.0,0.0,0.0,0.0
cc7d03a3a03a3325,0,faa,5207,2,1,1.0,True,0.0,0.9,1.0,1.0,0.0,0.0,0.0,0.0
cc7d03a3a03a3325,0,faa,5208,2,1,1.0,True,0.0,0.9,1.0,1.0,0.0,0.0,0.0,0.0
cc7d03a3a03a3325,0,faa,5209,2,1,1.0,True,0.0,0.9,1.0,1.0,0.0,0.0,0.0,0.0
cc7d03a3a03a3325,0,faa,5210,2,1,1.0,True,0.0,0.9,1.0,1.0,0.0,0.0,0.0,0.0
cc7d03a3a03a3325,0,faa,5211,2,1,1.0,True,0.0,0.9,1.0,1.0,0.0,0.0,0.0,0.0
cc7d03a3a03a3325,0,faa,5212,2,1,1.0,True,0.0,0.9,1.0,1.0,0.0,0.0,0.0,0.0
cc7d03a3a03a3325,0,faa,5213,2,1,1.0,True,0.0,0.9,1.0,1.0,0.0,0.0,0.0,0.0
cc7d03a3a03a3325,0,faa,5214,2,1,1.0,True,0.0,0.9,1.0,1.0,0.0,0.0,0.0,0.0
cc7d03a3a03a3325,0,faa,5215,2,1,1.0,True,0.0,0.9,1.0,1.0,0.0,0.0,0.0,0.0
cc7d03a3a03a3325,0,faa,5216,2,0,-0.1,False,0.0,0.9,0.6200000000000001,0.6200000000000001,0.0,0.0,0.0,0.0
cc7d03a3a03a3325,0,faa,5217,1,1,-0.1,False,0.0,0.9,0.8,0.8,0.0,0.0,0.0,0.0
cc7d03a3a03a3325,0,faa,5218,2,1,1.0,True,0.0,0.9,1.0,1.0,0.0,0.0,0.0,0.0
cc7d03a3a03a3325,0,faa,5219,2,1,1.0,True,0.0,0.9,1.0,1.0,0.0,0.0,0.0,0.0
cc7d03a3a03a3325,0,faa,5220,2,1,1.0,True,0.0,0.9,1.0,1.0,0.0,0.0,0.0,0.0
cc7d03a3a03a3325,0,faa,5221,2,0,-0.1,False,0.0,0.9,0.6200000000000001,0.6200000000000001,0.0,0.0,0.0,0.0
cc7d03a3a03a3325,0,faa,5222,1,1,-0.1,False,0.0,0.9,0.8,0.8,0.0,0.0,0.0,0.0
cc7d03a3a03a3325,0,faa,5223,2,1,1.0,True,0.0,0.9,1.0,1.0,0.0,0.0,0.0,0.0
cc7d03a3a03a3325,0,faa,5224,2,1,1.0,True,0.0,0.9,1.0,1.0,0.0,0.0,0.0,0.0
cc7d03a3a03a3325,0,faa,5225,2,1,1.0,True,0.0,0.9,1.0,1.0,0.0,0.0,0.0,0.0
cc7d03a3a03a3325,0,faa,5226,2,1,1.0,True,0.0,0.9,1.0,1.0,0.0,0.0,0.0,0.0
cc7d03a3a03a3325,0,faa,5227,2,1,1.0,True,0.0,0.9,1.0,1.0,0.0,0.0,0.0,0.0
cc7d03a3a03a3325,0,faa,5228,2,1,1.0,True,0.0,0.9,1.0,1.0,0.0,0.0,0.0,0.0
cc7d03a3a03a3325,0,faa,5229,2,0,-0.1,False,0.0,0.9,0.6200000000000001,0.6200000000000001,0.0,0.0,0.0,0.0
cc7d03a3a03a3325,0,faa,5230,1,1,-0.1,False,0.0,0.9,0.8,0.8,0.0,0.0,0.0,0.0
cc7d03a3a03a3325,0,faa,5231,2,1,1.0,True,0.0,0.9,1.0,1.0,0.0,0.0,0.0,0.0
cc7d03a3a03a3325,0,faa,5232,2,1,1.0,True,0.0,0.9,1.0,1.0,0.0,0.0,0.0,0.0
cc7d03a3a03a3325,0,faa,5233,2,1,1.0,True,0.0,0.9,1.0,1.0,0.0,0.0,0.0,0.0
cc7d03a3a03a3325,0,faa,5234,2,1,1.0,True,0.0,0.9,1.0,1.0,0.0,0.0,0.0,0.0
cc7d03a3a03a3325,0,faa,5235,2,1,1.0,True,0.0,0.9,1.0,1.0,0.0,0.0,0.0,0.0
cc7d03a3a03a3325,0,faa,5236,2,1,1.0,True,0.0,0.9,1.0,1.0,0.0,0.0,0.0,0.0
cc7d03a3a03a3325,0,faa,5237,2,0,-0.1,False,0.0,0.9,0.6200000000000001,0.6200000000000001,0.0,0.0,0.0,0.0
cc7d03a3a03a3325,0,faa,5238,1,1,-0.1,False,0.0,0.9,0.8,0.8,0.0,0.0,0.0,0.0
cc7d03a3a03a3325,0,faa,5239,2,1,1.0,True,0.0,0.9,1.0,1.0,0.0,0.0,0.0,0.0
cc7d03a3a03a3325,0,faa,5240,2,1,1.0,True,0.0,0.9,1.0,1.0,0.0,0.0,0.0,0.0
cc7d03a3a03a3325,0,faa,5241,2,1,1.0,True,0.0,0.9,1.0,1.0,0.0,0.0,0.0,0.0
cc7d03a3a03a3325,0,faa,5242,2,1,1.0,True,0.0,0.9,1.0,1.0,0.0,0.0,0.0,0.0
cc7d03a3a03a3325,0,faa,5243,2,1,1.0,True,0.0,0.9,1.0,1.0,0.0,0.0,0.0,0.0
cc7d03a3a03a3325,0,faa,5244,2,1,1.0,True,0.0,0.9,1.0,1.0,0.0,0.0,0.0,0.0
cc7d03a3a03a3325,0,faa,5245,2,1,1.0,True,0.0,0.9,1.0,1.0,0.0,0.0,0.0,0.0
cc7d03a3a03a3325,0,faa,5246,2,0,-0.1,False,0.0,0.9,0.6200000000000001,0.6200000000000001,0.0,0.0,0.0,0.0
cc7d03a3a03a3325,0,faa,5247,1,1,-0.1,False,0.0,0.9,0.8,0.8,0.0,0.0,0.0,0.0
cc7d03a3a03a3325,0,faa,5248,2,1,1.0,True,0.0,0.9,1.0,1.0,0.0,0.0,0.0,0.0
cc7d03a3a03a3325,0,faa,5249,2,1,1.0,True,0.0,0.9,1.0,1.0,0.0,0.0,0.0,0.0
cc7d03a3a03a3325,0,faa,5250,2,1,1.0,True,0.0,0.9,1.0,1.0,0.0,0.0,0.0,0.0
cc7d03a3a03a3325,0,faa,5251,2,1,1.0,True,0.0,0.9,1.0,1.0,0.0,0.0,0.0,0.0
cc7d03a3a03a3325,0,faa,5252,2,1,1.0,True,0.0,0.9,1.0,1.0,0.0,0.0,0.0,0.0
cc7d03a3a03a3325,0,faa,5253,2,1,1.0,True,0.0,0.9,1.0,1.0,0.0,0.0,0.0,0.0
cc7d03a3a03a3325,0,faa,5254,2,1,1.0,True,0.0,0.9,1.0,1.0,0.0,0.0,0.0,0.0
cc7d03a3a03a3325,0,faa,5255,2,0,-0.1,False,0.0,0.9,0.6200000000000001,0.6200000000000001,0.0,0.0,0.0,0.0
cc7d03a3a03a3325,0,faa,5256,1,1,-0.1,False,0.0,0.9,0.8,0.8,0.0,0.0,0.0,0.0
cc7d03a3a03a3325,0,faa,5257,2,1,1.0,True,0.0,0.9,1.0,1.0,0.0,0.0,0.0,0.0
cc7d03a3a03a3325,0,faa,5258,2,1,1.0,True,0.0,0.9,1.0,1.0,0.0,0.0,0.0,0.0
cc7d03a3a03a3325,0,faa,5259,2,0,-0.1,False,0.0,0.9,0.6200000000000001,0.6200000000000001,0.0,0.0,0.0,0.0
cc7d03a3a03a3325,0,faa,5260,1,1,-0.1,False,0.0,0.9,0.8,0.8,0.0,0.0,0.0,0.0
cc7d03a3a03a3325,0,faa,5261,2,1,1.0,True,0.0,0.9,1.0,1.0,0.0,0.0,0.0,0.0
cc7d03a3a03a3325,0,faa,5262,2,1,1.0,True,0.0,0.9,1.0,1.0,0.0,0.0,0.0,0.0
cc7d03a3a03a3325,0,faa,5263,2,1,1.0,True,0.0,0.9,1.0,1.0,0.0,0.0,0.0,0.0
cc7d03a3a03a3325,0,faa,5264,2,1,1.0,True,0.0,0.9,1.0,1.0,0.0,0.0,0.0,0.0
cc7d03a3a03a3325,0,faa,5265,2,1,1.0,True,0.0,0.9,1.0,1.0,0.0,0.0,0.0,0.0
cc7d03a3a03a3325,0,faa,5266,2,1,1.0,True,0.0,0.9,1.0,1.0,0.0,0.0,0.0,0.0
cc7d03a3a03a3325,0,faa,5267,2,1,1.0,True,0.0,0.9,1.0,1.0,0.0,0.0,0.0,0.0
cc7d03a3a03a3325,0,faa,5268,2,1,1.0,True,0.0,0.9,1.0,1.0,0.0,0.0,0.0,0.0
cc7d03a3a03a3325,0,faa,5269,2,1,1.0,True,0.0,0.9,1.0,1.0,0.0,0.0,0.0,0.0
cc7d03a3a03a3325,0,faa,5270,2,0,-0.1,False,0.0,0.9,0.6200000000000001,0.6200000000000001,0.0,0.0,0.0,0.0
cc7d03a3a03a3325,0,faa,5271,1,1,-0.1,False,0.0,0.9,0.8,0.8,0.0,0.0,0.0,0.0
cc7d03a3a03a3325,0,faa,5272,2,1,1.0,True,0.0,0.9,1.0,1.0,0.0,0.0,0.0,0.0
cc7d03a3a03a3325,0,faa,5273,2,0,-0.1,False,0.0,0.9,0.6200000000000001,0.6200000000000001,0.0,0.0,0.0,0.0
cc7d03a3a03a3325,0,faa,5274,1,0,-0.1,False,0.0,0.9,0.4580000000000002,0.4580000000000002,0.0,0.0,0.0,0.0
cc7d03a3a03a3325,0,faa,5275,0,1,-0.1,False,0.0,0.9,0.6200000000000001,0.6200000000000001,0.0,0.0,0.0,0.0
cc7d03a3a03a3325,0,faa,5276,1,1,-0.1,False,0.0,0.9,0.8,0.8,0.0,0.0,0.0,0.0
cc7d03a3a03a3325,0,faa,5277,2,1,1.0,True,0.0,0.9,1.0,1.0,0.0,0.0,0.0,0.0
cc7d03a3a03a3325,0,faa,5278,2,1,1.0,True,0.0,0.9,1.0,1.0,0.0,0.0,0.0,0.0
cc7d03a3a03a3325,0,faa,5279,2,1,1.0,True,0.0,0.9,1.0,1.0,0.0,0.0,0.0,0.0
cc7d03a3a03a3325,0,faa,5280,2,1,1.0,True,0.0,0.9,1.0,1.0,0.0,0.0,0.0,0.0
cc7d03a3a03a3325,0,faa,5281,2,0,-0.1,False,0.0,0.9,0.6200000000000001,0.6200000000000001,0.0,0.0,0.0,0.0
cc7d03a3a03a3325,0,faa,5282,1,1,-0.1,False,0.0,0.9,0.8,0.8,0.0,0.0,0.0,0.0
cc7d03a3a03a3325,0,faa,5283,2,1,1.0,True,0.0,0.9,1.0,1.0,0.0,0.0,0.0,0.0
cc7d03a3a03a3325,0,faa,5284,2,0,-0.1,False,0.0,0.9,0.6200000000000001,0.6200000000000001,0.0,0.0,0.0,0.0
cc7d03a3a03a3325,0,faa,5285,1,1,-0.1,False,0.0,0.9,0.8,0.8,0.0,0.0,0.0,0.0
cc7d03a3a03a3325,0,faa,5286,2,1,1.0,True,0.0,0.9,1.0,1.0,0.0,0.0,0.0,0.0
cc7d03a3a03a3325,0,faa,5287,2,1,1.0,True,0.0,0.9,1.0,1.0,0.0,0.0,0.0,0.0
cc7d03a3a03a3325,0,faa,5288,2,1,1.0,True,0.0,0.9,1.0,1.0,0.0,0.0,0.0,0.0
cc7d03a3a03a3325,0,faa,5289,2,1,1.0,True,0.0,0.9,1.0,1.0,0.0,0.0,0.0,0.0
cc7d03a3a03a3325,0,faa,5290,2,1,1.0,True,0.0,0.9,1.0,1.0,0.0,0.0,0.0,0.0
cc7d03a3a03a3325,0,faa,5291,2,1,1.0,True,0.0,0.9,1.0,1.0,0.0,0.0,0.0,0.0
cc7d03a3a03a3325,0,faa,5292,2,1,1.0,True,0.0,0.9,1.0,1.0,0.0,0.0,0.0,0.0
cc7d03a3a03a3325,0,faa,5293,2,1,1.0,True,0.0,0.9,1.0,1.0,0.0,0.0,0.0,0.0
cc7d03a3a03a3325,0,faa,5294,2,1,1.0,True,0.0,0.9,1.0,1.0,0.0,0.0,0.0,0.0
cc7d03a3a03a3325,0,faa,5295,2,1,1.0,True,0.0,0.9,1.0,1.0,0.0,0.0,0.0,0.0
cc7d03a3a03a3325,0,faa,5296,2,1,1.0,True,0.0,0.9,1.0,1.0,0.0,0.0,0.0,0.0
cc7d03a3a03a3325,0,faa,5297,2,1,1.0,True,0.0,0.9,1.0,1.0,0.0,0.0,0.0,0.0
cc7d03a3a03a3325,0,faa,5298,2,1,1.0,True,0.0,0.9,1.0,1.0,0.0,0.0,0.0,0.0
cc7d03a3a03a3325,0,faa,5299,2,1,1.0,True,0.0,0.9,1.0,1.0,0.0,0.0,0.0,0.0
cc7d03a3a03a3325,0,faa,5300,2,0,-0.1,False,0.0,0.9,0.6200000000000001,0.6200000000000001,0.0,0.0,0.0,0.0
cc7d03a3a03a3325,0,faa,5301,1,1,-0.1,False,0.0,0.9,0.8,0.8,0.0,0.0,0.0,0.0
cc7d03a3a03a3325,0,faa,5302,2,1,1.0,True,0.0,0.9,1.0,1.0,0.0,0.0,0.0,0.0
cc7d03a3a03a3325,0,faa,5303,2,1,1.0,True,0.0,0.9,1.0,1.0,0.0,0.0,0.0,0.0
cc7d03a3a03a3325,0,faa,5304,2,1,1.0,True,0.0,0.9,1.0,1.0,0.0,0.0,0.0,0.0
cc7d03a3a03a3325,0,faa,5305,2,1,1.0,True,0.0,0.9,1.0,1.0,0.0,0.0,0.0,0.0
cc7d03a3a03a3325,0,faa,5306,2,0,-0.1,False,0.0,0.9,0.6200000000000001,0.6200000000000001,0.0,0.0,0.0,0.0
cc7d03a3a03a3325,0,faa,5307,1,1,-0.1,False,0.0,0.9,0.8,0.8,0.0,0.0,0.0,0.0
cc7d03a3a03a3325,0,faa,5308,2,1,1.0,True,0.0,0.9,1.0,1.0,0.0,0.0,0.0,0.0
cc7d03a3a03a3325,0,faa,5309,2,1,1.0,True,0.0,0.9,1.0,1.0,0.0,0.0,0.0,0.0
cc7d03a3a03a3325,0,faa,5310,2,1,1.0,True,0.0,0.9,1.0,1.0,0.0,0.0,0.0,0.0
cc7d03a3a03a3325,0,faa,5311,2,1,1.0,True,0.0,0.9,1.0,1.0,0.0,0.0,0.0,0.0
cc7d03a3a03a3325,0,faa,5312,2,1,1.0,True,0.0,0.9,1.0,1.0,0.0,0.0,0.0,0.0
cc7d03a3a03a3325,0,faa,5313,2,1,1.0,True,0.0,0.9,1.0,1.0,0.0,0.0,0.0,0.0
cc7d03a3a03a3325,0,faa,5314,2,1,1.0,True,0.0,0.9,1.0,1.0,0.0,0.0,0.0,0.0
cc7d03a3a03a3325,0,faa,5315,2,1,1.0,True,0.0,0.9,1.0,1.0,0.0,0.0,0.0,0.0
cc7d03a3a03a3325,0,faa,5316,2,1,1.0,True,0.0,0.9,1.0,1.0,0.0,0.0,0.0,0.0
cc7d03a3a03a3325,0,faa,5317,2,1,1.0,True,0.0,0.9,1.0,1.0,0.0,0.0,0.0,0.0
cc7d03a3a03a3325,0,faa,5318,2,1,1.0,True,0.0,0.9,1.0,1.0,0.0,0.0,0.0,0.0
cc7d03a3a03a3325,0,faa,5319,2,1,1.0,True,0.0,0.9,1.0,1.0,0.0,0.0,0.0,0.0
cc7d03a3a03a3325,0,faa,5320,2,1,1.0,True,0.0,0.9,1.0,1.0,0.0,0.0,0.0,0.0
cc7d03a3a03a3325,0,faa,5321,2,1,1.0,True,0.0,0.9,1.0,1.0,0.0,0.0,0.0,0.0
cc7d03a3a03a3325,0,faa,5322,2,1,1.0,True,0.0,0.9,1.0,1.0,0.0,0.0,0.0,0.0
cc7d03a3a03a3325,0,faa,5323,2,1,1.0,True,0.0,0.9,1.0,1.0,0.0,0.0,0.0,0.0
cc7d03a3a03a3325,0,faa,5324,2,1,1.0,True,0.0,0.9,1.0,1.0,0.0,0.0,0.0,0.0
cc7d03a3a03a3325,0,faa,5325,2,1,1.0,True,0.0,0.9,1.0,1.0,0.0,0.0,0.0,0.0
cc7d03a3a03a3325,0,faa,5326,2,1,1.0,True,0.0,0.9,1.0,1.0,0.0,0.0,0.0,0.0
cc7d03a3a03a3325,0,faa,5327,2,1,1.0,True,0.0,0.9,1.0,1.0,0.0,0.0,0.0,0.0
cc7d03a3a03a3325,0,faa,5328,2,1,1.0,True,0.0,0.9,1.0,1.0,0.0,0.0,0.0,0.0
cc7d03a3a03a3325,0,faa,5329,2,1,1.0,True,0.0,0.9,1.0,1.0,0.0,0.0,0.0,0.0
cc7d03a3a03a3325,0,faa,5330,2,0,-0.1,False,0.0,0.9,0.6200000000000001,0.6200000000000001,0.0,0.0,0.0,0.0
cc7d03a3a03a3325,0,faa,5331,1,1,-0.1,False,0.0,0.9,0.8,0.8,0.0,0.0,0.0,0.0
cc7d03a3a03a3325,0,faa,5332,2,0,-0.1,False,0.0,0.9,0.6200000000000001,0.6200000000000001,0.0,0.0,0.0,0.0
cc7d03a3a03a3325,0,faa,5333,1,1,-0.1,False,0.0,0.9,0.8,0.8,0.0,0.0,0.0,0.0
cc7d03a3a03a3325,0,faa,5334,2,1,1.0,True,0.0,0.9,1.0,1.0,0.0,0.0,0.0,0.0
cc7d03a3a03a3325,0,faa,5335,2,1,1.0,True,0.0,0.9,1.0,1.0,0.0,0.0,0.0,0.0
cc7d03a3a03a3325,0,faa,5336,2,1,1.0,True,0.0,0.9,1.0,1.0,0.0,0.0,0.0,0.0
cc7d03a3a03a3325,0,faa,5337,2,1,1.0,True,0.0,0.9,1.0,1.0,0.0,0.0,0.0,0.0
cc7d03a3a03a3325,0,faa,5338,2,1,1.0,True,0.0,0.9,1.0,1.0,0.0,0.0,0.0,0.0
cc7d03a3a03a3325,0,faa,5339,2,1,1.0,True,0.0,0.9,1.0,1.0,0.0,0.0,0.0,0.0
cc7d03a3a03a3325,0,faa,5340,2,1,1.0,True,0.0,0.9,1.0,1.0,0.0,0.0,0.0,0.0
cc7d03a3a03a3325,0,faa,5341,2,1,1.0,True,0.0,0.9,1.0,1.0,0.0,0.0,0.0,0.0
cc7d03a3a03a3325,0,faa,5342,2,1,1.0,True,0.0,0.9,1.0,1.0,0.0,0.0,0.0,0.0
cc7d03a3a03a3325,0,faa,5343,2,1,1.0,True,0.0,0.9,1.0,1.0,0.0,0.0,0.0,0.0
cc7d03a3a03a3325,0,faa,5344,2,1,1.0,True,0.0,0.9,1.0,1.0,0.0,0.0,0.0,0.0
cc7d03a3a03a3325,0,faa,5345,2,1,1.0,True,0.0,0.9,1.0,1.0,0.0,0.0,0.0,0.0
cc7d03a3a03a3325,0,faa,5346,2,1,1.0,True,0.0,0.9,1.0,1.0,0.0,0.0,0.0,0.0
cc7d03a3a03a3325,0,faa,5347,2,1,1.0,True,0.0,0.9,1.0,1.0,0.0,0.0,0.0,0.0
cc7d03a3a03a3325,0,faa,5348,2,1,1.0,True,0.0,0.9,1.0,1.0,0.0,0.0,0.0,0.0
cc7d03a3a03a3325,0,faa,5349,2,1,1.0,True,0.0,0.9,1.0,1.0,0.0,0.0,0.0,0.0
cc7d03a3a03a3325,0,faa,5350,2,0,-0.1,False,0.0,0.9,0.6200000000000001,0.6200000000000001,0.0,0.0,0.0,0.0
cc7d03a3a03a3325,0,faa,5351,1,0,-0.1,False,0.0,0.9,0.4580000000000002,0.4580000000000002,0.0,0.0,0.0,0.0
cc7d03a3a03a3325,0,faa,5352,0,0,-0.1,False,0.0,0.9,0.4580000000000002,0.4580000000000002,0.0,0.0,0.0,0.0
cc7d03a3a03a3325,0,faa,5353,0,1,-0.1,False,0.0,0.9,0.6200000000000001,0.6200000000000001,0.0,0.0,0.0,0.0
cc7d03a3a03a3325,0,faa,5354,1,1,-0.1,False,0.0,0.9,0.8,0.8,0.0,0.0,0.0,0.0
cc7d03a3a03a3325,0,faa,5355,2,1,1.0,True,0.0,0.9,1.0,1.0,0.0,0.0,0.0,0.0
cc7d03a3a03a3325,0,faa,5356,2,1,1.0,True,0.0,0.9,1.0,1.0,0.0,0.0,0.0,0.0
cc7d03a3a03a3325,0,faa,5357,2,1,1.0,True,0.0,0.9,1.0,1.0,0.0,0.0,0.0,0.0
cc7d03a3a03a3325,0,faa,5358,2,0,-0.1,False,0.0,0.9,0.6200000000000001,0.6200000000000001,0.0,0.0,0.0,0.0
cc7d03a3a03a3325,0,faa,5359,1,1,-0.1,False,0.0,0.9,0.8,0.8,0.0,0.0,0.0,0.0
cc7d03a3a03a3325,0,faa,5360,2,1,1.0,True,0.0,0.9,1.0,1.0,0.0,0.0,0.0,0.0
cc7d03a3a03a3325,0,faa,5361,2,1,1.0,True,0.0,0.9,1.0,1.0,0.0,0.0,0.0,0.0
cc7d03a3a03a3325,0,faa,5362,2,1,1.0,True,0.0,0.9,1.0,1.0,0.0,0.0,0.0,0.0
cc7d03a3a03a3325,0,faa,5363,2,1,1.0,True,0.0,0.9,1.0,1.0,0.0,0.0,0.0,0.0
cc7d03a3a03a3325,0,faa,5364,2,1,1.0,True,0.0,0.9,1.0,1.0,0.0,0.0,0.0,0.0
cc7d03a3a03a3325,0,faa,5365,2,1,1.0,True,0.0,0.9,1.0,1.0,0.0,0.0,0.0,0.0
cc7d03a3a03a3325,0,faa,5366,2,1,1.0,True,0.0,0.9,1.0,1.0,0.0,0.0,0.0,0.0
cc7d03a3a03a3325,0,faa,5367,2,0,-0.1,False,0.0,0.9,0.6200000000000001,0.6200000000000001,0.0,0.0,0.0,0.0
cc7d03a3a03a3325,0,faa,5368,1,0,-0.1,False,0.0,0.9,0.4580000000000002,0.4580000000000002,0.0,0.0,0.0,0.0
cc7d03a3a03a3325,0,faa,5369,0,1,-0.1,False,0.0,0.9,0.6200000000000001,0.6200000000000001,0.0,0.0,0.0,0.0
cc7d03a3a03a3325,0,faa,5370,1,0,-0.1,False,0.0,0.9,0.4580000000000002,0.4580000000000002,0.0,0.0,0.0,0.0
cc7d03a3a03a3325,0,faa,5371,0,0,-0.1,False,0.0,0.9,0.4580000000000002,0.4580000000000002,0.0,0.0,0.0,0.0
cc7d03a3a03a3325,0,faa,5372,0,1,-0.1,False,0.0,0.9,0.6200000000000001,0.6200000000000001,0.0,0.0,0.0,0.0
cc7d03a3a03a3325,0,faa,5373,1,0,-0.1,False,0.0,0.9,0.4580000000000002,0.4580000000000002,0.0,0.0,0.0,0.0
cc7d03a3a03a3325,0,faa,5374,0,1,-0.1,False,0.0,0.9,0.6200000000000001,0.6200000000000001,0.0,0.0,0.0,0.0
cc7d03a3a03a3325,0,faa,5375,1,1,-0.1,False,0.0,0.9,0.8,0.8,0.0,0.0,0.0,0.0
cc7d03a3a03a3325,0,faa,5376,2,1,1.0,True,0.0,0.9,1.0,1.0,0.0,0.0,0.0,0.0
cc7d03a3a03a3325,0,faa,5377,2,1,1.0,True,0.0,0.9,1.0,1.0,0.0,0.0,0.0,0.0
cc7d03a3a03a3325,0,faa,5378,2,1,1.0,True,0.0,0.9,1.0,1.0,0.0,0.0,0.0,0.0
cc7d03a3a03a3325,0,faa,5379,2,1,1.0,True,0.0,0.9,1.0,1.0,0.0,0.0,0.0,0.0
cc7d03a3a03a3325,0,faa,5380,2,0,-0.1,False,0.0,0.9,0.6200000000000001,0.6200000000000001,0.0,0.0,0.0,0.0
cc7d03a3a03a3325,0,faa,5381,1,0,-0.1,False,0.0,0.9,0.4580000000000002,0.4580000000000002,0.0,0.0,0.0,0.0
cc7d03a3a03a3325,0,faa,5382,0,1,-0.1,False,0.0,0.9,0.6200000000000001,0.6200000000000001,0.0,0.0,0.0,0.0
cc7d03a3a03a3325,0,faa,5383,1,0,-0.1,False,0.0,0.9,0.4580000000000002,0.4580000000000002,0.0,0.0,0.0,0.0
cc7d03a3a03a3325,0,faa,5384,0,0,-0.1,False,0.0,0.9,0.4580000000000002,0.4580000000000002,0.0,0.0,0.0,0.0
cc7d03a3a03a3325,0,faa,5385,0,1,-0.1,False,0.0,0.9,0.6200000000000001,0.6200000000000001,0.0,0.0,0.0,0.0
cc7d03a3a03a3325,0,faa,5386,1,1,-0.1,False,0.0,0.9,0.8,0.8,0.0,0.0,0.0,0.0
cc7d03a3a03a3325,0,faa,5387,2,1,1.0,True,0.0,0.9,1.0,1.0,0.0,0.0,0.0,0.0
cc7d03a3a03a3325,0,faa,5388,2,1,1.0,True,0.0,0.9,1.0,1.0,0.0,0.0,0.0,0.0
cc7d03a3a03a3325,0,faa,5389,2,1,1.0,True,0.0,0.9,1.0,1.0,0.0,0.0,0.0,0.0
cc7d03a3a03a3325,0,faa,5390,2,1,1.0,True,0.0,0.9,1.0,1.0,0.0,0.0,0.0,0.0
cc7d03a3a03a3325,0,faa,5391,2,1,1.0,True,0.0,0.9,1.0,1.0,0.0,0.0,0.0,0.0
cc7d03a3a03a3325,0,faa,5392,2,0,-0.1,False,0.0,0.9,0.6200000000000001,0.6200000000000001,0.0,0.0,0.0,0.0
cc7d03a3a03a3325,0,faa,5393,1,1,-0.1,False,0.0,0.9,0.8,0.8,0.0,0.0,0.0,0.0
cc7d03a3a03a3325,0,faa,5394,2,1,1.0,True,0.0,0.9,1.0,1.0,0.0,0.0,0.0,0.0
cc7d03a3a03a3325,0,faa,5395,2,1,1.0,True,0.0,0.9,1.0,1.0,0.0,0.0,0.0,0.0
cc7d03a3a03a3325,0,faa,5396,2,0,-0.1,False,0.0,0.9,0.6200000000000001,0.6200000000000001,0.0,0.0,0.0,0.0
cc7d03a3a03a3325,0,faa,5397,1,1,-0.1,False,0.0,0.9,0.8,0.8,0.0,0.0,0.0,0.0
cc7d03a3a03a3325,0,faa,5398,2,1,1.0,True,0.0,0.9,1.0,1.0,0.0,0.0,0.0,0.0
cc7d03a3a03a3325,0,faa,5399,2,1,1.0,True,0.0,0.9,1.0,1.0,0.0,0.0,0.0,0.0
cc7d03a3a03a3325,0,faa,5400,2,1,1.0,True,0.0,0.9,1.0,1.0,0.0,0.0,0.0,0.0
cc7d03a3a03a3325,0,faa,5401,2,1,1.0,True,0.0,0.9,1.0,1.0,0.0,0.0,0.0,0.0
cc7d03a3a03a3325,0,faa,5402,2,0,-0.1,False,0.0,0.9,0.6200000000000001,0.6200000000000001,0.0,0.0,0.0,0.0
cc7d03a3a03a3325,0,faa,5403,1,1,-0.1,False,0.0,0.9,0.8,0.8,0.0,0.0,0.0,0.0
cc7d03a3a03a3325,0,faa,5404,2,0,-0.1,False,0.0,0.9,0.6200000000000001,0.6200000000000001,0.0,0.0,0.0,0.0
cc7d03a3a03a3325,0,faa,5405,1,1,-0.1,False,0.0,0.9,0.8,0.8,0.0,0.0,0.0,0.0
cc7d03a3a03a3325,0,faa,5406,2,0,-0.1,False,0.0,0.9,0.6200000000000001,0.6200000000000001,0.0,0.0,0.0,0.0
cc7d03a3a03a3325,0,faa,5407,1,1,-0.1,False,0.0,0.9,0.8,0.8,0.0,0.0,0.0,0.0
cc7d03a3a03a3325,0,faa,5408,2,1,1.0,True,0.0,0.9,1.0,1.0,0.0,0.0,0.0,0.0
cc7d03a3a03a3325,0,faa,5409,2,0,-0.1,False,0.0,0.9,0.6200000000000001,0.6200000000000001,0.0,0.0,0.0,0.0
cc7d03a3a03a3325,0,faa,5410,1,1,-0.1,False,0.0,0.9,0.8,0.8,0.0,0.0,0.0,0.0
cc7d03a3a03a3325,0,faa,5411,2,0,-0.1,False,0.0,0.9,0.6200000000000001,0.6200000000000001,0.0,0.0,0.0,0.0
cc7d03a3a03a3325,0,faa,5412,1,0,-0.1,False,0.0,0.9,0.4580000000000002,0.4580000000000002,0.0,0.0,0.0,0.0
cc7d03a3a03a3325,0,faa,5413,0,1,-0.1,False,0.0,0.9,0.6200000000000001,0.6200000000000001,0.0,0.0,0.0,0.0
cc7d03a3a03a3325,0,faa,5414,1,1,-0.1,False,0.0,0.9,0.8,0.8,0.0,0.0,0.0,0.0
cc7d03a3a03a3325,0,faa,5415,2,1,1.0,True,0.0,0.9,1.0,1.0,0.0,0.0,0.0,0.0
cc7d03a3a03a3325,0,faa,5416,2,1,1.0,True,0.0,0.9,1.0,1.0,0.0,0.0,0.0,0.0
cc7d03a3a03a3325,0,faa,5417,2,1,1.0,True,0.0,0.9,1.0,1.0,0.0,0.0,0.0,0.0
cc7d03a3a03a3325,0,faa,5418,2,1,1.0,True,0.0,0.9,1.0,1.0,0.0,0.0,0.0,0.0
cc7d03a3a03a3325,0,faa,5419,2,1,1.0,True,0.0,0.9,1.0,1.0,0.0,0.0,0.0,0.0
cc7d03a3a03a3325,0,faa,5420,2,1,1.0,True,0.0,0.9,1.0,1.0,0.0,0.0,0.0,0.0
cc7d03a3a03a3325,0,faa,5421,2,1,1.0,True,0.0,0.9,1.0,1.0,0.0,0.0,0.0,0.0
cc7d03a3a03a3325,0,faa,5422,2,1,1.0,True,0.0,0.9,1.0,1.0,0.0,0.0,0.0,0.0
cc7d03a3a03a3325,0,faa,5423,2,1,1.0,True,0.0,0.9,1.0,1.0,0.0,0.0,0.0,0.0
cc7d03a3a03a3325,0,faa,5424,2,0,-0.1,False,0.0,0.9,0.6200000000000001,0.6200000000000001,0.0,0.0,0.0,0.0
cc7d03a3a03a3325,0,faa,5425,1,0,-0.1,False,0.0,0.9,0.4580000000000002,0.4580000000000002,0.0,0.0,0.0,0.0
cc7d03a3a03a3325,0,faa,5426,0,1,-0.1,False,0.0,0.9,0.6200000000000001,0.6200000000000001,0.0,0.0,0.0,0.0
cc7d03a3a03a3325,0,faa,5427,1,1,-0.1,False,0.0,0.9,0.8,0.8,0.0,0.0,0.0,0.0
cc7d03a3a03a3325,0,faa,5428,2,1,1.0,True,0.0,0.9,1.0,1.0,0.0,0.0,0.0,0.0
cc7d03a3a03a3325,0,faa,5429,2,1,1.0,True,0.0,0.9,1.0,1.0,0.0,0.0,0.0,0.0
cc7d03a3a03a3325,0,faa,5430,2,0,-0.1,False,0.0,0.9,0.6200000000000001,0.6200000000000001,0.0,0.0,0.0,0.0
cc7d03a3a03a3325,0,faa,5431,1,1,-0.1,False,0.0,0.9,0.8,0.8,0.0,0.0,0.0,0.0
cc7d03a3a03a3325,0,faa,5432,2,0,-0.1,False,0.0,0.9,0.6200000000000001,0.6200000000000001,0.0,0.0,0.0,0.0
cc7d03a3a03a3325,0,faa,5433,1,1,-0.1,False,0.0,0.9,0.8,0.8,0.0,0.0,0.0,0.0
cc7d03a3a03a3325,0,faa,5434,2,1,1.0,True,0.0,0.9,1.0,1.0,0.0,0.0,0.0,0.0
cc7d03a3a03a3325,0,faa,5435,2,1,1.0,True,0.0,0.9,1.0,1.0,0.0,0.0,0.0,0.0
cc7d03a3a03a3325,0,faa,5436,2,1,1.0,True,0.0,0.9,1.0,1.0,0.0,0.0,0.0,0.0
cc7d03a3a03a3325,0,faa,5437,2,1,1.0,True,0.0,0.9,1.0,1.0,0.0,0.0,0.0,0.0
cc7d03a3a03a3325,0,faa,5438,2,0,-0.1,False,0.0,0.9,0.6200000000000001,0.6200000000000001,0.0,0.0,0.0,0.0
cc7d03a3a03a3325,0,faa,5439,1,1,-0.1,False,0.0,0.9,0.8,0.8,0.0,0.0,0.0,0.0
cc7d03a3a03a3325,0,faa,5440,2,1,1.0,True,0.0,0.9,1.0,1.0,0.0,0.0,0.0,0.0
cc7d03a3a03a3325,0,faa,5441,2,1,1.0,True,0.0,0.9,1.0,1.0,0.0,0.0,0.0,0.0
cc7d03a3a03a3325,0,faa,5442,2,0,-0.1,False,0.0,0.9,0.6200000000000001,0.6200000000000001,0.0,0.0,0.0,0.0
cc7d03a3a03a3325,0,faa,5443,1,1,-0.1,False,0.0,0.9,0.8,0.8,0.0,0.0,0.0,0.0
cc7d03a3a03a3325,0,faa,5444,2,1,1.0,True,0.0,0.9,1.0,1.0,0.0,0.0,0.0,0.0
cc7d03a3a03a3325,0,faa,5445,2,1,1.0,True,0.0,0.9,1.0,1.0,0.0,0.0,0.0,0.0
cc7d03a3a03a3325,0,faa,5446,2,1,1.0,True,0.0,0.9,1.0,1.0,0.0,0.0,0.0,0.0
cc7d03a3a03a3325,0,faa,5447,2,1,1.0,True,0.0,0.9,1.0,1.0,0.0,0.0,0.0,0.0
cc7d03a3a03a3325,0,faa,5448,2,1,1.0,True,0.0,0.9,1.0,1.0,0.0,0.0,0.0,0.0
cc7d03a3a03a3325,0,faa,5449,2,1,1.0,True,0.0,0.9,1.0,1.0,0.0,0.0,0.0,0.0
cc7d03a3a03a3325,0,faa,5450,2,1,1.0,True,0.0,0.9,1.0,1.0,0.0,0.0,0.0,0.0
cc7d03a3a03a3325,0,faa,5451,2,1,1.0,True,0.0,0.9,1.0,1.0,0.0,0.0,0.0,0.0
cc7d03a3a03a3325,0,faa,5452,2,1,1.0,True,0.0,0.9,1.0,1.0,0.0,0.0,0.0,0.0
cc7d03a3a03a3325,0,faa,5453,2,1,1.0,True,0.0,0.9,1.0,1.0,0.0,0.0,0.0,0.0
cc7d03a3a03a3325,0,faa,5454,2,0,-0.1,False,0.0,0.9,0.6200000000000001,0.6200000000000001,0.0,0.0,0.0,0.0
cc7d03a3a03a3325,0,faa,5455,1,1,-0.1,False,0.0,0.9,0.8,0.8,0.0,0.0,0.0,0.0
cc7d03a3a03a3325,0,faa,5456,2,1,1.0,True,0.0,0.9,1.0,1.0,0.0,0.0,0.0,0.0
cc7d03a3a03a3325,0,faa,5457,2,1,1.0,True,0.0,0.9,1.0,1.0,0.0,0.0,0.0,0.0
cc7d03a3a03a3325,0,faa,5458,2,0,-0.1,False,0.0,0.9,0.6200000000000001,0.6200000000000001,0.0,0.0,0.0,0.0
cc7d03a3a03a3325,0,faa,5459,1,1,-0.1,False,0.0,0.9,0.8,0.8,0.0,0.0,0.0,0.0
cc7d03a3a03a3325,0,faa,5460,2,1,1.0,True,0.0,0.9,1.0,1.0,0.0,0.0,0.0,0.0
cc7d03a3a03a3325,0,faa,5461,2,1,1.0,True,0.0,0.9,1.0,1.0,0.0,0.0,0.0,0.0
cc7d03a3a03a3325,0,faa,5462,2,1,1.0,True,0.0,0.9,1.0,1.0,0.0,0.0,0.0,0.0
cc7d03a3a03a3325,0,faa,5463,2,1,1.0,True,0.0,0.9,1.0,1.0,0.0,0.0,0.0,0.0
cc7d03a3a03a3325,0,faa,5464,2,0,-0.1,False,0.0,0.9,0.6200000000000001,0.6200000000000001,0.0,0.0,0.0,0.0
cc7d03a3a03a3325,0,faa,5465,1,1,-0.1,False,0.0,0.9,0.8,0.8,0.0,0.0,0.0,0.0
cc7d03a3a03a3325,0,faa,5466,2,1,1.0,True,0.0,0.9,1.0,1.0,0.0,0.0,0.0,0.0
cc7d03a3a03a3325,0,faa,5467,2,0,-0.1,False,0.0,0.9,0.6200000000000001,0.6200000000000001,0.0,0.0,0.0,0.0
cc7d03a3a03a3325,0,faa,5468,1,1,-0.1,False,0.0,0.9,0.8,0.8,0.0,0.0,0.0,0.0
cc7d03a3a03a3325,0,faa,5469,2,1,1.0,True,0.0,0.9,1.0,1.0,0.0,0.0,0.0,0.0
cc7d03a3a03a3325,0,faa,5470,2,0,-0.1,False,0.0,0.9,0.6200000000000001,0.6200000000000001,0.0,0.0,0.0,0.0
cc7d03a3a03a3325,0,faa,5471,1,1,-0.1,False,0.0,0.9,0.8,0.8,0.0,0.0,0.0,0.0
cc7d03a3a03a3325,0,faa,5472,2,1,1.0,True,0.0,0.9,1.0,1.0,0.0,0.0,0.0,0.0
cc7d03a3a03a3325,0,faa,5473,2,1,1.0,True,0.0,0.9,1.0,1.0,0.0,0.0,0.0,0.0
cc7d03a3a03a3325,0,faa,5474,2,1,1.0,True,0.0,0.9,1.0,1.0,0.0,0.0,0.0,0.0
cc7d03a3a03a3325,0,faa,5475,2,1,1.0,True,0.0,0.9,1.0,1.0,0.0,0.0,0.0,0.0
cc7d03a3a03a3325,0,faa,5476,2,1,1.0,True,0.0,0.9,1.0,1.0,0.0,0.0,0.0,0.0
cc7d03a3a03a3325,0,faa,5477,2,1,1.0,True,0.0,0.9,1.0,1.0,0.0,0.0,0.0,0.0
cc7d03a3a03a3325,0,faa,5478,2,1,1.0,True,0.0,0.9,1.0,1.0,0.0,0.0,0.0,0.0
cc7d03a3a03a3325,0,faa,5479,2,1,1.0,True,0.0,0.9,1.0,1.0,0.0,0.0,0.0,0.0
cc7d03a3a03a3325,0,faa,5480,2,1,1.0,True,0.0,0.9,1.0,1.0,0.0,0.0,0.0,0.0
cc7d03a3a03a3325,0,faa,5481,2,1,1.0,True,0.0,0.9,1.0,1.0,0.0,0.0,0.0,0.0
cc7d03a3a03a3325,0,faa,5482,2,1,1.0,True,0.0,0.9,1.0,1.0,0.0,0.0,0.0,0.0
cc7d03a3a03a3325,0,faa,5483,2,1,1.0,True,0.0,0.9,1.0,1.0,0.0,0.0,0.0,0.0
cc7d03a3a03a3325,0,faa,5484,2,1,1.0,True,0.0,0.9,1.0,1.0,0.0,0.0,0.0,0.0
cc7d03a3a03a3325,0,faa,5485,2,1,1.0,True,0.0,0.9,1.0,1.0,0.0,0.0,0.0,0.0
cc7d03a3a03a3325,0,faa,5486,2,0,-0.1,False,0.0,0.9,0.6200000000000001,0.6200000000000001,0.0,0.0,0.0,0.0
cc7d03a3a03a3325,0,faa,5487,1,1,-0.1,False,0.0,0.9,0.8,0.8,0.0,0.0,0.0,0.0
cc7d03a3a03a3325,0,faa,5488,2,1,1.0,True,0.0,0.9,1.0,1.0,0.0,0.0,0.0,0.0
cc7d03a3a03a3325,0,faa,5489,2,1,1.0,True,0.0,0.9,1.0,1.0,0.0,0.0,0.0,0.0
cc7d03a3a03a3325,0,faa,5490,2,1,1.0,True,0.0,0.9,1.0,1.0,0.0,0.0,0.0,0.0
cc7d03a3a03a3325,0,faa,5491,2,1,1.0,True,0.0,0.9,1.0,1.0,0.0,0.0,0.0,0.0
cc7d03a3a03a3325,0,faa,5492,2,1,1.0,True,0.0,0.9,1.0,1.0,0.0,0.0,0.0,0.0
cc7d03a3a03a3325,0,faa,5493,2,1,1.0,True,0.0,0.9,1.0,1.0,0.0,0.0,0.0,0.0
cc7d03a3a03a3325,0,faa,5494,2,0,-0.1,False,0.0,0.9,0.6200000000000001,0.6200000000000001,0.0,0.0,0.0,0.0
cc7d03a3a03a3325,0,faa,5495,1,0,-0.1,False,0.0,0.9,0.4580000000000002,0.4580000000000002,0.0,0.0,0.0,0.0
cc7d03a3a03a3325,0,faa,5496,0,1,-0.1,False,0.0,0.9,0.6200000000000001,0.6200000000000001,0.0,0.0,0.0,0.0
cc7d03a3a03a3325,0,faa,5497,1,1,-0.1,False,0.0,0.9,0.8,0.8,0.0,0.0,0.0,0.0
cc7d03a3a03a3325,0,faa,5498,2,1,1.0,True,0.0,0.9,1.0,1.0,0.0,0.0,0.0,0.0
cc7d03a3a03a3325,0,faa,5499,2,1,1.0,True,0.0,0.9,1.0,1.0,0.0,0.0,0.0,0.0
cc7d03a3a03a3325,0,faa,5500,2,1,1.0,True,0.0,0.9,1.0,1.0,0.0,0.0,0.0,0.0
